{"type":"Topology","arcs":[[[42673,859],[60,-93],[8,-174],[47,-68],[-2,-79],[32,-73],[-57,-121],[-7,-164],[-75,21],[-27,-108],[-49,16],[6,70],[-58,108],[10,35],[-95,194],[-97,101],[18,222],[17,31],[80,-5],[36,43],[94,4],[59,40]],[[42452,1223],[12,-66],[58,-50],[-53,-115],[-75,-45],[-52,-76],[-31,49],[5,181],[65,5],[54,48],[17,69]],[[41900,2267],[45,-28],[-13,-55],[96,-70],[25,-80],[-128,17],[-68,-23],[-66,80],[-11,51],[43,90],[77,18]],[[42177,2275],[56,-63],[-15,-113],[-111,100],[70,76]],[[41477,2860],[25,-13],[-28,-114],[46,-72],[67,-32],[-26,-52],[-105,55],[-48,76],[13,126],[56,26]],[[42143,2641],[27,-60],[-67,-96],[73,-100],[-108,-58],[-40,118],[-10,93],[125,103]],[[40914,4450],[48,-50],[19,-136],[-31,-26],[-133,1],[-20,38],[3,122],[73,1],[41,50]],[[42457,808],[-10,4],[-4,39],[21,-32],[-7,-11]],[[42671,951],[-3,2],[7,4],[-4,-6]],[[42370,1124],[2,0],[-7,-1],[2,2],[3,-1]],[[42549,1150],[-5,-8],[-13,8],[9,10],[9,-10]],[[42413,1170],[7,-19],[-10,-4],[-10,17],[13,6]],[[42345,1289],[3,-10],[-13,1],[1,8],[9,1]],[[42350,2930],[0,-9],[-16,10],[14,2],[2,-3]],[[42291,3243],[7,-65],[24,-17],[-7,-30],[17,-66],[-26,-2],[-6,-82],[-12,62],[11,9],[-7,34],[17,15],[-11,66],[-20,34],[4,56],[9,-14]],[[42277,3264],[-2,-3],[-2,6],[4,1],[0,-4]],[[42317,1288],[-6,5],[1,3],[7,-3],[-2,-5]],[[42176,1367],[0,-12],[-10,-5],[-3,25],[13,-8]],[[41660,2696],[23,-60],[-21,-14],[-33,48],[7,21],[24,5]],[[42230,2448],[15,-39],[2,-65],[17,-28],[-14,-22],[-36,51],[17,13],[-21,39],[10,26],[-7,-7],[-16,22],[33,10]],[[42316,2938],[2,1],[2,-6],[-2,0],[-2,5]],[[42281,3096],[2,1],[1,-2],[-3,-1],[0,2]],[[41344,3065],[15,-17],[0,-36],[-25,3],[-13,19],[13,38],[10,-7]],[[41024,3692],[-5,21],[11,12],[6,-22],[-12,-11]],[[40925,4227],[4,1],[-4,-1],[-7,0],[7,0]],[[40937,4230],[-3,-2],[-4,0],[8,4],[-1,-2]],[[40898,9939],[20,-10],[30,14],[33,-21],[69,-5],[19,-62],[-49,-106],[3,-59],[-55,-10],[-55,-149],[-41,-34],[-41,69],[50,177],[17,196]],[[40818,9816],[50,-22],[-25,-87],[-42,27],[17,82]],[[41099,11022],[44,-55],[43,-135],[-31,-50],[70,-113],[-35,-197],[32,-137],[-56,-147],[-74,-35],[-114,-12],[17,-51],[67,-65],[-1,-81],[-77,-19],[-37,22],[-24,-16],[-39,22],[-28,-40],[-58,9],[-32,63],[-5,153],[18,128],[-24,40],[25,73],[-7,72],[65,128],[-24,54],[20,47],[-34,114],[4,69],[114,113],[54,10],[4,-14],[5,-5],[7,2],[9,9],[6,-10],[-6,-12],[4,-6],[4,-1],[48,11],[46,62]],[[40759,11155],[39,-21],[-1,-186],[-51,-103],[-63,54],[48,169],[-17,38],[45,49]],[[41314,12193],[24,-80],[-14,-194],[71,-135],[-66,-32],[-60,53],[-39,-33],[130,-140],[-42,-139],[5,-157],[-53,-112],[-61,-27],[-84,73],[-17,-124],[-45,-22],[-34,-124],[23,-36],[-25,-8],[-26,-3],[3,16],[-2,10],[-7,0],[-14,-9],[-4,3],[-5,15],[-51,32],[13,44],[-17,130],[8,139],[58,222],[-8,204],[31,145],[65,38],[-19,77],[94,52],[-19,62],[77,14],[110,46]],[[41005,9652],[3,2],[1,-1],[-2,-5],[-2,4]],[[41064,9825],[-1,4],[2,2],[1,-8],[-2,2]],[[41096,9850],[4,3],[-1,-6],[-3,3]],[[41168,9880],[-21,-33],[-1,-35],[-12,-15],[-1,61],[-15,-3],[2,17],[-20,-2],[0,30],[19,8],[23,-22],[12,54],[-1,-39],[15,-21]],[[41116,9983],[4,-3],[-1,-3],[-2,1],[-1,5]],[[41060,9914],[3,3],[3,-2],[-5,-6],[-1,5]],[[41025,10114],[41,-17],[13,16],[8,-16],[-16,-19],[0,-25],[-7,17],[-22,-10],[-11,19],[-26,12],[0,16],[20,7]],[[41078,10125],[2,0],[-1,-3],[-1,1],[0,2]],[[41046,10128],[-11,-6],[-6,8],[12,7],[5,-9]],[[41106,9994],[2,-2],[-1,-3],[-2,3],[1,2]],[[41113,9991],[1,21],[11,7],[3,-9],[-15,-19]],[[41090,10090],[4,-1],[-2,-4],[-2,2],[0,3]],[[41096,10114],[-3,1],[1,5],[2,0],[0,-6]],[[40847,9892],[-11,-52],[-14,-12],[9,44],[-1,17],[15,11],[2,-8]],[[40825,9866],[-2,2],[5,9],[1,-5],[-4,-6]],[[40874,9863],[-21,17],[16,30],[9,-17],[-4,-30]],[[40824,9890],[-1,10],[5,7],[-2,-19],[-2,2]],[[40881,9904],[-6,-3],[8,11],[-2,-8]],[[40851,9908],[2,3],[3,0],[-3,-5],[-2,2]],[[40872,9915],[-1,2],[3,2],[-2,-4]],[[40815,9716],[-3,-7],[-5,8],[9,6],[-1,-7]],[[40758,9824],[0,6],[2,3],[4,-9],[-6,0]],[[40790,9912],[14,-7],[-22,-109],[-14,60],[1,46],[4,16],[17,-6]],[[40735,10352],[4,-4],[-12,-30],[-15,23],[8,13],[15,-2]],[[40767,10530],[3,-2],[-1,-3],[-3,2],[1,3]],[[40810,10697],[4,-9],[-5,-4],[-6,17],[7,-4]],[[40807,10731],[2,1],[0,-4],[-2,1],[0,2]],[[40689,10765],[5,2],[-3,-7],[-2,5]],[[40787,10868],[-2,-94],[22,-52],[-4,-10],[-7,14],[-2,-56],[-16,2],[8,33],[-6,63],[-25,43],[11,5],[11,52],[10,0]],[[40799,10756],[-1,20],[-8,0],[3,17],[13,-46],[-7,9]],[[40793,10774],[1,-2],[-3,-2],[-1,4],[3,0]],[[40790,10806],[0,4],[1,0],[1,-2],[-2,-2]],[[40814,10913],[0,3],[3,0],[0,-2],[-3,-1]],[[40790,10814],[0,2],[2,1],[1,-4],[-3,1]],[[40793,10823],[1,-2],[-3,-1],[0,2],[2,1]],[[40809,10875],[-3,1],[5,7],[-2,-8]],[[40814,10927],[-20,-52],[-13,0],[17,56],[16,-4]],[[40863,10952],[-3,-1],[-1,5],[6,-2],[-2,-2]],[[40858,11012],[1,-28],[-6,-9],[-8,7],[9,0],[4,30]],[[40875,11026],[3,0],[0,-2],[-3,1],[0,1]],[[40926,11008],[6,-18],[-13,-10],[-17,7],[10,16],[-16,-5],[-8,16],[29,10],[9,-16]],[[41097,10137],[1,9],[7,-5],[-2,-5],[-6,1]],[[41115,11018],[-3,2],[7,6],[-1,-7],[-3,-1]],[[41081,11057],[0,4],[4,0],[0,-2],[-4,-2]],[[41102,11064],[0,-1],[-5,5],[3,1],[2,-5]],[[41117,11182],[2,-3],[-1,-1],[-3,2],[2,2]],[[41145,11214],[19,4],[3,-53],[-34,9],[-8,18],[10,32],[10,-10]],[[41039,11019],[-1,-2],[-2,3],[2,0],[1,-1]],[[40926,11473],[-6,2],[2,4],[5,-3],[-1,-3]],[[40959,11920],[2,-10],[-6,-16],[-5,29],[9,-3]],[[40719,11082],[-4,-1],[0,2],[4,-1]],[[40713,11087],[-1,0],[-1,3],[3,-1],[-1,-2]],[[40800,11344],[-23,-17],[-1,-27],[-10,0],[-8,43],[42,1]],[[40876,11034],[0,-3],[-5,-5],[-3,7],[8,1]],[[40891,11041],[-3,-12],[-4,-3],[-1,24],[8,-9]],[[40875,11046],[-7,-5],[1,16],[5,-5],[1,-6]],[[40817,11341],[-4,-6],[-2,1],[4,8],[2,-3]],[[41165,9778],[-10,-18],[-3,-26],[-13,22],[4,25],[17,6],[5,-9]],[[41186,10120],[-16,-15],[-19,-78],[-22,9],[19,91],[16,12],[15,-13],[0,26],[12,11],[7,-28],[-12,-15]],[[41157,11019],[-3,-2],[-5,11],[9,-3],[-1,-6]],[[41270,11161],[-41,-47],[15,-20],[-14,-14],[5,-24],[-15,1],[-7,17],[-29,-7],[13,16],[24,-8],[-3,17],[-30,10],[0,14],[14,0],[-17,21],[12,16],[15,-11],[-7,-9],[12,-15],[28,27],[-5,16],[13,-4],[23,12],[-6,-8]],[[41243,11174],[3,0],[-2,-5],[-3,1],[2,4]],[[41176,11217],[4,-6],[-7,7],[3,-1]],[[41361,11574],[1,5],[3,-11],[-4,6]],[[41298,11763],[7,-6],[-5,-42],[-21,15],[1,10],[10,-2],[-2,27],[10,-2]],[[41394,11713],[-2,-6],[-10,2],[4,7],[8,-3]],[[41393,11824],[-6,1],[-1,3],[4,1],[3,-5]],[[41401,11835],[1,-3],[-2,-2],[-2,2],[3,3]],[[41422,11918],[-6,-11],[-5,0],[2,16],[9,-5]],[[41129,12087],[-5,-7],[-5,2],[8,14],[2,-9]],[[41118,12127],[-11,-5],[-2,6],[9,6],[4,-7]],[[41099,12248],[4,-9],[-30,-38],[-7,15],[9,18],[24,14]],[[41005,11955],[3,-11],[-19,-19],[-22,1],[0,29],[35,14],[3,-14]],[[41053,12084],[2,-8],[-6,-5],[-7,13],[12,7],[-1,-7]],[[41058,12132],[-4,1],[1,8],[7,-6],[-4,-3]],[[41287,11779],[3,3],[0,-4],[-3,-1],[0,2]],[[41366,11862],[3,3],[0,0],[-2,-7],[-1,4]],[[41358,12181],[1,-2],[-6,-4],[-3,9],[8,-3]],[[41372,12332],[-16,-9],[-14,-39],[-8,29],[24,31],[15,-2],[-1,-10]],[[41295,12379],[22,-72],[-7,-12],[-17,10],[-5,20],[-23,10],[-24,-12],[-16,22],[9,19],[61,15]],[[41301,12378],[2,0],[0,-4],[-2,4]],[[41381,11930],[2,-17],[-5,0],[-2,19],[8,13],[-3,-15]],[[41435,11948],[-7,-4],[-3,11],[3,2],[7,-9]],[[43383,12000],[1,-38],[-32,-19],[-10,29],[23,32],[18,-4]],[[41640,12980],[10,-49],[-15,-19],[-8,7],[2,71],[11,-10]],[[41868,13049],[1,14],[2,1],[3,-17],[-6,2]],[[41875,13233],[18,-6],[-15,-12],[14,-36],[-22,-112],[-20,33],[19,37],[-18,86],[20,20],[4,-10]],[[41897,13192],[2,2],[3,-4],[-4,1],[-1,1]],[[41884,13302],[-10,-19],[-11,6],[7,16],[14,-3]],[[41862,13307],[-3,-7],[-5,4],[2,3],[6,0]],[[42178,14370],[1,3],[0,-8],[-2,2],[1,3]],[[42210,14480],[2,2],[3,-4],[-3,-1],[-2,3]],[[42211,14502],[3,2],[2,-3],[-2,-2],[-3,3]],[[42334,14569],[-12,-42],[-22,-14],[-19,-37],[0,-18],[-5,19],[7,49],[25,48],[20,4],[6,-9]],[[42214,14517],[-6,3],[2,3],[6,-3],[-2,-3]],[[42347,14628],[-2,-2],[-7,10],[7,-2],[2,-6]],[[40467,7410],[63,-62],[8,-104],[40,-31],[-9,-79],[24,-115],[-73,-73],[-14,-80],[42,-25],[-63,-108],[-55,-13],[-61,44],[-72,21],[-17,62],[20,58],[-62,106],[-3,158],[61,59],[64,118],[107,64]],[[40671,8507],[42,-36],[28,-96],[-36,-74],[44,-44],[-88,-43],[-64,1],[-20,96],[59,8],[-19,96],[16,70],[38,22]],[[39968,8653],[69,-3],[20,-96],[-23,-34],[-80,31],[14,102]],[[41217,9447],[59,-62],[77,-174],[-52,-5],[-104,144],[-49,44],[69,53]],[[40768,9802],[18,-104],[75,1],[-37,-164],[67,-95],[-60,-11],[-39,-133],[119,-55],[0,-65],[-55,-298],[-87,-38],[89,-56],[-5,-98],[-42,-168],[-101,-21],[-34,32],[-7,69],[-62,85],[12,48],[-35,64],[-6,84],[-59,6],[-6,170],[-59,57],[22,85],[64,86],[36,-100],[41,-29],[3,241],[21,97],[-4,75],[64,202],[67,33]],[[41253,9576],[-1,-114],[-52,51],[-3,62],[56,1]],[[41309,9655],[12,-163],[-45,27],[0,57],[-75,28],[-1,49],[109,2]],[[41384,9760],[23,-31],[8,-166],[-41,-4],[-49,64],[59,137]],[[42699,9913],[30,-106],[-91,15],[-13,100],[74,-9]],[[39980,7562],[-10,-16],[-13,8],[11,10],[12,-2]],[[40525,8297],[6,8],[7,-2],[-11,-10],[-2,4]],[[40508,8301],[3,4],[6,-1],[-5,-6],[-4,3]],[[40620,7480],[9,-4],[2,-9],[-12,-1],[-11,16],[12,-2]],[[40698,7565],[1,16],[13,-2],[-1,-13],[-13,-1]],[[40730,7921],[-3,-10],[-5,22],[4,-10],[4,-2]],[[40715,8468],[3,2],[2,-3],[-3,-1],[-2,2]],[[40614,8499],[6,9],[5,1],[-8,-12],[-3,2]],[[40672,8515],[1,2],[2,-2],[-3,-3],[0,3]],[[40608,8551],[2,-13],[-1,-10],[-9,15],[2,15],[6,-7]],[[40052,8521],[2,1],[1,-3],[-5,-1],[2,3]],[[40533,8552],[14,-14],[-5,-18],[-8,-1],[-16,37],[12,7],[3,-11]],[[40593,8559],[-3,-11],[-12,1],[-3,14],[-5,-11],[16,76],[7,-69]],[[40807,7849],[-2,-3],[-3,4],[5,3],[0,-4]],[[40822,7857],[-7,-9],[-6,7],[7,7],[6,-5]],[[40777,8107],[-3,-42],[-30,-37],[15,35],[-7,34],[25,10]],[[40772,8147],[10,0],[3,-10],[-25,11],[12,-1]],[[40796,8160],[-9,-14],[15,45],[2,-28],[-8,-3]],[[40866,8798],[-2,8],[11,6],[-6,-19],[-3,5]],[[40809,8825],[-4,-2],[-4,3],[1,2],[7,-3]],[[41398,8989],[-4,10],[12,8],[1,-7],[-9,-11]],[[41303,9101],[20,-10],[46,15],[15,-16],[-18,-33],[-19,-9],[-33,25],[-25,5],[-5,36],[19,-13]],[[40855,9326],[19,-5],[1,-19],[-34,-17],[-16,12],[3,12],[27,17]],[[40835,9324],[2,2],[3,-2],[-4,-4],[-1,4]],[[40891,9411],[-7,-3],[-2,7],[8,2],[1,-6]],[[40553,8607],[6,9],[1,0],[-4,-15],[-3,6]],[[40544,8613],[-2,-2],[-2,0],[1,5],[3,-3]],[[40503,8672],[9,-5],[-4,-14],[39,-6],[-12,-8],[5,-19],[-19,-20],[-25,0],[-14,-14],[9,18],[-3,67],[5,8],[10,-7]],[[40563,8641],[1,-3],[-2,-3],[-3,6],[4,0]],[[40515,8887],[-1,4],[3,1],[0,-7],[-2,2]],[[40591,9221],[1,13],[9,4],[-5,-22],[-5,5]],[[40545,9295],[3,-8],[-2,-4],[-9,7],[8,5]],[[40567,9345],[1,5],[4,3],[1,-10],[-6,2]],[[40643,8570],[1,7],[3,-1],[-1,-11],[-3,5]],[[40620,8598],[12,-16],[-4,-27],[-12,-9],[-15,39],[14,1],[-5,16],[10,-4]],[[40620,8643],[10,-17],[-7,-25],[-24,13],[1,28],[20,1]],[[40596,9334],[18,-56],[-18,-23],[-5,69],[-11,17],[16,-7]],[[41253,9580],[-2,2],[0,2],[2,-1],[0,-3]],[[41428,9627],[-2,-4],[-2,1],[0,4],[4,-1]],[[41181,9587],[12,-26],[-9,-27],[-6,57],[3,-4]],[[40867,9706],[4,-6],[-8,-18],[1,20],[-5,5],[8,-1]],[[40797,9705],[-1,1],[3,4],[1,-1],[-3,-4]],[[41463,9644],[6,-9],[-13,-19],[-11,24],[18,4]],[[41300,9784],[-2,-1],[-3,0],[2,4],[3,-3]],[[41396,9850],[12,-42],[32,41],[-9,-100],[-15,20],[2,16],[-49,9],[12,51],[15,5]],[[41314,9881],[-6,-8],[-8,3],[10,9],[4,-4]],[[41386,9951],[-1,-3],[-17,1],[9,6],[9,-4]],[[15398,12382],[22,121],[-20,75],[-70,25],[29,55],[-89,2],[-35,24],[-53,-34],[-21,57],[-95,-32],[-17,98],[-79,-68],[-88,6],[37,-79],[8,-108],[-119,10],[-58,-38],[-42,53],[-39,-65],[-32,30],[-39,109],[61,71],[50,136],[-78,55],[9,45],[-104,73],[24,112]],[[14560,13115],[-5,48],[-98,34],[13,49],[111,31],[102,-6]],[[14683,13271],[2,-15],[-13,-65],[18,-134],[111,-26],[50,7],[22,-79],[61,19],[179,-3],[59,32],[49,-132],[8,-98],[117,-3],[-54,142],[-4,60],[-96,28],[21,55],[57,32],[37,57],[-31,46],[22,64],[123,-2],[77,14],[-33,100],[16,59],[-96,88],[-79,34],[-32,-61],[43,-62],[23,-77],[0,-25],[-52,-20],[-41,92],[0,46],[-86,9],[-47,4],[4,98],[-61,-29],[-81,-1],[-40,29],[-52,10],[-14,-10],[-34,-77],[-3,-118],[-58,-22],[-42,54],[-28,1],[-49,-16]],[[14656,13376],[-110,16],[-21,57],[42,39],[-12,20],[-73,25],[-33,50],[7,78],[150,157],[-111,10],[-72,-17],[-33,63],[-73,33],[-65,122],[17,139],[45,109],[-30,80],[90,10],[44,190],[6,131],[-167,10],[-12,23]],[[14245,14721],[40,92],[-14,55],[41,46],[106,-61],[27,-49],[61,3],[89,-31],[56,29],[76,-1],[54,-52],[51,51],[30,117],[42,67]],[[14904,14987],[66,39],[160,-51],[45,81],[52,0],[22,82],[145,-3],[51,-21],[72,26],[91,-63],[134,79],[115,-113],[32,-74],[59,-37],[11,-6],[42,66],[96,-12],[19,74],[26,1],[38,-45],[71,8],[93,-74],[-18,-67],[8,-93],[43,-45],[160,-78],[4,-21]],[[16541,14640],[-1,-8],[-41,-24],[-33,-97],[30,-31],[-102,-140],[102,-149],[44,-18],[-27,-106],[-51,1],[-31,-84],[-52,-72],[-99,5],[15,-71],[257,-229],[109,-56],[47,-49],[121,-42],[178,-23],[-26,-129],[25,-74],[65,-95],[-30,-57],[-6,-104],[37,-53]],[[17072,12935],[-63,-29],[-67,-65],[-26,24],[-65,-62],[-92,-51],[-52,-73],[27,-95],[-54,-31],[-170,10]],[[16510,12563],[-21,137],[-108,60],[-5,-61],[-87,16],[-62,-58],[-11,75],[61,40],[-28,101],[-69,-92],[-54,58],[-115,7],[-20,-31],[8,-41],[17,-10],[10,-31],[-96,-114],[-68,-12],[-55,-71],[-42,29],[-93,-32],[-55,-52],[-90,-43],[-79,-7],[-6,-46],[-44,-3]],[[17072,12935],[13,-74],[59,13],[61,55],[63,-13],[24,-45],[-16,-85],[112,-22],[-18,-55],[131,33],[71,-103],[55,89],[138,32],[245,-18],[83,-17],[34,-53],[82,20],[112,-90],[-43,-30],[58,-64],[113,1],[26,-62],[129,64],[103,35],[17,40],[-38,105],[11,53]],[[18697,12744],[62,36],[179,16],[55,-61],[20,-75],[59,-15],[20,159],[82,-39],[3,-76],[64,-17],[31,108],[35,25],[59,-127],[51,22],[12,-32],[-14,-114],[-40,-30],[32,-107],[128,0],[42,-35],[-2,-75],[122,-127],[-8,-70]],[[19689,12110],[-20,2],[-37,-117],[-55,-15],[2,-59],[-52,-24],[36,-54],[-46,-69],[-124,-58],[-86,1],[-33,-40],[-97,-29],[102,-66],[-64,-60],[-122,73],[-4,82],[-113,-25],[-59,-33],[-50,111],[-134,24],[-63,-5],[-70,-34],[78,-29],[-24,-88],[23,-94],[-61,0],[-61,-39],[4,-68],[-127,-7]],[[18432,11390],[-79,24],[-55,-80],[-38,-132],[-30,-15],[-79,30],[-60,-18],[-26,42],[-123,69],[-56,-23],[-241,21],[-91,-54],[-72,20],[-15,-93],[-71,24],[-51,-78],[9,-98],[-56,-145],[-20,-128],[-57,-69],[11,-55],[-46,-32],[-111,-31],[3,-80],[-99,-8],[-5,0]],[[16974,10481],[-3,0],[-45,-2],[-130,73],[-43,70],[-73,20],[14,30],[-14,58]],[[16680,10730],[36,108],[-2,62],[103,0],[22,81],[49,64],[54,-59],[66,-12],[8,143],[59,-10],[-13,112],[90,48],[8,121],[49,56],[51,9],[-15,138],[12,68],[-110,10],[-108,39],[-12,33],[-123,68],[27,64],[-15,109],[9,77],[50,128],[-29,26],[-113,5],[-105,-18],[-67,14],[-34,-46]],[[16627,12168],[-9,0],[-5,14],[23,94],[-64,58],[-126,3],[50,107],[-41,42],[55,77]],[[23397,17776],[29,5],[114,22],[-44,-97],[2,-54],[-98,46],[-3,78]],[[23470,17834],[-137,-7],[43,-49]],[[23376,17778],[23,-90],[66,-88],[-22,-61],[-103,-36],[-252,-133],[-213,-122],[-151,-37],[-224,-115],[-14,18]],[[22486,17114],[4,65],[-28,128],[75,-4],[69,77],[101,80],[23,164],[-36,73],[-77,89],[-22,106],[-62,86],[9,95],[-42,127],[21,114],[-24,125],[-90,134],[-39,147],[16,170],[-69,66],[-17,77],[-67,91],[-56,19],[-43,65]],[[22132,19208],[5,88],[37,53],[1,6],[-35,31],[113,175],[18,77],[69,57],[85,8],[92,93],[108,45],[-61,88]],[[22564,19929],[72,77],[224,85],[62,39]],[[22922,20130],[82,-138],[-46,-92],[29,-53],[-2,-25],[-45,16],[-42,-56],[-64,-20],[-61,-51],[-35,-62],[138,-8],[52,48],[54,-14],[21,-131],[-45,-92],[103,4],[104,29],[58,-70],[59,25],[32,16],[84,-28],[87,-64],[28,6],[-4,-142],[127,-70],[74,27],[2,45],[173,-7],[63,-60],[8,-23],[-22,-42],[-53,-60],[-8,-25],[16,-41],[-1,-27],[-66,-110],[27,-31]],[[23849,18804],[11,-32],[-99,-74],[-129,-123],[-162,-172],[-56,-159],[-33,-38],[14,-68],[102,-74],[66,-12],[-29,-163],[-64,-55]],[[23494,17568],[-4,0],[3,5],[2,0],[-1,-5]],[[23481,17822],[-4,-5],[-11,-3],[8,9],[7,-1]],[[23489,17836],[0,-7],[-8,0],[9,11],[-1,-4]],[[23518,17839],[0,4],[2,1],[2,-5],[-4,0]],[[20986,16061],[3,57],[-42,173],[-123,35],[-113,-4],[-128,-30],[-231,-103]],[[20352,16189],[-9,63],[33,54],[-12,61],[-65,-34],[-45,166],[39,45],[-160,77],[-121,-40],[-135,23],[-83,-63],[-79,191],[-67,-1],[-24,43],[-207,42],[-15,-40],[92,-110],[-82,-96],[55,-33],[32,-75],[-61,-80],[-130,38],[-70,-80],[-13,-129],[-91,134],[-69,38],[-160,63],[-11,92],[38,27],[-43,216],[30,98],[-32,194],[-38,23],[-57,-29],[-57,16],[-159,-121],[-43,7],[-195,-116],[-6,74],[-36,13]],[[18296,16940],[55,49],[4,155],[-27,46]],[[18328,17190],[13,135],[28,37],[-9,108],[59,76],[112,30],[155,7],[40,48],[78,38],[66,2],[104,57],[80,-2],[58,50],[67,4],[86,66],[60,-70],[85,14],[48,-87],[87,-30],[80,107],[94,95],[37,122]],[[19756,17997],[15,18],[39,5],[31,-39],[31,-102],[-3,-165],[135,-72],[152,4],[274,-52],[268,-175],[154,-211],[119,-175],[69,-198],[29,-57],[16,-99],[39,-113],[7,-181],[-91,-186],[-22,-92],[-32,-46]],[[20943,16249],[13,-10],[0,-13],[-3,1],[-10,22]],[[20952,16259],[3,-3],[-5,-6],[-2,9],[4,0]],[[20927,16292],[11,-23],[0,-8],[-14,22],[3,9]],[[19756,17997],[-61,69],[-69,19],[90,183]],[[19716,18268],[70,40],[77,-4],[79,107],[23,-49],[67,-27],[44,15],[65,-98],[30,-153],[70,-36],[19,-71],[76,56],[57,-49],[7,-45],[176,-48],[68,45],[-82,66],[18,79],[36,9],[-4,94],[-87,42],[-68,-3],[-24,-48],[-57,41],[-140,47],[47,58],[3,20],[-35,75],[46,38],[10,-42],[75,-67],[64,71],[19,81],[107,65],[115,-50],[91,-73],[231,-56],[59,24]],[[21068,18422],[83,7],[43,1],[36,-42],[-37,-89],[-4,-79],[164,-268],[-41,-61],[-37,-148],[30,-215],[292,112],[59,-82],[74,50],[32,109],[33,40],[48,-21],[-15,-96],[46,-34],[-21,-164],[52,-8],[1,-64],[60,-74],[78,-27],[76,-60],[93,1],[33,-49]],[[22246,17161],[-40,21],[-250,-29],[-175,-87],[-74,-78],[-62,-132],[-27,-130],[-80,-153],[8,-79],[-96,-79],[-158,-194],[31,-80],[-18,-44],[-115,-50],[-157,-27],[-47,41]],[[21353,16121],[-10,-13],[-6,0],[12,14],[4,-1]],[[22206,17176],[7,-10],[-56,2],[12,8],[13,-7],[24,7]],[[22194,17176],[-3,-4],[-4,0],[2,5],[5,-1]],[[14904,14987],[20,67],[-39,88],[11,121],[-54,8],[-10,66],[-67,-14],[-52,71],[-18,137],[-95,99],[94,17],[1,230],[91,42],[-10,69],[-48,61],[29,175],[-60,5],[-6,7]],[[14691,16236],[-5,4],[92,139],[45,27],[128,46],[113,13],[174,-25],[37,-18],[84,16],[138,-39]],[[15497,16399],[104,-15],[58,-1],[55,-51],[73,-16],[54,22],[138,-37],[94,18],[54,35],[67,-34],[123,-31],[62,70],[40,-96],[63,-30],[41,38],[64,0],[26,92],[105,65],[42,175],[79,-9],[40,42],[109,50],[76,0],[159,-44],[94,72],[55,-10],[83,-91],[45,-25],[67,-9],[36,4],[54,41],[22,29],[31,57],[-12,103],[40,12],[27,-86],[47,-23],[20,20]],[[17832,16736],[21,-82],[-21,-126],[-32,-63],[-114,-102],[-34,-58],[-35,-247],[-30,-132],[10,-235],[-10,-226],[-39,-94],[-13,-201],[30,-107],[14,7]],[[17579,15070],[-16,-145],[4,-119],[-71,-30],[-2,-101],[-55,-51],[-82,-23],[-54,45],[-54,-37],[-60,50],[-21,197],[-45,-51],[-108,-6],[-28,-125],[-97,45],[9,70],[58,46],[-164,34],[-15,-72],[-65,-58],[-35,-93],[-64,19],[-38,-3],[-35,-22]],[[18697,12744],[25,100],[-7,70],[-35,62],[30,160],[-20,36],[-25,158],[7,58],[-24,86],[-144,240],[-16,70],[-45,28],[-27,78],[-63,107],[-88,47],[-24,113],[14,66],[-56,133],[-34,138],[-48,49],[-37,140],[8,151]],[[18088,14834],[23,54],[69,30],[112,-25],[95,36],[82,-28],[21,41],[70,-53],[41,5],[48,-47],[143,-14],[87,-57],[18,35],[300,-20],[62,52],[40,-9],[-38,-144],[126,-39],[89,92],[114,19],[33,-52],[67,51],[39,8]],[[19729,14769],[51,-222],[7,-132],[38,-122],[56,-92],[45,-148],[44,-40],[-31,-134],[-16,-271],[-53,-159],[-19,-147],[5,-122],[26,-144],[87,-220],[78,-176],[13,-71],[-34,-198],[17,-95],[36,-100],[-125,190],[-58,65],[-26,-161],[-58,74],[-55,-43],[-32,-74],[112,-144]],[[19837,12083],[-2,-10],[-49,43],[-89,-9],[-8,3]],[[19963,12104],[2,-5],[3,-8],[-15,4],[-1,9],[11,0]],[[19948,12130],[-3,-4],[-6,2],[7,3],[2,-1]],[[19889,12276],[-5,-10],[25,-7],[10,-30],[-23,-62],[-20,-19],[-3,37],[-23,35],[20,11],[33,0],[-55,18],[9,-12],[-7,-11],[-10,31],[29,1],[20,18]],[[19733,12226],[-2,-3],[-4,4],[6,-1]],[[19801,12316],[-2,-3],[-7,0],[6,7],[3,-4]],[[20352,16189],[-148,-100],[-110,-130],[-59,-132],[-20,-122],[-41,-121],[-149,-208],[-48,-171],[10,-61],[-67,-223],[9,-152]],[[18088,14834],[-30,156],[17,62],[-176,6],[-64,30],[-167,22],[-68,-19],[-21,-21]],[[17832,16736],[14,23],[-22,124],[186,95],[188,-14],[98,-24]],[[25912,21733],[11,5],[-61,143],[46,26],[33,16]],[[25941,21923],[90,-214],[3,-66],[43,-59],[63,-3],[53,-36],[113,13],[68,-36],[29,-57],[105,2],[146,61],[48,-24],[64,31],[80,2],[20,73],[83,94],[26,9],[10,85],[31,70],[-11,10]],[[27005,21878],[-3,3],[76,-6],[10,48],[53,53],[73,17],[34,-21],[7,-29],[69,103],[-17,73],[86,9],[7,62],[69,-24],[-22,-43],[7,-19]],[[27454,22104],[105,-68],[-122,-176],[-163,-178],[-60,-145],[-86,-73],[-101,-128],[0,-28],[-106,-104],[-35,-88],[-120,-101],[-137,-132],[-124,-154],[4,-46],[-100,-70],[-333,-171],[-141,-58],[-208,-129]],[[25727,20255],[-38,45],[-43,29],[-65,125],[-5,55],[-93,26],[8,69],[-142,59],[-17,59],[25,71],[-52,53],[36,42],[207,-14],[56,56],[-6,16],[-45,61],[78,26],[-6,76],[-144,-5],[36,110],[7,90],[-16,86],[82,65],[167,88],[104,-52],[37,89],[90,15],[-8,51],[-68,87]],[[22922,20130],[86,94],[58,-24],[55,14],[118,-19],[23,-56],[107,-55],[42,12],[-15,86],[130,22],[-5,171],[-46,94],[35,38],[17,89],[50,9],[43,63],[-79,28],[65,90],[-39,67],[113,135]],[[23680,20988],[88,54],[69,-21],[21,-170],[105,-67],[3,-10],[-18,-82],[-1,-113],[71,-51],[55,112],[55,10],[115,62],[28,41],[-13,118],[38,34],[153,-83],[19,-66],[122,-1],[27,36],[75,-10],[47,35],[0,7]],[[24739,20823],[7,-93],[40,16],[88,-32],[30,-57],[67,43],[17,-63],[74,-42],[3,-65],[7,-24],[-4,-15],[-118,-39],[-16,24],[-150,6],[22,-59],[64,-44],[-86,-37],[0,-57],[-72,-27],[-96,-155],[15,-57],[160,-66],[64,-157],[94,1],[51,43],[4,137],[129,68],[6,69],[74,62],[82,-21],[14,-103],[-29,-34],[-25,-100],[24,-16],[50,68],[86,-14]],[[25415,19983],[-29,-64],[-58,-54],[-15,-85],[-88,-88],[-22,-64],[-81,-90],[-105,-91],[9,-21],[-126,-92],[-83,-24],[-165,-79],[-30,-51],[-426,-203],[-312,-188],[-35,15]],[[25727,20255],[-158,-115],[-58,-111],[-96,-46]],[[24739,20823],[-11,10],[1,53],[-72,34],[59,54],[61,99],[-62,4],[-72,96],[7,90],[65,27],[45,91],[91,120],[88,-50],[56,39],[77,-15],[23,58],[134,32],[63,80],[22,12],[-9,11],[-34,14],[1,4],[-20,18],[-45,75],[24,47],[-31,-32],[-23,-34],[-17,30],[-9,59],[37,72],[9,5]],[[25197,21926],[24,0],[89,-24],[57,-87],[32,21],[-1,16],[21,58],[-24,124],[125,-74],[115,115],[-16,49],[43,51],[4,8],[56,-140],[116,-178],[32,-103],[29,-20],[13,-9]],[[22486,17114],[-44,23],[-196,24]],[[21068,18422],[-5,108],[24,62],[65,-6],[-6,105],[42,7],[90,-47],[296,96],[16,130],[30,40],[127,-14],[96,126],[102,-63],[92,47],[52,68],[34,53],[9,74]],[[47752,37340],[-191,48],[-24,-48],[-69,56],[-65,13]],[[47403,37409],[-96,39],[-22,44],[39,51],[-45,65],[36,52],[-34,97],[-47,-8],[-126,94],[-131,15],[-100,150],[-138,115],[-25,53],[90,71],[13,96],[-62,93],[-5,55],[66,108],[-10,47],[-29,21],[-19,20]],[[46758,38687],[0,1],[20,19]],[[46778,38707],[92,11],[48,-89],[39,12],[15,73],[44,49],[87,-2],[114,81],[143,4],[143,-79],[39,-84],[86,-13],[121,33],[45,-73],[118,-52],[80,68],[79,28],[55,-24],[72,-96],[92,-5],[28,-44],[68,3],[154,-92],[-4,-45],[-69,-66],[14,-79],[-45,-88],[90,-3],[54,-61],[-35,-86],[2,-122],[-23,-59],[-94,81],[-86,-38],[-161,-154],[-96,-53],[-9,-77],[-49,17],[-86,-34],[-62,-123],[-82,-29],[-47,-57]],[[47752,37340],[-2,-55],[63,-113],[-43,-121],[90,-84],[5,-52],[57,-101],[151,-147],[2,-47],[91,-78],[37,-74],[-42,-61],[-63,33],[-76,-18],[-54,55],[-111,56],[-76,4],[-86,44],[43,86],[-61,58],[-10,46],[-79,87],[-102,17],[-200,15],[-33,-50],[-117,-83],[-50,21],[-111,0],[-143,-38],[-61,24],[-54,-40],[-73,10],[-330,-159],[-33,-75],[-62,-79],[-37,-75],[-132,-86],[-104,3],[-90,-104],[-10,-100],[-40,-36],[-71,25]],[[45735,36048],[15,74],[-22,73],[-62,11],[-24,65],[36,65],[-19,66],[41,45],[8,95],[-47,38],[-11,68]],[[45650,36648],[78,36],[294,66],[45,-55],[17,1],[14,49],[94,45],[86,106],[-61,107],[-75,19],[-84,-4],[-4,154],[2,42]],[[46056,37214],[201,22],[104,84],[79,17]],[[46440,37337],[28,6],[165,-91],[107,-22],[64,43],[75,117],[118,13],[126,-27],[78,36],[51,-5],[73,-46],[78,48]],[[45044,39907],[49,7],[179,-51],[74,5],[52,71],[18,114],[84,-20],[-15,152],[79,8],[22,78],[54,-24],[159,96],[85,97],[31,-36],[73,31],[67,68],[127,-16],[164,135],[41,9],[116,-114],[60,-99],[-5,-62],[86,-118],[97,-14],[33,42],[104,44],[29,-49],[-77,-153],[-143,-20],[-71,-38],[-29,-58],[-51,-34],[-33,-61],[59,-116],[-67,-91],[35,-56],[103,42],[109,123],[88,61],[149,9],[149,75],[-80,-153],[16,-51],[56,-1],[29,-78],[-2,-67],[119,-153],[12,-59],[-50,-78],[-89,-18],[-103,-48],[41,-73],[-156,-146],[-55,2]],[[46866,39021],[-359,163],[-235,-6],[-111,-17],[-118,-55],[-140,-8],[-60,-23],[-172,54],[-41,52],[-118,99],[-242,65],[-33,-1]],[[45237,39344],[-60,137],[-49,45],[-13,76],[19,59],[-6,19],[-41,48],[-59,-19],[-35,97],[54,50],[-3,51]],[[41714,37289],[23,-12],[25,-16],[36,-23],[16,-24],[-51,-58],[50,-136],[66,-57],[4,-72],[-137,-75],[8,-70],[-115,-70],[-7,-85],[96,7],[51,-63],[-108,-32],[-53,-68],[100,-23],[66,-43],[45,-70],[1,-70],[84,-78]],[[41914,36151],[-71,7],[-135,-13],[-138,-31],[-274,-40],[-169,85],[-2,38],[-74,40],[-171,45],[-93,-11],[-90,21],[-14,-25],[-19,-10]],[[40664,36257],[-6,12],[-64,51],[-12,47],[29,110],[182,63],[55,36],[110,-31],[139,53],[-20,137],[-68,8],[-63,69],[20,146],[-27,17],[14,157],[-39,85],[-119,3],[-119,-38],[10,91],[113,95],[46,-31],[31,44],[114,-2],[29,4],[59,-48],[103,-79],[56,-24],[74,72],[26,70],[58,15],[98,107],[18,49],[98,6]],[[41609,37551],[-8,-23],[34,-26],[-41,-63],[48,-54],[29,-86],[43,-10]],[[45449,37801],[-220,-71],[-112,52],[-549,-179],[-171,-51],[-38,-6]],[[44359,37546],[-4,5],[3,22],[5,24],[90,148],[13,76],[54,164],[-118,55],[72,68],[-49,47],[82,94],[-68,53],[10,67],[-40,55],[76,25],[-24,95],[-50,92],[-38,121],[-177,18],[-19,77],[-2,20],[8,90],[6,13]],[[44189,38975],[0,4],[134,27],[64,-53],[81,26],[43,38],[76,-105],[90,17],[84,-63],[-2,-88],[-48,-53],[79,-111],[-19,-82],[5,-114],[82,-46],[57,-91],[144,49],[45,80],[46,8],[3,83],[65,13],[31,35],[22,35]],[[45271,38584],[3,1],[41,-3],[42,-64],[119,7],[54,-50],[-7,-154],[17,-66],[-19,-172],[-99,-159],[27,-123]],[[41609,37551],[22,33],[25,67],[-67,89],[-14,-3],[-22,-42],[-132,-20],[-39,34],[-99,-19],[-76,13],[-60,87],[-1,81],[-118,65],[-120,-10],[-88,47]],[[40820,37973],[10,21],[-73,105],[-54,26],[28,99],[172,117],[72,-20],[114,58],[29,54],[86,48],[60,-55],[56,58],[-20,65],[122,13],[49,36],[115,-16],[43,31]],[[41629,38613],[40,46],[63,8],[18,-45],[71,24],[39,-17],[91,-99],[29,-15],[35,-14],[26,3],[12,13],[159,-45],[65,29],[33,65],[84,24],[23,-18],[118,-87],[124,-42],[12,-56],[76,-141],[-64,-81],[96,-101]],[[42779,38064],[-69,-6],[-45,-39],[-36,-78],[-15,-87],[-62,-26],[-144,-13],[-90,-109],[-100,-34],[-81,-65],[-12,-48],[-60,-48],[-90,-13],[-60,-126]],[[41915,37372],[-104,-5],[-97,-78]],[[46440,37337],[-4,11],[-12,4],[-93,-20],[-112,40],[-26,76],[-11,111],[-130,21],[-13,27],[-93,-33],[-34,-50],[-17,-14],[-22,-5]],[[45873,37505],[-1,7],[17,68],[70,91],[84,55],[110,125],[26,30],[38,76]],[[46217,37957],[26,20],[3,106],[0,33],[-23,35],[76,103],[40,89],[0,25],[91,-6],[63,-36],[81,66],[65,58],[13,1],[29,-4],[-29,111],[88,81],[9,39],[9,9]],[[45208,36423],[-6,-3],[15,-14]],[[45217,36406],[24,-77],[-41,-44],[31,-41],[-39,-158],[5,-15],[9,-44],[102,-74],[104,33],[106,54],[13,-114]],[[45531,35926],[-55,-4],[-82,-137],[-29,-8],[-70,-96],[-128,-34],[-74,-39],[-108,54]],[[44985,35662],[-35,88],[42,92],[-58,44],[-37,96],[76,37],[-58,186],[0,96]],[[44915,36301],[88,-23],[102,90],[65,43],[30,14],[8,-2]],[[46217,37957],[-253,16],[-365,-36],[-105,-79],[-45,-57]],[[45271,38584],[-19,-2],[-20,-12],[-17,20],[-11,67],[-50,16],[-4,199],[49,26],[73,104],[-46,36],[-28,100],[-14,125],[53,81]],[[46866,39021],[-72,-59],[70,-46],[-42,-63],[-111,-81],[67,-65]],[[42779,38064],[58,-86],[70,-6],[39,-35],[95,-30],[-13,-124],[60,-17],[87,11],[71,-52],[4,-45],[106,-7],[80,-43],[20,-17]],[[43456,37613],[-7,-10],[-5,-42],[20,-75],[-152,-117],[-34,-52]],[[43278,37317],[26,-64],[49,-32],[11,-54],[-5,-7]],[[43359,37160],[-63,-29],[-18,-16]],[[43278,37115],[-16,33],[-80,-6],[-83,-71],[-60,-12],[-124,36],[-162,-5],[-110,-141],[10,-75],[-80,-61],[-217,3],[-70,27],[-25,77],[-58,78],[31,42],[86,48],[-152,179],[-27,71],[-119,4],[-41,30],[-66,0]],[[46056,37214],[-31,-2],[-107,99],[5,73],[-36,22],[-11,70],[1,9],[-4,20]],[[43278,37115],[-84,-57],[-123,-111],[-42,-73],[-102,-51],[-165,-168],[-56,-76],[-98,-84],[48,-132],[-76,-42],[-23,-3],[-119,-88],[-13,-16]],[[42425,36214],[-38,-42],[-152,-33],[-193,-25],[-33,28],[-95,9]],[[40126,37616],[-61,-181],[-79,-104],[-163,-96],[-67,-67],[-138,-82]],[[39618,37086],[-114,-40],[-31,28],[-85,-9],[-40,28],[-135,-37],[-62,6],[-59,67],[-71,-39],[-96,106],[-45,72],[12,138],[90,68],[29,123],[-18,64],[-46,36],[-54,-16],[-34,63],[191,12],[67,-77],[103,-22],[88,16],[60,-131],[31,-27],[110,12],[64,74],[120,-19],[167,139],[73,36],[112,-5],[28,-83],[53,-53]],[[45735,36048],[-42,6],[-48,-57],[-37,-94],[-77,23]],[[45217,36406],[73,52],[62,8],[17,98],[-16,34],[48,66],[6,4]],[[45407,36668],[26,11],[47,29],[92,-74],[29,4],[49,10]],[[44189,38975],[-1,0],[-29,34],[-17,233],[-144,96],[-74,89],[-122,12],[-51,65],[-157,102],[-73,104],[-130,84],[-89,21],[-89,0]],[[43213,39815],[71,138],[138,118],[87,0],[37,71],[98,66],[106,-19],[105,23],[26,83],[62,46],[29,85],[81,-37],[149,-134],[52,-78],[0,-80],[81,32],[120,-36],[82,-5],[50,24],[70,-38],[97,-15],[26,-40],[105,-23],[122,3],[-1,-74],[38,-18]],[[41629,38613],[20,117],[-68,45],[63,93],[79,48],[49,110],[-9,59],[54,62],[131,34],[56,42],[36,-43],[47,57],[49,-41],[137,-10],[208,60],[72,-37],[114,70],[127,-67],[66,76]],[[42860,39288],[94,-82],[-28,-157],[180,-101],[10,-82],[61,-71],[55,-11],[49,12],[46,19],[111,-53],[1,-74],[99,-40],[59,-45],[-48,-59],[28,-53],[-36,-38],[-2,-58],[38,-125],[-7,-36],[37,-94],[98,-35],[76,-60],[31,-53],[10,-93],[28,-42],[64,-36],[4,-34],[-30,-27],[-222,-59],[-97,-51],[-88,-66],[-25,29]],[[40206,36103],[-18,6],[-164,-42],[-99,-39],[-137,3]],[[39788,36031],[16,117],[-66,138],[-65,30],[-33,103],[4,106],[40,27],[62,153],[62,24],[-98,75],[-31,65],[18,71],[-79,146]],[[40126,37616],[106,30],[57,50],[50,-40],[81,64],[113,-28],[74,101],[106,41],[107,139]],[[40664,36257],[9,-15],[1,-41],[-100,-45],[-134,8],[-98,-11],[-77,-62],[-59,12]],[[44359,37546],[9,-5],[-29,-46],[-89,-23],[-88,-62],[-74,8],[-97,-66],[-80,-14],[-152,-82],[-78,-11],[-54,54],[-88,-44],[-133,27],[-88,73],[-40,-38]],[[42860,39288],[14,69],[55,43],[-26,41],[16,77],[58,22],[81,93],[127,88],[28,94]],[[39235,35320],[-54,7],[-61,-68],[-80,16],[-34,47],[-2,30],[-70,36],[-6,33],[-1,7],[-1,0]],[[38926,35428],[-5,19],[-63,20],[-92,-82],[-45,86],[-111,-90],[-84,-15],[-41,-51],[-41,1],[-20,20],[3,74],[20,23],[0,43],[-11,-2],[-14,-9]],[[38422,35465],[-2,8],[-145,22],[-99,109],[6,-143],[-71,-96],[-94,70],[-87,-27],[-97,-8],[-41,88],[-73,-36],[8,-62],[3,-19],[-42,2]],[[37688,35373],[-38,29],[-1,62],[119,115],[-8,44],[8,33],[23,79],[71,102]],[[37862,35837],[61,12],[106,-15],[70,72],[80,-21],[152,2],[99,-45],[68,-11],[64,26],[53,80],[145,-87],[161,24],[56,29],[132,-16]],[[39109,35887],[64,-228],[-1,-167],[68,-95],[4,-69],[-2,-2]],[[39242,35326],[-7,-6]],[[38422,35465],[3,-10],[-72,-63],[26,-85],[-47,-58],[-6,-112],[72,-67],[-73,-165],[-24,-83],[24,-60]],[[38325,34762],[-195,-53],[-42,20],[-71,-64],[-77,1],[-110,-63]],[[37830,34603],[-6,6],[-32,-15],[-59,11],[-167,70],[-108,2],[-62,89],[-28,76]],[[37368,34842],[-10,15],[105,50],[28,-9],[-21,44],[116,80],[48,67],[70,18],[-73,180],[57,86]],[[37368,34842],[-62,-7],[-35,-44],[-99,-23],[-143,-73],[-158,26],[-22,28]],[[36849,34749],[45,6],[3,5],[3,44],[88,90],[83,60],[-45,121],[-6,-7]],[[37020,35068],[-4,49],[-2,56]],[[37014,35173],[45,68],[13,8],[64,1],[56,-39],[19,90],[45,48],[39,-55],[48,83],[73,-30],[13,-34],[101,-35],[8,71],[72,41],[78,-17]],[[40371,32566],[-66,72],[30,78],[36,-5],[35,128],[89,-17],[9,1]],[[40504,32823],[2,-1],[172,38],[130,-10],[50,48],[46,-94],[96,-59],[100,47],[196,29],[-3,-61],[72,-69],[18,-46],[165,0],[46,-20],[14,-10],[76,-15]],[[41684,32600],[0,-4],[-15,-52],[8,-6],[8,-39],[-65,-101]],[[41620,32398],[-15,-12],[-20,-88],[-69,-18],[-65,11],[-40,-167],[26,-60],[-32,-49],[32,-108],[5,-7]],[[41442,31900],[-91,-70],[-28,-86],[22,-37],[-27,-84],[-43,-30],[-10,-16]],[[41265,31577],[-5,-2],[-154,-13],[-13,-6]],[[41093,31556],[-11,20],[-99,-4],[-45,40],[-17,38],[-48,137]],[[40873,31787],[-9,1],[6,21],[-14,94],[-83,-33],[-46,30],[-12,18],[-17,140],[-7,40],[6,35],[14,100],[28,71],[-40,12],[-49,70],[-70,17]],[[40580,32403],[-48,17],[-57,-24],[-53,28]],[[40422,32424],[1,71],[-52,71]],[[37014,35173],[-15,43],[37,53],[-15,48],[-119,-13],[-40,108],[60,24],[168,-45],[135,-5],[-12,84],[-68,93],[-1,61],[62,138],[90,95],[48,-27]],[[37344,35830],[83,-18],[435,25]],[[39242,35326],[71,19],[161,116],[75,-35],[39,27],[59,-18],[34,59],[19,36],[27,29],[188,72],[135,-137],[68,152],[37,-15]],[[40155,35631],[4,-4],[-5,-16],[9,-14],[-22,-102],[51,-35],[-19,-125]],[[40173,35335],[-92,-76],[-57,-15],[-58,-61],[-95,0],[-36,-33],[-67,-99],[-29,-11],[-68,-111],[-101,-1],[-47,-37]],[[39523,34891],[-106,-63],[-218,-34],[-15,14]],[[39184,34808],[-6,15],[63,49],[0,94],[58,51],[-2,97],[-62,58],[-27,98],[27,50]],[[45449,37801],[-42,-44],[-55,-139],[-64,-65],[-128,-65],[-111,-35]],[[45049,37453],[-6,-18],[-22,-25],[-34,-7],[-75,22],[21,73],[-142,-49],[-24,-32],[-204,-22],[-59,-75],[-112,-62],[-144,-165],[-36,2],[-46,-86],[-76,-22],[-57,-131],[-99,-44],[14,-34],[-27,-42]],[[43921,36736],[-21,20],[-40,51],[-38,-35],[-77,81],[-146,-31],[-220,56],[-37,36],[92,26],[4,60],[-49,67],[-30,93]],[[36849,34749],[-21,-5],[-16,11],[-24,0],[-103,-3],[-6,-52],[-86,-39],[-50,-73],[19,-153],[-92,-62],[1,-8]],[[36471,34365],[-128,-126],[-34,4],[-27,-26],[5,-57],[-94,-64],[6,-65],[-102,-85],[71,-72],[18,-51],[95,-62],[11,-45],[-9,-18]],[[36283,33698],[-6,-8],[-193,-47],[-27,-25]],[[36057,33618],[21,131],[-17,73],[-62,103],[11,78],[-25,92],[10,107],[88,131],[-110,147],[-119,236],[-38,21]],[[35816,34737],[3,9],[12,1],[-53,4],[-12,22],[51,30],[-14,95],[70,59],[-14,53],[18,-9]],[[35877,35001],[8,-5],[179,-22],[57,63],[128,16],[109,-87],[168,100],[58,-14],[62,72],[49,-90],[29,-11],[20,-13],[9,17],[67,59],[-31,30],[47,57],[25,0],[43,-80],[72,-6],[36,-34],[8,15]],[[45208,36423],[4,8],[-25,103],[-116,51],[-55,-9],[-26,-9],[-130,-99],[-168,8],[-135,26],[-18,139],[-138,-129],[-63,-87],[-138,35],[25,113],[-4,85],[-43,55],[-96,-2],[-23,-42],[-59,3],[-47,-126],[-37,-55]],[[43916,36491],[-42,60]],[[43874,36551],[29,157],[18,28]],[[45049,37453],[25,-23],[51,-147],[-85,-71],[-12,-66],[-53,-26],[-18,-69],[30,-40],[52,-53],[74,-25],[168,-12],[75,-81],[-16,-79],[67,-93]],[[40504,32823],[-31,47],[94,10],[67,-24],[18,35],[20,25],[19,4],[12,34],[140,63],[54,-9],[31,18],[10,11],[-54,25],[-3,64],[37,29],[-13,85],[-40,4],[-144,148],[-60,20],[-51,-18],[-15,95],[-50,16],[43,40],[85,61],[26,59],[5,7]],[[40704,33672],[30,23],[35,27],[26,-17],[53,18],[4,23],[58,76],[-17,41],[58,42],[15,69],[166,54],[17,58],[126,7],[38,-28],[39,-19],[31,-10]],[[41383,34036],[-4,-8],[50,8],[85,-66],[-10,-44]],[[41504,33926],[-19,-52],[63,-44],[34,-60],[-31,-54],[46,-69],[53,-22],[109,1],[41,-27],[5,5],[11,20]],[[41816,33624],[6,-4],[8,-14],[29,-17],[42,-54],[12,-51],[111,-48],[35,-111],[-44,-64],[37,-63]],[[42052,33198],[-117,-82],[-84,-145],[-29,-155],[-64,-86],[-48,3],[-32,-55],[8,-70],[-2,-8]],[[37830,34603],[0,-3],[151,-94],[66,8],[37,-27],[9,-25],[-15,-59],[-62,-73],[-30,-85],[-1,-12]],[[37985,34233],[-14,-1],[-12,-5],[-76,5],[-16,84],[-124,31],[-144,-18],[-31,-59]],[[37568,34270],[-63,58],[-90,18],[-95,-23],[-84,36],[-89,-102],[15,102],[-94,102],[-81,-46],[-54,45]],[[36933,34460],[-52,-7],[-68,-65],[-62,-18],[-123,-18],[-122,7],[-32,-1],[-3,7]],[[42548,35950],[29,-24],[29,-13],[58,52],[62,6],[22,62],[71,70],[46,-5],[0,-2]],[[42865,36096],[11,-23],[-18,-30],[87,-106],[-51,-50],[31,-75],[82,-68],[-1,-84],[52,-36],[14,-11],[17,-47],[-41,-57],[73,-76],[-30,-112],[54,-83],[-21,-81],[33,-89],[48,0]],[[43205,35068],[21,0],[-120,-49],[-62,-120],[-29,-7],[-28,-95],[-61,-80],[-14,-153],[-42,-55],[-16,-121],[44,-86]],[[42898,34302],[-22,-27],[-14,-9]],[[42862,34266],[-21,-9],[-54,-24],[-55,-75],[-52,31],[-55,-66],[-64,36],[30,113],[-22,87],[-18,13],[-2,1]],[[42549,34373],[-6,2],[48,24],[-25,113],[84,209],[9,95],[62,100],[-4,65],[29,73],[-12,92],[-93,42],[-48,-50],[-19,132],[-86,154],[-22,96],[-137,-10],[-90,-53],[3,63],[-48,9],[-245,-73],[-73,23],[-80,2],[-35,-14],[6,7]],[[41767,35474],[3,4],[-30,97],[39,3],[17,76],[-21,35]],[[41775,35689],[67,59],[92,38],[48,-15],[129,29],[94,-65],[140,-34],[26,17],[-28,113],[103,71],[71,-21],[31,69]],[[40873,31787],[-19,-25],[-105,-271],[-111,-40],[-20,-142],[-101,-14],[-33,-111],[9,-10]],[[40493,31174],[-12,-5],[-13,-4],[-93,-68],[-48,31],[-30,75],[0,49],[6,55]],[[40303,31307],[5,0],[75,106],[37,104],[23,125],[3,170],[18,62],[-37,201],[80,145],[0,69],[73,114]],[[43916,36491],[-82,-127],[-109,-80],[-66,-84],[-65,-44],[3,-19],[130,-24],[27,-115],[-14,-63],[57,-48],[-13,-58],[74,-33],[59,-56]],[[43917,35740],[-3,-6],[-31,-64],[-20,0],[-29,36],[-79,-67],[-49,-6],[-23,-55],[-74,-41],[-12,-138],[-132,-107],[-12,-30]],[[43453,35262],[-21,8],[-36,173],[-48,-56],[-111,-129],[-12,-129],[-10,-37],[-15,-13],[5,-11]],[[42865,36096],[20,-4],[130,100],[42,-33],[92,16],[6,37],[81,19],[2,49],[62,8],[23,73],[71,40],[44,-41],[100,45],[84,-12],[34,51],[59,22],[58,-19],[27,67],[74,37]],[[39184,34808],[-42,-43],[-126,2],[-30,-52],[9,-61],[43,-32],[172,6],[11,-42]],[[39221,34586],[-68,-46],[-11,-57],[-8,-87],[0,-44],[-84,-87],[-60,36],[-14,108],[13,65],[-104,10],[-31,-95],[-55,-30],[-83,-177],[-40,-32],[-53,22],[-116,-31]],[[38507,34141],[-112,-160],[-85,-42],[-60,28],[-14,67],[38,115],[-83,17],[-53,-33],[-90,-10],[-29,41],[-81,-48]],[[37938,34116],[43,80],[4,37]],[[38325,34762],[35,-35],[168,3],[95,-51],[-1,110],[64,135],[-5,72],[116,26],[13,90],[65,99],[-21,66],[8,79],[36,21],[13,25],[-2,21],[5,6],[12,-1]],[[39523,34891],[73,-88],[58,5],[162,-52],[55,-54],[18,-118],[7,-8]],[[39896,34576],[-14,-3],[-32,-23],[-29,-34],[-66,5],[-66,-28],[-104,14],[-108,-74],[-11,1],[-84,102],[11,73],[-94,38],[-78,-61]],[[40704,33672],[-5,20],[-34,3],[-52,-38],[-10,-15],[-26,-8],[-43,39],[-7,67],[-99,26],[-54,100],[-51,9],[-39,100],[-66,5],[-54,-34],[-170,-34],[-109,-74],[-20,8]],[[39865,33846],[10,13],[-19,79],[18,40],[-19,121],[45,103],[74,56],[-108,25],[10,88],[150,115],[75,85]],[[40101,34571],[147,118],[36,-9]],[[40284,34680],[3,-4],[28,-41],[66,65],[37,4],[105,-64],[71,-66],[-43,-134],[35,-66],[107,61],[21,53],[71,-17],[10,69],[55,7],[21,-55],[0,-118],[66,-81],[74,-25],[38,-68],[192,15],[79,-119],[72,-56],[-9,-4]],[[41504,33926],[66,29],[64,-7],[46,101],[-10,99],[-95,117],[-46,157],[-58,74],[-29,68],[-114,36],[-4,23],[-112,45],[-43,130],[-206,25],[2,90],[46,70],[58,-33],[99,73],[-49,64],[0,53],[111,52],[125,6],[95,42],[-70,74],[-82,-21],[41,104],[100,-8],[136,66],[23,-45],[163,-62],[-14,23],[-85,50],[21,35],[57,5],[16,13],[10,0],[1,0]],[[42549,34373],[-6,-14],[2,-8],[-4,3],[-30,-32],[-103,-50],[31,-101],[-97,-51],[-43,-80],[-82,-42],[-39,-66],[-10,-31],[-9,2],[-11,-16]],[[42148,33887],[-2,-3],[-78,-83],[-94,-26],[-89,-112],[-42,-10],[-26,-28],[-1,-1]],[[40303,31307],[0,1],[-5,0],[-71,-3],[-122,3],[-11,-2]],[[40094,31306],[-139,-4],[92,210],[2,27],[-22,97],[-34,26],[6,70],[-15,25],[-25,7]],[[39959,31764],[25,41],[27,223],[82,146],[-45,166],[-45,20],[8,84],[82,51],[72,-68],[105,-42],[152,39]],[[35877,35001],[34,66],[75,23],[6,42],[-6,11],[10,29]],[[35996,35172],[19,-4],[9,7],[32,62],[1,27],[-29,43],[16,161],[25,63],[-9,126]],[[36060,35657],[-14,96],[57,-23],[252,11],[243,76],[-12,61],[71,93],[116,-19],[79,48],[14,46],[100,7],[216,-157],[145,-41],[17,-25]],[[42548,35950],[4,79],[-43,11],[-10,115],[-74,59]],[[40173,35335],[74,23],[41,1]],[[40288,35359],[67,-103],[-12,-57],[-2,-47],[60,-58],[135,42],[-38,-173],[-147,-56],[-19,-129],[-48,-98]],[[40101,34571],[-100,-25],[-100,25],[-4,5],[-1,0]],[[40288,35359],[47,9],[38,-40],[103,20],[87,-16],[141,37],[30,-20],[72,46],[48,-41],[29,79],[48,4],[84,49],[119,22],[27,31],[83,-3],[32,-27],[108,-6],[83,-31],[82,58],[75,29],[47,104],[104,26]],[[44915,36301],[-130,-107],[-50,-55],[-169,-62],[-95,60],[-45,-20],[-25,-14],[-58,-92],[-51,-47],[-31,-87],[-18,-9]],[[44243,35868],[-31,-12],[-51,-37],[-7,-9]],[[44154,35810],[-44,-29],[-41,-35],[-107,-24],[-8,19],[-29,13],[-8,-14]],[[40155,35631],[-2,4],[-3,135],[11,39],[-9,114],[16,97],[38,83]],[[39109,35887],[26,0],[172,94],[59,88],[55,9],[119,-64],[32,-44],[122,-19],[78,35],[16,45]],[[32399,34633],[-9,-50],[-71,2],[-6,-103],[-107,-47],[-1,-26],[-119,-22],[-129,29],[-67,-33],[-172,23],[-58,-43],[-94,-32],[-122,47],[-37,-15]],[[31407,34363],[-35,47],[45,62],[10,61]],[[31427,34533],[14,71],[-61,16],[62,72],[15,64],[-106,218],[37,66],[-3,181],[-35,105],[23,72],[-8,28],[-22,4]],[[31343,35430],[64,51],[33,-241],[118,-83],[142,17],[30,-72],[77,-4],[48,-42],[26,72],[52,55],[131,38],[83,-17],[119,-68],[79,2]],[[32345,35138],[-57,-94],[77,-63],[-2,-51],[50,-152],[-7,-132],[-7,-13]],[[27510,32748],[2,19],[-89,64],[-132,-12],[-55,37],[-130,-35],[-80,56]],[[27026,32877],[29,58]],[[27055,32935],[109,86],[160,46],[80,115],[49,29]],[[27453,33211],[11,-28],[22,-12],[-2,-15],[-56,-24],[-7,-20],[7,-8],[17,-2],[70,24],[77,-27],[39,-61],[43,26],[45,-31]],[[27719,33033],[-13,-30],[42,-140],[-12,-49],[13,-13],[-7,-26],[-1,-14]],[[27741,32761],[-19,-6],[-89,21],[-70,-34],[-53,6]],[[27510,32748],[-7,-20],[18,-105],[-56,-54],[-11,-95],[-98,-38],[-8,-28],[152,-129],[-17,-169],[-40,-35],[-87,-5],[-70,-39],[-12,-106],[-40,-35],[-43,-90],[-96,-24],[-72,77],[-75,19],[-51,-103],[-69,-37]],[[26828,31732],[-4,58],[-43,79],[-58,-52],[-97,36],[-150,-136],[-33,94],[-72,140],[-90,46]],[[26281,31997],[149,239],[135,142],[231,273],[8,24],[184,112],[24,63],[14,27]],[[30764,32856],[18,-2],[136,-24],[71,13],[70,-28],[118,19],[63,-11],[120,9],[144,-38],[11,-37],[41,0],[1,-7],[15,-2]],[[31572,32748],[-2,-4],[-12,-17],[-34,-50],[3,-33],[2,-146],[15,-39],[-4,-35],[-80,-53],[-48,-69],[7,-150],[-45,-96],[-16,-84]],[[31358,31972],[-57,-31],[-75,45],[-49,-2],[-63,-79],[22,-86]],[[31136,31819],[-59,52],[-112,-7],[-5,55],[-50,38],[-49,-46],[-130,-52],[-101,60],[3,24]],[[30633,31943],[-3,99],[-45,18],[-57,71],[8,50],[-49,83],[14,135],[-80,80],[8,115],[22,23]],[[30451,32617],[42,-2],[80,-66],[76,27],[60,97],[-9,71],[35,67],[27,12],[6,14],[-8,4],[4,15]],[[30131,33212],[-135,-106],[-55,-14],[-50,40],[-60,4],[-38,47],[-14,20],[-8,-11],[-32,7],[-23,44]],[[29716,33243],[4,37],[-54,10],[-128,85],[-117,27],[-24,34],[21,108],[-79,29],[-56,52],[-97,-15],[-17,-20]],[[29169,33590],[4,24],[10,1],[1,31],[50,53],[113,-22],[-1,124],[48,36],[14,-1],[46,-42],[64,20],[40,-58],[74,-53],[28,170],[-22,35],[58,52],[55,-13],[46,88],[63,-20],[51,-95],[19,-89],[89,-18],[23,-32],[33,-5],[21,12],[0,2]],[[30096,33790],[4,-3],[1,-12],[-10,-34],[-14,-14],[3,-106],[62,-38],[52,-73],[82,39],[37,-12],[45,-82],[71,-46],[20,-6],[7,9]],[[30456,33412],[2,-24],[-55,-30],[-65,6],[-82,-38],[-31,-43],[-92,-40],[-2,-31]],[[30764,32856],[-9,0],[22,88],[-88,137],[136,18]],[[30825,33099],[48,32],[48,84],[119,87],[-59,110],[6,21],[-7,6]],[[30980,33439],[170,89],[43,-33],[201,-10],[17,43],[14,7],[9,24],[8,5]],[[31442,33564],[0,-23],[-27,-82],[42,-40],[202,34]],[[31659,33453],[-3,-15],[-15,-22],[1,-74],[93,-36],[30,51],[74,30],[116,-45],[78,-55],[55,13],[106,-63]],[[32194,33237],[-15,-62],[-95,-1],[-15,-181]],[[32069,32993],[-133,59],[-37,-41],[-78,33],[-54,-240],[-53,28],[-79,-27],[-57,-46],[-6,-11]],[[27055,32935],[-96,58],[-83,-2],[-62,42],[25,147],[-45,52],[-44,4],[3,32],[-1,10],[-9,2],[-4,10],[-1,1]],[[26738,33291],[15,5],[65,125],[43,1],[22,71],[-51,80],[20,265],[76,121]],[[26928,33959],[34,-63],[78,27],[29,-51],[83,-14],[70,42],[-4,63],[65,4]],[[27283,33967],[47,-57],[96,-7],[97,10],[55,-32],[122,11]],[[27700,33892],[-32,-69],[-26,-147],[-80,-68],[-24,-82],[37,-80],[-122,-235]],[[26738,33291],[-8,-5],[-217,25],[-39,-24],[-118,29],[-15,-58],[39,-61],[-41,-72],[-77,-4],[-52,38],[-97,13]],[[26113,33172],[-151,138],[-65,29]],[[25897,33339],[3,19],[31,0],[38,46],[-20,10],[46,14],[-17,51],[7,4],[24,-12],[37,22],[6,20],[27,32],[83,105]],[[26162,33650],[39,10],[139,99],[81,27],[-12,104],[64,49],[99,-3],[83,-103],[121,-2],[47,16],[22,130],[83,-18]],[[30235,34514],[8,-168],[-118,-149]],[[30125,34197],[-20,62],[-53,11],[-92,-35],[-28,14],[-142,-4],[-124,97],[-89,-19],[-77,29],[-30,36],[-72,22],[-34,62],[-187,50],[-38,36],[-7,40]],[[29132,34598],[-2,15],[68,81],[-52,38],[7,64],[-45,44],[26,92],[-19,53]],[[29115,34985],[41,10],[-22,81],[4,7],[-50,74],[16,25],[45,56],[73,-22]],[[29222,35216],[114,-95],[-6,0],[7,-65],[-37,-53],[33,-62],[75,-9],[55,54],[162,-9],[-14,-64],[49,-31],[2,-90],[20,-7],[19,33],[91,-15],[64,61],[32,-21],[120,8],[-1,-56],[137,-76],[0,-107],[47,-28],[44,-70]],[[28285,32741],[10,-34],[20,21],[21,16],[16,-43],[136,-12],[116,-104]],[[28604,32585],[-25,-33],[3,-88],[-64,-57],[-100,-143],[-15,-50],[96,-84],[-10,-79],[-39,-62],[25,-128],[81,-10],[48,-21],[-10,-17]],[[28594,31813],[-168,-15],[-97,-99],[-101,-7],[-21,-8],[32,-60],[-148,-87]],[[28091,31537],[-11,49],[-70,30],[-69,-23],[-37,-65],[-72,4],[-45,-11],[0,40],[-58,113],[-60,23],[-13,98],[-129,-51],[-28,-43],[-76,-29],[-35,-112],[-142,33],[-92,-141],[-40,-83]],[[27114,31369],[-64,93],[-100,51],[-21,40],[-77,11],[-9,63],[-62,36],[47,69]],[[27741,32761],[16,6],[20,-81],[72,-74],[96,62],[94,33],[11,-54],[54,-10],[57,54],[18,46],[15,4],[47,23],[28,3],[-14,-18],[30,-14]],[[27737,34894],[37,-72]],[[27774,34822],[-210,-10],[-15,2]],[[27549,34814],[-13,4],[-118,96],[-47,67],[-70,0],[-39,35],[-99,25],[-74,-4],[-85,71],[-117,-12],[-1,-112],[-70,44],[-73,-42],[-102,50],[-48,62],[-15,5]],[[26578,35103],[-24,8],[-158,21],[-76,93],[-116,-7],[-73,22],[7,101],[39,32],[150,13],[45,20],[3,13]],[[26375,35419],[1,20],[22,33],[36,54],[-7,55],[119,-4],[201,-70],[41,29],[47,-1],[148,22],[-11,19]],[[26972,35576],[19,-1],[-6,-66],[56,49],[56,-41]],[[27097,35517],[34,-125],[114,-86],[21,-86],[51,27],[61,19],[90,-68],[26,-75],[63,-74],[71,-43],[-2,-54],[111,-58]],[[30633,31943],[-43,-62],[-99,-67],[-55,-91],[-3,-107],[-61,-101]],[[30372,31515],[-61,19],[-103,112],[-57,-3],[-42,65],[30,58],[-32,138],[-128,10],[-83,-14],[-67,50],[-12,54],[25,60],[-46,109],[-71,28],[-39,-19],[-6,11],[28,26],[-4,31]],[[29704,32250],[-1,27],[-131,124],[-62,-12],[-71,20],[-53,89],[-64,0],[-1,10],[17,110]],[[29338,32618],[83,30]],[[29421,32648],[81,2],[25,-36],[81,29],[221,4],[23,85],[166,-84],[-6,96],[123,57],[7,41],[85,61],[78,-12]],[[30305,32891],[-44,-89],[8,-64],[69,-11],[2,-58],[41,-42],[70,-10]],[[27719,33033],[4,0],[15,49],[50,83],[54,-20],[92,75],[62,-63],[148,-3],[20,57],[46,-8],[14,-11],[21,7]],[[28245,33199],[13,-27],[-38,-115],[17,-156],[65,-147],[-17,-13]],[[26113,33172],[-3,-55],[-104,-34],[-31,-78],[15,-85],[-27,-69],[25,-64],[-2,-74],[-38,-52],[19,-85],[-78,-85],[-4,-71],[-71,-72],[20,-46],[68,-18],[22,-68],[-88,-201],[21,-69],[-9,-35],[8,-36],[-15,-13],[-44,-34],[-106,3],[-62,-6],[-138,14]],[[25491,31839],[11,32],[1,31],[16,55],[-62,64],[27,50],[-23,28],[-147,143],[-40,17]],[[25274,32259],[14,48],[-1,16],[-8,24],[-8,11],[-56,113],[9,94],[-31,15],[9,83],[-40,9],[34,174],[23,-3],[6,31],[-6,21],[-19,34],[11,72],[60,13],[39,77],[80,2],[23,21],[107,95]],[[25520,33209],[142,24],[81,64],[33,12],[44,50],[77,-20]],[[31659,33453],[-36,88],[-2,9],[33,55],[65,38],[-23,72],[12,127],[-25,34],[-1,28],[156,-40],[386,0],[162,13],[30,101],[41,31],[72,-21],[83,26],[40,38],[-41,150],[-5,9],[12,11],[22,11]],[[32640,34233],[7,-11],[88,-39],[15,-2],[32,-140],[60,-22],[40,-78],[149,-69],[-25,-80],[5,-83],[-19,-74],[71,-92],[-3,-21],[2,-18]],[[33062,33504],[-5,1],[-8,9],[-26,-5],[-24,5],[-26,27],[-20,-12],[-80,78],[-49,-3],[-45,-57],[-49,-2],[-11,-68],[-49,-1],[-41,-54],[-46,19],[-31,-100],[32,-91],[33,-26],[31,-19],[50,-28],[-2,-79],[-103,-59]],[[32593,33039],[-6,47],[-126,18],[-39,95],[-129,4],[-99,34]],[[30096,33790],[-3,25],[60,8],[67,87],[33,11],[21,19],[23,-4],[5,13]],[[30302,33949],[3,-2],[11,-3],[-6,-12],[105,-112],[46,-82],[97,-18],[45,36],[155,40],[71,33],[77,-69],[38,15],[8,12]],[[30952,33787],[3,-5],[24,-12],[32,-24],[0,-176],[-24,-28],[-12,-100],[5,-3]],[[30825,33099],[-40,31],[-91,2],[-29,61],[30,43],[-43,54],[27,56],[-71,61],[-33,107],[-64,14],[-59,-90],[4,-26]],[[32345,35138],[123,60],[40,-35],[54,8],[43,101],[94,-57],[25,56],[60,17],[55,-106],[98,-46],[77,3],[95,78],[18,175]],[[33127,35392],[40,-41],[83,54],[85,-18],[-90,-69],[95,-80]],[[33340,35238],[26,-27],[26,-22],[23,-147],[-15,-16],[-80,-74],[-133,-66],[-116,-127],[-62,-7],[-64,-66],[-49,24],[-16,-125],[-79,11],[-117,-82],[-40,-200]],[[32644,34314],[-22,45],[92,242],[-71,31],[-244,1]],[[33119,35391],[-5,2],[8,6],[1,-6],[-4,-2]],[[30131,33212],[-13,-24],[75,9],[58,-140],[76,-46],[-22,-120]],[[29421,32648],[13,73],[96,52],[6,58],[0,54],[14,72],[-54,77],[-12,47]],[[29484,33081],[-38,31],[2,52],[3,6]],[[29451,33170],[2,9],[43,45],[97,-18],[63,-37],[46,75],[14,-1]],[[31407,34363],[-151,-33],[85,-174],[-45,-116],[-6,-63],[70,-101],[-38,-67],[54,-126],[-10,-94],[74,-10],[2,-10],[0,-5]],[[30952,33787],[8,13],[40,54],[24,6],[43,67],[-11,23],[-20,59],[-7,133],[-21,64],[-52,5],[-100,-31],[-62,16],[-17,69],[-63,45],[-28,-13],[-51,43],[-8,108],[30,16],[6,21]],[[30663,34485],[44,-10],[47,23],[13,59],[59,91],[83,-45],[75,30],[58,-31],[122,-12],[103,-36],[25,19],[82,-36],[28,0],[25,-4]],[[29222,35216],[-21,33],[-3,34],[68,-30],[15,47],[-26,3],[64,104],[-32,24],[18,85]],[[29305,35516],[71,8],[13,-73],[161,110],[2,34],[120,31],[67,-17],[143,-84],[61,9],[66,-39],[36,41],[91,7],[246,-93],[71,-47],[72,-6],[48,-74],[93,-50],[112,-32],[28,-27]],[[30806,35214],[7,-8],[-55,-106],[-67,-2],[-131,-64],[-97,-91],[-10,-105],[-124,-27],[-19,-19],[-15,-60],[91,-23],[65,24],[-2,-74],[-75,1],[-33,-41],[-12,-35],[-12,-11],[4,-2],[0,-1]],[[30321,34570],[-10,-25],[-17,-3],[-22,-27],[-37,-1]],[[29132,34598],[-56,-114],[-89,-39],[11,-147]],[[28998,34298],[-180,-13],[-141,12],[-57,35],[-34,-25],[-87,37],[-80,-2],[21,74],[-47,44],[-62,-19],[-104,15],[-34,-35],[-134,-35]],[[28059,34386],[-15,18],[-10,13],[-30,-1],[-62,44],[-31,-24],[-35,15],[-42,61],[31,38],[-13,97],[-39,34],[2,73],[-41,68]],[[27737,34894],[48,118],[198,-7],[37,40],[114,-47],[77,10],[159,-18],[-12,55],[-11,11],[-33,10],[-2,23],[101,-28]],[[28413,35061],[-1,-5],[10,5],[140,-12],[9,-30]],[[28571,35019],[0,-17],[29,-14],[29,-67],[46,0],[48,111],[68,87],[173,-56],[60,-50],[91,-28]],[[28245,33199],[22,53],[-9,114],[179,-14],[109,15],[73,104],[110,-35],[20,2],[24,-25],[134,-7],[21,-71],[62,-8],[37,-73],[108,28],[65,-69],[87,-15],[6,-31],[89,10],[28,-30],[23,31],[8,-8],[10,0]],[[29484,33081],[-31,-21],[-107,13],[-22,-38],[-97,48],[1,34],[-119,5],[-21,-234],[-77,-66]],[[29011,32822],[28,-65],[-26,13],[-57,-66],[-62,-6],[-15,-72],[-103,30],[-172,-71]],[[29011,32822],[75,25],[64,-35],[87,0],[-13,-162],[7,9],[36,-50],[71,9]],[[29704,32250],[-73,-25],[-56,-52],[-37,-8],[-77,53]],[[29461,32218],[-44,70],[-40,12],[-72,-23],[-123,50],[-55,-116],[2,-51],[-69,-115],[16,-129],[-48,-26],[-112,44],[-14,-67],[-56,-59],[-67,33],[-63,-21],[-23,0]],[[28693,31820],[-16,-5],[-83,-2]],[[26972,35576],[-1,0],[-5,8],[-4,51],[-127,24],[-46,123],[-93,-40],[-29,46],[46,93],[0,65],[-40,44],[-86,-29],[-74,5],[-17,65],[-76,-25],[-40,24],[-28,102],[24,75],[-42,97],[-49,29],[28,78],[-95,-33],[-6,98],[47,58],[10,15],[-14,38],[-48,63],[-77,24],[-11,29],[2,17],[2,3]],[[26123,36723],[47,45],[-29,47],[-90,-34],[7,71]],[[26058,36852],[52,13],[-33,125],[106,38],[24,-15],[176,2],[31,70],[63,72],[71,-9],[-3,-56],[175,-60],[47,-99],[126,-42],[138,-5],[301,-61],[112,-204],[-23,-94],[-1,-120],[-54,-99],[183,-76]],[[27549,36232],[-43,-89],[-34,-4],[-55,-107],[84,-87],[17,-45],[-40,-64],[5,-69],[-112,-113],[-96,14],[-80,-56],[-98,-95]],[[27700,33892],[49,28],[117,-17],[31,29],[21,13],[76,11],[96,-36],[75,-145],[103,-12]],[[28268,33763],[94,-49],[41,-54],[59,-91],[308,-38],[16,-18],[10,27],[25,12],[19,-2]],[[28840,33550],[0,-3],[2,-27],[165,-45],[73,28],[78,76],[11,11]],[[27549,36232],[116,29],[60,-57],[87,-39],[91,-17],[9,-74],[55,-39],[66,-6],[23,-76],[89,42],[130,-5],[-20,-97],[34,-82],[81,-20]],[[28370,35791],[20,-183],[0,-22]],[[28390,35586],[0,-8],[-9,-86],[-65,-71],[0,-82],[-63,-10],[50,-106],[67,-40],[54,-66],[-8,-46],[-3,-10]],[[32644,34314],[-24,-21],[20,-60]],[[26281,31997],[-58,-110],[-44,-46],[-9,-7],[-96,-25]],[[26074,31809],[-122,-6],[-129,-44],[-58,20],[-136,-5],[-171,25]],[[25458,31799],[33,40]],[[30321,34570],[3,-4],[48,1],[95,-135],[60,66],[111,-10],[19,-2],[6,-1]],[[30302,33949],[-14,3],[-4,76],[15,21],[-6,6],[-3,13],[-60,95],[-72,14],[-22,4],[-11,16]],[[28840,33550],[-9,51],[2,91],[63,171],[66,48],[29,112],[-40,49],[9,135],[38,91]],[[27283,33967],[41,99],[-121,84],[-31,65],[-112,20],[-17,3]],[[27043,34238],[5,107],[-36,23],[-41,128],[95,-9],[166,10],[72,89],[84,-15],[69,14],[18,68],[67,37],[36,62],[-29,62]],[[28059,34386],[8,-12],[14,-72],[55,-60],[15,-69],[70,-36],[25,-81],[-11,-61],[41,-141],[-8,-91]],[[28390,35586],[115,6],[58,-39],[-5,-98],[60,-99],[77,44],[41,-87],[-63,-53],[-10,-42],[48,-43],[-44,-65],[-67,-3],[-29,-88]],[[28370,35791],[146,-30],[122,89],[76,-16],[71,29],[78,70],[107,35],[122,-26],[67,-41],[23,-44],[-18,-217],[39,-61],[88,-28],[14,-35]],[[31721,37746],[-18,-14],[-2,0],[5,3],[15,11]],[[31721,37746],[3,-1],[4,0],[-2,-2],[-5,3]],[[27043,34238],[-12,-1],[-58,75],[-95,49],[-99,-19],[-150,93],[-108,83],[-76,89],[-70,6]],[[26375,34613],[-51,81],[-27,81],[37,52],[82,10],[65,66],[74,-2],[41,100],[-24,38],[0,40],[3,4],[3,19],[0,1]],[[30806,35214],[60,-14],[38,56],[107,-37],[100,41],[59,50],[6,48],[136,28],[31,44]],[[14364,42958],[13,-88],[-27,-52]],[[14350,42818],[-15,-1],[-13,-17],[-116,39],[-70,112],[78,54],[36,16],[35,-45],[25,22],[-7,-29],[61,-11]],[[22084,25253],[71,-76],[-7,-52],[-48,-40],[22,-207],[-14,-141],[-131,-56]],[[21977,24681],[-45,-35],[-115,33],[-14,-39],[-26,-29],[-73,-131],[-38,-39],[-81,-24],[-38,-47],[-128,74],[-44,3],[-83,68],[-90,-32]],[[21202,24483],[43,55],[-47,66],[17,69],[65,53],[-7,60],[-84,39],[12,45],[-105,1],[-109,59],[-19,54],[28,74],[80,46],[112,-13],[63,87],[-29,50],[63,52],[-51,49],[-16,125],[4,13],[-13,22],[37,2],[0,6],[25,-1],[64,-24],[112,5],[7,6],[2,3]],[[21456,25486],[-2,-24],[-9,-14],[32,-40],[78,43],[25,-14],[34,-58],[-5,-217],[161,-10],[48,-66],[127,-1],[28,143],[91,-11],[20,36]],[[24536,26775],[6,-63],[40,-33],[10,-48],[-97,-177],[11,-74],[3,-13]],[[24509,26367],[-24,-12],[-30,58],[-44,55],[-63,-26],[-15,-62],[-94,32],[-65,-52],[-72,-15],[25,-197],[-10,-75],[-73,20],[-101,-9],[-47,-40],[-56,26],[-44,-26],[-67,17],[-81,-33],[-38,-70],[-126,44],[-29,-40],[-32,9],[-35,65],[-24,100],[51,65],[-58,58],[-62,-89],[-22,-11]],[[23273,26159],[-78,-23],[-33,84],[-67,43],[-144,48],[-64,46],[-31,-2],[-12,25],[6,127],[-27,36],[-39,-29],[-50,28],[-122,9],[-67,27],[-23,-56],[-76,29]],[[22446,26551],[7,14],[-57,76],[103,116],[-45,71],[63,28],[118,8],[69,-22],[106,62],[49,40]],[[22859,26944],[14,14],[4,26],[125,44],[16,38]],[[23018,27066],[106,-49],[40,-41],[62,23],[64,-149],[27,-11],[122,-11],[69,-69],[96,-2],[60,25],[24,26]],[[23688,26808],[7,6],[60,-30],[100,20],[98,-45],[49,30],[59,-36],[65,32],[152,-9],[118,-61],[140,60]],[[24981,29459],[43,11],[1,19],[-60,19],[-6,164],[19,124],[67,-34],[88,11],[-4,50],[69,2],[-28,171],[-142,-12],[-9,50],[-61,70],[9,234],[-92,-15],[-58,26],[-56,32],[-47,85],[-82,26],[-90,-42],[-70,-3],[-26,48],[-57,0],[-131,41],[-18,99],[-65,36],[-38,-4],[-21,17],[-3,27]],[[24113,30711],[21,10],[77,-5],[73,61],[26,13]],[[24310,30790],[22,3],[116,-108],[105,-57],[138,19],[40,-14],[110,26],[31,35],[73,20],[44,123],[100,60],[27,97],[52,43]],[[25168,31037],[37,-8],[62,5],[70,-29],[37,-74],[53,-6],[51,-24],[4,-105],[44,-59],[17,-73],[54,-56],[190,-73],[56,-118],[4,-90],[-29,-40],[63,-59],[38,-89],[77,-26],[190,-40],[4,107],[115,18]],[[26305,30198],[-6,-11],[-2,-11],[33,-40],[1,-96],[-23,-80],[-65,-93],[16,-38],[-20,-93],[66,-39],[61,38],[44,-78]],[[26410,29657],[-32,-159],[8,-80],[-36,-51]],[[26350,29367],[-34,33],[-85,-12],[-34,-32],[-90,35],[-105,92],[-68,21],[-68,-14],[-46,-54],[-85,35],[-76,-18],[-37,-64],[-81,-13]],[[25541,29376],[-60,111],[-130,36],[-97,-12],[-44,-124],[-103,41],[-46,-31],[-80,62]],[[22416,21285],[83,27],[19,-14],[31,-8],[-29,41],[17,98],[43,58],[-32,72],[-74,46],[-83,-68],[-70,37],[-24,58],[-94,65],[11,43],[-127,56],[-14,111],[73,11],[-35,132],[3,94],[-56,3],[-77,64],[-72,-3],[-50,-57],[-71,66],[20,35],[-74,68],[-69,-32],[-49,23],[-34,74]],[[21582,22385],[29,12],[49,19],[15,56],[123,30],[53,-17],[32,-3]],[[21883,22482],[116,-54],[134,-125],[51,-3],[10,59],[44,45],[57,-16],[18,-65],[99,19],[-78,82],[14,91],[55,36],[54,-11],[47,32],[51,-42],[55,2],[22,87],[-24,87],[53,107],[54,72],[67,-3],[26,-44],[66,27],[130,-58]],[[23004,22807],[116,14],[8,-87],[37,-66],[85,9],[-6,-113],[-42,0],[2,-32],[62,-29],[-47,-119],[16,-102]],[[23235,22282],[79,-233],[-24,-32],[46,-70],[29,-199],[-114,-33],[-11,-109],[-31,-102],[-90,-32],[-11,-41]],[[23108,21431],[-85,-25],[-131,-69],[-13,-92],[-90,45],[-13,-7]],[[22776,21283],[-26,-10],[-149,-80],[-65,-8],[-153,11],[33,89]],[[22446,26551],[-13,-21],[-29,-68],[-41,-8],[-21,-63],[13,-183],[-72,-102],[-17,-20],[-10,-3],[-44,-2]],[[22212,26081],[-91,35],[-27,56],[8,21],[19,6],[9,18],[-102,-1],[19,75],[-14,59],[6,25],[39,15],[-33,17],[-148,29],[-239,2],[9,-46],[-33,22],[-17,-8]],[[21617,26406],[-53,22],[-36,55],[59,71],[-3,191]],[[21584,26745],[67,2],[27,10],[35,67],[73,36],[68,-5],[-21,110],[32,24],[99,-10],[-17,84],[107,62],[24,107],[17,25],[-20,48],[55,-6]],[[22130,27299],[97,-32],[150,-10],[19,-42],[109,-41],[127,3],[37,-52],[116,-75],[4,-55],[44,-20],[26,-31]],[[21504,22361],[0,-80],[30,-54],[99,10],[10,-184],[23,-62],[-36,-104],[49,-46],[-43,-88],[11,-88],[-42,-96],[17,-128],[-60,-95],[13,-181],[47,-19],[-28,-71]],[[21594,21075],[-25,17],[-22,-34],[-134,28],[-75,-39],[4,-46],[-53,-45],[-72,-124],[-47,-24],[-19,-27],[112,-51],[97,-12],[27,-49],[-14,-113],[67,-59],[-49,-84],[-47,-26],[-55,21],[-28,-5]],[[21261,20403],[-1,17],[-32,-1],[-90,-58],[-65,-4],[-22,117],[-84,-57],[-105,9],[-2,85],[84,44],[6,20],[-72,86],[-53,184],[-54,86],[-48,33],[-25,63],[-58,67],[-115,75],[-36,52],[-100,19],[-115,-59]],[[20274,21181],[-23,21],[-13,-4],[-29,-29],[-9,7]],[[20200,21176],[-9,11],[-58,160],[-43,49],[-5,9]],[[20085,21405],[-21,32],[-26,29],[5,13],[49,4],[46,56],[78,32],[-18,81],[-44,53],[-75,97],[6,84],[106,204],[-10,72],[62,50],[30,21],[13,111],[51,13],[15,7],[29,28],[41,106],[72,34],[30,47],[69,43],[16,-54],[35,-101],[36,-9],[65,36],[32,-71],[109,-1],[89,81],[39,28]],[[21014,22531],[17,-28],[14,10],[67,-10],[10,-28],[94,-7],[20,-22],[13,-95],[42,-36],[124,8],[-6,60],[67,8],[28,-30]],[[23018,27066],[-27,65],[-49,28],[31,88],[-96,65],[-78,153],[-60,33],[-74,89],[-32,87],[-124,55],[55,71],[107,-20],[75,71],[67,-51],[23,87],[77,41],[-43,75],[-37,16],[-45,74],[6,46],[-106,47],[-6,119],[-57,-15],[-39,53],[-39,-5],[-42,80],[10,43],[-9,25]],[[22506,28486],[23,-12],[20,-41],[23,32],[5,22],[-32,90],[63,71],[-39,122],[14,30],[0,40],[28,7],[-1,0]],[[22610,28847],[17,5],[109,24],[87,98],[44,16],[-5,93],[-31,57],[33,66],[142,4],[63,63],[91,-21]],[[23160,29252],[90,-113],[3,-125],[38,-37],[22,-13]],[[23313,28964],[-33,-62],[-93,-100],[30,-25],[-6,-177],[37,-129],[112,-21],[-14,-114],[-43,6],[-52,-70],[-57,-178],[65,-89],[-44,-58],[-27,-78],[113,-28],[99,33],[-5,-59],[54,-28],[52,67],[46,2],[106,-76],[-37,-36],[107,-87]],[[23723,27657],[-58,-135],[-81,-6],[-31,-2],[-39,-56],[-6,-253],[-31,-52],[7,-93],[62,-51],[48,-166],[94,-35]],[[24649,27693],[-49,0],[-5,11],[34,29],[25,-31],[-5,-9]],[[22416,21285],[-25,1],[10,66],[-59,59],[-85,16],[-58,-122],[33,-38],[-28,-89],[-86,39],[-80,-23],[-44,-45],[23,-79],[-7,-102],[-72,16],[-64,-135],[-154,125],[-11,64],[-48,-8],[-67,45]],[[21504,22361],[24,72],[29,-8],[17,-42],[8,2]],[[22084,25253],[74,42],[43,64],[83,37],[32,28],[-4,106]],[[22312,25530],[56,-30],[66,-20],[40,35],[68,-13],[58,-80],[85,-47],[67,41],[23,-163],[53,-95],[-11,-67]],[[22817,25091],[16,-59],[75,-33],[70,-103],[-28,-59],[35,-112],[5,-87],[59,-91],[44,-117],[-5,-82],[47,-139],[56,-6],[54,-48],[-66,-133],[1,-69],[-55,-76],[-100,-15],[-42,-84]],[[22983,23778],[-126,98],[-81,-103],[-20,8]],[[22756,23781],[-9,9],[-41,100],[-5,93],[-51,11]],[[22650,23994],[-19,75],[-47,39],[20,50],[2,52],[-42,-9],[-1,41],[54,40],[-53,53],[7,50],[-51,60],[-3,111],[-69,0],[-124,59],[-316,2],[-31,64]],[[21456,25486],[8,4],[50,33],[46,143],[75,3],[-3,17],[19,106],[-28,87],[-63,-6],[4,127],[40,57],[11,119],[-27,53],[7,117],[22,60]],[[22212,26081],[-12,-158],[94,-70],[6,-83],[-37,-64],[-6,-67],[44,-37],[11,-72]],[[22817,25091],[95,58],[43,63],[279,93],[40,55],[0,29]],[[23274,25389],[12,-13],[47,17],[72,-47],[10,-24],[119,-71]],[[23534,25251],[-12,-49],[16,-253],[37,-68],[4,-66],[-49,-53],[-24,-72],[41,-56],[52,-24],[13,-102],[52,9],[16,-57],[-32,-41],[-26,-120],[48,-46],[-30,-83],[14,-109],[-50,-76],[21,-199],[246,-66],[65,-40],[82,19],[31,-1],[69,-13],[10,1]],[[24128,23686],[16,-6],[-12,-149],[17,-104],[-20,-39],[-89,-2],[-44,-71],[-33,-8],[-23,-19]],[[23940,23288],[-22,102],[43,58],[-11,11],[-113,12],[-42,40],[-92,14],[-29,-10],[-61,-28],[-81,-93],[-69,96],[-61,157],[-52,48],[-77,-31],[-113,53],[-97,71],[-80,-10]],[[23723,27657],[58,59],[39,11],[41,-81],[55,26],[26,66],[80,-32],[30,-94],[-39,-116],[61,-76],[10,-1],[86,9],[53,59],[101,66],[48,3],[11,20],[21,5],[115,-88]],[[24519,27493],[46,-42],[52,-28],[35,-54],[6,-81],[-27,-80],[143,16],[38,-74],[59,-35],[52,19],[58,-35],[-8,-172],[44,-30],[37,-111],[7,-12],[6,-17],[21,-12],[-75,-7],[-113,26],[-134,-4],[-101,42],[-129,-27]],[[26350,29367],[3,-59],[86,-46],[74,-75],[-12,-66],[32,-75],[58,61],[64,-83],[101,-27],[90,31],[63,-6],[32,-66],[-31,-66],[9,-50],[-93,-44],[-17,-90],[-32,-20],[-5,-29]],[[26772,28657],[-4,-14],[-42,3],[-58,-54],[12,-83],[-137,-97],[-116,4],[-53,-76],[-72,-44],[-4,-87]],[[26298,28209],[-14,14],[-34,-36],[113,-80],[-4,-56],[-64,-113],[-56,-21],[-87,3],[-30,-35],[-60,7],[-53,-35],[-16,-57],[-37,-6]],[[25956,27794],[-60,60],[-45,96],[-64,-1],[-86,31],[-55,79],[-54,30],[5,72],[12,66],[-34,21],[-52,-50],[-123,-18],[-106,85],[13,154]],[[25307,28419],[5,7],[-4,21],[53,36],[101,-29],[89,73],[156,-87],[49,55],[-76,37],[24,66],[-8,149],[-114,90],[-116,148],[60,153],[-33,30],[-25,56],[82,79],[-9,73]],[[21584,26745],[-113,45],[-58,3],[-78,18],[-43,-26],[-77,71],[-47,108],[-117,10],[-18,-1]],[[21033,26973],[-9,29],[14,12],[-25,60],[-3,20],[92,291],[64,109],[46,-7],[57,-123],[40,87],[-38,28],[-17,3],[27,29],[49,3],[16,116],[-11,57],[36,20]],[[21371,27707],[14,7],[59,4],[49,86],[1,32],[-23,127],[15,103],[64,27],[38,57],[38,-46],[49,-19],[28,13],[33,63],[93,-8],[11,62],[94,-34],[6,-76],[106,59],[56,-4]],[[22102,28160],[9,-148],[75,-94],[-26,-80],[51,-84],[-1,-48],[-29,-40],[-39,-191],[21,-51],[-33,-125]],[[21883,22482],[56,65],[132,25],[-8,90],[16,82],[-69,7],[46,168],[4,91],[33,73],[-59,30],[-31,73],[-28,9],[-67,33],[3,7]],[[21911,23235],[13,13],[-14,90],[37,53],[-27,36],[37,55],[-116,94],[-43,72],[-20,74],[113,51],[48,1],[27,57],[-6,64],[29,60],[56,-3],[226,86],[47,-62],[103,-53],[76,17],[48,43],[40,-13],[51,9],[14,15]],[[22756,23781],[-60,-172],[36,-91],[169,-79],[32,-107],[121,-7],[7,-68],[-32,-89],[23,-142],[-27,-74],[18,-79],[-39,-66]],[[23313,28964],[44,-10],[149,53],[68,54],[58,-9],[72,-46],[152,15],[56,-17]],[[23912,29004],[-14,-8],[-5,-10],[27,-110],[-34,-89],[163,-63],[81,42],[68,-50],[21,-15]],[[24219,28701],[29,-47],[95,-48],[55,7],[130,-131],[76,-22],[46,-39],[69,47],[51,14],[38,4]],[[24808,28486],[-14,-68],[-11,-11],[-8,-102],[24,-115],[-33,-68],[42,-89],[-5,-106],[-122,-207],[25,-90],[-37,-54],[-102,-11],[-48,-72]],[[23160,29252],[20,15],[8,35],[16,172],[78,149],[-9,28],[-77,62],[-56,3],[-10,62],[-125,-25],[-15,8],[0,9],[-63,36],[-5,7]],[[22922,29813],[-4,12],[-37,130],[-58,67],[-144,-41],[-49,68],[-114,29],[-59,-76],[-65,15],[-44,-74],[-38,38],[-5,76],[-54,62],[55,21],[17,109],[50,-2],[74,110],[-23,59],[-57,30],[6,60],[-75,88],[0,18],[-2,45]],[[22296,30657],[108,66],[68,-112],[116,-88],[66,-8],[137,62],[37,51],[57,-36],[83,18],[74,-75],[195,-1],[12,7],[57,52]],[[23306,30593],[-4,-45],[49,-37],[40,26],[121,-33],[180,2],[56,5],[25,-34],[12,-5]],[[23785,30472],[-1,-37],[31,-14],[35,6],[91,-116],[16,-51],[-43,-65],[8,-157],[100,-80],[21,-65],[-4,-139],[38,-22],[33,-6],[84,-19],[23,-84],[-4,-22],[-21,-82],[-78,-20],[-48,-63],[-48,-117],[-92,-20],[-3,-130],[45,-63],[-56,-102]],[[24509,26367],[109,-65],[32,51],[48,-13],[10,-68],[95,-26],[62,-114],[58,66],[37,-6],[23,-5],[9,-11],[80,-19],[7,1]],[[25079,26158],[2,-28],[-9,-25],[-18,-23],[21,-114],[-42,14],[-47,-45],[9,-49],[-45,-151],[-120,-69],[-133,32],[-100,69],[-130,10],[-38,-25],[-65,26],[-96,-40],[-41,31],[-203,-16],[-1,-103],[-5,-9],[0,-1]],[[24018,25642],[-10,-17],[-6,-72],[-116,-171],[-116,-74],[-9,-95],[-40,-45],[-63,9],[-24,65],[-91,37],[-9,-28]],[[23274,25389],[-9,31],[-38,87],[-130,37],[-38,52],[-57,-7],[-62,46],[11,85],[38,95],[6,78],[73,76],[84,35],[79,66],[42,89]],[[22102,28160],[58,77],[80,26],[76,-26],[48,46],[6,81],[62,74],[59,12],[12,32],[3,4]],[[21014,22531],[22,13],[6,21],[-51,29],[-41,78],[133,30],[41,40],[-11,78],[-74,44],[-36,57],[-57,-10],[-107,86],[-98,1],[5,148]],[[20746,23146],[85,19],[-13,123],[86,54],[92,18],[-10,26],[-62,15],[-73,-42],[-13,45],[54,51],[124,68],[48,65],[44,-19],[58,-9],[22,37],[175,-9],[7,-67],[-63,-126],[0,-81],[43,-52],[88,-61],[180,-39],[25,93],[79,13],[56,-33],[133,0]],[[24808,28486],[13,91],[54,20],[18,61],[48,25],[99,-32],[109,-16],[56,-48],[82,-13],[-35,-57],[11,-65],[40,-33],[4,0]],[[25956,27794],[-6,-3],[-80,-82],[-87,7],[-79,-38],[-44,-50],[-28,-79],[-75,-93],[72,-62],[-104,-18],[17,-87],[-21,-78],[108,-94],[-48,-69],[3,-76]],[[25584,26972],[-27,8],[-44,-4],[10,-68],[-76,26],[-25,-62],[14,-57],[-47,-85],[-61,-34],[105,-64]],[[25433,26632],[-33,-61],[-65,59],[-36,-21],[-56,-53],[-3,-67],[-2,-18],[-39,-116],[13,-73],[73,-80],[1,-68],[-33,-38],[-155,63],[-16,0],[-3,-1]],[[21202,24483],[-14,-4],[-22,-19],[-64,-76],[-48,-24],[-13,-41],[-6,-5],[-39,19],[15,-87],[-59,-47],[-66,14],[-42,-42],[-4,-115],[-62,-20],[-40,55],[-71,-62],[-66,-21],[-62,-113]],[[20539,23895],[-96,50],[-52,12],[-41,-25],[-70,50],[21,97],[-24,51],[123,50],[90,1],[52,66],[124,34],[-51,125],[28,68],[7,142],[26,163],[-106,11],[-98,-41],[-26,86],[57,47],[99,31],[-30,59],[-28,143],[20,49]],[[20564,25164],[-29,192],[-46,4],[-85,-1],[-18,41],[-16,37],[-25,68],[35,37],[-5,90],[-14,30]],[[20361,25662],[10,25],[16,0],[-5,12],[19,98],[84,17],[21,38],[85,23],[30,14],[22,6],[59,48],[45,121],[-15,15]],[[20732,26079],[46,76],[23,97],[47,55],[8,144],[-36,83],[0,34],[22,34],[-25,87],[29,58],[-4,19],[6,30],[23,45],[71,-30],[48,44],[43,118]],[[22776,21283],[5,-52],[110,-61],[-13,-50],[-76,-3],[-87,-102],[-7,-33],[-137,-126],[-29,-118],[-144,-11],[4,-42],[-111,-27],[-44,-49],[-65,-26],[-39,-134],[30,-48],[-24,-116],[-58,-114],[7,-105],[-38,-42],[-29,-126],[-69,21],[-20,-111],[1,-34]],[[21943,19774],[-45,6],[-99,0],[-73,3],[-104,64],[-54,9],[-102,-63],[-69,-62],[-31,6],[-55,93],[-34,152],[-30,216],[-37,66],[9,77],[42,50],[0,12]],[[24981,29459],[-53,-20],[-74,23],[-6,-81],[39,-95],[-43,-19],[-61,23],[-101,0],[-9,-52],[-56,-38],[-53,8],[-74,69],[-88,-16],[-41,-78],[135,27],[-1,-58],[-146,-54],[32,-52],[-58,-89],[-44,-9],[4,-90],[-66,-73],[2,-84]],[[23785,30472],[40,-2],[47,18],[7,58],[62,-8],[72,29],[52,56],[-24,33],[3,12],[34,23],[23,7],[12,13]],[[20746,23146],[-52,49],[-85,34],[-71,66],[7,65],[-44,33],[-32,1],[-77,-66],[63,181],[-76,-2],[-69,29],[5,41],[63,37],[43,-35],[84,-4],[40,90],[-19,40],[22,111],[-9,79]],[[8357,23917],[4,-44],[-63,-82],[-30,39],[-175,42],[-44,-23],[-46,60],[-51,24],[21,47],[-16,41],[0,17],[-10,40]],[[7947,24078],[6,5],[-7,33],[-48,24],[9,84],[134,1],[32,-3],[2,43],[13,16],[34,7],[64,42],[47,-63],[58,-10],[0,-20],[3,-26],[-16,-8],[-38,-3],[-74,-92],[-53,-13],[4,-104],[23,-12],[12,30],[10,-2],[9,-23],[38,-5],[32,26],[9,8],[-18,46],[114,-7],[31,-24],[-11,-23],[-44,-27],[0,-29],[8,-18],[27,-14]],[[7699,24362],[12,110],[62,63]],[[7773,24535],[-1,-92],[51,9],[-3,-88],[-121,-2]],[[4492,24974],[10,20],[66,22]],[[4568,25016],[-76,-42]],[[9520,15493],[-111,68],[-76,3],[3,73],[-62,-8],[-44,204],[-102,215]],[[9128,16048],[101,-11],[153,35],[54,107],[72,-99],[61,-2],[50,-146],[-11,-28],[55,-62],[131,30],[75,43]],[[9869,15915],[216,8],[19,-67],[-21,-92],[48,-83]],[[10131,15681],[-45,-54]],[[10086,15627],[-85,-43],[-21,-41],[-131,-32],[-29,-7],[23,-98],[-53,-135],[-99,29],[-9,70],[-76,41],[-12,47],[-74,35]],[[10086,15627],[43,-82],[7,-109],[70,-27],[-9,-67],[18,-84],[-85,-3],[-32,-70],[72,-33],[25,-71],[-54,-73],[-14,-74],[36,-111],[-44,-54],[-4,-62],[-53,-51],[-91,12],[-25,-4],[3,-59],[-101,-12],[-26,-28]],[[9822,14565],[-91,40],[10,72],[-27,73],[-79,47],[-8,48],[-97,61],[44,107],[-53,215],[-50,151],[-74,17],[-85,61],[88,25],[65,-17],[55,28]],[[9299,15387],[-2,-12],[-35,7],[2,5],[35,0]],[[9325,15429],[-2,-11],[-8,4],[1,7],[9,0]],[[9477,15514],[-1,-1],[0,1],[1,0],[0,0]],[[6940,27822],[-65,-127],[-45,-6],[-53,-63],[23,-75],[-97,-135],[-5,-89]],[[6698,27327],[-28,-14]],[[6670,27313],[-8,57],[-73,-26],[-30,33],[-78,5],[-38,80],[-121,-2],[-125,36],[-15,-39],[-28,-6]],[[6154,27451],[-18,-4],[-48,60],[-48,13],[-88,-10],[-83,89],[-86,59],[-12,55],[-53,58],[-17,105]],[[5701,27876],[25,11],[-4,65],[138,28],[51,-63],[82,2],[-6,43],[117,6],[66,54],[71,-68],[-4,46],[-38,132],[43,103],[20,3],[17,-9],[17,-45],[107,-5],[31,-111],[57,-13],[128,77],[-32,62],[74,49],[-30,50],[-45,31],[-75,32],[-52,-20],[-15,178],[55,-32],[28,80],[-58,22],[-36,90],[-56,19],[-55,111],[33,121],[-17,56],[45,67],[-7,115],[-168,40],[-23,56],[15,126],[69,48],[64,15],[14,60],[-93,-7],[-58,35],[-13,-71],[-39,-2],[-3,97],[35,98],[-36,90],[141,18],[12,21],[1,97],[53,80]],[[6347,29964],[11,-4],[44,11],[3,-5],[-6,-36],[38,-74],[74,27],[114,-32],[35,-49],[69,23],[54,61],[60,-83],[-61,-78],[4,-43],[-93,-67],[-48,-62],[9,-105],[-23,-36],[29,-92],[-40,-72],[44,3],[53,30],[62,-31],[43,-53],[85,59]],[[6907,29256],[32,-38],[83,-34],[103,-13],[30,133],[41,41],[88,-85],[75,-32],[103,7],[50,26],[105,-29],[83,-105],[16,-45],[19,-38]],[[7735,29044],[13,-40],[-86,-103],[-98,9],[-46,-51],[-91,22],[-58,-18],[-18,-86],[-133,-75],[15,-90],[-14,-89],[42,-46],[-69,-84],[1,-18]],[[7193,28375],[-62,-63],[-76,-34],[26,-100],[-40,-51],[-64,-8],[-17,-117],[-42,-38]],[[6918,27964],[51,-15],[-29,-127]],[[5094,25161],[-53,93],[-32,5],[63,145],[-45,38],[-90,-50],[-27,23],[35,122],[-27,69],[-211,175],[-28,5],[-23,-12],[-134,38],[-33,-28],[-80,45],[-34,64],[-13,87],[-1,20],[12,14],[-3,45],[64,-35],[44,18],[5,106],[130,41],[-41,116],[-61,-37],[-31,42],[-60,-16],[0,65],[32,69],[71,7],[-53,118],[-114,115]],[[4356,26668],[2,18],[-26,44],[-16,15],[17,40],[26,12],[32,7],[66,-7],[51,-4],[14,52],[163,-58],[49,9],[25,21],[24,71],[11,207],[94,28],[13,34],[129,65],[-4,47],[81,17],[28,-94],[53,31],[-37,76],[41,45],[13,0],[36,-63],[26,-39],[80,-11]],[[5347,27231],[9,-43],[78,-9],[31,-45],[-59,-87],[41,-17],[27,-119],[37,5],[79,-58],[40,-53],[56,-23],[-5,-59]],[[5681,26723],[-26,-110],[-43,-30],[6,-59],[-30,-53],[-63,-18],[-35,-107],[88,-73],[114,1],[17,-69],[58,-36],[84,2],[-28,-94],[-147,-33],[-35,-49],[-61,0],[-19,-122],[11,-46],[-7,-16],[-7,-16],[31,-4],[86,-50],[60,-66],[24,-136],[56,-37]],[[5815,25502],[-61,-20],[-50,-52],[-146,-44],[-31,9],[-64,-105],[-63,-36],[-58,-1],[-136,-40],[-112,-52]],[[5530,25333],[5,-13],[17,-5],[-39,-1],[17,19]],[[5749,25446],[-1,-4],[-7,1],[6,5],[2,-2]],[[5813,25480],[0,-8],[-23,-11],[1,14],[22,5]],[[6976,27704],[1,108]],[[6977,27812],[40,1],[9,-129],[-50,20]],[[7193,28375],[78,-87],[31,-105],[136,-13],[56,225],[176,24],[55,-81],[75,44],[-1,-66],[79,24],[20,56],[61,16],[39,64],[18,81],[41,31],[46,-28],[122,9],[51,-73],[71,1],[43,-85]],[[8390,28412],[-19,-26],[-102,-64],[-30,-101],[-71,-31],[-3,-99],[-44,-52],[10,-54],[-40,-55],[22,-92],[-103,-99],[-82,8],[2,45],[-60,19],[-8,-57]],[[7862,27754],[-90,-41],[-21,69],[-161,-92],[-107,11],[-93,85],[-101,-52],[-173,-21],[-60,103],[-74,27],[37,75],[-30,44],[-71,2]],[[7120,27648],[-1,-7],[-8,-2],[0,5],[9,4]],[[6974,27662],[8,-3],[3,-6],[-16,10],[5,-1]],[[8878,29579],[-83,-27],[-87,-4],[-79,-56],[-52,-65],[49,-112],[-54,-17],[-19,-83],[-93,-40],[-45,20],[-55,69],[-12,62],[-53,-4],[-28,84],[-62,-7],[-84,-44],[-82,0],[-7,-1]],[[8032,29354],[-51,-1],[8,147],[47,65]],[[8036,29565],[27,0],[59,23],[57,59],[-17,105],[48,61],[-2,78],[81,81],[-14,64],[56,29],[20,97],[-85,69],[-13,68],[-42,29],[23,122],[105,89],[28,31],[20,70],[80,-80],[32,9],[16,91],[65,22],[24,15],[35,-9]],[[8639,30688],[-44,-93],[20,-40],[2,-18],[-5,-14]],[[8612,30523],[-15,-41],[11,-14],[14,-30],[40,32],[84,-57],[47,-78],[52,-21],[-15,-114],[42,-41],[73,76],[81,-3],[69,-51],[-39,-165],[34,-27],[-28,-77],[-13,-36],[1,0]],[[9050,29876],[-7,-21],[14,-29],[-21,-45],[-90,-91],[-68,-111]],[[5213,30814],[-10,11],[-40,19],[68,92],[-18,36],[33,114],[-53,59],[102,14],[8,9],[1,19],[-38,-1],[-40,23],[-23,79],[-35,25],[32,-11],[-6,88],[98,44],[44,52],[-15,65],[-87,3],[-3,86],[35,133],[-149,-11],[11,61],[75,23],[2,53],[-40,44]],[[5165,31943],[39,58],[36,14],[67,-47],[175,93],[81,10],[133,-15],[74,-67],[91,38],[155,20],[4,-78],[94,2],[4,87],[68,-5],[38,-76],[98,47],[1,43],[97,51],[55,-15],[-1,-80],[129,-65],[39,-12],[74,42],[141,-43],[42,26]],[[6899,31971],[3,-54],[-47,-14],[-57,26],[-48,-36],[74,-74],[104,25],[48,-93],[58,14],[45,-27],[-19,-58],[46,-96],[76,20],[-17,58],[74,100],[73,-61],[116,-29],[58,7],[1,-73],[64,-104],[138,-6],[88,14],[54,-26],[34,-43],[42,22],[31,20]],[[7938,31483],[13,-86],[102,-39],[-20,-79],[-61,-128],[-54,-67],[-51,-162],[-84,-34],[-2,-4]],[[7781,30884],[-1,1],[-23,38],[-48,-5],[-50,83],[-38,-16],[-51,-9],[-5,29],[-186,-78],[36,-91],[-88,-24],[-42,-79],[-74,14],[-72,-19]],[[7139,30728],[0,30],[-10,24],[-75,33],[-99,-21],[-21,104],[-205,71],[-24,70],[-105,18],[19,-72],[-65,-61],[-45,13],[4,-48],[-57,-1],[-59,62],[-19,-66],[28,-64],[-120,19],[-19,27],[-47,-14],[8,-86],[73,-109],[-173,-38],[-16,-39],[-123,-3],[-23,-14],[-86,45],[-8,23],[5,87],[-79,78],[-101,-52],[-68,67],[-130,-5],[-43,61],[-33,-50],[3,-75],[-51,-27],[-32,66],[-102,10],[-28,23]],[[7484,26289],[-37,-1],[2,120],[-56,-33],[-65,87],[50,130],[78,21],[50,41],[50,-23],[74,43],[-72,48],[-42,-21],[-185,6],[-87,-41],[-50,87],[38,51],[20,101],[29,57],[-85,58],[-27,153],[4,69],[71,304],[35,67],[55,46],[78,6],[85,-58],[101,-17],[85,129],[103,-42]],[[7786,27677],[36,-91],[-31,-31],[65,-159],[47,-49],[75,15],[16,-37],[102,-91],[0,-67],[-56,4],[-29,-51],[108,0],[-4,-56],[108,-9],[94,-83],[72,-11],[39,70],[-42,97],[68,24],[54,-72]],[[8508,27080],[19,-114],[93,-45],[68,-96],[4,-67],[93,17],[41,-78],[-21,-23],[-5,-13],[7,-21],[7,-60],[-68,-98],[-4,-23],[17,-35]],[[8759,26424],[-44,-5],[-281,-49],[-68,17],[-114,-12],[-41,-25],[-67,38],[-9,90],[-59,-53],[-160,-24],[19,-48],[-48,-34],[-20,-54],[-97,27],[-67,-54],[-77,49],[-15,5],[-33,36],[-94,-39]],[[7457,26283],[-9,-10],[-11,1],[13,12],[7,-3]],[[7363,26631],[-3,-1],[0,2],[5,0],[-2,-1]],[[7346,26610],[-3,-15],[-3,1],[1,16],[5,-2]],[[7304,26608],[-4,0],[0,2],[5,3],[-1,-5]],[[7324,26628],[0,-13],[26,10],[-16,-16],[-5,-17],[-14,6],[-4,17],[13,13]],[[7350,26617],[-1,-2],[-1,-1],[3,5],[-1,-2]],[[7359,26628],[-1,-2],[-3,-1],[5,5],[-1,-2]],[[7335,26633],[-6,-5],[-5,7],[11,0],[0,-2]],[[6670,27313],[46,-46],[-36,-72],[82,-129],[3,-284],[77,-170],[-62,-98],[-24,-129],[-67,-133],[-63,-54],[-90,-128],[-22,-76],[-44,-67],[52,-88],[-111,-67],[-92,-30],[-66,-43],[-70,-14],[-187,-94],[-55,-66],[-126,-23]],[[5681,26723],[55,15],[-48,146],[4,47],[104,67],[41,99],[11,81],[72,114],[74,17],[121,-21],[-21,75],[34,52],[26,10],[3,25],[-3,1]],[[6940,27822],[37,-10]],[[6976,27704],[-36,-67],[44,-38],[-113,-103],[-28,-81],[-44,-202],[-47,41],[14,57],[-68,16]],[[5842,25486],[-2,-7],[-14,3],[5,4],[11,0]],[[5855,25486],[2,-3],[-13,0],[4,4],[7,-1]],[[6922,26583],[18,-26],[-10,-32],[-22,40],[14,18]],[[6790,26826],[13,-24],[8,-49],[-33,52],[12,21]],[[6924,27173],[5,-21],[-5,7],[9,-17],[-22,8],[13,23]],[[5347,27231],[111,51],[-9,43],[83,41],[-7,103],[-50,47],[14,84],[-81,47],[42,69],[-1,11],[-36,11]],[[5413,27738],[10,49],[94,34],[30,45],[26,19],[109,-6],[19,-3]],[[8852,27211],[-7,133],[58,94],[-94,-16],[55,93],[-32,57],[14,62],[-38,34],[104,91],[7,107],[29,-3]],[[8948,27863],[48,-7],[80,110],[101,-48],[-75,-40],[-5,-88],[60,-3],[102,109],[28,75],[-63,48],[1,13],[-7,60]],[[9218,28092],[4,109],[44,55],[77,6],[103,-80],[69,7],[48,61],[43,-7],[94,58],[71,-38]],[[9771,28263],[-39,-62],[69,-15],[34,-134],[29,-22],[55,34],[9,-14],[43,22],[128,-35],[16,-57],[-100,-60],[-38,-68],[-94,20],[-37,70],[-66,-21],[-22,-133],[32,-31],[-8,-69],[82,-30],[16,-208],[63,8],[-12,-73],[-42,-13],[-63,-92],[90,-28],[-13,-57]],[[9903,27195],[-13,-2],[-152,-55],[-112,-62],[-51,-31]],[[9575,27045],[-17,35],[-26,6],[-41,58],[-57,46],[-83,-41],[-62,66],[-80,29],[-79,-28],[14,-90],[-103,-11],[-124,124],[-65,-28]],[[9218,28092],[-79,19],[-8,51],[-53,12],[-39,-41],[-52,14],[-31,147],[75,50],[-20,43],[50,49],[92,33],[-7,90],[93,-20],[-15,89],[30,47],[125,16],[22,99],[41,-8],[32,112],[37,57],[7,184],[-7,16]],[[9511,29151],[21,70],[54,26],[61,-35],[56,25],[35,-39],[78,34],[48,170],[0,8]],[[9864,29410],[1,-2],[2,-1],[4,-21],[31,-6],[16,-32],[46,-9],[41,71],[70,-24],[64,-107],[-10,-42],[47,-28],[21,-30]],[[10197,29179],[43,-58],[37,-96],[-23,0],[-26,-22],[66,-98],[136,6],[27,-97],[-24,-79],[-102,-150],[-37,-166]],[[10294,28419],[-171,17],[-69,-61],[-38,-83],[-93,-59],[-87,6],[-46,25],[-19,-1]],[[2014,26928],[-85,60],[-158,144],[-336,375],[-170,220],[-28,108],[34,98],[85,131],[60,-13],[60,-72],[50,31],[64,-13],[55,-43],[-40,-111],[20,-40],[89,-64],[102,24],[88,83],[137,-4],[114,39],[104,121],[15,-69],[82,-31],[76,17],[9,52],[66,15],[-2,104],[36,14],[69,-54],[33,-53]],[[2643,27997],[-48,-32],[39,-139],[-26,-14],[60,-158],[67,-40],[5,-112],[127,-33],[-51,-54],[-4,-118],[47,-73],[70,-36],[-29,-54],[-2,-143],[-29,-33],[-129,-22]],[[2740,26936],[-4,7],[-43,1],[-81,14],[-43,-69],[-94,73],[-41,-13],[-35,65],[76,10],[26,64],[83,60],[-12,65],[-44,6],[-62,-42],[8,-58],[-23,-9],[-36,41],[-67,9],[-54,-30],[-20,-67],[-79,4],[3,-69],[-68,-8],[-20,40],[-74,-12],[-22,-90]],[[2389,28098],[45,-61],[-32,-33],[-74,40],[61,54]],[[2098,27917],[7,-10],[-34,4],[3,4],[24,2]],[[2149,27989],[7,-12],[-8,-7],[-6,6],[7,13]],[[2018,28223],[0,-6],[-4,-2],[0,15],[4,-7]],[[1808,28027],[-3,-2],[-4,2],[4,2],[3,-2]],[[1846,28122],[37,-5],[4,-22],[-11,-11],[-32,3],[-14,12],[16,23]],[[1884,28220],[43,-1],[21,-25],[-23,-15],[-25,6],[-32,22],[16,13]],[[1652,27934],[-1,-6],[-1,0],[-3,6],[5,0]],[[1670,27943],[-3,-8],[-8,3],[8,9],[3,-4]],[[1676,27966],[-1,4],[5,0],[-4,-4]],[[1860,27822],[2,-1],[0,-2],[-5,4],[3,-1]],[[1903,27970],[6,-11],[-11,-15],[-18,13],[23,13]],[[1700,27964],[-2,-3],[-2,4],[2,1],[2,-2]],[[1810,28022],[-2,-2],[-3,1],[1,4],[4,-3]],[[1572,28131],[18,-6],[-3,-19],[-39,9],[-20,-8],[-5,-47],[-39,-30],[1,21],[18,16],[-4,36],[73,28]],[[1579,28090],[-1,6],[2,-9],[-1,3]],[[1491,28153],[-5,-6],[-3,-2],[3,7],[5,1]],[[6907,29256],[63,-6],[50,48],[-33,68],[91,66],[-42,134],[17,38],[81,-2],[23,69],[56,21],[-28,61],[33,64],[127,-18],[66,-68],[45,35],[52,-29],[44,19]],[[7552,29756],[-4,-51],[3,-56],[187,-1],[39,-23],[84,11],[37,-136],[40,2],[68,96],[30,-33]],[[8032,29354],[9,-57],[-65,0],[-42,-99],[-46,6],[-51,-100],[-78,-39],[-24,-21]],[[4428,25044],[-24,-38],[41,-7],[9,-15]],[[4454,24984],[-5,-27],[-205,29],[-96,53],[-167,58],[-268,146],[-52,55],[-48,11],[-181,135]],[[3432,25444],[47,45],[154,29],[64,-14],[9,60],[77,-25],[8,101],[82,20],[3,64],[52,58],[67,34],[65,-81],[12,-61],[75,-4],[93,-88],[-13,-63],[48,-92],[195,-19],[33,-125],[-99,-50],[16,-47],[79,-27],[-5,-39],[-84,-61]],[[4410,25059],[18,-15]],[[4483,24967],[-22,0],[-1,1],[17,8],[6,-9]],[[2643,27997],[40,3],[45,84],[71,-6],[117,145],[151,54],[90,-22],[121,9],[94,139],[32,120],[40,74],[66,35],[13,66],[124,207],[64,41],[22,55]],[[3733,29001],[140,-16],[40,4],[8,-4],[2,0]],[[3923,28985],[-18,-15],[134,-130],[71,-51],[24,-36],[-33,-16],[10,-64],[-55,-40],[48,-107],[-53,-35],[5,-47]],[[4056,28444],[0,-11],[-67,-38],[-61,-184],[63,-34],[19,-42],[-150,-22],[-40,-89],[4,-87],[90,-63],[-60,-78],[50,-92],[88,-13],[17,-125],[-38,-44],[35,-71],[-44,-15],[-58,-85],[-107,7],[-69,-43],[-69,32],[-73,4],[-4,-56],[-103,-28],[-20,-62],[-61,-4],[0,-104],[-61,-23],[-20,75],[-36,8],[-28,-136],[-50,-32],[-12,-85],[-99,-16],[75,-105]],[[3167,26783],[-66,-61],[-23,17],[-21,88],[5,75],[-36,16],[-93,-50],[-87,-24],[-23,-57],[-82,9],[-4,81],[3,59]],[[3023,28337],[-3,-69],[-73,-15],[2,58],[74,26]],[[3047,28275],[-5,-7],[-15,0],[10,8],[10,-1]],[[2917,28228],[0,-3],[-5,1],[1,4],[4,-2]],[[2935,28234],[-5,-4],[-3,0],[5,6],[3,-2]],[[2943,28248],[3,-2],[-16,-10],[9,14],[4,-2]],[[2928,28262],[8,-10],[-7,-15],[-24,3],[5,22],[18,0]],[[3026,28266],[-11,-7],[-15,0],[8,6],[18,1]],[[3073,28291],[1,-4],[-3,0],[-1,4],[3,0]],[[3081,28300],[1,-5],[-6,-3],[0,5],[5,3]],[[3310,28320],[1,-3],[-5,0],[1,4],[3,-1]],[[3324,28349],[-3,-3],[-1,4],[4,-1]],[[3367,28433],[7,-5],[-1,-6],[-6,4],[0,7]],[[3414,28560],[2,-4],[-1,-5],[-4,14],[3,-5]],[[2921,28361],[16,-4],[9,-8],[-17,-7],[-8,19]],[[4428,25044],[26,-60]],[[4492,24974],[-9,-3],[-7,4],[-6,19],[-42,52],[-18,13]],[[3432,25444],[-113,97],[-212,201],[-102,116]],[[3005,25858],[43,46],[21,67],[-62,27],[3,70],[-60,64],[94,186],[-32,103],[37,24],[-17,62],[88,29],[-22,73],[94,19],[53,60],[19,-27],[7,-4],[17,0]],[[3288,26657],[5,-26],[19,-63],[110,43],[55,-40],[12,-64],[-40,-21],[23,-70],[58,36],[13,73],[107,19],[1,70],[115,40],[91,-19],[24,30],[78,-24],[96,-47],[49,47],[37,-16],[51,-63],[62,62],[63,5],[39,39]],[[5094,25161],[-88,-52],[-78,-18],[-15,-38],[-100,-1],[-59,-45],[-99,26],[-87,-17]],[[470,29924],[32,-42],[-17,-94],[-43,26],[28,110]],[[280,30505],[62,-34],[46,18],[-12,-127],[-47,-126],[-72,-99],[-87,-35],[-20,39],[-110,10],[-20,74],[107,7],[115,140],[-5,47],[43,86]],[[196,30538],[20,-32],[-14,-32],[17,-94],[-94,-53],[10,158],[41,19],[20,34]],[[574,30754],[35,-35],[40,-1],[-5,-17],[-21,-18],[-4,-17],[-30,-38],[-93,-11],[-8,43],[72,44],[14,50]],[[5213,30814],[-30,-80],[2,-14],[-98,-21],[-24,22],[-56,-18],[-28,1],[-63,-23],[-61,-13],[-42,-79],[-35,-155],[26,-144],[-53,-43],[20,-76],[42,-37],[108,48],[-5,57],[69,90],[-7,51],[59,-13],[24,-34],[-1,-93],[132,-25],[81,17],[41,-20],[76,-138],[57,-8],[-17,-147],[84,44],[59,-42]],[[5573,29921],[84,-45],[24,-44],[-7,-30],[-14,-93],[54,-1],[45,-54],[7,-73],[-50,-110],[47,-82],[-36,-70],[-51,-13],[-100,51],[-108,-35],[-68,3],[-203,41]],[[5197,29366],[-149,-41],[-36,74],[-57,-16],[-33,48],[-156,-69],[-37,8],[-140,-55],[4,18],[-7,7],[-76,1],[-2,-32],[-95,-28],[-89,59],[-129,-66],[-37,-42],[-131,-66],[-80,-86],[-16,-86],[-8,-9]],[[3733,29001],[58,87],[34,97],[-91,-7],[-68,-66],[-5,-112],[-76,-59],[-132,45],[-30,33],[-80,-41],[-105,-17],[-62,-59],[-251,-27],[-75,-49],[-65,13],[-113,-39],[-78,-56],[-68,-146],[-116,50],[-68,-13],[-80,48],[-60,9],[-78,-31],[-132,72],[-148,33],[-58,-15],[-126,31],[-282,179],[-389,235],[-47,14],[-75,69],[-102,64],[-22,49],[-80,57],[23,44],[59,16],[-17,86],[44,-1],[-39,102],[-127,67],[-59,130],[-35,25],[-24,214],[5,71],[116,151],[118,70],[61,88],[86,33],[19,51],[-96,12],[-57,-46],[-62,6],[-43,-32],[-68,-117],[-14,5],[-2,33],[-14,15],[17,30],[-11,43],[52,24],[38,73],[74,50],[-48,24],[-15,4],[-35,0],[-20,70],[337,-3],[17,132],[8,445],[103,43],[36,-178],[83,-17],[40,107],[42,31],[39,-70],[72,-15],[132,72],[161,-60],[200,74],[86,-19],[116,14],[116,-35],[165,41],[207,-183],[241,-19],[217,4],[81,30],[47,58],[54,123],[68,28],[143,30],[101,41],[122,24],[148,60],[191,60],[62,-36],[-66,-101],[35,-185],[103,-27],[251,-4],[147,61],[-15,60],[124,99],[177,17],[36,46],[57,17],[3,66],[-159,10],[-35,15],[13,145],[-28,33],[4,104],[33,56],[143,90]],[[4847,32074],[21,-22],[129,-46]],[[4997,32006],[75,-29],[93,-34]],[[610,29625],[88,-29],[5,-44],[-71,-19],[-22,92]],[[340,30636],[71,-69],[-68,-88],[-72,39],[-19,50],[88,68]],[[396,30845],[-20,-108],[-114,-45],[-23,-125],[3,-35],[-40,5],[-18,4],[-24,-12],[11,-24],[-35,-12],[-32,-155],[-29,-53],[-75,89],[32,58],[-4,86],[74,85],[59,112],[61,-12],[56,112],[69,-16],[49,46]],[[430,30743],[-4,-72],[5,-26],[-43,-32],[-54,28],[-61,-30],[-11,50],[23,27],[37,0],[56,26],[12,23],[40,6]],[[510,30551],[40,-49],[-18,-24],[17,-25],[-10,-36],[-37,-31],[-96,10],[33,55],[-14,58],[85,42]],[[488,30841],[54,-121],[-109,-80],[6,98],[-13,11],[-12,-8],[-23,3],[34,78],[63,19]],[[469,29703],[3,-4],[-9,5],[6,-1]],[[449,29789],[9,1],[2,-2],[-12,-2],[-3,5],[4,-2]],[[464,29790],[7,-1],[0,-2],[-8,2],[-2,3],[3,-2]],[[451,29792],[-4,1],[2,5],[1,0],[0,-4],[1,-2]],[[371,29798],[9,-14],[2,7],[2,-8],[-8,0],[-9,6],[4,9]],[[397,29793],[2,-2],[-6,3],[4,0],[0,-1]],[[361,29792],[-1,1],[0,6],[1,-3],[0,-4]],[[347,29818],[2,-4],[-3,-3],[-4,7],[5,0]],[[449,29803],[-8,-1],[0,2],[5,0],[3,-1]],[[459,29955],[5,-29],[-20,-2],[-1,15],[16,16]],[[482,29961],[7,-25],[-12,-15],[-9,7],[18,6],[-1,10],[-15,-7],[-4,13],[15,-4],[-6,13],[7,2]],[[349,29818],[-2,2],[0,3],[2,-2],[0,-3]],[[346,29830],[0,-9],[-4,0],[1,11],[3,-2]],[[358,29882],[-4,-7],[-7,3],[10,8],[1,-4]],[[410,29960],[-1,-2],[-3,3],[1,1],[3,-2]],[[571,29751],[9,-2],[3,-3],[-13,1],[0,9],[1,-5]],[[551,29786],[6,-6],[0,-23],[-12,14],[6,15]],[[512,29838],[2,2],[1,0],[-2,-4],[-1,2]],[[539,29836],[-5,0],[1,4],[4,1],[0,-5]],[[510,29844],[-2,-1],[-2,1],[7,2],[-3,-2]],[[514,29856],[-1,-4],[-1,0],[-2,6],[4,-2]],[[524,29881],[19,-11],[12,-20],[-2,-3],[-4,12],[-15,9],[12,-20],[-6,9],[-3,-15],[-9,9],[2,-15],[-14,-2],[1,48],[7,-1]],[[515,29872],[-4,-10],[-5,-1],[0,11],[9,0]],[[510,29912],[5,-26],[-4,-5],[-8,36],[7,-5]],[[507,29936],[-4,-17],[-21,2],[8,14],[17,1]],[[491,29950],[3,-4],[-4,-9],[-1,16],[2,-3]],[[459,30000],[3,-7],[-10,-5],[-2,7],[9,5]],[[470,30010],[-1,-10],[-5,-2],[-5,7],[11,5]],[[469,30024],[3,-6],[-5,-3],[-3,11],[5,-2]],[[479,30058],[-9,-28],[-37,-18],[15,9],[-14,6],[6,10],[22,20],[17,1]],[[483,30132],[-3,-61],[-13,2],[-9,-17],[-10,2],[-27,-25],[-25,-58],[8,88],[21,15],[8,-7],[5,19],[28,11],[-17,6],[9,18],[19,-3],[6,10]],[[451,30139],[6,-14],[-10,-15],[1,-12],[-23,-4],[-5,9],[13,-3],[7,17],[-8,2],[3,20],[16,0]],[[443,30182],[12,-4],[1,-36],[-25,3],[-19,-29],[-9,54],[40,12]],[[58,30113],[-4,-2],[-4,4],[8,-2]],[[105,30118],[-4,-10],[-14,9],[15,5],[3,-4]],[[41,30118],[-4,-1],[0,7],[4,-6]],[[429,30375],[-3,-2],[-2,4],[5,-1],[0,-1]],[[259,30476],[-3,-15],[-10,-4],[15,41],[-2,-22]],[[670,30518],[-2,-2],[-1,3],[5,1],[-2,-2]],[[483,30049],[0,-3],[-1,-1],[0,6],[1,-2]],[[484,30151],[5,-5],[-11,-9],[-1,12],[7,2]],[[553,30763],[-6,-5],[-11,7],[18,0],[-1,-2]],[[2416,28644],[16,-14],[20,-5],[0,-5],[-59,19],[23,5]],[[3763,29050],[-20,-19],[-17,-3],[37,31],[0,-9]],[[3752,29156],[-23,-65],[-34,-43],[1,53],[56,55]],[[3739,29151],[-18,-23],[-25,-21],[24,42],[19,2]],[[3808,29177],[-37,-32],[-22,-34],[25,51],[34,15]],[[3772,29166],[-5,-10],[-13,-12],[13,21],[-13,-5],[18,6]],[[3757,29157],[-2,-1],[6,5],[-4,-4]],[[3786,29174],[-13,-9],[-1,2],[16,8],[-2,-1]],[[3756,29172],[-3,-2],[-5,0],[11,4],[-3,-2]],[[673,29532],[-4,-1],[-2,4],[7,-2],[-1,-1]],[[586,29673],[-6,-4],[-1,4],[2,4],[5,-4]],[[596,29674],[-5,-2],[-5,0],[8,5],[2,-3]],[[527,29676],[30,-7],[-2,-14],[19,-19],[-31,-2],[-28,12],[8,13],[-7,16],[11,1]],[[563,29680],[2,-7],[-18,8],[16,-1]],[[516,29750],[4,-4],[0,-4],[-4,1],[0,7]],[[518,29748],[0,6],[1,0],[1,-6],[-2,0]],[[603,29673],[-4,3],[7,2],[-3,-1],[0,-4]],[[620,29680],[-5,-2],[-2,0],[3,5],[4,-3]],[[635,29709],[-1,-3],[3,-9],[-10,11],[8,1]],[[676,29710],[-5,-1],[0,2],[5,1],[0,-2]],[[578,29739],[-1,-2],[-3,0],[5,5],[-1,-3]],[[568,29756],[-3,-9],[5,-17],[-8,21],[6,5]],[[725,29577],[-1,7],[1,1],[1,-5],[-1,-3]],[[663,29635],[28,-14],[-5,9],[7,3],[16,-31],[-34,5],[-26,24],[14,4]],[[751,29625],[3,-9],[-23,6],[4,6],[16,-3]],[[734,29631],[-2,-5],[-3,-1],[1,10],[4,-4]],[[726,29640],[1,-12],[-4,-4],[-2,17],[5,-1]],[[746,29634],[-3,2],[8,-1],[-5,1],[0,-2]],[[730,29638],[0,3],[1,0],[1,-4],[-2,1]],[[725,29648],[1,-7],[-7,9],[3,0],[3,-2]],[[732,29690],[5,-6],[-2,-5],[-10,15],[7,-4]],[[688,30510],[-8,-19],[-10,1],[-3,12],[21,6]],[[861,30587],[-9,-3],[-4,5],[13,-2]],[[845,30590],[-6,-5],[-3,1],[4,7],[5,-3]],[[96,30640],[8,-8],[-6,-23],[-30,-35],[-29,9],[1,36],[56,21]],[[479,30357],[-2,-7],[-13,-2],[4,9],[11,0]],[[459,30389],[28,-12],[4,-6],[-47,-8],[-1,22],[16,4]],[[8878,29579],[85,-65],[-54,-43],[1,-59],[-44,-74],[-146,8],[-65,-28],[-26,-57],[35,-11],[34,-39],[-3,-91],[35,-3]],[[8730,29117],[19,-83],[8,-23],[-6,-12],[-102,-86],[-30,-49],[28,-40],[-20,-58],[-18,-65],[-19,-11]],[[8590,28690],[-51,-15],[-98,-25],[-12,-92],[25,-73],[-46,-55],[-18,-18]],[[6347,29964],[-22,6],[-28,43]],[[6297,30013],[-19,80],[67,18],[79,50],[48,-74],[35,-3],[74,60],[0,86],[67,43],[19,-121],[64,35],[115,12],[36,133],[38,46],[64,-4],[71,51],[10,19],[35,9],[17,11],[0,-21],[3,-10],[25,-2],[53,33],[4,13],[18,107],[-75,10],[-6,134]],[[7781,30884],[-17,-13],[-11,-69],[-54,-46],[-25,-66],[-20,-134],[33,-71],[-21,-56],[4,-40],[52,-96],[6,-45],[6,-85],[7,-19],[-6,-10],[-39,-18],[28,-84],[-20,-141],[-36,-69],[-116,-66]],[[9050,29876],[33,-22],[26,21],[58,7],[22,-66],[80,70],[30,-43],[73,23],[66,-91],[46,-106],[74,8],[40,72]],[[9598,29749],[46,-78],[70,-10],[27,-67],[68,6],[28,-8],[50,-52],[-20,-104],[-3,-26]],[[9511,29151],[-1,2],[-53,18],[-117,90],[-49,-57],[-49,-112],[-79,21],[-108,-28],[-48,-33],[-89,-22],[-76,25],[-42,-16],[-70,78]],[[5197,29366],[27,-47],[63,-39],[-24,-48],[-81,-49],[3,-88],[39,-53],[-46,-130],[-75,-95],[-14,-67],[-31,-6],[-55,5],[-38,63],[-63,-117],[6,-66],[-9,-8],[30,-51],[34,-84],[-102,-97],[-3,-19],[2,-69],[-43,-91],[45,-25],[55,54],[49,-74],[-1,-33],[-53,-8],[-14,-76],[-75,-57],[-34,56],[-67,-4],[-54,-32],[-2,-6]],[[4666,28005],[-90,48],[-68,9],[-121,60],[-45,-50],[18,-48],[-74,-77],[-70,34],[-54,106],[-76,35],[-14,54],[-5,35],[29,59],[8,49],[13,81],[-61,44]],[[8508,27080],[88,-13],[1,71],[21,11],[59,-31],[37,-2],[31,90],[14,29],[93,-24]],[[9575,27045],[-45,-25],[-70,-32],[-64,0],[-23,-47],[32,-126],[72,-56],[13,-77],[-21,-40],[-93,-10],[-10,-69],[17,-85],[45,-103],[128,44],[80,2],[3,1]],[[9639,26422],[5,0],[-23,-108],[-143,-19],[-111,-90],[-58,20],[-112,-12],[-14,-12],[-9,-5],[-2,0]],[[9172,26196],[-7,5],[-5,34],[5,15],[-28,81],[-205,1],[-126,38],[-27,44],[-20,10]],[[8840,25163],[-10,-104],[-43,-70]],[[8787,24989],[-31,-50],[-22,-28],[-68,-63],[26,-22],[-3,-7]],[[8689,24819],[-150,-43],[-64,-32],[-31,-6],[-73,40],[-25,-23],[-74,27],[-135,-11],[-64,185],[-104,71],[-19,-40],[-126,33]],[[7824,25020],[-50,17],[-124,265],[-10,48],[-53,36],[-51,190],[31,0]],[[7567,25576],[16,-38],[58,7],[25,18],[28,-18],[58,-8],[84,60],[24,-32],[30,-1],[41,39],[111,-11],[-8,-73],[49,-22],[85,-123],[122,-66],[51,-70],[85,-21],[14,-56],[74,-1],[21,119],[8,-8]],[[8543,25271],[9,-16],[98,-81],[116,-20],[74,9]],[[7741,25063],[15,-6],[4,-12],[-18,2],[-1,16]],[[8948,27863],[-26,27],[-108,8],[-105,143],[14,54],[-40,85],[23,78],[-79,10],[22,124],[-35,4],[3,22],[4,13],[21,6],[18,65],[-4,21],[-7,77],[67,63],[-9,15],[-58,44],[-59,-32]],[[6297,30013],[-45,-44],[-130,-58],[-24,-65],[-70,-64],[-72,11],[7,109],[-101,32],[-153,28],[-82,-11],[-54,-30]],[[3167,26783],[24,-52],[49,5],[42,-43],[6,-36]],[[3005,25858],[-368,449],[-109,128],[65,62],[20,57],[-33,72],[-86,-40],[54,-76],[-60,-39],[-143,157],[-52,17],[-167,169],[-51,34],[-61,80]],[[2571,26547],[-8,7],[-14,26],[16,-2],[6,-31]],[[2549,26496],[-5,-17],[-4,0],[0,10],[9,7]],[[4666,28005],[85,-31],[-35,-73],[16,-43],[66,-46],[-2,-48],[74,-51],[116,-185],[59,73],[35,-37],[95,-2],[-16,92],[-101,11],[22,99],[124,9],[58,-40],[76,30],[2,-94],[53,17],[20,52]],[[7938,31483],[21,14],[-22,60],[43,52],[-15,54],[53,55]],[[8018,31718],[15,-31],[49,1],[71,53],[20,-133],[-35,-46],[158,-79],[-12,-89],[-46,12],[-48,-81],[-25,-44],[-33,-74],[2,-20],[67,-81],[81,-51],[87,-24],[-39,-94],[75,-63],[76,30],[59,64],[14,93],[130,-114],[-5,-94],[16,-134],[-56,-31]],[[9172,26196],[0,-1],[-6,0],[-142,-39],[-14,-15],[-148,-19],[-5,39],[-91,9],[-31,-72],[21,-83],[-135,-54],[16,-42],[-137,-85],[-67,-181],[-92,-33],[15,-110],[56,-48],[-47,-55],[129,-45],[49,-91]],[[7567,25576],[-62,46],[17,116],[-35,27],[-56,-29],[-2,-91],[-57,7],[-18,245],[-40,88],[6,61],[49,60],[4,65],[111,118]],[[7463,25662],[2,-1],[0,-3],[-3,6],[1,-2]],[[7502,25699],[0,-8],[-5,-2],[3,18],[2,-8]],[[7411,25622],[11,-3],[5,-15],[-16,5],[0,13]],[[7452,25691],[0,-17],[6,-13],[-12,14],[6,16]],[[7310,26090],[-3,1],[4,5],[-1,-6],[0,0]],[[7304,26140],[-1,-4],[-7,-4],[1,7],[7,1]],[[7331,26166],[-5,-8],[-16,-13],[22,35],[-1,-14]],[[7378,26231],[-11,-22],[-15,-13],[8,16],[18,19]],[[7393,26232],[-3,-6],[-7,-2],[6,11],[4,-3]],[[9639,26422],[63,55],[36,-6],[60,17],[94,-14],[27,2],[12,13],[43,-17],[18,-34],[66,34],[51,-26],[36,42],[73,-34],[-13,-79],[-36,-29],[-139,-37],[-61,14],[-43,-24],[-136,8],[-50,-69],[-54,-3],[-89,-44],[-23,-171],[-94,-63],[-99,10],[-21,-82],[5,-90],[-135,-9],[-9,-51],[-91,24],[-75,-34],[95,-57],[70,4],[20,-112],[114,-80],[56,10],[12,-7]],[[9422,25483],[37,-20],[45,-5],[15,-34],[-23,-5],[-8,-52]],[[9488,25367],[-157,47],[-13,51],[-62,31],[-150,4],[-46,-52],[-142,50],[-25,-124],[-60,-33],[12,-108],[-1,-28],[-4,-42]],[[9488,25367],[40,-38],[25,-122],[16,-6]],[[9569,25201],[2,-38],[5,-136],[-47,-34],[-54,14],[-42,-66],[-35,14],[7,-141],[-100,-38],[-64,-63],[-79,20],[-83,-3],[-27,10],[1,17],[-16,53],[-30,27],[-55,27],[-128,52],[-37,73]],[[7786,27677],[46,16],[30,61]],[[7947,24078],[-2,-2],[-68,22],[-38,5],[-56,-6],[-64,-70],[-7,-48],[-69,-48],[-83,11]],[[7560,23942],[17,116],[-12,68],[59,169],[75,67]],[[7773,24535],[32,58],[21,156],[-71,237],[69,34]],[[8689,24819],[40,-56],[68,-21],[-9,-158],[-44,-51],[-57,-151],[18,-119],[-10,-132],[16,-64],[-92,-24],[-105,26],[-27,-19],[-2,-18],[0,-58],[-57,-53]],[[8428,23921],[-36,6],[-8,23],[-5,-23],[-14,-13],[-8,3]],[[14814,41914],[-69,-75],[-7,-21],[-13,0],[-27,16],[-69,60],[-63,-20],[-21,12],[-77,51],[-119,107],[-40,-66],[-202,-49],[-76,-60]],[[14031,41869],[18,91],[-81,86],[120,82],[127,107],[-64,60],[42,49],[64,8]],[[14257,42352],[75,-24],[40,40],[52,-45],[38,-90],[50,43],[15,34],[-37,9],[-17,148],[31,8],[13,55]],[[14517,42530],[62,37],[16,42],[100,115],[83,-98],[27,14],[40,-11],[11,-13]],[[14856,42616],[-21,-9],[43,-52],[80,-22],[29,-82],[82,7],[97,-55]],[[15166,42403],[-69,-66],[-9,-20],[3,-45],[-104,-43],[-51,-82],[-74,-44],[-12,-57],[-96,-93],[60,-39]],[[12802,38717],[-90,8],[-54,28],[-41,79],[-69,53],[-77,21],[-43,39]],[[12428,38945],[2,22],[-60,23],[-34,107],[-88,15],[-27,61],[-14,151],[-54,99],[25,87],[-44,40],[2,70],[-33,71]],[[12103,39691],[48,6],[31,61]],[[12182,39758],[127,37],[131,-143],[146,-21],[47,47],[59,-25],[43,87],[58,42],[37,66],[69,-39],[46,21],[-26,74],[18,45],[64,-35],[57,5],[31,-63],[63,51],[61,-22],[86,26],[59,-124]],[[13358,39787],[-24,-51],[51,-35],[-15,-50],[86,-58],[10,-65],[-5,-59],[66,6],[86,-59],[33,-50],[-37,-94],[37,-32]],[[13646,39240],[73,-39],[25,-86],[-98,-31],[-87,31],[-40,-206],[-69,-21],[5,-89]],[[13455,38799],[-72,15],[-100,-21],[-53,55],[-64,-20],[-62,-102],[-95,-7],[-37,89],[-156,-19],[-14,-72]],[[14956,38345],[58,-43],[-36,-75],[70,-48],[78,-19],[14,-81],[-26,-204],[14,-47]],[[15128,37828],[-15,-35],[-90,41],[-64,82],[-81,41],[-68,8],[-51,32],[46,35],[49,120],[56,198],[46,-5]],[[15033,38503],[-143,86],[-7,110],[4,15],[39,30]],[[14926,38744],[124,36],[-22,73],[72,49],[61,-11],[45,36],[6,-4]],[[15212,38923],[9,-9],[154,-129],[97,-131],[-46,-30],[49,-62],[-6,-47],[33,-47],[33,-151],[-35,-8]],[[15500,38309],[-1,13],[-19,11],[-43,3],[-36,-30],[-83,10],[-18,10],[-66,66],[-201,111]],[[11783,40291],[-69,-38]],[[11714,40253],[-29,134],[67,51],[-72,81],[89,44],[40,212],[-2,32]],[[11807,40807],[23,40],[-41,35],[102,105],[15,-5],[-2,11],[-26,40],[75,42],[31,88],[77,45],[188,-36],[11,-39],[83,5],[20,48],[68,-1],[52,-31],[21,102],[28,0]],[[12532,41256],[-1,-1],[37,1],[39,23],[81,-18],[72,-113],[83,-24],[42,-9]],[[12885,41115],[-20,-84],[30,-110],[6,-85],[1,-16]],[[12902,40820],[-43,25],[-67,-77],[-67,-6],[-40,-38],[-76,23],[-85,-135],[-47,-43],[-118,-10],[-56,-140],[-112,37],[-35,72],[-155,19],[10,-54],[-61,-9],[20,-105],[-83,-25],[-72,26],[-68,-49],[36,-40]],[[15033,38503],[-43,-15],[-59,-108]],[[14931,38380],[-264,88],[-24,136],[-47,15],[-78,-22],[-47,-114],[-42,19],[-35,-61]],[[14394,38441],[-39,18],[-102,-6],[-80,38],[-67,2],[7,92],[-41,5],[9,113],[-25,37],[-11,15]],[[14045,38755],[57,75],[222,44],[20,47],[91,-6],[14,8]],[[14449,38923],[30,16],[79,-7],[118,35],[95,-23],[58,-48],[8,-78],[89,-74]],[[12182,39758],[-9,63],[-127,11],[-7,86],[-82,10],[0,72],[-33,57],[13,50],[53,33],[-36,134],[-107,-49],[7,102],[-71,-36]],[[12902,40820],[4,-25],[-35,-95],[93,-29],[-6,-53],[78,-43],[75,19],[14,-52],[75,-35],[42,45],[64,-22],[-25,-92],[35,-49],[-27,-49],[61,-98],[3,-39],[102,-20],[16,-33],[27,-131],[-27,-54]],[[13471,39965],[-101,-55],[16,-57],[-28,-66]],[[13646,39240],[33,76],[40,23],[216,-5],[30,79],[54,19],[28,88],[43,-78],[63,-47],[119,-45],[200,214]],[[14472,39564],[10,-3],[16,-68],[42,-2],[14,-9]],[[14554,39482],[-8,-32],[28,-175],[-73,-121],[-54,0],[-67,-145],[69,-86]],[[14045,38755],[-13,16],[-26,17],[-63,-146],[-54,-2],[-91,56],[-57,-56],[-122,-13],[1,46]],[[13620,38673],[-149,32],[-16,94]],[[12885,41115],[43,-4],[65,35],[62,-4],[55,58],[6,44],[21,8]],[[13137,41252],[7,3],[36,-28],[158,83]],[[13338,41310],[-2,-168],[-73,-120],[38,-42],[22,-80],[128,-129],[56,81],[72,-10],[21,-79],[89,4],[87,-20],[12,-16]],[[13788,40731],[14,-33],[74,-68],[36,8],[23,9],[101,9],[27,36],[57,-26],[66,9],[40,-28]],[[14226,40647],[-38,-134],[-138,-43],[-24,-94],[11,-39],[66,-42]],[[14103,40295],[-117,34],[-82,-13],[7,-93],[-131,18],[25,-105],[-38,-154]],[[13767,39982],[-54,-64],[-70,37],[-89,10],[-83,0]],[[13338,41310],[1,19],[28,2],[22,26],[-99,45],[-6,93],[42,-4],[-25,108],[16,55],[88,150],[128,-17],[34,32],[68,0],[60,37],[17,-19],[14,-26],[13,-40]],[[13739,41771],[-14,-13],[-52,-81],[64,-77],[33,-81],[-19,-79],[40,-9],[45,-16],[54,-70],[70,34],[34,74],[83,68],[39,-71],[108,15]],[[14224,41465],[-51,-77],[-51,19],[-9,-120],[41,-11],[-43,-109],[9,-108],[-32,-54],[-117,-70],[-62,1],[-55,-35],[26,-51],[-27,-20],[-12,-54],[-53,-45]],[[14224,41465],[65,36],[29,-27],[78,4],[144,-17],[94,75],[34,-35],[119,8],[36,51],[86,-17],[53,-62],[39,4]],[[15001,41485],[-14,-17],[-30,-65],[-4,-24],[-50,-158],[-56,-31],[-10,-48],[50,-85],[-17,-3],[1,-1]],[[14871,41053],[-12,-4],[6,-68],[-73,-104],[40,-85],[-41,-35],[64,-86],[-9,-52],[11,-7]],[[14857,40612],[-98,-12],[-189,31],[-75,40],[-82,17],[-53,-38],[-51,23],[-83,-26]],[[14814,41914],[118,-82],[8,-87],[35,-63],[124,-4]],[[15099,41678],[-32,-108],[-45,-60],[-21,-25]],[[13739,41771],[81,-43],[89,40],[45,-28],[0,-15],[13,9],[64,55],[-5,11],[7,32],[-2,37]],[[13620,38673],[-31,-70],[-42,-182],[-63,-46],[16,-34]],[[13500,38341],[-33,-1],[-18,-26],[129,-72],[-40,-38],[36,-73],[-61,-81],[-108,89],[-96,-63],[-65,-65],[41,-47],[-16,-113],[60,-110],[29,-13]],[[13358,37728],[-84,-60],[-154,78]],[[13120,37746],[-51,-5],[-124,30],[3,79],[-89,43]],[[12859,37893],[66,7],[-12,92],[31,87],[45,42],[-98,81],[41,24],[101,96],[64,-9],[14,-46],[28,8],[-64,139],[-69,31],[11,70],[-52,27],[-51,76],[-112,99]],[[15128,37828],[69,-80]],[[15197,37748],[-76,-65]],[[15121,37683],[-35,1],[-46,-55],[-122,50],[-23,-48],[-77,-2],[-105,61],[-24,-58],[14,-69],[-64,-12],[-17,-42],[-22,-95],[0,-15]],[[14600,37399],[-59,33],[-71,8],[-2,111],[14,88],[46,77],[-14,292],[47,132],[25,130],[-129,86],[-43,56],[-7,3]],[[14407,38415],[-13,26]],[[14931,38380],[25,-35]],[[15500,38309],[-20,-4],[1,-72],[-52,-66],[2,-4]],[[15431,38163],[8,-14],[14,-28],[-9,-20],[96,-100],[1,-50],[0,-29],[-28,-31]],[[15513,37891],[-13,10],[-31,-10],[-13,22],[-22,-42],[5,-15],[-8,-31],[-46,-29],[-50,31],[-63,-58],[-75,-21]],[[14364,42958],[31,51],[-32,72],[-97,79],[1,53]],[[14267,43213],[67,43],[21,-76],[49,-31],[83,48],[42,-107],[86,-69],[23,35],[9,-8],[3,-45],[7,-66]],[[14657,42937],[121,-13],[80,-67],[47,-33],[11,-102],[-4,-57],[-24,-24],[-32,-25]],[[14517,42530],[-58,28],[46,107],[-49,48],[-26,27],[-82,33],[2,45]],[[14857,40612],[21,-10],[-19,-65],[22,-48],[-37,-13],[3,-26],[46,-31],[12,-17],[-18,-60]],[[14887,40342],[-22,-52],[5,-180]],[[14870,40110],[-67,-7],[-151,51],[3,45],[-163,4],[-80,-27],[-110,40],[-41,90],[-109,-47],[-49,36]],[[14407,38415],[-6,3],[-99,-59],[1,-65],[-87,-51],[-48,7],[-46,-62],[-41,2],[-19,-25],[23,-118],[-103,-16],[-86,-69],[-27,14],[13,106],[-45,-6],[-45,41],[-39,96],[19,67],[-187,-11],[-11,41],[-29,20],[-16,0],[-29,11]],[[13767,39982],[55,-28],[46,43],[44,-68],[121,-14],[44,-55],[10,-78],[143,-36],[44,-66],[58,2],[1,-123],[74,5],[47,11],[18,-11]],[[11714,40253],[-66,-14],[-26,44],[-119,-75],[-50,10],[-90,106],[-54,-36],[-64,18],[-4,66],[-39,83],[-129,68],[-66,-8],[-56,-68],[-74,-12],[-34,27],[-101,7],[-14,-75],[-71,42],[-49,93],[-65,34],[20,74],[60,-14],[54,130],[-66,43],[11,177],[42,119],[3,57],[-113,2],[-109,-18],[-11,79],[43,69],[68,23],[36,47],[-57,139]],[[10524,41490],[110,-51],[89,-20],[1,33],[96,87]],[[10820,41539],[44,-16],[129,55],[80,-60],[124,-31],[32,-70],[77,-82],[79,45],[109,27],[-1,-169],[123,58],[4,4]],[[11620,41300],[7,3],[26,-76],[55,-79],[-55,-38],[-16,-90],[-49,-20],[24,-71],[79,-42],[4,-108],[112,28]],[[14870,40110],[11,-67],[-24,-59],[55,-43],[8,-52],[81,-67],[-13,-52],[-10,-109],[-32,-74],[14,-24]],[[14960,39563],[-36,-11],[-42,-33],[-19,42],[-130,14],[-30,-64],[-87,-1],[-52,-34],[-10,6]],[[15166,42403],[20,16],[17,3],[104,-77],[66,-32],[94,25],[31,56],[55,-92],[37,-22],[16,-1]],[[15606,42279],[28,-24],[-35,-107],[-73,-51],[-89,-168],[-83,-37],[-21,-39],[12,-9],[-15,-32],[-128,-105],[-103,-29]],[[14044,43762],[-109,120],[-41,-44],[-58,49],[-37,-17],[-37,66],[-63,27],[-62,96],[-16,56]],[[13621,44115],[65,7],[61,22],[-21,111]],[[13726,44255],[98,-32],[65,-52],[96,-36],[-8,91],[19,186],[140,46],[38,-21]],[[14174,44437],[5,-9],[16,-115],[43,3],[52,-78],[9,-96],[128,-19],[-11,-91],[3,-11]],[[14419,44021],[11,-26],[76,-67],[-51,-67],[-98,-59],[-99,-21],[-76,35],[-64,-41],[-74,-13]],[[12839,45902],[1,0],[23,5],[14,23],[-31,43],[-100,90],[-7,40],[36,98]],[[12775,46201],[84,121],[-41,66],[23,136],[-64,102],[-88,52],[-45,49],[-7,21],[-4,20]],[[12633,46768],[4,2],[30,63],[98,2],[111,-83],[21,2],[118,58],[108,91],[20,65],[97,32],[106,11]],[[13346,47011],[65,42],[33,92],[140,97],[54,51],[129,-12],[130,53],[57,-4],[30,-59],[46,-21],[115,34],[55,-4]],[[14200,47280],[-1,-35],[-18,-111],[3,-39],[59,-115],[11,-87],[-27,-57],[-73,-12],[-2,-59],[-54,-65],[-76,-21],[-45,21],[-109,-74],[-123,-14],[-29,84],[-75,-19],[-57,-80],[84,-193],[63,-63],[88,24],[127,-43],[26,-64],[68,-46],[218,-50],[24,-28],[146,-30],[-49,-78],[20,-27]],[[14399,45999],[-131,-99],[-23,-84],[0,-236],[-59,-71],[-64,18],[-26,-32],[-96,23],[-59,51],[-142,22],[-37,33],[-95,22],[-115,111],[-101,24],[-59,95],[-61,4],[-5,-3],[-14,-27],[-57,-40],[-28,-69],[44,-81],[-8,-81],[-14,-4],[-49,1],[-95,80],[-66,-11],[-51,47],[5,84],[-75,94],[-61,9],[-4,8],[-14,15]],[[13726,44255],[-23,31],[-16,33],[6,26],[-75,150],[-97,111],[-37,70]],[[13484,44676],[9,17],[-18,47],[73,64],[181,21],[15,43],[82,27],[5,37],[76,45],[62,7],[58,-34]],[[14027,44950],[-33,-152],[26,-72],[63,-31],[33,-89],[56,-31],[-6,-103],[8,-35]],[[14399,45999],[59,16],[-1,-50],[86,-69],[177,46],[27,-58]],[[14747,45884],[-73,-161],[14,-178],[-55,-12],[-32,-83],[4,-77],[-71,3],[-11,-89]],[[14523,45287],[-161,-39],[-93,57],[-81,-77],[-58,33],[-67,-32],[52,-175],[-57,-111],[-31,7]],[[13484,44676],[-32,-55],[-118,92],[-33,54],[-73,41],[-75,17],[-70,59],[-42,41],[-78,-19],[-35,-3],[-33,11]],[[12895,44914],[-1,1],[-22,47],[-62,118],[-46,34],[-118,36],[-95,84],[-148,75],[-84,-21],[-34,28]],[[12285,45316],[53,32],[76,83],[1,55],[-61,16],[5,88],[88,53],[101,17],[178,189],[48,34],[65,19]],[[17822,43845],[0,-24],[27,-18],[15,-66],[82,-101],[7,-47],[-73,-20],[-49,19],[-15,-1],[-39,-20],[-30,15],[-72,62],[-40,103],[-75,-18],[-149,16],[-99,58],[-56,-4],[-50,-49],[-111,-5],[-84,101],[-83,50],[-87,-5],[-32,5]],[[16809,43896],[-30,16],[-5,56],[-75,30],[-54,-26],[-102,61],[22,33],[-130,78],[-107,-38],[-101,3],[-101,72],[-39,87],[-57,64],[-10,93],[-42,57],[18,48],[-88,117],[-36,18]],[[15872,44665],[4,68],[126,16],[63,41]],[[16065,44790],[117,-62],[14,64],[108,-16],[38,-26],[83,47],[11,127],[138,9],[49,124],[252,15],[29,35],[83,-40],[65,37],[-67,55],[39,113],[102,-5],[62,24],[104,-19],[65,24],[26,14],[13,26]],[[17396,45336],[143,-158],[56,-8],[-77,-212],[-7,-82],[-45,-38],[30,-131],[60,-101],[54,9],[26,-73],[53,-38],[-50,-92],[-126,-64],[-8,-99],[54,9],[77,-67],[-29,-92],[82,-36],[22,-96],[65,-102],[46,-20]],[[14747,45884],[126,34],[75,-25],[187,-116],[46,-50],[15,-97],[42,-56],[97,-52],[49,6],[27,55],[97,-49],[57,-7],[142,-86],[60,-76],[95,-24],[77,-131],[18,-67],[-53,-68],[61,-84],[87,-22],[-33,-63],[46,-116]],[[15872,44665],[-27,1],[-80,-19],[-45,-60],[-18,-23],[1,-79],[1,-26],[83,-101],[16,-71],[-62,-71],[-65,-22],[-20,-111],[-48,13],[-72,-25],[-27,-51],[-55,5],[-113,-27],[-46,38],[-9,-5],[-17,3]],[[15269,44034],[6,18],[-16,84],[-73,55],[-59,194],[6,186],[-53,71],[-101,53],[-42,161],[-35,30],[-179,-6],[3,38],[-61,116],[-77,111],[-3,72],[-62,70]],[[14200,47280],[1,11],[50,71],[5,52],[71,-32],[4,14]],[[14331,47396],[2,0],[31,4],[-50,-131],[91,-110],[41,4],[67,-144],[135,-78],[61,18],[66,-47],[101,13],[25,-109],[128,-44],[156,-131],[23,-6],[22,4]],[[15230,46639],[13,8],[11,38],[-8,17],[35,44],[77,5],[49,-39],[49,44],[58,2],[112,94],[111,35],[19,47],[79,-25],[129,-119],[-47,-73],[166,-87],[9,-46],[84,-60],[-23,-114],[28,-24],[94,-157],[98,0],[96,125],[71,16],[80,-12],[87,56],[98,32],[-13,44],[95,46],[44,-3],[11,-76],[-25,-84],[43,-88],[-95,-68],[-59,-14],[4,-86],[-33,-38],[53,-57],[119,96],[32,-21]],[[16981,46097],[78,-50],[-17,-61],[66,-54],[65,-24],[-93,-134],[5,-107],[32,-62],[93,13],[93,-60],[-11,-81],[13,-86],[91,-55]],[[15269,44034],[-3,-6],[-45,-10],[-35,-97],[-52,-48],[-38,-10],[-154,-19],[-96,-48],[-167,83],[-24,25],[-24,16],[2,-2]],[[14633,43918],[-43,26],[-95,99],[-49,-8],[-27,-14]],[[16809,43896],[-109,-95],[-75,-23],[-66,17],[-100,-73],[-96,-9],[-37,-51],[-88,39],[-87,-37],[-85,-84],[-15,-54],[-62,-48],[32,-89],[-46,-63],[-71,13],[-35,-48],[21,-50],[36,-3],[12,9],[27,2]],[[15965,43249],[9,-4],[-21,-93],[-48,18],[-17,-82],[-93,-122]],[[15795,42966],[-63,68],[-67,12],[-61,-57],[-72,0],[-85,31],[-26,127],[-42,-5],[-68,115],[51,33],[-3,55],[-111,83],[-60,-39],[-70,-88],[-81,-59]],[[15037,43242],[-20,76],[-53,16],[-27,71],[-165,60],[-15,75],[-109,93],[-12,79],[23,66],[-25,34],[17,61],[-2,13],[-16,32]],[[14657,42937],[110,84],[7,60],[52,45],[78,-16],[17,2],[23,30],[40,25],[53,75]],[[15795,42966],[87,-103],[-12,-45],[54,-36],[15,-50],[-35,-120],[86,-17],[11,-41],[-40,-57],[-35,-3],[-175,-100],[-96,-20],[-69,-36],[1,-22]],[[15587,42316],[19,-37]],[[14267,43213],[-73,59],[-1,6]],[[14193,43278],[-2,14],[-93,35],[-96,61],[-20,88],[46,101],[-62,33],[2,98],[76,54]],[[13621,44115],[-110,-15],[25,-102],[-88,-63]],[[13448,43935],[-174,-5],[-11,62],[-54,73],[38,40],[-47,69],[-34,93],[-29,43],[-89,157],[-33,26],[-33,97],[-11,17],[-114,235],[53,41],[-15,31]],[[12131,47693],[-78,-63],[-121,-22],[-109,104],[-34,22]],[[11789,47734],[-28,22],[-114,99]],[[11647,47855],[-26,143],[-113,135],[-92,-4],[-2,80],[66,34],[41,81],[13,88],[-114,16]],[[11420,48428],[20,26]],[[11440,48454],[17,19],[92,31],[72,52],[60,77],[27,147],[-22,66],[-73,24],[-60,53]],[[11553,48923],[-62,105],[45,58]],[[11536,49086],[11,9],[100,10],[105,81],[183,-52],[74,21],[88,-70],[46,55]],[[12143,49140],[123,-25],[19,-44]],[[12285,49071],[-27,-55],[-75,-67],[17,-89],[-12,-59],[-144,-7],[-8,-64],[-61,-104],[20,-50],[18,-67],[79,-162],[61,-98],[-17,-47],[2,-126],[55,-34],[-40,-50],[2,-80],[-63,-72],[32,-63],[2,-72],[5,-12]],[[10593,48217],[-43,-30]],[[10550,48187],[-67,44],[-92,85],[34,75],[-93,74],[11,126]],[[10343,48591],[57,49],[62,10],[-29,100],[177,121],[89,25],[53,44],[67,-26],[58,14]],[[10877,48928],[8,-118],[57,14],[51,-31],[49,27],[70,-26],[18,0]],[[11130,48794],[-1,-16],[2,-33],[-12,-52],[-44,-40],[-48,-87]],[[11027,48566],[-41,-86],[-77,-57],[-118,-11],[-110,-94],[-88,-101]],[[10620,50126],[102,-64],[54,-59],[95,-22],[179,-20],[97,13],[207,-78],[206,38],[206,-41],[-7,-52],[192,-104]],[[11951,49737],[-22,-63],[-42,-17],[19,-87],[-43,-15],[4,-62],[67,-44],[-19,-30]],[[11915,49419],[-19,-25],[-67,-5],[-37,-34],[-58,41],[-78,23],[-38,-53],[-89,-19],[-58,36],[-76,105],[-91,39],[-144,30],[-40,-41],[40,-89],[-158,-53],[-91,-95],[-95,87],[-62,8]],[[10754,49374],[-65,15],[-57,-21],[-87,48],[23,84],[-43,55],[35,43],[-61,65]],[[10499,49663],[-2,134],[54,37],[37,63],[17,188],[15,41]],[[10343,48591],[-66,69],[-48,8],[-103,90],[-43,-14]],[[10083,48744],[-66,74],[-88,0],[-78,27],[-46,-29],[-145,-13],[-169,4],[-22,77],[32,83],[120,160],[9,50]],[[9630,49177],[141,29],[88,-28],[142,128],[80,30],[112,-9],[67,62],[0,57],[85,50],[52,52],[2,65],[100,50]],[[10754,49374],[22,-88],[-27,-33],[29,-65],[-65,-56],[8,-61],[26,-21]],[[10747,49050],[10,-9],[120,-113]],[[12633,46768],[-40,-18],[-137,-7]],[[12456,46743],[-38,81],[-195,78],[-125,-33],[-69,70],[-18,123],[-127,32],[-71,59]],[[11813,47153],[45,260],[-7,87],[-54,124],[-8,110]],[[12131,47693],[178,-178],[118,-59],[111,-91],[15,-90],[43,-7],[64,-106],[213,-15],[143,9],[145,64],[81,74],[92,-15],[43,-44],[7,-26],[2,-79],[-40,-119]],[[11536,49086],[-15,-12],[-43,3],[-90,63],[-78,-30],[-101,17],[-47,31],[-75,-2],[-50,-38],[-22,-64],[-60,-3],[-63,40],[-83,-5],[-62,-36]],[[11915,49419],[41,-49],[16,-125],[95,10],[41,-20],[35,-95]],[[10247,46942],[44,-24],[121,74],[93,-8],[62,-33],[15,60]],[[10582,47011],[68,-118],[53,26],[-38,62],[98,83],[123,-23],[83,-93],[-43,-53],[1,-65],[116,-28],[17,69],[61,-12],[68,-100],[64,77]],[[11253,46836],[135,-122],[130,-82],[55,-101],[-91,-47]],[[11482,46484],[-95,24],[-81,52],[-174,-175],[0,-51],[54,-26],[19,-49],[-59,-91],[-97,-110]],[[11049,46058],[-61,-21],[-167,1],[-29,95],[-47,39],[-17,91],[56,98],[-42,94],[83,195],[-33,20],[-64,-28],[-2,-56],[-45,-61],[-137,-30],[-109,73],[-60,113],[-9,87],[-31,25],[-97,2],[-50,20],[59,127]],[[14331,47396],[-56,65],[-80,6],[-50,74],[-74,-37],[-121,30],[43,84],[-5,49],[-52,89],[-105,94],[-76,92],[-101,-17],[-110,109],[-66,-46],[-108,-45],[-11,-31],[-112,5],[0,54],[-40,66],[54,67],[-2,143],[-26,150],[-98,56],[-121,94],[-4,93],[-47,26],[-72,-16],[-62,36],[-131,-2],[26,50],[-38,36],[-142,79],[-12,57],[-99,91],[38,67],[-100,51],[-86,-44]],[[11951,49737],[214,-27],[143,5],[261,-43],[73,32],[83,73],[126,54],[23,35],[113,21],[61,61],[82,2],[59,-44],[60,-7],[195,91],[89,70]],[[13533,50060],[17,-182],[57,-27],[15,-128],[148,27],[193,-85],[-10,-187],[15,-36],[123,-32],[36,-33],[-45,-244],[20,-58],[-32,-50],[105,-79],[-59,-42],[-31,84],[-64,-19],[42,-61],[-6,-43],[-86,-7],[-45,22],[-55,-17],[-33,-72],[22,-48],[134,-85],[20,-95],[37,-33],[91,-22],[47,-52],[160,-17],[52,-33],[55,-85],[57,-43],[118,-56],[50,0],[59,50],[46,-40],[71,13],[95,-85],[106,-62],[26,-83],[90,-10],[18,-34],[92,-4],[101,-92],[95,-13],[26,-35],[13,-93],[47,-59],[-35,-70],[-170,-124],[-90,-131],[-26,-104],[24,-102],[-105,-80],[-24,-226],[55,-93],[35,-106]],[[12775,46201],[-58,-69],[-56,-90],[-97,-19],[-58,-105],[-105,-52],[-92,-13],[-114,-74],[-14,-75],[-28,-41],[-42,114],[-97,-27],[-139,36],[-15,-12]],[[11860,45774],[-151,110],[-88,47],[-53,-21],[-107,119]],[[11461,46029],[59,58],[62,17],[62,84],[210,13],[27,16],[-3,28],[-55,63]],[[11823,46308],[29,43],[248,5],[15,24],[-4,126],[64,46],[68,1],[38,-29],[135,29],[18,21],[6,62],[4,68],[12,39]],[[11647,47855],[-52,14],[-69,69],[0,60],[-82,-70],[36,-94],[-130,-6],[-11,-33]],[[11339,47795],[-48,6],[-27,19],[-37,10],[-108,-29],[-131,-17],[-163,93],[-107,-19],[-33,-33]],[[10685,47825],[-74,27]],[[10611,47852],[-111,90],[5,180],[23,47],[22,18]],[[10593,48217],[53,-32],[110,24],[102,-54],[48,23],[33,-53],[168,-19],[51,68],[88,25],[-17,80],[68,17],[53,-16],[17,83],[53,65]],[[9630,49177],[-10,46],[-128,170],[-95,-39],[-57,33],[-74,6],[23,100],[130,102],[72,40],[-6,92],[89,47],[-36,131],[55,90],[89,24],[47,-40],[166,6],[103,82],[111,46],[55,62],[72,-12],[48,23],[164,-22],[54,-27],[118,-11]],[[13533,50060],[96,6],[138,100],[74,-15],[80,-45],[182,-3],[122,157],[-10,102],[39,56],[82,4],[86,64],[145,-54],[78,-3],[22,31],[1,128],[96,-7],[147,55],[206,149],[269,172],[71,58],[275,180],[141,119],[185,120],[70,-129],[66,22],[39,59],[64,23],[148,10],[30,-66],[-126,-69],[-52,-68],[20,-151],[25,-80],[68,-118],[96,-69],[3,-60],[-58,-53],[84,-199],[86,-160],[37,-206],[67,-127],[62,-51],[170,-28],[52,-82],[107,-3],[144,15],[70,-52],[81,-96],[116,-59],[55,-64],[124,-97],[142,-56],[112,-103],[5,-52],[-61,-127],[-142,-108],[-236,-110],[-29,-81],[81,-25],[5,-63],[-82,-72],[5,-126],[41,-90],[56,-70],[0,-98],[-110,-119],[2,-43],[89,-169],[99,-139],[162,-153],[242,-183],[14,-121],[111,-50],[65,-11],[24,-67],[-66,-120],[-11,-66],[22,-68],[163,-54],[37,-88],[-5,-94],[-49,-92],[65,-68],[-2,-73],[-38,-141],[45,-37],[-46,-113],[-25,-121],[-167,-69],[-51,-61],[6,-61],[-28,-79],[-62,23],[-123,-36],[-38,-36],[-93,41],[-67,85],[-64,19],[-91,90],[-27,178],[25,42],[-33,153],[-40,22],[-137,-84],[-36,-69],[-176,-7],[-68,-60],[-55,11],[-67,-42],[-18,-68]],[[10611,47852],[-96,-55],[-30,51],[-174,159],[-125,-6],[-47,-49],[-128,9],[-19,-45],[48,-68],[-82,-128]],[[9958,47720],[-2,101],[-137,159],[-112,8],[-47,87],[-56,209],[103,64],[34,59],[69,31],[133,25],[83,48],[68,103],[-11,130]],[[11440,48454],[-13,3],[-15,20],[-30,12],[-71,48],[-120,-55],[-164,84]],[[11130,48794],[17,-5],[107,29],[30,39],[118,77],[151,-11]],[[10247,46942],[-25,63],[-138,41],[-83,-10],[-49,115],[-155,131],[-113,31],[16,116],[132,14],[105,133],[30,69],[-9,75]],[[10685,47825],[-39,-51],[118,-34],[22,-103],[-69,-44],[65,-174],[-18,-112],[-111,5],[30,-188],[-111,-22],[10,-91]],[[11813,47153],[-119,47],[-93,78],[-100,25],[-55,46],[-97,38]],[[11349,47387],[52,44],[52,92],[3,51],[-134,100],[43,64],[-28,50],[2,7]],[[11349,47387],[-27,-58],[9,-90],[68,-41],[-12,-53],[-50,-13],[-106,-178],[22,-118]],[[11482,46484],[110,-124],[161,-25],[70,-27]],[[11461,46029],[-88,21],[-70,-76],[-90,33],[-56,-3],[-108,54]],[[29822,30683],[-4,-8],[-2,-6],[-15,-15],[80,-106],[4,-72],[38,-99],[152,18],[83,-78],[71,8],[38,-79],[129,-54]],[[30396,30192],[-36,4],[-9,-40],[-124,-92],[-22,-168],[-86,-35],[-125,-15],[-7,36],[-69,34],[-60,94],[9,68],[-16,8],[-169,24],[-44,-40],[37,-77],[-21,-54],[-138,-58],[-100,37]],[[29416,29918],[-73,46],[-8,104],[-32,2],[-37,105],[-35,34],[-147,-15],[-47,-74],[-66,46],[9,292],[-41,37],[-12,81],[46,19],[-4,57],[54,81],[1,9]],[[29024,30742],[2,5],[66,6],[48,-49],[58,22],[82,-85],[10,-63],[51,-30],[43,37],[44,92],[16,93],[23,-15]],[[29467,30755],[102,-103],[44,32],[62,22],[75,-2],[72,-21]],[[28091,31537],[37,-73],[96,11],[55,-23],[69,30],[93,-8],[41,-54],[-7,-75],[-30,-53],[4,-59],[-112,38],[-125,15],[-34,-55],[53,-178],[114,-59],[18,-91],[-105,-139],[-70,9],[-37,39],[-144,18],[12,-122],[-43,-28],[18,-72],[39,-31],[-13,-81],[26,-122],[-22,7],[11,-40]],[[28035,30341],[-29,-42],[-65,-15],[-42,59],[-11,-1],[-3,0]],[[27885,30342],[-4,-4],[-38,31],[-34,135],[45,-3],[7,129],[-44,136],[-128,26],[-145,4],[19,74],[-46,71],[-55,-16],[-57,-62],[-73,-41],[-55,3],[-10,6],[-2,0],[-10,-1]],[[27255,30830],[-21,-4],[-30,106],[33,49],[-34,59],[44,68],[-48,21],[-51,84],[-54,3],[-54,107],[74,46]],[[31136,31819],[-7,-80],[-46,-119],[86,-124],[44,-7],[-2,-68],[43,-19],[62,34],[33,-114],[43,-16],[-56,-91],[-96,32],[-3,-60],[-60,-29],[-12,-47],[75,-63]],[[31240,31048],[-11,-83],[-49,-33],[-103,55],[-80,-33],[-60,57],[-49,-30],[-40,50],[-117,62],[-164,11]],[[30567,31104],[-34,25],[-109,-3],[48,126],[-19,107],[-73,98],[-8,58]],[[29822,30683],[2,10],[14,46],[101,22],[137,-27],[80,143],[14,69],[68,12],[16,1],[19,-33],[120,-41]],[[30393,30885],[89,-34],[93,1],[33,-44],[97,-63],[81,-30],[31,-69],[15,-18],[24,17],[63,-47],[19,-44]],[[30938,30554],[40,-100],[-43,-138],[9,-9]],[[30944,30307],[-7,-10],[-56,-17],[-44,27],[-81,-7],[-57,-12],[-97,-36],[-102,-61],[-28,0],[-76,1]],[[31358,31972],[33,31],[168,-49],[80,-49],[103,28],[55,-12],[122,-168],[30,6]],[[31949,31759],[158,35],[32,-21],[91,-16],[-1,-224],[26,-99],[-8,-118],[104,-13]],[[32351,31303],[-7,-69],[55,-11],[43,-53],[-11,-46],[-104,23],[-39,2],[-58,-103],[-50,-33],[-71,49],[-8,-114],[17,-52],[-89,-11],[-24,-15],[-143,-22],[-46,6],[20,57],[-166,-12]],[[31670,30899],[-160,30],[-20,13],[-41,81],[-126,87],[-83,-62]],[[26074,31809],[-35,-70],[1,-153],[-70,-97],[33,-56],[-25,-41],[120,-177],[133,-87],[-15,-72],[-156,-75],[-11,-54],[-57,-70],[144,-168],[94,-73],[16,-36],[8,-105],[11,-66],[16,-16]],[[26281,30393],[-10,-59],[113,-46],[-79,-90]],[[25168,31037],[42,45],[49,133],[-2,53],[42,64],[-44,86],[98,59],[-8,101],[-52,15],[-29,78],[20,82],[174,46]],[[30567,31104],[-71,-150],[-82,-22],[-21,-47]],[[29467,30755],[21,59],[-102,140],[-58,32],[-18,8],[-17,-14],[-163,95],[-70,58],[14,48],[89,42],[102,26],[99,7],[-32,70],[39,35],[1,5]],[[29372,31366],[4,11],[11,76],[-37,32],[14,121],[-34,53],[35,35],[24,103],[-97,46],[-22,92],[-52,40],[42,70],[72,36],[-18,80],[90,18],[57,39]],[[32069,32993],[37,-104],[-40,-56],[59,-72],[-2,-46],[-46,-50],[-40,-141],[15,-101],[52,-129],[21,-12]],[[32125,32282],[-83,-9],[-38,-57],[-2,-15],[37,-37],[23,-132],[-20,-75],[8,-26],[5,-43],[-5,-15],[-124,-44],[23,-70]],[[26410,29657],[69,34],[125,-46],[83,43],[28,53],[-15,131],[65,75],[44,-18],[19,81],[-16,90],[67,54],[66,-8]],[[26945,30146],[120,-50],[-14,-75],[21,-84],[-18,-36],[-67,-74],[66,-33],[27,-86],[56,43],[42,-63],[57,-12],[93,-59],[76,19],[62,-14],[40,36],[86,-20],[42,-67],[65,58],[38,-9],[39,18]],[[27776,29638],[22,10],[25,-28],[-24,-25],[-21,-64],[87,-59],[0,-16],[-51,-92],[-57,-50],[14,-74],[-43,-9],[13,-31],[94,-75],[17,-18],[4,-32]],[[27856,29075],[1,-76],[74,-6],[-5,-165],[32,-118],[-47,-33]],[[27911,28677],[-98,-31],[-61,-46],[-38,40],[-119,-76],[10,58],[-50,65],[-55,19],[-59,-106],[-52,-24],[-177,1],[-14,112],[-78,8],[-47,66],[-105,-123],[-121,-32],[-75,49]],[[28693,31820],[72,-75],[42,-77],[20,-206],[27,28],[73,-28],[150,-21],[82,-29],[106,0],[107,-46]],[[29024,30742],[-104,-45],[-88,-99],[-80,-167],[1,-13],[-33,-49],[-16,-72],[-67,-24],[-116,47],[-77,-21],[-68,15],[-55,3]],[[28321,30317],[-12,1],[-50,16],[-38,-77],[-97,-4],[-80,44],[-3,36],[-6,8]],[[31670,30899],[13,-33],[34,-6],[-2,-59],[54,-24],[1,-118],[-117,-58],[-143,19],[50,-87],[-21,-38],[-49,-6],[-31,7],[-16,19],[-8,0],[-10,-8]],[[31425,30507],[-21,13],[-176,94],[-40,-39],[-79,66],[-84,-104],[-39,-19],[-20,5],[-28,31]],[[27856,29075],[36,8],[48,70],[17,70],[46,2],[39,129],[-26,31],[80,114],[87,25],[23,50],[11,-3],[32,-28],[81,-5],[36,-88],[54,18],[24,-60],[50,-27],[121,22],[27,-30],[84,11],[10,73],[35,6],[18,13],[84,74],[49,-19],[-64,-180],[17,-54],[84,-44],[-37,-93],[65,-156],[-21,-53]],[[28966,28951],[-9,-4],[-44,-54],[-2,-71],[-64,0],[-41,-103]],[[28806,28719],[-76,-16],[-22,4],[-42,60],[-70,11],[-80,79],[-99,-27],[-55,-64],[-82,-36],[-53,36],[-47,-102],[4,-71],[-34,-53],[-12,-90],[-63,-79],[4,-78]],[[28079,28293],[-46,114],[-14,83],[25,97],[-89,89],[-44,1]],[[26281,30393],[43,102],[47,27],[26,79],[113,77],[4,75],[64,-16],[106,-62],[153,20],[16,73],[102,-31],[70,48],[51,-42],[11,-77],[68,11],[58,47],[39,73],[8,20],[-5,13]],[[27885,30342],[0,-1],[3,-12],[-6,-20],[-21,10],[-23,-18],[-22,-81],[39,-68],[-42,-111],[-40,23],[-16,-3]],[[27757,30061],[-16,1],[-39,-44],[-121,38],[-38,90],[-63,24],[-66,-25],[-60,112],[-96,-45],[-6,-43],[-30,-4],[-63,95],[-37,15],[-71,-52],[-70,-24],[-36,-53]],[[27757,30061],[98,-102],[-58,-87],[-24,-46],[-19,-90],[5,-10],[28,-10],[4,-39],[-15,-39]],[[32125,32282],[42,2],[28,51],[68,-67],[129,-47],[71,-47],[53,32],[32,-19],[93,-40],[40,29]],[[32681,32176],[101,-29],[3,-22],[-28,-56],[42,-28],[-16,-90],[-41,7],[15,-19],[2,-77]],[[32759,31862],[-104,-5],[-44,-62],[33,-101],[-50,-66],[15,-89],[-101,-166],[-137,-94],[-20,24]],[[28806,28719],[87,42],[67,-12],[66,43],[88,-75],[15,-117],[-46,-24],[72,-78],[169,61],[67,-58],[-8,-45],[34,-77],[44,-28],[-18,-138],[112,-79]],[[29555,28134],[-4,-5],[7,-55],[50,-42],[27,4],[7,-36],[6,-75],[-40,-42],[26,-82],[-64,-88],[94,-104],[-53,-96],[13,-34],[-99,-168],[-101,-79],[-163,6],[-47,54],[38,50],[39,133],[-133,-94],[-84,-12]],[[29074,27369],[-45,70],[-90,-29],[-300,146],[-78,-2],[-149,-133],[-55,-122],[-17,-21]],[[28340,27278],[-14,5],[-12,13],[0,47],[-59,50],[-11,6],[-89,-3],[-34,53],[-91,26],[-61,-49],[-33,-12],[-13,14],[73,50],[3,75],[74,136],[1,75],[58,34],[-21,89],[-31,14],[11,84],[-10,32],[-30,56],[10,60]],[[28061,28133],[20,65],[-2,95]],[[30822,27662],[-124,37],[-4,46],[-111,64],[-90,10],[-42,68],[-100,-62],[-145,70],[-106,143],[-114,42],[-29,39],[-151,22],[-17,13],[-66,104]],[[29723,28258],[149,153],[13,71],[-10,129],[21,26],[2,55],[40,44],[-4,144],[-7,42],[12,84],[68,6],[3,42]],[[30010,29054],[17,4],[82,23],[11,7],[53,-41],[46,14],[55,-41],[39,37],[135,-9],[34,-82],[-79,4],[-64,-54],[52,-35],[-51,-64],[-28,-151],[64,-30],[41,-66],[117,-21],[10,-5]],[[30544,28544],[42,-34],[94,-60],[-5,-105],[29,-38],[174,-2],[70,-136],[-4,-34],[-84,-16],[21,-63],[10,-22],[69,-12],[64,-36],[-24,-128],[93,-51],[1,-79],[-109,15],[-34,-84],[-87,-10],[-42,13]],[[29416,29918],[-30,-45],[3,-40]],[[29389,29833],[-84,42],[-97,11],[-66,-34],[-185,73],[-94,101],[-308,43],[-163,33],[-90,70],[-15,43],[34,102]],[[29389,29833],[3,-34],[-2,-190],[-59,-72],[11,-126],[18,3],[75,-76]],[[29435,29338],[-10,1],[-104,-114],[-31,-68],[32,-102],[36,-17],[35,-134],[-68,-14],[-110,52],[-97,20],[-145,-27],[-7,16]],[[32593,33039],[-27,-122],[3,-95],[33,-41],[45,-26],[25,-8],[49,-31],[71,-97],[82,-79],[23,-32],[-6,-75],[-92,-46],[-23,-3]],[[32776,32384],[-13,-2],[-20,-93],[-4,-21],[-9,2],[-8,-21],[3,-4],[-11,-8],[-2,-7],[-14,-12],[-17,-42]],[[29435,29338],[20,-7],[72,-33],[63,29],[91,-3],[12,-57],[120,-34],[103,-146],[48,-32],[46,-1]],[[29723,28258],[-56,-25],[-102,-93],[-10,-6]],[[28061,28133],[-114,-36],[-123,-58],[-21,-12],[-45,-3],[-121,53],[-92,-9],[-15,-49],[-137,-1],[-48,26],[-210,-22],[-52,-27],[-81,-88],[-227,-27],[-72,66],[-87,-3],[-97,87],[3,82],[-53,13],[-79,65],[-92,19]],[[12730,16246],[-111,22],[2,-59],[-57,-7],[-136,42],[-205,-8],[-74,74],[-57,24],[-8,-1]],[[12084,16333],[-17,3],[-33,59],[23,142],[-39,92],[24,52],[-48,58],[-208,9],[25,93],[-40,70],[-58,3],[0,88],[-175,50],[13,69],[-21,4],[-122,-10],[-23,113],[65,30],[7,60],[-87,-7],[-41,42],[-7,4],[-5,89],[25,54],[96,4],[35,30],[35,-85],[83,36],[0,100],[20,28],[161,62],[-6,76],[41,61],[125,3],[40,86]],[[11972,17901],[65,8],[108,-38],[-13,-93],[-75,7],[38,-136],[46,-38],[-5,-162],[-51,-7],[6,-70],[-42,-52],[26,-43],[71,10],[10,58],[90,8],[31,-83],[54,63],[64,-9],[134,-89],[96,-18],[293,-149],[68,8],[38,-2],[73,-75],[-5,-87],[128,-53],[48,5],[117,-33]],[[13385,16831],[9,-97],[146,-37],[-51,-32],[15,-135],[-18,-50],[44,-69],[-70,-52]],[[13460,16359],[-95,67],[-42,3],[-142,-99],[-96,35],[44,157],[-152,20],[-32,-40],[7,-195],[-57,-13],[-69,103],[-85,23],[-131,-39],[124,-80],[-4,-55]],[[16023,10920],[-112,-232],[-14,-75],[-53,-45],[-84,-20],[-21,43],[-107,-30],[-2,-16]],[[15630,10545],[-7,11],[39,74],[-97,44],[49,35],[15,12],[-76,31],[-50,-74],[-1,21],[-73,18],[5,93],[-69,61],[-42,66],[-59,-41],[-48,25],[-7,125],[-23,67]],[[15186,11113],[83,35],[36,136],[5,77],[41,90],[53,-7],[30,110],[113,18],[85,-76],[36,29],[180,-31],[20,-118],[69,-137],[-27,-193],[94,-56],[19,-70]],[[15186,11113],[-13,61],[-16,73],[4,99],[-76,68],[-82,6],[-25,68]],[[14978,11488],[-26,158],[57,-6],[13,76],[128,-1],[52,34],[18,221],[61,84]],[[15281,12054],[38,-5],[60,-63],[99,-10],[82,-71],[61,7],[118,-77],[-6,-40],[66,-37],[92,46],[49,-17],[73,-46],[-28,-116],[101,-52],[90,11]],[[16176,11584],[65,9],[-15,-213],[-56,-17],[9,-85],[-53,-27],[-61,-214],[-21,-15],[27,-21],[-15,-37],[3,-29],[18,-1],[1,-16]],[[16078,10918],[-15,1],[-40,1]],[[9869,15915],[16,106],[53,71],[50,2],[33,51]],[[10021,16145],[45,-61],[79,-9],[98,43],[61,149],[-29,52],[109,135],[55,171],[-47,18],[-41,-11],[-74,15],[106,92],[90,-42],[15,168],[17,75],[-39,43],[-104,19],[-70,64],[-52,-3],[-24,87],[57,91],[-7,22],[-26,1],[-16,86],[-74,40],[-38,115],[58,-17],[42,44],[89,-47],[30,91],[115,48],[42,38],[89,12],[14,-131],[16,-6],[37,-1],[120,80],[44,7],[7,19],[-35,24],[23,90],[3,9],[11,48],[4,8]],[[10821,17821],[1,-1],[15,-3],[24,0],[24,5],[29,19],[41,39],[119,22],[110,45],[-7,126],[60,42],[8,48],[84,71],[75,-13],[76,15],[1,-46],[128,-101],[19,-41],[77,-2],[23,42],[66,18],[15,47],[-7,97],[95,-5]],[[11897,18245],[-13,-58],[-1,-95],[101,-14],[-28,-94],[16,-83]],[[12084,16333],[7,-125],[-36,-66],[-37,7],[19,105],[-83,1],[-20,-68],[-101,10],[21,-81],[2,-37],[-7,-23],[-36,-7],[-22,-70]],[[11791,15979],[-127,-12],[0,-57],[-158,39],[-14,-80],[-69,7],[12,70],[-56,-2],[-26,-43],[-79,12],[-5,-47],[-122,8],[-80,-41],[-3,-59],[-70,-50],[26,-76],[-61,-79],[-54,3],[-3,-89]],[[10902,15483],[-14,-4],[-58,2],[-140,-92],[-78,80],[-55,28],[-90,-42],[-20,33],[-73,5],[-6,82],[-74,35],[-58,66],[-105,5]],[[14245,14721],[-6,-3],[-47,32],[9,51],[-101,-24],[27,-70],[47,-13],[-4,-54],[-60,-91],[58,-53],[-20,-83],[-86,-106],[3,-50],[-66,-75],[-15,-112],[-109,-104],[-44,-9]],[[13831,13957],[-17,11],[-91,23],[-22,71],[-64,15],[-28,64],[-54,5],[-35,47],[-122,3],[-30,-81],[-75,94],[27,89],[-96,105],[76,67],[-105,40],[-87,-2],[10,57],[-47,32],[-91,-35],[-42,16],[-140,-67],[-99,51],[-41,-43],[57,-121],[-61,-66],[-46,42],[-26,-98]],[[12582,14276],[-66,-36],[11,91],[-97,71],[41,82],[72,17],[-7,60],[-53,-10],[-22,69],[29,32]],[[12490,14652],[69,-7],[62,59],[8,41],[98,77],[50,-14],[59,72],[-41,38],[33,62],[70,8],[4,2]],[[12902,14990],[11,2],[35,26],[84,-17],[108,35],[40,68],[68,-6],[49,67],[100,-78],[103,124],[38,4],[49,112],[73,-4],[43,27],[107,12],[156,120],[34,52],[96,16],[55,62],[129,14],[53,39],[2,57]],[[14335,15722],[36,26],[-3,97],[9,25],[121,109],[11,17],[15,63],[167,177]],[[15382,19371],[-108,-1],[-14,30],[-33,2],[-15,-20],[-67,14],[-39,51],[-78,10],[-66,-29],[-60,23],[-62,100],[-47,-44],[-84,15],[-64,45],[-31,-78],[-86,-27],[-153,30],[-109,-7],[-61,34],[-59,-36],[-10,64]],[[14136,19547],[2,45],[78,132],[62,37],[19,48],[-84,55],[6,73]],[[14219,19937],[56,-38],[131,38],[46,-9],[53,80],[8,171],[57,8],[2,130],[-52,18],[17,29],[36,86],[74,-32],[85,12],[14,-38],[85,1],[-23,75],[74,23],[63,133],[48,-6],[44,193],[13,40],[40,17]],[[15090,20868],[81,37],[85,-17],[60,-57],[-13,-102],[-51,-58],[76,-15],[96,-71],[141,56]],[[15565,20641],[87,-23],[-6,-10]],[[15646,20608],[-12,-19],[-37,-130],[47,-68],[0,-120],[-51,-15],[-24,-74],[90,-30],[78,-87],[-55,-44],[-7,-75],[-82,-66],[-21,-63],[-73,-53],[-10,-33],[84,-38],[-26,-64],[-75,-18],[-73,-44],[-2,-45],[-15,-151]],[[11897,18245],[83,43],[60,-23],[61,39],[37,-36],[133,-3],[0,76],[66,-5],[2,-61],[96,16],[21,167],[-12,75],[-70,84],[19,61],[32,25],[-8,112],[-42,3],[-44,55]],[[12331,18873],[12,69],[-47,14],[-11,59],[63,16],[32,154],[76,-42],[17,-74],[75,16],[124,-93],[19,89],[119,-25],[-1,-93],[63,-53],[220,50],[17,-35]],[[13109,18925],[-12,-45],[52,-46],[-12,-48],[57,-21],[69,-61],[19,-32],[29,-19],[62,-32],[19,-28],[52,27],[150,21],[-3,-106],[57,-80],[51,49],[10,-213],[-58,-8],[0,-74],[60,12],[-12,-168],[-91,20],[-33,-71],[40,-33],[-12,-60],[106,-7],[38,-75],[3,-19],[1,-1]],[[13751,17807],[2,-6],[-40,0],[-55,-105],[21,-88],[33,-294],[-89,-22],[-84,2],[1,-61],[-46,-24],[16,-57],[-22,-109],[75,-18],[11,-85],[-42,-63]],[[13532,16877],[-28,-6],[-51,-68],[-53,24],[-15,4]],[[14379,8622],[-34,41],[-108,17],[-294,-2],[-36,13],[-30,115],[-37,31],[-102,-70],[-47,8]],[[13691,8775],[-35,42],[26,54],[-1,22],[-17,49]],[[13664,8942],[10,13],[-17,71],[3,8],[82,-38],[51,55],[-2,67],[71,22],[70,90],[-27,43],[40,67],[99,0],[16,39],[81,-18],[108,2],[94,26],[61,-25],[84,77],[-66,30],[6,106],[-68,23],[12,27],[52,-5],[16,-19],[107,-58],[70,82],[78,-6],[17,50],[145,71],[2,34],[-15,21],[-20,5],[-1,0]],[[14823,9802],[14,4],[80,28],[-6,89],[139,-5],[88,-16],[33,16]],[[15171,9918],[7,-2],[23,-42],[132,9],[71,-72],[16,-5]],[[15420,9806],[6,-4],[26,-78],[48,-11],[155,20],[203,-50],[21,-34]],[[15879,9649],[46,-70],[-34,-71],[-94,-106],[-41,-126]],[[15756,9276],[-235,-33],[-66,20],[-14,-77],[-37,2],[5,-92],[-42,-120],[-32,-18],[-94,29],[-49,-35],[-69,71],[-71,7],[-212,-73],[-30,-68],[-37,10],[-54,87],[-62,45],[-100,-38],[-74,3],[-32,-105],[-45,-46],[-29,-77],[-10,-13],[-4,-18],[39,-65],[-23,-50]],[[16627,12168],[9,-203],[-56,-71],[-47,-9],[16,-104],[-85,-76],[-124,-45],[-23,13],[4,16],[-24,13],[-98,-84],[-23,-34]],[[15281,12054],[10,57],[-50,145],[35,85],[94,39],[28,2]],[[12247,11012],[-5,53],[-64,65],[25,35],[2,30],[-19,21],[-13,72],[-42,42],[-88,50],[-94,110],[-56,0],[-55,-89],[-94,-6],[-71,53],[-14,42],[-3,-6]],[[11656,11484],[-40,42],[-62,158],[-38,-10],[-59,109],[54,23],[64,113],[-8,61],[-9,14]],[[11558,11994],[-5,8],[54,70],[90,38],[-3,137],[35,2],[55,-74],[31,36],[76,6],[109,79],[13,40],[-34,82],[102,43],[55,65],[77,-52],[56,40],[13,9],[30,5],[18,-1]],[[12330,12527],[5,-1],[30,-48],[-14,-22],[27,-35],[14,5],[44,105],[104,10],[45,43],[78,2],[29,41],[159,-20],[85,87],[30,-13],[66,46],[7,40]],[[13039,12767],[107,-58],[58,-138],[29,-102],[37,-28],[77,-4],[76,-115],[23,-76],[112,-55],[10,5]],[[13568,12196],[17,-56]],[[13585,12140],[-24,-54],[-16,-6],[-22,20],[-59,-35],[-90,6],[-9,-72],[-115,5],[-35,-112],[-141,-49],[-38,-59],[13,-123],[-44,-34],[-131,-8],[-66,17],[-100,-24],[-43,-59],[-92,-8],[-40,-57],[33,-91],[-37,-60],[21,-118],[-156,2],[-71,-112],[-8,-45],[-68,-52]],[[14560,13115],[-98,-80],[-35,-68],[-77,-27],[-17,-139],[-54,14],[-98,-52],[73,-106],[-5,-101],[-64,30],[-45,-47],[-20,-145],[-44,58],[-144,-13],[-92,-144],[-94,-29],[-9,-48],[-75,-20],[-57,23],[-37,-25]],[[13039,12767],[21,79],[12,225],[-47,85],[60,82],[0,109],[31,42],[86,21],[-35,108],[76,8],[-8,154],[-23,36],[111,55],[94,-27],[29,-65],[89,2],[84,25],[73,48],[54,7],[0,89],[39,3],[82,58],[-36,46]],[[14656,13376],[-8,-70],[35,-25],[0,-10]],[[12247,11012],[47,-72],[62,-31],[-16,-106],[76,-86],[-43,-105],[6,8],[58,8]],[[12437,10628],[-21,-25],[-18,-36],[38,-200],[-90,-79],[-42,47],[-58,-64],[-154,-52],[12,46],[-59,55],[-32,-47]],[[12013,10273],[-75,-24],[-58,12],[-34,3],[-55,46],[-18,64],[52,81],[-42,23],[-64,-85],[-39,17],[-22,93],[-78,-10],[11,79],[-81,21],[-108,-28],[4,98],[-78,-2],[-18,44],[14,81],[-19,13],[-188,-63]],[[11117,10736],[-15,-2],[-77,175],[-76,403],[12,19],[0,20],[12,2]],[[10973,11353],[5,-15],[10,8],[-3,28],[112,18],[46,-55],[-8,-92],[82,-53],[100,7],[30,-62],[104,110],[84,156],[57,1],[62,71],[2,9]],[[12330,12527],[-3,50],[5,42],[-3,14],[9,41],[67,44],[40,78],[55,57],[-59,121],[58,78],[42,3],[3,9],[-6,13],[-109,-5],[-50,23],[-82,-38],[-116,70],[-107,-2],[-85,34],[43,61],[57,45],[-12,54],[91,23],[30,-26],[2,93],[5,41],[10,0]],[[12215,13450],[15,-3],[95,32],[32,90],[27,112],[-4,105],[57,-7],[30,53],[56,-24],[54,66],[69,-9],[37,96],[-20,55],[9,105],[-30,54],[-58,-10],[-31,16],[1,23],[28,72]],[[11791,15979],[223,-60],[125,84],[25,-97],[86,-1],[-35,-103],[-6,-92],[-76,-14],[-21,-68],[37,-39],[-4,-177],[-57,-42],[-13,-84],[-59,-2],[31,-183],[-53,-44],[55,-121],[-24,-67],[-2,-11]],[[12023,14858],[-4,-11],[-81,-17],[-43,33],[-6,168],[-185,-107],[-140,1],[22,80],[-79,-11],[-46,-51],[2,-66]],[[11463,14877],[-38,0],[-4,14],[-55,-22],[-137,-4],[-78,-38],[-20,70],[-76,115],[69,80],[-6,36],[59,68],[-16,85],[-121,80],[-44,60],[-83,66],[-11,-4]],[[12730,16246],[135,-81],[60,-16],[43,32],[84,-60],[10,-78],[-65,-15],[-64,-93],[-79,113],[-81,-22],[1,-75],[44,-120],[-52,-21],[-13,-145],[-69,-10],[2,-93],[35,-24],[42,-63],[61,-10],[-21,-205],[38,-88],[21,-103],[40,-79]],[[12490,14652],[-17,46],[-89,34],[-62,-68],[-93,42],[-8,87],[-67,36],[-59,-6],[-72,35]],[[15382,19371],[83,-27],[62,12],[35,-42],[180,-51],[48,-27]],[[15790,19236],[4,-13],[-128,-52],[-1,-46],[-63,-26],[-65,21],[-39,-25],[19,-117],[-108,-30],[-37,-102],[34,-22],[-97,-77],[-26,-24],[-35,-104],[28,-42],[144,-60]],[[15420,18517],[61,-174],[-59,-98],[-20,-126]],[[15402,18119],[-73,-15],[-99,61],[-21,35],[-123,-4],[-83,26],[-89,-52],[-117,-12],[-30,81],[-91,-96],[37,-53],[-99,-14],[31,-86],[-156,32],[-8,114],[-71,-2],[-33,-45],[-262,-153],[-79,-104],[-14,71],[-70,1],[-58,-33],[-49,8],[-24,-51],[-40,-23],[-30,2]],[[13109,18925],[79,60],[70,-45],[110,40],[68,-12],[10,-46],[69,-2],[106,-31],[49,63],[-5,39],[-76,10],[18,107],[-66,-5],[27,72],[-30,219],[140,18],[14,31],[8,41]],[[13700,19484],[10,0],[83,45],[3,78],[61,3],[0,79],[61,7],[45,-99],[28,85],[145,-135]],[[13585,12140],[86,-68],[4,-109],[-61,-150],[-59,-7],[17,-196],[38,-35],[-12,-58],[91,-25],[81,-79],[-13,-80],[107,-34],[120,-7],[19,-17],[-23,-38],[23,-62],[25,-4]],[[14028,11171],[5,-37],[-5,-24],[-60,-92],[0,-71],[-39,-62],[-84,-8],[-87,-82],[-96,91],[-131,-86],[42,-81],[-2,-125],[-16,-31],[-4,-16]],[[13551,10547],[-24,-57],[-12,-27],[-37,39],[-52,-22],[-33,12],[-66,6],[-28,-98],[-41,8],[-25,-61],[-87,-28],[-89,83],[-37,-9],[-7,-6]],[[13013,10387],[-38,30],[-51,-44],[-29,93],[1,28],[-17,32],[46,100],[-38,29],[-9,81],[53,62],[-70,41],[-104,3],[14,-73],[-36,-82],[35,-38],[21,-11],[2,-19],[-80,-49],[-45,56],[-82,-44],[-50,44],[-61,4],[-38,-2]],[[12215,13450],[-56,54],[-123,75],[-96,39],[13,72],[-57,43],[7,87],[-136,173],[-93,-10],[-3,73],[-67,33],[-38,-24],[-71,51],[-83,1]],[[11412,14117],[-21,14],[-11,28],[-24,71],[4,14],[38,88],[48,19],[7,126],[-9,123],[55,14],[-56,161],[19,89],[1,13]],[[13013,10387],[-10,-15],[-24,2],[-10,-5],[-1,-4],[14,-19],[-67,-100],[23,-71],[-75,-19],[-31,-64],[83,-102],[64,-35],[37,-131],[65,-4],[66,-92],[49,-9],[21,-67],[44,-68],[30,-119],[-8,-38],[-48,-21],[-62,-69],[-7,-6]],[[13166,9331],[-28,-16],[-102,-52],[-89,-14],[-75,11],[-10,3]],[[12862,9263],[-9,6],[-26,-1],[-64,19],[-69,69],[-43,87],[-5,74],[-53,7],[-26,-9],[-15,-2],[-127,34],[-46,91],[-97,15],[-72,87],[-22,61],[-15,36],[-28,21],[-13,29],[-104,10],[-8,-1],[1,1]],[[12021,9897],[4,7],[14,16],[-34,75],[20,45],[-67,32],[-15,19],[32,89],[54,38],[-16,55]],[[16680,10730],[-166,31],[-93,108],[-71,20],[-34,-82],[-73,74],[-42,-42],[-84,80],[-20,1],[-5,0],[-7,-1],[-7,-1]],[[13460,16359],[181,0],[54,-25],[38,-66],[0,-26],[-62,-71],[44,-23],[7,-86],[145,-66],[93,-5],[20,-43],[90,-14],[63,-35],[-3,-91],[95,-8],[16,-39],[94,-39]],[[14823,9802],[-3,-1],[-7,-37],[-53,30],[-125,12],[-45,82],[8,112],[-62,3],[-5,85],[-67,13],[-100,-11],[-40,-76],[-68,-17],[-21,-86],[-64,96],[-64,20],[-50,51],[-42,-49],[-75,-33],[-38,75],[18,60],[-191,105],[-4,26],[-61,104],[-54,35],[-23,96],[-36,50]],[[14028,11171],[5,-1],[29,3],[36,85],[47,-26],[98,-9],[108,-62],[22,-91],[78,-93],[7,-79],[67,-97],[64,6],[65,-70],[118,-32]],[[14772,10705],[-13,-96],[5,-25],[36,-6],[28,-219],[54,-163],[31,36],[66,3],[104,-34],[29,-131],[46,-3],[31,-67],[-18,-82]],[[13664,8942],[-5,-6],[-115,-35],[-41,24],[-59,102],[-94,-1],[-25,88],[-33,26],[-126,-23],[0,214]],[[13532,16877],[11,1],[118,78],[119,98],[60,17],[109,74],[41,-2],[235,129],[167,38],[57,107],[50,-12],[96,34],[4,86],[45,9],[11,-76],[88,2],[92,-63],[51,-6],[31,-64],[11,-15],[20,-9],[101,-23],[74,-18]],[[15123,17262],[113,-48],[98,-24],[117,27],[62,-13],[109,-77],[-84,-117],[-77,-22],[12,-112],[-14,-128],[27,-76],[-20,-76],[32,-51],[-1,-146]],[[15630,10545],[-2,-11],[6,-17],[-35,-135],[14,-91],[77,-54],[-26,-184],[-9,-36],[-80,-102],[-63,-49],[-81,-13],[-11,-47]],[[14772,10705],[31,50],[82,16],[13,75],[-39,59],[17,102],[41,26],[-52,118],[-106,90],[15,154],[125,106],[79,-13]],[[11558,11994],[-48,-1],[-53,60],[-15,51],[-57,98],[40,24],[-71,80],[-30,183],[-109,58],[-27,144],[-89,23],[-26,53],[-92,36],[-123,-13],[-27,77],[-55,62]],[[10776,12929],[16,95],[-61,106],[26,33],[-49,89],[67,40],[40,-31],[62,14],[-19,100],[23,59],[60,-51],[184,-39],[31,10],[36,16],[19,14],[18,40],[-51,50],[41,60],[30,102],[-51,95],[-60,-2],[33,175],[121,40],[24,-85],[82,-7],[-26,144],[0,49],[26,49],[14,23]],[[10973,11353],[-18,-2],[1,-24],[-10,-5],[-6,22],[-43,172],[-41,239],[-36,44],[-5,187],[-54,359],[-29,54],[-15,111],[-48,213],[-34,101]],[[10635,12824],[82,40],[59,65]],[[10810,11769],[1,-4],[-4,0],[0,6],[3,-2]],[[10778,11858],[4,-4],[1,-9],[-9,8],[4,5]],[[10806,11779],[1,-6],[-7,3],[4,7],[2,-4]],[[10796,11795],[7,-10],[0,-1],[-10,3],[3,8]],[[10959,11351],[-1,-1],[0,1],[1,0]],[[10959,11351],[0,0],[3,0],[-2,0],[-1,0]],[[10778,11530],[7,-8],[-1,-6],[-10,13],[4,1]],[[10826,11679],[0,-6],[-3,-1],[0,9],[3,-2]],[[10635,12824],[-28,44],[-91,70],[-73,352],[-28,29],[-67,209],[-36,183],[-55,150],[-75,76],[-40,104],[-14,134],[-53,111],[-86,-28],[-65,54],[-57,93],[0,56],[-45,104]],[[10464,12979],[-2,-7],[-4,0],[-1,10],[7,-3]],[[10204,12998],[5,-3],[-4,-12],[-8,11],[7,4]],[[10332,13525],[1,-3],[-10,0],[5,5],[4,-2]],[[9920,14288],[3,-3],[-1,-3],[-7,5],[5,1]],[[9846,14321],[13,-8],[1,-2],[-18,1],[4,9]],[[9808,14383],[-3,0],[-2,3],[4,0],[1,-3]],[[9754,14423],[-3,0],[-1,0],[4,2],[0,-2]],[[9763,14430],[-6,-2],[-2,1],[2,3],[6,-2]],[[9768,14430],[0,-2],[-4,1],[1,3],[3,-2]],[[9817,14460],[-1,-2],[-2,0],[1,5],[2,-3]],[[9825,14475],[5,-1],[-3,-5],[-7,7],[5,-1]],[[9822,14532],[-4,-2],[-2,1],[3,3],[3,-2]],[[10085,14224],[-1,-2],[-6,1],[2,3],[5,-2]],[[10060,14232],[-4,-1],[-1,3],[5,1],[0,-3]],[[15402,18119],[9,-5],[4,-63],[12,-120],[-49,-25],[-21,-91],[72,-6],[-6,-54],[-80,-28],[27,-45],[64,10],[-83,-139],[-10,-85],[-60,-13],[-22,-47],[-191,-29],[55,-117]],[[13772,4221],[-223,540],[-64,303],[-41,458]],[[13444,5522],[18,5]],[[13462,5527],[17,66],[58,-16],[44,-92],[24,-148],[-14,-63],[46,-77],[-39,-87],[-17,-155],[177,6]],[[13758,4961],[51,-65],[-20,-105],[24,-40],[-1,-28],[9,-3]],[[13821,4720],[-24,-143],[88,5],[31,53],[86,-24],[49,-64],[16,-67],[-33,-99],[69,-69],[-31,-42],[-19,0]],[[14053,4270],[-22,-2],[-96,-62],[-70,40],[-93,-25]],[[13752,4964],[-41,-2],[1,41],[26,-10],[2,-22],[12,-7]],[[13660,4960],[-36,0],[-2,11],[37,14],[1,-25]],[[13709,4995],[-1,-33],[-46,-2],[-1,26],[48,17],[0,-8]],[[13677,5019],[18,-19],[-72,-27],[-1,15],[37,18],[1,12],[17,1]],[[13629,5126],[2,-5],[-5,-7],[-4,8],[7,4]],[[13607,5492],[0,-6],[-1,0],[-2,7],[3,-1]],[[13602,5494],[0,-4],[-5,5],[2,0],[3,-1]],[[13569,5578],[10,-23],[17,-9],[9,-43],[-38,13],[2,62]],[[13444,5522],[-62,205],[37,11],[9,-117],[34,-94]],[[13686,5480],[-56,28],[-54,136],[-40,-50],[-100,192],[-10,141],[-39,73],[-45,-6],[42,-148],[-25,-81],[-69,271],[-27,77],[46,30]],[[13309,6143],[82,9],[37,-47],[64,11],[48,93],[53,16],[70,97],[205,-14],[63,24],[72,-49],[79,-5],[31,-9]],[[14113,6269],[-23,-89],[-54,-100],[250,-214],[-76,-93],[-36,-15],[-60,-106],[-87,-7],[-11,-34],[4,-55],[-2,-20],[0,-2]],[[14018,5534],[-14,3],[-106,-75],[-61,16],[-14,46],[-26,2],[-61,-5],[-29,-29],[-21,-12]],[[13614,5520],[-4,-5],[-4,5],[9,2],[-1,-2]],[[13621,5495],[4,1],[13,-11],[-12,1],[-5,9]],[[13617,5515],[-1,-2],[-4,0],[3,5],[2,-3]],[[13424,5752],[20,-7],[32,-73],[-45,25],[-4,39],[-12,12],[9,4]],[[13440,5755],[-5,-2],[-1,3],[6,1],[0,-2]],[[13429,5855],[2,-9],[-8,-8],[-8,10],[5,3],[3,6],[-1,3],[7,-5]],[[13391,5767],[0,3],[2,1],[0,-4],[-2,0]],[[13390,5829],[18,-13],[9,-28],[2,-17],[-17,-9],[-12,67]],[[13409,5828],[-6,2],[3,6],[3,-8]],[[13421,5857],[-3,-7],[-2,0],[2,8],[3,-1]],[[13387,5987],[10,-9],[2,-10],[-7,12],[-6,-11],[1,18]],[[14113,6269],[17,-3],[178,36],[54,-3],[108,-59]],[[14470,6240],[150,-42],[94,51],[58,86],[14,6]],[[14786,6341],[17,9],[14,0],[31,19],[25,15],[48,41],[99,-11],[-13,-62],[60,-92],[13,-54],[19,1],[8,-7]],[[15107,6200],[-36,-196]],[[15071,6004],[-37,16],[-72,-44],[5,-26],[7,-14],[15,-8],[75,-95],[20,-93],[-65,-73],[-38,-101],[41,-42],[-23,-113],[-3,-104],[-70,-131],[33,-76],[62,-59],[63,-11],[73,47],[109,-151],[27,15]],[[15293,4941],[-24,-128],[-20,-3],[-50,-52],[-10,-11]],[[15189,4747],[-4,-5],[-2,-97],[-89,-109],[1,-50]],[[15095,4486],[-94,44],[35,160],[-71,117],[-82,33],[-40,41],[-113,-59],[-14,2],[21,-78],[-211,24]],[[14526,4770],[74,99],[-61,11],[-96,82],[0,143],[66,60],[-69,119],[-55,31],[-67,89],[-94,56],[-17,-20],[-123,71],[-69,11],[3,12]],[[12862,9263],[11,-80],[-14,-90],[-201,20],[-30,-34],[12,-38],[-24,-12],[-8,-16]],[[12608,9013],[0,-2],[-8,6],[-143,-44],[-126,-105],[-36,-54],[-30,-23],[-51,63]],[[12214,8854],[-19,6],[-233,268],[-29,-11],[-113,166],[-14,77],[3,33],[37,5],[-22,36],[10,11],[3,35]],[[11837,9480],[52,80],[103,69],[-14,16],[-45,-19],[-31,0],[-117,-60],[-94,-2],[6,-123]],[[11697,9441],[-66,21],[-13,99],[27,71]],[[11645,9632],[-36,86],[53,4],[42,46],[99,27],[-1,42],[97,17],[66,48],[9,-1],[10,-4],[37,0]],[[11819,9412],[-7,-6],[-10,3],[14,6],[3,-3]],[[11822,9425],[-4,-3],[-4,1],[1,3],[7,-1]],[[11645,9632],[-50,-5],[-76,126],[-128,324],[-72,112],[-137,348],[-52,117],[-13,82]],[[11586,9579],[11,-14],[29,-92],[-30,71],[-10,35]],[[11596,9589],[12,-10],[-4,-23],[-14,28],[6,5]],[[11580,9637],[13,-13],[-6,-24],[-15,34],[8,3]],[[14968,4126],[-3,-5],[-15,-25],[-80,-59],[80,-116],[43,-96],[56,-45],[12,-64],[-54,-101],[-53,-26]],[[14954,3589],[-196,121],[-79,8],[-65,-108],[-101,-36],[-54,89],[-90,44],[-88,-15],[-57,-57],[-110,-6]],[[14114,3629],[-106,129],[-113,83],[-58,228],[-65,152]],[[14053,4270],[0,-1],[0,-48],[-11,-9],[18,-42],[22,-1],[85,-21],[56,-15],[43,72],[73,-36],[78,66],[88,15],[2,58],[116,-70],[90,-10],[23,-26],[163,-65],[43,1],[17,-9],[5,-5],[4,2]],[[13758,4961],[-80,74],[24,75],[-46,64],[19,89],[-52,12],[13,69],[-37,86],[27,55],[60,-5]],[[14526,4770],[-26,-20],[-66,47],[-114,18],[-86,-28],[-28,63],[-64,-35],[-60,45],[-32,2],[-84,-42],[-34,-64],[-111,-36]],[[13620,5298],[2,1],[-2,-4],[0,3]],[[13605,5372],[2,-10],[0,-2],[-5,10],[3,2]],[[12608,9013],[18,-11],[-5,-60],[109,-107],[75,-1],[18,-172],[82,-42],[3,-32],[138,-107],[58,33],[30,-69],[78,-58]],[[13212,8387],[-5,-11],[8,-30],[-71,-54],[-19,-154],[-75,-80],[-85,-23],[-152,-15],[-9,-24],[-9,-84],[-10,-20],[-49,-41]],[[12736,7851],[-76,22],[-93,292],[-110,235],[-106,69],[-137,385]],[[12718,7834],[-4,-10],[-8,-3],[-2,6],[14,7]],[[13212,8387],[69,39],[29,63],[64,33]],[[13374,8522],[41,-81],[105,-51],[68,6],[144,-120],[150,-52],[2,-55],[-44,-105],[-111,-57],[-14,-65]],[[13715,7942],[-59,7],[1,-154],[-99,-47],[-47,-79],[21,-91],[-27,-154],[-83,8],[-63,-54],[-82,44],[-84,-25],[-64,-103],[-88,10],[-24,-40],[17,-15],[5,-93],[51,-54],[-1,-7]],[[13089,7095],[-4,-4],[-24,-38],[-72,-30],[-62,12]],[[12927,7035],[-90,188],[-50,249],[-84,342],[33,37]],[[13715,7942],[113,14],[25,-21],[121,13],[48,-22],[124,82]],[[14146,8008],[49,-44],[-67,-87],[91,-86],[-11,-83],[-74,-82],[-49,-102],[-13,-72],[134,-70],[66,1],[75,-35],[70,-112],[62,-52],[-37,-115],[-5,-138],[-112,-5],[41,-74],[-20,-263],[-16,-41],[47,-123],[-17,-21],[2,-8]],[[14362,6396],[-13,-3],[-126,0],[3,45],[-60,21],[-52,-19],[-45,38],[-67,-4],[-58,97],[-47,-3],[-56,59],[-73,32],[-76,85],[-38,83],[14,90],[55,87],[30,133],[-190,-13],[-113,24],[-59,-18],[-48,61],[-100,-137],[-52,28],[-102,13]],[[15095,4486],[-29,-129],[3,-85],[-94,-98],[-4,-42],[-3,-6]],[[14954,3589],[-26,-97],[52,-118],[49,-50],[0,-28],[39,-47]],[[15068,3249],[23,-61],[-29,-64],[-94,-24],[-4,-95],[-59,-103],[-6,-99],[-47,1],[-42,-44]],[[14810,2760],[-157,131],[-185,235],[-283,380],[-71,123]],[[13309,6143],[-52,-9],[-73,258],[-60,164],[-99,208],[-73,185],[-25,86]],[[14362,6396],[-4,-32],[112,-124]],[[13691,8775],[20,-39],[-8,-15],[-84,-13],[-16,-51],[-121,-53],[-45,52],[-76,-52],[13,-82]],[[8130,2810],[-19,-33],[-3,-40],[-29,-33],[29,70],[22,36]],[[8014,2727],[4,-2],[-2,-4],[-3,3],[1,3]],[[9049,5928],[-3,-2],[-2,1],[6,4],[-1,-3]],[[9044,5939],[-3,-5],[-4,2],[4,4],[3,-1]],[[9081,5985],[-8,-75],[-9,-3],[-11,27],[16,8],[12,43]],[[9097,6081],[6,-22],[-5,-21],[-6,41],[5,2]],[[9123,7272],[0,-4],[42,-5],[-49,-18],[-18,7],[-1,16],[26,4]],[[7999,8485],[13,-22],[-3,-32],[-18,50],[8,4]],[[7552,7837],[-6,-28],[-17,-15],[-5,24],[28,19]],[[7648,8057],[-22,-79],[-27,-61],[28,109],[21,31]],[[8000,8464],[-2,-2],[0,6],[1,0],[1,-4]],[[7522,8856],[3,-23],[-19,-20],[-1,5],[17,38]],[[6815,5892],[-5,-14],[-8,-5],[3,10],[10,9]],[[6615,7260],[-1,-2],[-6,0],[5,5],[2,-3]],[[6619,7269],[-2,-1],[3,4],[0,-3],[-1,0]],[[6621,7274],[35,89],[21,12],[-5,-15],[-51,-86]],[[6879,6047],[5,-12],[1,-6],[-10,3],[4,15]],[[7407,6837],[6,-27],[-56,-37],[38,63],[12,1]],[[6875,7508],[-14,-14],[-6,-1],[2,9],[18,6]],[[6889,7515],[-4,-1],[0,6],[4,0],[0,-5]],[[6814,7495],[3,-14],[-11,-2],[2,17],[6,-1]],[[6510,7972],[-2,-4],[-3,0],[3,7],[2,-3]],[[6506,7978],[1,-3],[-7,4],[4,0],[2,-1]],[[6644,8668],[4,-4],[-1,-3],[-7,4],[4,3]],[[13250,30082],[-26,17],[-20,-14],[-74,18],[-38,-24],[-184,11],[-6,-25],[-41,7],[-13,16],[-41,-13],[-26,3],[-22,11],[-22,5],[-7,20],[-55,129],[14,78],[-64,46],[-53,5],[-41,57],[-55,-21],[-6,1]],[[12470,30409],[-9,19]],[[12461,30428],[64,118],[15,133],[75,-85],[128,72],[42,-17],[115,67],[46,20],[8,74],[-34,91],[110,45],[35,45],[102,38],[47,61],[-22,133],[52,69],[-21,67],[88,6],[34,-121]],[[13345,31244],[14,-108],[35,-28],[-72,-67],[26,-85],[76,2],[22,-90],[59,-127],[-25,-62],[47,-20],[94,-138],[47,-161],[-1,-6]],[[13667,30354],[-5,-4],[-29,-1],[-25,-13],[-35,4],[-110,-19],[-26,21],[-109,-5],[18,-101],[18,-95],[4,-54],[-52,-5],[-44,31],[-22,-31]],[[10294,28419],[94,-97],[13,-70],[80,54],[55,7],[127,-65],[90,74],[119,-1],[29,-40]],[[10901,28281],[-23,-12],[-6,-87],[-31,-47],[44,-44],[-71,-70],[3,-82],[-101,-9],[-15,-59],[39,-102],[-75,-8],[-65,-84],[-58,27],[-52,-113],[52,-55],[12,-50],[-101,-4],[7,-32],[61,9],[-36,-65],[16,-32]],[[10501,27362],[-29,-1],[-87,-28]],[[10385,27333],[-79,-20],[-71,-80],[-72,-14],[-13,-48],[-96,-20],[-16,0],[-41,-7],[-3,0],[-22,6],[-8,8],[-15,18],[-2,1],[-17,11],[-7,3],[-6,2],[-6,1],[-5,0],[-3,1]],[[22610,28847],[-11,12],[-36,22],[-35,7],[-1,17],[-48,23],[-103,142],[-65,0],[-33,126],[-68,36],[4,57],[70,84],[-15,63],[-30,8],[0,5],[18,10],[90,17],[-35,-43],[0,-13],[35,4],[40,-3],[23,28],[78,-17],[40,19],[40,32],[35,49],[138,-37],[0,105],[52,67],[51,27],[16,66],[40,-34],[22,87]],[[16747,31668],[-17,-31],[-147,-66],[-14,-47],[-111,-89],[-13,-44],[20,-60],[-6,-7],[-35,-2]],[[16424,31322],[-31,26],[-62,-43],[-83,2],[-130,53],[-14,72],[-207,-16],[-84,-8],[-93,19]],[[15720,31427],[-40,67],[69,23],[38,44],[-107,53],[-37,-68],[-158,45],[-51,47],[2,60],[33,-1],[-11,165],[-27,64],[24,101],[39,50],[67,80],[-54,195],[70,71]],[[15577,32423],[-24,44],[-11,28],[66,89],[65,-95],[142,-100],[69,26],[123,199],[7,39],[37,12],[182,-40],[50,-40],[48,-15],[-58,-73],[-20,-69],[6,-52],[80,-16],[46,36],[104,-38],[36,8],[58,1],[5,7]],[[16588,32374],[73,-64],[28,-65],[1,-72],[50,-91],[19,-39],[3,-86],[-24,-113],[-52,-20],[61,-156]],[[20732,26079],[-105,-10],[-123,116],[-31,2],[-87,20],[-8,-46],[-66,-1],[-25,57],[37,55],[-41,63],[-19,31]],[[20264,26366],[-2,33],[-20,34],[-62,36],[9,11],[-17,34],[-41,4],[-41,62],[-17,17],[-22,4],[-98,22],[-67,-51],[-44,6],[-96,-98],[-59,4],[-53,-38],[-58,40],[-57,-8],[-15,-24],[-4,-28]],[[19500,26426],[-98,11],[-109,91],[-98,38],[-124,-45],[-17,-37],[-184,-22]],[[18870,26462],[-52,81]],[[18818,26543],[48,67],[50,14],[61,75],[-10,57],[117,-26],[-24,72],[40,19],[18,98],[128,13],[52,92],[153,127],[-90,18],[42,49],[100,8],[1,151],[27,28],[106,21],[109,-2],[-42,82],[-2,60],[-14,46],[36,44],[66,61],[-23,97],[29,74]],[[19796,27888],[71,4],[44,2],[-1,-30],[171,-31],[58,55],[63,-22],[-5,-53],[93,13],[83,-105],[29,57],[70,-8],[48,-61],[185,-25],[106,-39],[29,28],[-37,92],[136,72],[14,150],[25,3],[88,-37],[24,-35],[6,-22],[-4,-17],[2,-3]],[[21094,27876],[2,-3],[68,5],[14,-15],[-44,-44],[18,-43],[33,1],[106,16],[80,-86]],[[11855,27521],[130,-76],[34,-49],[4,-64],[-38,-72],[-64,-3],[-32,-68],[-4,-66],[-52,-2],[-42,-42],[49,-86],[-49,-58],[8,-48],[-34,-61],[-20,-9],[-72,-20],[19,-61],[74,-21],[53,-88],[72,57],[85,20],[81,-3],[51,-90],[49,-14],[-63,-133],[6,-48],[60,-51],[135,-24],[16,-68],[52,-82],[-10,1]],[[12353,26192],[-17,2],[-101,-39],[-39,25],[-94,13],[-139,-16],[-136,17],[-5,38],[-133,-9],[-20,9]],[[11669,26232],[-34,20],[-96,40],[-24,18],[-42,98],[-61,95],[-221,81],[-31,31],[-110,-20],[-55,-5],[-1,-11],[-45,9]],[[10949,26588],[-119,26],[-67,42],[-121,21],[-56,34],[-8,63],[-67,17],[8,48],[-21,93],[39,182],[-56,81],[-75,30],[-21,108]],[[10501,27362],[0,-2],[26,3],[51,-29],[19,-14],[77,4],[303,97],[66,-32],[124,39],[187,7],[302,34],[76,34],[103,7],[20,11]],[[14753,26767],[12,29],[8,13],[4,60],[102,24],[49,44],[-12,87],[8,21],[36,-11],[49,79]],[[15009,27113],[46,12],[49,93],[77,7],[120,51],[11,52],[160,13],[8,78],[-73,56],[13,106],[-77,10],[-40,55],[-56,26],[-10,56]],[[15237,27728],[38,-2],[72,-54],[34,2],[9,7],[4,38],[23,10],[60,55],[-1,48],[73,85],[71,-22],[84,-59],[77,24],[59,-10],[109,17],[87,53],[40,-19],[-7,-117],[36,0],[108,97],[94,-9],[59,0],[25,11],[185,94],[102,12],[74,5],[8,8]],[[16760,28002],[10,-11],[6,-78],[-56,-54],[29,-100],[39,-40],[-43,-93],[23,-182],[107,36],[8,-101],[91,-89],[-25,-74],[144,-10],[66,-40],[55,-123],[-35,-55],[-93,-39],[6,-53],[-24,-121],[-48,1],[-147,-232]],[[16873,26544],[-13,-17],[-41,-17],[-38,28],[-43,5],[-67,-65],[-57,10],[-19,-109],[-176,-106],[-107,-41],[-32,-24],[-135,-44],[-166,61],[-10,-38],[-77,-12],[-69,-45],[-28,68],[-149,-8],[-187,-27],[-29,142],[-51,29],[-33,86],[65,63],[78,-3],[104,-44],[12,49],[-26,199],[-42,78],[-93,104],[-31,-4],[-96,-21],[-206,6],[-32,-78],[-55,3],[-29,-43],[-144,56],[-98,-18]],[[17856,34355],[5,-8],[-11,2],[-34,-20],[-45,-46]],[[17771,34283],[-36,-5],[-41,66],[-34,-10],[-57,47],[-14,91],[114,177],[-37,29],[-48,170],[53,62],[-53,51],[-84,-112],[-73,-21],[-6,-89],[-57,8],[-22,2],[-22,-12],[-8,-12]],[[17346,34725],[-5,8],[-22,68],[-78,-13],[-77,64],[-42,66],[-36,-28],[-54,26],[-40,60],[7,59],[-27,5],[-120,26],[-113,-17]],[[16739,35049],[38,94],[4,86],[-19,9],[-71,65],[-33,87],[88,12],[21,73],[52,-45],[65,17],[142,139],[108,62],[59,109],[10,58]],[[17203,35815],[33,-13],[79,-15],[30,34],[65,-11],[30,42],[75,-24],[31,24],[35,-46],[11,-4],[3,2]],[[17595,35804],[47,6],[110,-115],[64,16],[110,-59],[60,-126],[-39,-29],[27,-77],[104,-107],[6,-8]],[[18084,35305],[-29,-45],[76,-7],[29,-8],[27,-15]],[[18187,35230],[-16,-49],[-60,-22],[60,-92],[-31,-70],[-85,-78],[-11,-74],[-64,-58],[-2,-76],[-97,-28],[101,-103],[-98,-80],[-2,-83],[-29,-45],[2,-16],[1,-1]],[[15281,29232],[-35,11],[-50,2],[-76,11],[-45,75],[-64,148],[-43,-7],[44,107],[3,25],[-70,36],[9,27],[48,-8],[55,93],[54,52],[29,190],[-38,172],[-85,40],[-87,86],[-4,10]],[[14926,30302],[0,12],[25,40],[18,61],[43,128],[0,80],[4,39],[5,14]],[[15021,30676],[20,-2],[133,-15],[-1,15]],[[15173,30674],[30,-2],[62,-17],[72,-141],[89,-80],[60,30],[72,-34],[39,19],[50,-69],[78,-57],[-28,-61],[-91,-20],[-37,-99],[-73,-30],[2,-89],[12,-25]],[[15510,29999],[-42,-110],[4,-16],[21,-59],[69,23],[11,-68],[2,-22],[108,-85],[-54,-42],[9,-109],[-50,-180],[-104,-69],[-30,-8],[-173,-22]],[[13118,26515],[87,31],[77,-86],[116,72],[177,-27],[17,8],[18,45],[105,-2],[112,-58],[183,20],[154,-25],[58,30],[62,-29]],[[14284,26494],[-29,-71],[49,-59],[-13,-42],[-68,-42],[-18,-61],[-107,-70],[-70,-72],[58,-85]],[[14086,25992],[-63,-160],[-106,24],[-50,-30],[-64,15],[-63,-148],[-105,-47],[-12,-15]],[[13623,25631],[-168,-9],[-20,32],[-143,-5],[-79,64],[-14,93],[65,-13],[-13,159],[-49,68],[-38,112],[-90,-13],[-41,27],[-61,15]],[[12972,26161],[31,81],[-6,55],[4,48],[-101,7],[24,120],[110,0],[84,43]],[[19291,31529],[-71,76],[-116,-40],[-41,-41],[-69,22],[7,24],[-3,42],[-83,48],[-99,-82],[-64,-23],[-55,45],[-65,-40],[-14,-38],[32,-32],[-42,-201],[3,-45],[-40,-39],[-77,-14],[16,-69],[-25,-7],[-95,14],[-117,-55],[-16,12],[-26,-8],[-23,-35]],[[18208,31043],[-37,9],[-80,41],[-41,143],[-6,22],[108,76],[43,-18],[58,43],[-8,110],[80,-14],[52,81],[-5,62],[-128,35],[-62,-34],[-95,-15],[-31,-59],[-80,2],[0,36],[-17,42],[-5,8]],[[17954,31613],[2,9],[-9,34]],[[17947,31656],[14,59],[11,18],[7,33],[139,225],[148,-36],[44,68],[149,48],[40,117],[-2,54],[-21,37],[17,70],[50,111],[-27,275],[22,54],[-14,76],[-6,28],[-19,22]],[[18499,32915],[-9,26],[-51,81],[105,36],[-38,58],[-53,32],[-40,-24],[-10,43],[6,33],[27,30]],[[18436,33230],[12,6],[83,4],[54,-116],[-2,44],[62,-23],[54,-67],[-4,-70],[-25,1],[-12,10],[-8,-17],[-35,-53],[-6,-37],[15,-51],[16,-13],[17,3],[15,33],[19,-39],[3,-8],[97,-44],[46,34],[16,74],[13,8],[56,50],[29,-41],[12,-11],[121,-35],[133,30],[136,-79],[22,-6],[36,145],[-28,106],[146,48],[97,10],[48,132],[122,20],[4,-3]],[[19800,33275],[18,-14],[174,107],[103,38],[59,-61],[7,-34],[-18,-134],[65,-34],[27,-49],[73,-54],[37,-83],[-126,-61],[-117,-172],[-18,-25]],[[20084,32699],[-130,-97],[-57,-18],[-20,-45],[-160,3],[-31,-30],[45,-112],[51,-64],[-38,-63],[-121,-116],[-16,-63],[-46,-57],[-54,56],[-65,-3],[-40,-91],[-8,-25],[-22,-15],[-2,-32],[21,-10],[36,-29],[-11,-25],[15,-155],[-21,-65],[24,-110],[-39,-44],[-47,49],[-36,14],[-21,-23]],[[16760,28002],[45,21],[34,18],[31,-7],[67,-2],[2,-1],[21,-11],[2,-1],[4,-2],[10,-11],[7,-6],[15,-22],[74,-17],[54,21],[52,45],[12,6],[49,15],[-12,35],[-66,57],[56,94],[-67,89],[-10,56],[-4,38],[10,28],[35,27],[28,-13],[111,-14],[11,10],[34,50],[70,28]],[[17435,28533],[3,-50],[8,-26],[62,-23],[29,-36],[31,-4],[40,14],[-8,25],[65,22],[37,48],[116,-17],[33,-64],[55,-32],[36,4],[42,13],[-6,117],[17,81],[47,35],[52,-27],[76,38],[26,41],[67,-4],[85,51],[19,-27],[7,-141],[67,-51],[22,-133],[45,-4]],[[18508,28383],[76,-22],[-83,-116],[34,-99],[-173,-19],[114,-57],[-27,-97],[94,-7],[12,-60],[-80,-27],[-1,-80],[98,-48],[7,-64],[-60,-22],[43,-153],[59,-49],[-25,-39],[50,-72],[-19,-88],[-91,-70],[-108,-217],[28,-38],[-28,-65],[-79,-33],[7,-61]],[[18356,26780],[11,-12],[-21,-27],[-7,-34],[-2,-56],[-114,18],[-74,-91],[-157,-14],[-57,29],[-104,-98],[32,-135],[-284,4],[-61,-45],[-67,31],[-105,-7],[-60,16],[-41,49],[-85,25],[-42,-37],[-90,-11]],[[17028,26385],[-27,136],[15,44],[-72,30],[-13,-7],[10,-35],[-27,-31],[-41,22]],[[19291,31529],[26,-37],[38,-58],[38,-38],[-24,-24],[-8,-58],[11,-21],[-4,-27],[-15,-42],[-37,-78],[-69,-88],[-24,-129],[148,-28],[19,-53],[-30,-106],[53,-56],[0,-21],[-24,-70],[5,-16],[9,-18],[4,-6]],[[19407,30555],[7,-15],[-55,-75],[-13,-21],[6,-22],[-23,-29],[23,-81],[60,-8],[43,-16],[68,-3],[32,-39],[-58,-129],[-25,-4],[-92,-137],[-37,12],[-43,-83],[-3,-4]],[[19297,29901],[-16,-6],[-89,-64],[-70,-123],[-259,-170],[-46,8],[-200,-159],[-32,-21]],[[18585,29366],[-38,-22],[-32,-9],[-39,152],[-47,-27],[-61,59],[-74,-19],[-23,-30]],[[18271,29470],[-12,-4],[-3,36],[61,29],[14,31],[-14,70],[42,46],[-72,44],[-17,121],[177,102],[71,68],[-52,65],[0,135],[59,-14],[27,44],[-83,39],[-31,41],[3,82],[-106,71],[30,62],[-36,39],[-59,-13],[-116,83],[-52,71],[0,-26],[-42,30],[120,98],[88,57],[-32,90],[-12,24],[-14,52],[-2,0]],[[17771,34283],[-59,-170],[-69,-37],[-65,-141],[52,-19],[33,-64],[-28,-102],[-196,-42],[-46,-51],[-52,38],[-34,-20],[-84,-19],[-92,30],[-61,-54],[-26,13],[-4,10]],[[17040,33655],[39,45],[-131,42],[-22,95],[-52,-1],[-140,105],[-17,-50],[-49,7],[14,54],[63,41],[23,59]],[[16768,34052],[73,32],[-12,24],[40,39],[56,-3],[24,6],[73,82],[65,56],[25,89],[89,22],[69,55],[98,139],[-56,28],[53,53],[-8,38],[-11,13]],[[14850,28284],[-59,-66],[-98,-41],[-212,-24],[-186,-103],[-7,-120],[-5,-26]],[[14283,27904],[-19,-46],[-71,-17],[-15,3],[-54,-21],[-48,58],[-4,55],[-50,21],[-32,55],[-81,-9],[-76,22],[-107,-52],[3,-69],[-78,-16],[-94,-59],[-151,-23],[-29,37],[-23,12],[-9,9],[-5,8]],[[13340,27872],[7,12],[-19,32],[53,69],[-38,46],[-89,33],[-100,71],[-24,127]],[[13130,28262],[29,26],[-67,40],[94,14],[47,34],[135,11],[25,47],[-92,83],[-144,21],[-30,80],[-87,174],[-81,52],[-14,97],[-123,116],[-7,26]],[[12815,29083],[3,23],[92,8],[40,35],[18,79],[-51,71],[-43,15],[34,83],[-33,77],[-8,87],[53,87],[53,-95],[18,-109],[43,-48],[5,-71],[65,-135],[3,-27],[46,4],[13,14],[-48,104],[-34,21],[19,56],[91,25],[21,14],[1,19],[-21,9],[-94,17],[4,52],[67,6]],[[13172,29504],[75,-34],[148,-16],[38,23],[230,-16],[9,-37],[157,-31],[49,-90]],[[13878,29303],[-61,-24],[-33,-55],[-51,7],[-5,-21],[23,-45],[-21,-104],[-2,-19],[17,-16],[25,-7],[-17,-39],[-13,-26],[14,-32],[75,-89],[32,-45],[-9,-66],[11,-15],[50,-21],[-13,-20],[29,-22],[20,22],[28,18],[46,28],[86,-25],[47,69],[80,-9],[59,28],[43,56],[81,38],[156,-39],[69,10],[18,-132],[29,-52],[22,-171],[78,-32],[-5,-51],[71,-83],[-10,-36],[3,1]],[[10901,28281],[29,13],[35,23],[22,140],[-52,161],[9,12],[192,2],[111,94],[14,66],[41,39],[36,134],[2,305]],[[11340,29270],[11,4],[98,-17],[137,5],[45,-26],[83,-8],[11,87]],[[11725,29315],[100,-12],[62,-126],[-58,-65],[0,-27],[34,-35],[2,-55],[-32,-32],[22,-17],[21,-163],[56,14],[10,28],[88,11],[21,2]],[[12051,28838],[6,-2],[-27,-105],[20,-65],[86,-20],[34,-56],[-1,-64],[31,-113],[262,10],[49,-33],[-60,-68],[-77,-38],[-65,-7],[9,-58],[-64,-14],[-4,-20],[25,-92],[-34,-107],[2,-18],[10,-15]],[[12253,27953],[-38,-31],[-51,21],[50,-257],[-50,-122],[-107,-12],[-62,-24],[-132,-2],[-8,-5]],[[21094,27876],[18,27],[19,27],[17,47],[-71,82],[47,59],[127,92],[-21,69],[-46,24],[92,129],[-58,-8],[-52,74],[5,130],[-94,7],[2,162],[-170,-63],[-63,0],[6,78],[-134,-34],[-14,23],[-92,14],[-14,11],[-16,8],[21,164],[-44,126],[-57,87]],[[20502,29211],[4,1],[88,92],[-47,66],[-45,-21],[-38,84],[35,97],[71,22],[7,86],[6,62]],[[20583,29700],[33,-9],[179,43],[92,-48],[-3,-43],[-63,-71],[76,-110],[50,55],[102,-54],[101,70],[38,54],[95,-102],[121,-68],[54,14]],[[21458,29431],[7,0],[138,-61],[13,-69],[101,-85],[-5,-53],[-70,-66],[-37,-117],[25,-74],[89,-19],[172,-90],[76,4],[54,-54],[30,-87],[121,-40],[112,13],[97,50],[62,-12],[19,-59],[-16,-58],[74,-44],[-14,-23],[0,-1]],[[14753,26767],[-108,-59],[-175,-145],[-66,25],[-31,-39],[-64,7],[-25,-62]],[[13118,26515],[-9,160],[57,50],[110,-6],[-11,65],[-108,29],[24,51],[-23,144],[112,69],[-41,168],[43,63],[-17,33],[18,20],[39,-10],[27,49],[22,37],[-28,21],[-34,41],[-58,-36],[-18,-7],[3,-18],[32,-30],[-26,-26],[-69,-3],[-4,64],[64,27],[-20,116],[42,13],[5,63],[-85,-2],[-15,-38],[-111,11],[-3,43],[56,10],[118,59],[79,24],[7,9],[30,70],[12,21],[2,3]],[[14283,27904],[69,-53],[40,26],[78,-59],[-78,-99],[-18,-196],[50,-17],[11,-12],[-31,-19],[-13,-91],[65,-129],[31,11],[8,27],[115,1],[35,-45],[47,18],[66,-18],[114,20],[29,-16],[31,-51],[56,-38],[21,-51]],[[15720,31427],[-84,-31],[-6,-51],[-68,-37],[-82,10],[-21,41],[-83,-67],[-48,41],[-29,76],[22,41],[-84,34],[-58,-110],[15,-48],[33,-78],[-15,-61],[-90,-100],[16,-66],[-56,-32],[9,-50],[58,-32],[-15,-88],[38,-136],[1,-9]],[[15021,30676],[-53,7],[-50,78],[-3,10],[41,101],[-10,139],[-134,8],[-121,-8],[-44,-45],[-75,29],[-120,78],[-6,24]],[[14446,31097],[15,-6],[23,-1],[27,103],[46,19],[-78,85],[-56,77],[-44,126],[24,18],[-3,98],[2,22],[-16,10]],[[14386,31648],[9,80],[-7,11],[-47,73],[87,27],[10,-31],[76,6],[-7,-86],[77,-49],[53,23],[97,96],[18,50],[3,55],[-6,102],[-67,130],[-79,30],[-15,50],[-69,-20],[-127,7],[3,31],[-74,102],[48,23],[106,-1],[90,61],[-40,66],[-88,80],[-5,101],[22,40],[118,26],[31,33],[20,20],[155,-36],[134,55],[20,45],[154,10],[67,-64]],[[15153,32794],[33,-79],[20,-48],[30,-114],[38,-37],[28,16],[39,24],[47,-31],[46,-92],[143,-10]],[[16768,34052],[-111,-76],[-87,-35],[-37,7],[-134,-22],[-27,5],[-77,48],[11,40],[-37,-1],[-103,-15],[-57,-29],[-20,96],[-7,23],[-21,15],[-87,14],[-34,63],[-61,48],[-55,-6],[-59,67]],[[15765,34294],[-9,113],[18,22],[78,104],[76,8],[-24,57],[18,54],[-50,22],[4,62],[44,37],[17,67],[56,61],[81,-74],[80,70],[145,38],[6,85],[109,-11],[89,42],[132,-41],[97,-4],[7,43]],[[14850,28284],[43,39],[11,4],[8,1],[21,-3],[7,-1],[46,-18],[2,-6]],[[14988,28300],[1,-9],[69,-12],[45,-147],[47,-67],[-15,-32],[23,-110],[15,-24],[59,-54],[2,-115],[3,-2]],[[14988,28300],[48,34],[44,38],[55,-80],[48,-1],[43,63],[139,48],[42,39],[51,-8],[64,43],[72,5],[66,115],[100,1],[29,45],[75,-9],[74,86],[25,52],[85,54],[59,-75],[64,51],[32,-86],[46,29],[54,3],[48,-27],[3,0]],[[16354,28720],[-1,-1],[3,0],[9,0],[2,0],[4,1],[26,14],[17,3],[8,-2],[23,-16],[18,-14],[7,-3],[10,-5],[2,0],[10,1],[4,1],[4,2],[3,2],[3,4],[9,16],[1,44],[108,103],[79,-36],[80,12],[66,80],[51,7],[63,72],[53,21],[24,20]],[[17040,29046],[43,-49],[172,-5],[28,-81],[-21,-70],[39,-36],[-1,-69],[55,-39],[2,-55],[17,1],[7,12],[28,1],[55,-7],[-32,-58],[3,-58]],[[13130,28262],[-93,-34],[-5,-58],[45,-46],[2,-31],[-145,-28],[-87,-29],[-8,-55],[-19,-3],[-74,-15],[-14,12],[-57,0],[-104,-47],[-39,15],[-83,-42],[-126,-8],[-70,60]],[[12051,28838],[5,68],[64,170],[151,118],[1,34],[95,-5],[-15,-48],[25,-60],[22,-28],[-14,26],[58,-8],[62,5],[33,-9],[136,44],[101,-4],[40,-58]],[[19297,29901],[73,-33],[42,-141],[32,-10],[65,64],[81,-90],[99,12],[138,-31],[83,-64],[51,61],[170,-7],[43,-31],[182,61],[68,41],[12,35],[16,-1],[23,-16],[26,-4],[32,21]],[[20533,29768],[5,-7],[43,-59],[2,-2]],[[20502,29211],[-24,2],[0,48],[-118,59],[-43,56],[-91,-58],[-82,-75],[-97,94],[-119,-60],[38,-84],[-63,-39],[-90,12],[-46,38],[-81,-69],[-45,-12],[-25,-32],[30,-54],[-85,-52],[22,-59],[-14,-120]],[[19569,28806],[-26,11],[-66,-24],[-66,16],[-32,-42],[-63,67],[-36,-30],[-22,49],[-90,75],[-118,9],[-26,28],[-12,7],[-10,18]],[[19002,28990],[1,18],[26,22],[-75,75],[16,125],[-53,75],[-101,15],[-91,-80],[-82,7],[-88,70],[30,49]],[[10197,29179],[27,7],[33,24],[53,57],[70,-12],[56,-37],[115,29],[17,55],[103,24],[102,101],[77,-12],[50,31],[9,32],[-9,5],[-8,-6]],[[10892,29477],[6,11],[20,6],[18,-8],[42,11],[-37,-99],[19,-64],[64,-25],[110,3],[53,44],[14,0],[111,-39],[-1,-50],[13,-1],[16,4]],[[19407,30555],[10,-1],[48,-16],[23,12],[62,42],[39,55],[32,90],[22,45],[10,37],[52,25],[23,5],[95,-38],[65,-49],[31,101],[101,-46],[-13,-45],[125,-63],[44,-5],[47,98]],[[20223,30802],[50,-4],[100,36],[75,24],[66,57],[4,69],[72,-34],[266,153],[11,-33],[-51,-84],[143,-5],[-2,-40],[-68,-28],[4,-71],[66,-29],[14,76],[52,19],[77,101],[54,-32],[56,7],[9,-4]],[[21221,30980],[-45,-15],[-86,-122],[-18,-45],[-55,-21],[12,-82],[86,-84],[32,-133],[-36,-37],[21,-150],[-137,-22],[-152,106],[-68,10],[-64,-174],[-47,-80],[-101,-48],[-21,-72],[-7,-54],[33,-50],[-35,-130],[0,-9]],[[19796,27888],[-50,65],[36,55],[1,35],[-63,55],[-32,127],[-45,89],[46,52],[90,27],[37,9],[67,-45],[67,2],[39,45],[-35,42],[68,43],[7,73],[74,28],[-6,97],[-109,27],[-62,-66],[-147,3],[-49,-9],[-66,59],[-27,58],[-68,47]],[[11223,30436],[-20,58],[-38,126],[16,79],[45,86],[36,24],[50,100],[-56,144],[-104,137],[-28,53],[44,44],[-5,8]],[[11163,31295],[100,112],[-3,23],[-14,23],[9,38],[122,66],[49,-54],[78,28],[21,-35],[152,-47],[79,8],[146,43],[42,-36],[88,32],[4,38],[93,81],[71,113],[87,51],[22,68],[-8,120],[-25,106],[-27,48],[-12,13]],[[12237,32134],[4,-1],[50,16],[53,-62],[75,24],[36,47],[102,58],[73,9]],[[12630,32225],[89,-63],[-18,-111],[34,-27],[6,-69],[53,-58],[45,-9],[10,-10],[-17,-37],[23,-12]],[[12855,31829],[7,-11],[-33,-59],[-3,-105],[-71,-41],[-53,-2],[-72,64],[-83,-97],[4,-100],[45,-67],[80,-18],[-13,-127],[-53,-15],[-50,-146],[59,-8],[18,-45],[68,-4],[-2,-64],[-83,-17],[-29,-115],[-103,-52],[-52,115],[-57,-60],[-110,9],[-3,32],[-87,47],[-42,-87],[-40,-35],[-13,-77],[-1,-31]],[[12083,30713],[-2,-6],[-139,-79],[-37,-99],[-30,45],[-93,8],[-30,-42],[-40,74],[-69,-63],[-103,7],[-64,-28],[-69,16],[-42,-71],[-91,18],[-51,-57]],[[15765,34294],[-35,-9]],[[15730,34285],[-95,12],[1,75],[79,8],[2,80],[-57,38],[-34,-26],[-69,15],[-88,77],[-20,20],[-144,133],[-115,-13],[-94,-38],[-41,-71],[-72,38],[-13,59],[-53,58],[-35,-15],[2,48],[-21,26],[-11,7],[-20,21]],[[14832,34837],[6,11],[86,23],[49,-15],[121,72],[69,70],[16,56],[80,45]],[[15259,35099],[59,-5],[51,-7],[-8,75],[159,14],[47,47],[79,24],[120,99],[93,11],[21,48],[45,19],[52,-5],[25,8],[19,32],[-6,48],[98,37],[40,82],[60,-6],[87,72],[160,-29],[20,143],[-10,30],[19,31],[22,3],[140,54],[12,6]],[[16663,35930],[75,-28],[66,86],[115,0],[42,-78],[61,14],[41,-61],[107,-24],[33,-24]],[[17040,29046],[28,22],[8,12],[49,5],[37,8],[48,8],[77,-8],[54,34],[171,25],[42,52],[75,33],[-9,64],[22,68],[17,91],[-1,14],[-11,20]],[[17647,29494],[42,29],[21,-23],[80,-47],[67,35],[78,-62],[207,-5],[26,-40],[48,-1],[15,11],[38,26],[2,53]],[[19002,28990],[-45,-20],[48,-126],[-133,-100],[-41,-66],[-10,-109],[-39,17],[-129,-13],[-12,-43],[-6,-27],[-127,-120]],[[11163,31295],[-11,7],[-36,51],[-172,-10],[25,178],[42,66],[76,77],[-2,20],[-53,29],[-5,15],[-50,10],[-58,-8],[-44,38],[-25,-3]],[[10850,31765],[0,26],[22,22],[46,35],[-8,56],[64,44],[-11,46],[56,64],[-69,28],[7,99],[64,40],[91,-172],[78,-20],[70,76],[63,14],[-11,80],[32,73],[-24,7],[-155,-1],[-86,32],[10,9],[-6,59],[-22,39],[-31,72],[4,66],[124,-22],[10,-58],[63,-53],[113,-6],[51,-27],[51,50],[75,4],[1,51],[-6,81],[4,16],[2,5],[23,0],[2,14],[18,7],[66,99],[15,-8]],[[11646,32712],[11,-6],[182,21],[72,-31],[-5,-7]],[[11906,32689],[-35,-13],[13,-97],[-117,-87],[-9,-44],[83,-37],[24,31],[152,-41],[-194,-87],[-28,63],[-70,19],[14,62],[-81,-20],[75,-112],[-48,-2],[-42,-57],[5,-51],[48,-44],[379,-77],[148,43],[14,-4]],[[20084,32699],[78,-48],[90,39],[43,84],[69,16],[16,-2],[-5,-7],[7,-19],[51,-38],[29,2]],[[20462,32726],[3,-3],[74,-14],[3,-52],[-72,4],[-55,-59],[37,-110],[141,-19],[89,-62],[-44,-57],[-113,-45],[-165,-111],[-47,50],[-41,-114],[-32,-35],[158,-192],[-64,-255],[62,-11],[16,-106],[59,-13],[56,-88],[63,-37],[38,-161],[63,-45],[-26,-45],[-187,-147],[-89,18],[-23,-93],[-82,-22],[-6,-41],[-60,-49],[5,-10]],[[16354,28720],[4,12],[1,19],[-15,22],[11,17],[-11,19],[12,57],[6,41],[-40,40],[-45,-32],[-56,-18],[26,106],[-201,-39],[-110,-76],[-40,9],[-115,-48],[-21,-58],[-71,-21],[-80,65],[-57,-25],[-133,98],[-80,106],[-67,35],[-22,26],[-6,99],[37,58]],[[15510,29999],[4,-25],[127,-31],[42,-39],[42,25],[35,71],[104,30],[135,-136],[98,-31],[67,19],[76,-72],[0,-71],[101,-49],[48,41],[-3,60],[-91,25],[7,84],[28,21],[117,-42],[82,59],[-5,54],[104,49],[44,-21],[35,92],[43,28],[41,138]],[[16791,30278],[52,34],[23,-57],[47,-20],[30,-1],[17,-29],[27,96],[-4,19],[2,6],[33,28],[-2,6],[-26,21],[-58,-73],[-30,-31],[15,95],[108,33],[54,-149],[70,-55],[-3,-132],[102,17],[43,-35],[174,51],[67,2],[-6,-81],[-94,-67],[-42,-88],[-73,-13],[-15,-26],[38,-8],[12,-98],[56,-55],[34,24],[35,13],[38,-23],[59,-100],[-11,-66],[13,-7],[11,8],[54,-22],[6,-1]],[[13345,31244],[131,43],[98,14],[102,-74],[81,38],[76,-51],[14,-60],[104,25],[-14,58],[71,52],[4,36],[103,14],[40,-38],[-48,-99],[78,-57],[81,5],[36,-69],[17,-10],[126,32],[1,-6]],[[14926,30302],[-43,-57],[-9,-24],[29,-54],[-10,-66],[-53,-44],[-16,-49],[-94,-74]],[[14730,29934],[-71,32],[-77,3],[-40,-51],[-31,78],[-174,-61],[-30,-46],[-57,74],[-112,-19],[-49,68],[-104,66],[-20,-21],[-100,41],[-26,-73],[-6,-7],[-32,7],[25,-33],[-94,53],[6,102],[17,-13],[-11,32],[-91,114],[12,66],[2,8]],[[10892,29477],[0,-1],[-14,-10],[-52,87],[-115,-16],[-28,38],[-111,4],[-25,65],[21,73],[44,35],[2,70],[66,70],[69,5],[24,36],[174,106]],[[10947,30039],[48,-17],[81,42],[58,88],[88,43],[-24,67],[0,92],[27,27],[-16,41],[14,14]],[[12083,30713],[135,-78],[49,-52],[-19,-39],[159,-43],[46,-58],[8,-15]],[[12470,30409],[-2,-1],[-4,-57],[-70,-11],[-38,-83],[-96,-8],[-66,21],[-34,-86],[18,-58],[-29,-112],[-155,98],[-10,37],[-169,-13],[-28,-12],[-9,-82],[-78,-33],[-60,11],[-12,-20],[-35,-139],[-7,-9],[-40,-55],[27,-5],[25,-7],[32,-48],[56,-77],[75,-53],[83,0],[18,-36],[-92,-10],[-10,-43],[-61,-68],[26,-135]],[[21799,31437],[-37,61],[-3,82],[-96,120],[1,39],[-116,29],[14,236],[33,107],[-217,174],[23,51],[14,17],[34,-2],[48,118]],[[21497,32469],[59,26],[15,76],[75,-35],[11,69],[-3,17],[0,25],[33,30],[52,91],[-7,86],[18,91],[11,2],[29,-1],[62,7],[102,-88],[48,23],[30,-45],[-58,2],[-5,-5],[61,-23],[78,-39],[13,134],[45,5],[23,60],[2,4]],[[22191,32981],[1,0],[24,1],[0,-3],[16,4],[13,12],[65,-53],[8,14],[15,-25],[-7,-29],[28,-72],[-62,-47],[46,-37],[60,41],[39,-63],[58,16],[121,-78],[67,18],[94,-48],[14,19],[-9,17],[15,-6],[21,-160],[-13,-64],[103,-77],[67,17],[127,-52],[22,-20],[9,-1]],[[23133,32305],[13,-16],[86,-15],[82,9],[-22,-61],[71,-17],[8,-94],[81,-66],[2,-86],[1,-5]],[[23455,31954],[1,-7],[8,-16]],[[23464,31931],[-54,-10],[-45,26],[-103,1],[-35,-14],[-70,-14],[-87,15],[-15,-44],[-163,-40],[-20,35],[-92,-35],[-16,-43],[-233,-61],[-13,29],[-11,-1],[-88,-39],[-131,-61],[-45,-15],[-96,-32],[-98,-64],[-138,-57],[-112,-70]],[[16747,31668],[11,-12],[55,-37],[103,-86],[-60,-87],[99,-101],[82,43],[108,173],[87,-61],[43,-6],[65,-108],[61,-40],[25,-52],[50,-19],[89,17],[53,-105],[161,78],[48,79],[-4,50],[99,95],[32,124]],[[16791,30278],[-54,92],[4,76],[39,30],[-18,106],[24,106],[5,22],[-46,56],[28,46],[-4,62],[-48,80],[-72,28],[-41,-98],[-97,54],[18,133],[-30,18],[28,152],[-62,-3],[-63,35],[6,15],[13,3],[37,-21],[-21,26],[-18,8],[5,18]],[[20462,32726],[-12,84],[38,16],[56,-61],[116,70],[47,-23],[54,-70],[53,13],[15,12]],[[20829,32767],[20,6],[-16,102],[56,24],[112,-21],[40,73],[45,31],[61,-43],[-68,-73],[9,-94],[-69,-73],[35,-48],[-53,-53],[4,-67],[90,8],[103,57],[26,-53],[91,17],[115,-1],[67,-90]],[[21799,31437],[34,-51],[39,-12],[4,-58],[64,18]],[[21940,31334],[-29,-89],[-43,-44],[-102,-1],[-103,-76],[-38,-67],[-71,47],[-50,-3],[-195,-75]],[[21309,31026],[-26,-2],[-32,-42],[-30,-2]],[[13878,29303],[85,-34],[63,49],[6,106],[37,4],[58,-11],[20,-63],[56,-27],[68,54],[54,-86],[94,-34],[58,50],[-9,131],[27,44],[72,19],[67,79],[-12,44],[17,159],[37,15],[18,82],[36,50]],[[18818,26543],[-29,151],[-79,15],[-21,5],[-9,10],[-20,0],[-26,-29],[-184,34],[-33,38],[-61,16],[0,-3]],[[21458,29431],[-17,66],[-87,77],[6,116],[-59,47],[28,133],[118,5],[99,45],[38,48],[-1,59],[47,74],[29,120],[34,31],[1,131],[-47,20],[-54,91],[82,101],[-90,110],[-51,15],[-25,80],[-102,-1],[-16,61],[-97,127],[15,39]],[[21940,31334],[79,-11],[52,19],[21,-58],[-13,-118],[61,-102],[5,-61],[54,12],[-72,-166],[56,-22],[6,-65],[3,-50],[104,-55]],[[13172,29504],[47,71],[22,-9],[0,-10],[22,-12],[10,3],[22,47],[27,90],[65,5],[5,31],[-62,44],[-24,138],[-1,21],[75,34],[-43,59],[-33,-50],[-62,11],[-1,31],[26,39],[0,33],[-9,9],[-8,-7]],[[15730,34285],[-31,-78],[-93,-12],[0,-72],[-40,-12],[-59,65],[-80,19],[-86,49],[-24,-11],[3,-127],[-16,-53],[-118,18],[-18,-98],[-69,-32],[76,-74],[-83,-5],[-24,-57],[28,-11],[-29,-77],[63,-106],[-179,-38],[-81,-113],[17,-58],[-71,-15],[-26,-52],[-105,11],[-24,-61],[115,-32]],[[14776,33253],[-21,-28],[-25,-5],[-40,-37],[-109,-6],[-10,-34],[-99,79],[-83,14],[-117,-26],[-53,57],[-100,-4],[-74,62],[-56,16],[-48,85]],[[13941,33426],[-29,77],[-23,31],[-37,59],[-17,90],[1,166],[-55,40],[7,41],[75,23],[4,119],[63,76]],[[13930,34148],[50,65],[64,34],[10,20],[55,9],[98,-17],[101,75],[77,121],[-5,44]],[[14380,34499],[54,36],[42,74],[71,15],[94,56],[49,69],[101,20],[35,57],[6,11]],[[15153,32794],[140,69],[7,118],[26,69],[-94,82],[38,39],[-28,133],[8,80],[-92,42],[-142,-113],[-4,-75],[-45,-35],[-62,3],[-62,38],[-67,9]],[[17040,33655],[-5,1],[-13,-7],[-29,-50],[2,-26],[4,-38],[-44,-78],[-84,-41],[-5,-47],[-60,-71],[58,-50],[39,-162],[68,-46],[-17,-46],[95,-67],[-33,-22],[34,-29]],[[17050,32876],[0,-1],[-20,-7],[-47,11],[-117,-67],[-11,-16],[20,-102],[-17,-50],[-261,-204],[-9,-66]],[[23464,31931],[13,-13],[45,-15],[61,-44],[-67,-85],[-89,-27],[-72,-47],[-9,-48],[-73,-47],[19,-47],[-62,-53],[-83,-1],[-3,-65],[-120,-67],[-70,-87],[-104,-7],[-68,-84],[-30,-113],[47,-70],[75,-37],[44,-93],[71,32],[53,-49],[70,-24],[122,5],[44,-20],[77,-159],[-49,-73]],[[23455,31954],[43,11],[44,-2],[25,-30],[80,-7],[-12,153],[51,40],[28,-50],[115,1]],[[23829,32070],[18,-48],[227,86],[51,-44],[-8,-48],[124,-13],[3,-78],[48,4],[7,-85],[-91,-19],[-50,28],[16,-234],[-31,-75],[89,-21],[6,-144],[-24,-101],[-38,-22],[15,-99],[-27,-53],[-52,10],[-41,-37],[74,-77],[78,-14],[-15,-107],[92,-22],[-2,-60],[12,-7]],[[17947,31656],[-63,-7],[-53,36],[9,70],[14,-11],[8,-21],[55,16],[4,5],[-6,10],[-31,13],[0,84],[-52,45],[-52,104],[-84,-55],[-91,-28],[-41,16],[-19,103],[54,80],[-15,162],[26,21],[-26,98],[-159,73],[-60,146],[16,139],[-75,65],[-5,107],[-40,79],[-13,43]],[[17248,33049],[-1,3],[-8,74],[-145,62],[38,36],[140,51],[45,117],[142,50],[19,-34],[-70,-69],[86,-20],[43,-50],[47,17],[-24,106],[-41,82],[108,36],[112,-29],[-39,87],[70,15],[9,64],[83,-1],[18,-15],[-42,-61],[31,-41],[-11,-118],[52,19],[26,-90],[-74,-20],[-94,19],[-62,-64],[-37,-74],[-53,-23],[17,-9],[69,-107],[45,89],[-6,68],[45,46],[77,-25],[64,-74],[-40,-49],[-21,0],[-25,20],[-16,-1],[-69,-151],[7,-43],[9,-7],[52,56],[27,31],[126,10],[-46,47],[33,62],[39,-21],[22,-29],[46,-42],[-35,-93],[-23,-49],[0,-6],[35,-9],[36,61],[91,-16],[-7,-81],[30,-12],[149,21],[26,-11],[-1,25],[21,54],[15,-14],[1,-56],[68,16],[22,36]],[[12972,26161],[-11,1],[-27,30],[-133,11],[-93,-29],[-148,17],[-141,-18],[-66,19]],[[11686,21112],[-18,-39],[-115,-12],[-48,-66],[-22,-99],[-56,-25],[-71,30],[-16,-56],[-68,-36],[-82,-15],[-14,-38],[-72,-37],[-20,-8],[-30,15]],[[11054,20726],[-62,22],[20,62],[-47,40],[-76,-19],[-32,58],[20,88],[-44,48],[-61,-32],[-34,-69],[-104,43],[-51,72],[39,33],[-49,91],[12,55],[-67,3],[-58,57],[0,74],[-84,108],[-42,-14],[-23,120],[20,40],[-143,40],[-28,90],[-118,131],[2,29],[-82,88],[59,149],[42,-3],[53,109],[-5,71],[-71,-40],[-89,33],[-67,1],[-153,64],[-13,97],[-46,85],[-114,-32],[-27,44],[-119,19],[-43,25],[-6,6],[-50,-4],[-3,-8]],[[9310,22600],[-150,95],[-26,41],[40,77],[-122,67],[-10,80]],[[9042,22960],[138,17],[14,11],[1,20],[25,14],[83,18],[2,19],[8,10],[0,23],[68,97],[17,4],[10,19],[44,39],[80,-122],[256,-38],[85,-29],[76,150],[129,29],[54,61],[68,-19],[24,57],[53,5],[-1,123],[-145,67],[-45,52],[115,87],[266,-34],[85,16],[70,-38],[165,-14]],[[10787,23604],[-40,-65],[-2,-87],[-68,-21],[-25,-125],[39,-13],[34,38],[93,-46],[46,16],[18,-139],[34,-15],[61,46],[2,-120],[59,40],[47,-44],[59,15],[136,-17],[49,-44],[63,4],[40,-37],[50,11],[117,-28],[42,4],[28,-57],[87,-73],[163,-41],[-39,-114],[56,-70],[76,35],[94,-8],[10,4],[6,11],[2,-1]],[[12124,22663],[6,-3],[7,-66],[79,-13],[-25,-81],[36,-38],[-40,-57],[-88,-43],[-31,-64],[-67,-32],[72,-53],[0,-80],[64,-38],[-128,-45],[-75,-4],[-94,30],[-34,-110],[99,-16],[-9,-59],[-45,-20],[-42,2],[-27,23],[-4,108],[-60,16],[-27,88],[-46,-32],[30,-106],[-179,18],[-17,45],[32,98],[-81,-44],[-133,21],[-63,27],[-34,-68],[-10,-87],[60,-11],[14,-66],[-72,-65],[-64,41],[-59,-26],[-17,-65],[108,-95],[2,-57],[40,-34],[73,-6],[21,-39],[95,-72],[61,-81],[82,-59],[62,-87],[25,-27],[-13,-62],[62,-54],[16,-3]],[[14351,24202],[-48,63],[-156,68],[47,96],[-56,92],[31,88],[72,5],[2,160],[-67,92],[0,85],[32,37],[16,144],[-77,137],[-59,74],[201,21],[-11,132],[18,52],[-25,102],[24,39],[-23,140],[14,0]],[[14286,25829],[9,0],[112,3],[109,21],[140,8],[-3,40],[66,26],[59,-47],[126,35],[15,0],[31,-60],[-30,-37],[-2,-83],[21,-110],[-42,-69],[36,-24],[-46,-176],[-18,-110],[65,-16],[256,4],[113,-23],[94,13],[24,52],[104,-58],[137,-124],[15,2],[-8,-36]],[[15669,25060],[-41,-5],[-42,-64],[-45,15],[-29,4],[-134,-152],[43,-66],[-81,-3],[-9,-38],[-119,-18],[-20,-141],[34,-60],[-80,-31],[-9,-50],[-117,51],[-64,1],[14,-68],[-105,-19],[-127,87],[-50,3],[-9,-17],[-67,-123],[-131,-56],[-46,-112],[-11,28],[-73,-24]],[[17028,26385],[20,-173],[-62,-35],[-19,2],[-82,0],[-162,-101]],[[16723,26078],[-154,3],[-87,45],[-44,-49],[-30,-96],[-9,-44],[72,-91],[-8,-39],[81,-66],[-14,-63],[32,-54],[-13,-220],[64,-85],[88,-16],[59,-55],[44,-96],[17,-95],[2,-36],[-5,-27],[-48,-49]],[[16770,24945],[-109,-11],[-90,-55],[-200,14],[-31,-69],[-77,-69],[-94,-21],[-40,81],[-45,-51],[-81,-17],[-76,-81],[-49,39],[-125,33],[-12,-27],[-11,-2]],[[15730,24709],[-37,6],[41,143],[-30,19],[-7,145],[-28,38]],[[14286,25829],[-1,7],[-16,-4],[-12,7],[-28,105],[-42,65],[-101,-17]],[[10787,23604],[20,76],[88,167],[-38,95],[13,92],[1,7],[110,32],[43,65],[70,-31],[-4,-89],[71,-2],[41,-41],[18,208]],[[11220,24183],[108,120],[80,-51],[19,47],[54,1],[57,40],[-31,89],[88,52],[4,71],[127,82],[25,87],[63,-1],[60,41],[107,-33],[6,-89],[70,25],[39,-34],[-4,61],[48,-40],[60,54],[-5,52],[60,42],[52,-19],[57,40],[63,6],[-4,67],[49,4],[28,-94],[86,-3],[103,-94],[37,102],[44,9],[33,-108]],[[12803,24709],[-37,-13],[-60,-149],[-53,-35],[-42,5],[-13,-10],[-27,-79],[2,-51],[32,-44],[-23,-46],[-62,8],[-55,-40],[19,-42],[-35,-83],[14,-64],[-59,-23],[-36,-154],[-62,-6],[6,-132],[61,-49],[18,-82],[45,-28],[-23,-52],[-3,-171],[-40,-70],[14,-74],[-5,-142],[-70,-32],[16,-63],[84,-13],[7,-72],[-35,-162],[-25,6],[-2,-77],[-4,-44],[-10,-32]],[[12340,22594],[-14,2],[-48,-7],[-82,38],[-52,71],[-20,-35]],[[19500,26426],[6,-67],[-75,-91],[-138,-123],[47,-174],[37,-45],[124,15],[49,-26],[32,-19],[85,-6],[59,-46],[8,-24],[35,-77],[-34,-75],[37,-99],[-64,-77],[-157,18],[-18,-96],[9,-59],[-130,-122],[2,-139],[94,-22],[12,-101],[50,-40]],[[19570,24931],[-5,2],[-47,-43]],[[19518,24890],[-90,32],[-126,0],[-23,59],[-46,25],[-15,-82],[-98,-30],[-117,7],[-17,34],[-172,22]],[[18814,24957],[7,18],[36,47],[1,59],[41,53],[-32,81],[69,-10],[35,39],[25,1],[-3,68],[45,24],[26,96],[-79,123],[-164,149],[82,118],[-12,38],[33,135],[-154,257],[-55,14],[60,121],[95,74]],[[20361,25662],[-27,12],[-42,55],[5,91],[-71,-10],[-47,107],[-7,118],[-54,19],[-44,88],[76,20],[58,51],[-107,76],[-9,34],[29,50],[95,-28],[48,21]],[[12340,22594],[3,0],[50,-3],[77,-46],[104,5],[12,56],[64,13],[71,-46],[138,10],[-26,-102],[23,-33],[29,-15],[54,12],[70,67],[43,-90],[74,-12],[24,49],[109,-43],[75,-10]],[[13334,22406],[30,-65],[142,36],[73,-33],[15,-34],[-21,-56],[14,-65],[-67,-75],[11,-19],[16,-6],[29,3],[39,52],[55,-69],[46,-9],[3,-78],[56,-126],[7,-31],[52,-52],[48,39],[75,-8],[14,-135],[50,-1],[74,-90],[70,-119],[29,-5]],[[14194,21460],[17,-85],[-12,-12],[-74,-7],[-20,-38],[-75,13],[-38,-29],[-70,23],[-57,-135],[-94,82],[-90,-35],[-12,-123],[-39,-26],[-58,41],[-68,4],[-20,7],[-37,-12],[0,-12]],[[13447,21116],[-1,0],[-12,7],[-24,9],[-1,19],[-258,20],[-81,-21],[-35,46],[-30,9],[-23,0],[3,13],[-68,-12],[-14,53],[-33,15],[-110,8],[-63,37],[-47,-26],[-72,44],[-37,-10],[-38,14],[-3,7],[-27,7],[-40,-76],[-74,24],[-33,56],[-87,-19],[-7,-42],[-89,-59],[-63,-66],[-55,-100],[-122,52],[-48,-74],[-4,-4]],[[11851,21047],[-88,-17],[-71,81],[-6,1]],[[14351,24202],[8,-62],[-66,-76],[-62,10],[14,-140],[-145,-8],[-77,-137],[63,-3],[-4,-128],[-42,-42],[-33,-83],[74,-27],[-11,-32],[-10,-15]],[[14060,23459],[-22,1],[-17,-42],[-150,14]],[[13871,23432],[-68,86],[3,33],[-208,16],[-25,-57],[-91,-43],[-69,6],[-137,-43],[-74,25],[-49,-13],[-96,170],[-75,44],[141,260],[116,102],[12,116],[31,98],[-42,55],[-90,43],[-114,-90],[-81,35],[-69,-53],[-21,58],[45,119],[-19,63],[25,56],[-12,113],[81,18],[68,45],[-12,149],[-25,13],[-11,-4]],[[13005,24852],[-19,28],[-4,68],[4,34],[-3,112],[86,18],[0,43],[109,145],[-58,27],[19,63],[112,102],[8,59],[102,-39],[91,-96],[110,-15],[61,68],[21,94],[-14,49],[-7,19]],[[19518,24890],[17,-52],[-9,-100],[-17,-54],[42,-43],[-19,-146],[34,-56],[20,-98],[-48,-119],[67,-82],[6,-75],[-91,-36],[-35,-82],[87,-35],[43,-136],[-68,-109],[-64,-30],[-68,29],[-38,87],[-57,-6],[-56,-52],[-6,-90],[48,-89],[-78,-96],[-24,-41],[5,-80],[65,-110],[9,-217]],[[19283,22972],[-75,16],[-45,-36],[-153,-32],[-34,-102],[-30,-9],[-50,31],[-65,-4],[-72,-37],[-49,64],[-45,0],[-71,51],[-69,21],[-124,68],[-31,-152],[-35,-29],[-44,-92],[-144,123],[-140,22],[-67,72],[-26,66],[11,57],[-88,34],[-95,-21],[-3,135],[-22,49]],[[17717,23267],[52,5],[37,-46],[76,21],[16,97],[118,-3],[60,24],[117,91],[27,48],[-95,40],[-3,55],[37,77],[-74,135],[-192,187],[8,69],[-63,55],[-103,27],[-66,-10],[-14,24],[-12,52],[-5,15]],[[17638,24230],[-1,7],[54,58],[-25,96],[63,42],[-25,37],[50,-18],[46,28],[28,-14],[57,-2],[30,54],[55,-19],[37,54],[178,-43],[60,92],[78,74],[12,59],[5,4]],[[18340,24739],[4,2],[158,0],[89,169],[52,-40],[74,16],[90,64],[7,7]],[[9422,25483],[6,7],[4,54],[130,15],[27,84],[85,61],[28,44],[52,-30],[55,24],[-43,54],[103,76],[70,23],[79,-8],[20,35],[83,15],[115,-37],[21,41],[129,20],[39,-47],[60,5],[10,91],[-32,112],[49,66],[20,71],[87,-46],[59,21],[50,-28],[78,6],[21,121],[89,30],[8,159],[25,66]],[[11669,26232],[-75,-19],[-59,-114],[24,-82],[-58,-104],[-104,-44],[-15,-34],[-115,0],[-124,-84],[-7,-31],[-27,-99],[-17,-17],[55,-20],[50,-75],[-11,-149],[34,-2],[58,-87],[27,-99],[-41,-31],[45,-56],[4,-67],[-63,-44],[-39,-96],[-52,-11],[-69,-29],[-69,-3]],[[11021,24835],[-15,41],[-26,6],[-86,14],[-47,39],[-98,9],[24,142],[-151,88],[-252,-32],[-58,53],[-79,29],[-184,-2],[-170,26],[-129,-52],[-171,4],[-10,1]],[[20085,21405],[-35,-30],[-147,-10],[-86,-33],[-100,77],[-56,83],[-134,31],[-63,84]],[[19464,21607],[16,6],[37,5],[24,71],[0,109],[-24,187],[-108,31],[-6,79],[142,129],[-38,90],[42,103],[46,210],[-46,103],[-57,60],[-54,15],[-84,65],[-19,58],[-52,44]],[[19570,24931],[32,-12],[58,-31],[67,75],[47,-34],[124,-3],[112,-61],[74,33],[80,145],[17,120],[82,-26],[57,33],[68,-7],[83,21],[93,-20]],[[14815,22100],[4,26],[-17,25],[-9,66],[-84,51],[23,53],[-64,37],[-152,9],[-31,74],[-16,25],[4,120],[44,70],[-1,51],[45,58],[34,120],[-43,138],[-50,32],[-93,9],[-10,106],[-129,-13],[-6,-16],[-16,-6],[-13,16],[-57,132],[-50,25],[30,97],[-45,19]],[[14113,23424],[21,47],[80,0],[11,61],[45,47],[83,-10],[23,61],[106,3],[119,56],[106,29],[41,-26],[68,-113],[169,105],[16,-93],[42,-3],[-3,-75],[11,-9],[69,45]],[[15120,23549],[0,-20],[49,-5],[0,-22],[57,-54],[1,-44],[-9,-11],[75,-14],[30,-78],[4,-9],[-39,-67],[3,-18],[79,7],[27,-76],[12,-9]],[[15409,23129],[-10,-9],[28,-22],[-6,-89],[6,-208],[39,-58],[-94,-106],[24,-33],[-145,-90],[-50,30],[-33,-27],[-57,-45],[-59,11],[-10,-85],[-90,-78],[-10,-35],[23,-144],[-42,-25],[-41,-83],[-61,52],[-6,15]],[[13005,24852],[-4,-13],[-85,-19],[-40,-45],[0,-81],[-73,15]],[[11220,24183],[-107,13],[-6,71],[-47,181],[-107,95],[-20,121],[62,17],[-5,50],[31,104]],[[13871,23432],[-64,-162],[-10,-149],[-57,-18],[-18,-226],[-78,-17],[-50,-113],[-84,-8],[-40,-57],[-9,-117],[-34,-58],[-86,-28],[-7,-73]],[[10021,16145],[-61,-12],[-23,85],[-85,3],[-107,28],[81,90],[-19,80],[-52,29],[57,96],[-45,85],[-13,-30],[-78,7],[-5,88],[-84,20],[-186,-9],[32,76],[152,65],[-8,61],[-153,191],[-18,55],[43,41],[-44,66],[83,81],[-103,170],[63,124],[-16,67]],[[9432,17702],[7,8],[-43,131],[14,19],[-37,47],[-45,-4],[-88,104],[51,60],[-34,90],[73,13],[-44,90],[36,55],[76,-4],[-43,171],[-65,40],[-36,41],[-74,57],[12,12]],[[9192,18632],[38,-4],[41,-24],[39,46],[114,-49],[109,-140],[41,-10],[72,-72],[-20,-64],[85,-15],[27,-108],[63,-35],[73,12],[44,-49],[48,27],[121,-23],[53,53],[26,-42],[69,-26],[43,-44],[51,43],[30,-63],[136,24],[65,-17],[39,-70],[67,-10],[54,-27],[109,-113],[-8,-11]],[[14219,19937],[-112,41],[24,87],[-21,47],[-86,5],[-47,59],[-82,-16],[-197,12],[-49,41],[-29,64],[-100,-22],[-26,35],[-16,45],[-31,32],[42,163],[-26,33],[53,80],[0,64],[-55,21],[7,69],[-68,-8],[-69,23],[31,74],[76,-16],[-27,177],[32,36],[4,33]],[[14194,21460],[5,1],[25,43],[64,34],[29,11],[139,63],[183,-13]],[[14639,21599],[20,-108],[81,-2],[-17,-149],[183,33],[-1,-98],[73,1],[23,-40],[94,-26],[-6,-80],[49,-33],[-82,-86],[65,-45],[-31,-98]],[[7726,21987],[66,4],[13,-59]],[[7805,21932],[-38,-18],[-29,-132],[-71,73],[59,132]],[[7726,21987],[-27,141],[-61,71],[20,66],[68,104]],[[7726,22369],[1,12],[30,10],[104,-51],[34,-51],[76,-71],[-43,-131],[6,-74]],[[7934,22013],[-12,-55],[-61,-50],[-56,24]],[[7669,22372],[16,3]],[[7685,22375],[20,-22],[-71,-99],[2,129],[33,-11]],[[7635,22151],[1,-5],[-5,1],[1,3],[3,1]],[[18340,24739],[-6,13],[-19,15],[-34,9],[-77,132],[-59,17],[-89,87],[-179,59],[2,48],[-52,23],[1,51],[-86,13],[1,52],[-47,41],[-53,-31],[-116,126],[-6,103],[-134,84],[-73,32],[-28,82],[-52,0],[-86,134],[-107,81],[-182,29],[-32,74],[-48,21],[-19,20],[-4,8],[-18,17],[-15,-1]],[[14639,21599],[39,28],[-10,62],[-93,-6],[-10,58],[115,49],[57,97],[13,142],[37,72],[28,-1]],[[15409,23129],[5,-4],[153,-29],[103,-46],[46,-54],[3,-108],[172,-46],[-15,-69],[-69,-42],[0,-38],[83,-14],[82,35],[82,10],[-8,96],[30,17],[162,-15],[90,-81],[6,45],[15,12],[47,-38],[101,27],[55,110],[61,19],[18,99],[-28,65],[-43,17],[-117,-29],[-58,90],[-78,-31],[-111,104],[-63,-24],[-58,32],[-19,103],[82,138],[92,60],[107,7],[58,27],[41,-54],[106,26],[231,-54],[56,50]],[[16829,23542],[-26,-113],[74,-18],[0,-46],[48,-58],[-12,-49],[-25,-72],[-99,-43],[3,-63],[39,-90],[-25,-82],[26,-165],[-146,-57],[-61,-69],[-13,-76],[29,-39],[-23,-161],[-56,-20],[-38,29],[-135,44],[-161,125],[-146,-69],[66,-45],[-55,-55],[-38,-104],[-18,-99],[13,-83],[-65,27],[-16,-55],[-52,-16],[9,-144],[83,1],[-7,-59],[68,6],[-22,-73],[68,-6],[29,-73],[76,-45]],[[16221,21627],[-178,-62],[-85,-203],[-89,-32],[-5,-61],[29,-95],[-58,-62],[-91,-49],[-29,48],[-71,-11],[5,-132],[-68,-70],[-17,-85],[-47,-41],[10,-45],[72,-56],[-34,-30]],[[9042,22960],[-88,61],[-78,144],[-48,32]],[[8828,23197],[21,22],[-5,48],[-64,1],[-30,44],[-2,74],[-41,30],[28,55],[-18,76],[47,119],[-44,5],[-33,58],[-172,60],[-12,17],[-8,-4],[-45,29],[19,24],[-41,66]],[[13700,19484],[-12,-1],[-69,24],[-3,47],[-99,21],[-34,57],[-46,-2],[-85,-67],[-33,-3],[-17,-11],[-39,18],[16,69],[-132,85],[-154,-44],[24,135],[-130,41],[-33,-35],[-72,24],[-51,83],[-10,155],[51,62],[61,-16],[10,-46],[139,24],[32,85],[-90,89],[-30,71],[28,54],[-55,182],[-5,75],[-62,109],[-59,2],[-87,36],[-58,100],[-59,-11],[-28,-74],[34,-58],[-70,-65],[-57,15],[-60,-104],[18,-53],[-92,-8],[-69,-190],[-70,71],[-102,19],[0,143],[-47,59],[-68,130],[-88,40],[-6,166],[-4,32],[19,23],[4,5]],[[8828,23197],[-201,-60],[-142,6],[-57,-148],[-93,-20],[29,-72],[-132,-101],[-128,-33],[-61,43],[-33,-20],[-5,-52],[42,-33],[-95,-120],[-37,-84],[21,-54],[-86,-32],[-67,52],[-130,-4]],[[7653,22465],[9,37],[-69,80],[3,80],[-24,68],[59,58],[-93,86],[-20,102],[-4,197],[-37,74],[-23,190],[15,62],[-31,79],[86,71],[9,52],[-23,123],[28,20],[22,98]],[[7550,22746],[8,-4],[-6,-15],[-11,18],[9,1]],[[14060,23459],[13,-17],[40,-18]],[[11054,20726],[21,-70],[-70,2],[-12,-39],[74,-65],[181,37],[58,-40],[60,-97],[99,55],[46,-6],[-26,-166],[86,2],[-25,-85],[-64,-17],[-111,-152],[154,-30],[19,-12],[-95,-77],[-90,-13],[-92,14],[-38,44],[-70,-4],[-86,26],[33,61],[-21,15],[-37,19],[-12,15],[-21,5],[-55,-10],[-77,32],[-34,1]],[[10849,20171],[-15,14],[-59,57],[-137,-40],[-52,41],[-144,-40],[-52,32],[-87,10],[-38,46],[-91,-49],[-107,53],[-124,14],[-75,43],[-33,-18],[-110,21],[-142,87],[-72,-36],[-41,28],[-6,-6],[30,-40],[-2,-62],[-40,-133],[-15,-18],[-73,8],[-36,-25],[-142,46],[-79,-35]],[[9107,20169],[-75,53],[-26,86],[18,47],[95,40],[-19,33],[-91,30],[-29,-19],[-66,48],[-15,74],[-87,43],[-12,53],[-85,10],[37,96],[-37,76],[-33,-6],[-29,187],[-103,120],[57,106],[54,44],[-57,175],[43,89],[10,80],[67,29],[51,119],[6,65],[117,41],[24,53],[-38,72],[5,126]],[[8889,22139],[7,1],[15,54],[-2,30],[115,24],[88,89],[47,9],[-31,79],[-2,14],[75,55],[137,17],[-28,89]],[[9107,20169],[-54,-79],[17,-29],[-161,-122],[-7,-11],[60,-30]],[[8962,19898],[-60,10],[-151,-50],[4,32],[-12,51],[-66,-34],[-60,130],[-30,31],[30,59],[-25,35],[-70,-3],[-13,62],[-51,21],[-70,-27],[-77,11],[-71,-81],[-62,-42],[-83,-2]],[[8095,20101],[-54,-1],[-62,199],[-31,57],[28,51],[-53,105],[-34,111],[105,-59],[72,29],[-116,67],[-35,61],[-56,22],[11,79],[-49,116],[28,131],[29,8],[-123,289],[15,44],[0,133],[87,-5],[110,30],[-7,97],[-86,-23],[-31,62],[78,140],[80,14],[49,49]],[[8050,21907],[24,13],[19,19],[1,143],[28,24],[186,-3],[30,29],[87,-110],[171,116],[272,5],[21,-4]],[[7941,20656],[-5,-2],[-2,3],[6,2],[1,-3]],[[7773,21254],[-1,-1],[-3,-1],[2,5],[2,-3]],[[7686,21382],[3,-2],[0,-3],[-4,-1],[1,6]],[[7735,21383],[-3,-2],[2,6],[1,0],[0,-4]],[[7834,21844],[10,-7],[1,-12],[-9,6],[-8,-28],[6,41]],[[7896,21858],[4,-10],[-13,-25],[-16,21],[25,14]],[[9432,17702],[-143,17],[-4,-104],[-67,2],[-58,38],[-48,-86],[-132,-58],[-67,-52],[-66,10],[-59,-48],[-78,44],[-37,-13]],[[8673,17452],[-85,35],[-22,67],[-33,31],[38,68],[-27,115],[-37,82],[18,133],[-37,20],[-1,80],[-25,64],[24,159],[-61,60],[50,62],[-68,279],[-38,100],[-43,41],[52,54],[-37,116],[-51,6],[8,215],[-65,66],[3,102],[-50,166],[35,26],[-18,78],[-119,320],[-40,31],[51,73]],[[8962,19898],[43,-52],[-22,-38],[32,-57],[-60,-131],[45,-40],[42,23],[63,-25],[76,-72],[65,-175],[-1,-51],[-58,-46],[-2,-149],[-68,-77],[30,-29],[-8,-126],[21,-15],[4,-34],[6,-6]],[[9170,18798],[2,-19],[35,-89],[-15,-58]],[[8137,19794],[2,-3],[-4,-4],[-2,7],[4,0]],[[9170,18798],[36,-6],[41,29],[21,-13],[27,-36],[101,-38],[66,-68],[25,-62],[156,-45],[90,-68],[101,19],[147,84],[103,-16],[4,52],[23,-1],[38,53],[3,70],[-39,34],[-14,67],[61,40],[-52,123],[59,66],[325,-69],[66,60],[74,-9],[52,57],[56,-85],[83,-7],[0,169],[102,-22],[90,-39],[84,97],[-4,90],[40,32],[0,52],[38,41]],[[11173,19449],[9,5],[129,-156],[-75,-42],[3,-22],[65,-73],[25,25],[46,26],[22,-36],[-11,-96],[-57,-24],[-3,-27],[15,-43],[-52,-35],[-22,-98],[-88,-34],[-12,-24],[-8,-35],[-19,-16],[3,-14],[-6,-8],[-29,-45],[87,-59],[18,-57],[61,-7],[-15,79],[52,60],[15,9],[32,29],[104,-6],[32,38],[126,-7],[27,49],[93,-21],[-14,-69],[-42,-30],[18,-29],[73,0],[33,57],[121,36],[9,-79],[60,35],[31,97],[154,-46],[69,81],[79,36]],[[10849,20171],[-75,-52],[5,-45],[-70,-259],[89,35],[10,-71],[48,-48],[70,-7],[104,-58],[35,-40],[57,-4],[-9,-32],[60,-141]],[[9128,16048],[-90,229],[-68,102],[-121,49],[-40,92],[-78,353],[-24,52],[-67,255],[-53,160],[-75,165],[42,41],[19,-57],[37,-34],[63,-3]],[[8756,16343],[0,-1],[0,-3],[-3,3],[3,1]],[[8768,16344],[1,-2],[0,-3],[-5,3],[4,2]],[[8773,16354],[1,-3],[-2,0],[-2,3],[3,0]],[[8763,16622],[3,-3],[-4,-9],[-5,6],[6,6]],[[8734,16724],[1,-1],[-1,-4],[-2,6],[2,-1]],[[8050,21907],[-49,5],[-17,104],[-50,-3]],[[7726,22369],[-41,6]],[[7669,22372],[-16,93]],[[17638,24230],[-105,-8],[-50,30],[-27,85],[-85,138],[-106,-9],[-62,56],[-51,107],[-160,-15],[-220,92],[-27,30],[-21,122],[46,87]],[[15730,24709],[-13,-62],[39,-26],[-35,-118],[-76,-8],[-43,-93],[-13,-106],[28,-14],[45,-110],[94,-30],[-37,-103],[59,-38],[-17,-116],[-76,-112],[-75,-21],[-90,115],[-100,-41],[-148,41],[-36,-46],[30,-39],[-80,-161],[-63,-37],[-3,-35]],[[17717,23267],[-10,5],[-50,-7],[-75,32],[-41,6],[-198,53],[-154,24],[-54,-52],[-29,42],[-132,35],[-22,77],[-79,7],[-44,53]],[[42731,31376],[-47,41],[-14,78],[-69,16],[11,50],[-159,59],[11,110],[20,27],[-13,165]],[[42471,31922],[67,167],[15,94]],[[42553,32183],[83,-32],[114,-16],[-25,-55],[-128,-20],[10,-83],[83,-22],[55,-43],[-21,-59]],[[42724,31853],[12,-115],[-71,-117],[14,-20],[9,-179],[43,-46]],[[42495,30869],[14,48],[24,36],[33,159],[164,154],[-26,69],[27,41]],[[42731,31376],[52,-66],[47,82],[-47,76],[13,56],[73,66],[38,112],[60,-43],[48,47],[-24,58],[88,27],[56,157],[46,24]],[[43181,31972],[13,3],[31,27],[44,-15]],[[43269,31987],[27,-13],[110,-32],[84,-83],[63,-8],[-12,-56],[67,-64]],[[43608,31731],[-4,-104],[-35,-84],[-57,-76],[-42,-5],[3,-83],[-55,-94],[-20,-108],[-34,-21],[-5,-140],[-24,-82],[-124,-195],[-15,-147],[-65,-18],[-37,83],[-83,21],[-55,59],[-80,0],[-92,43],[-163,-50],[-98,142],[-28,-3]],[[41442,31900],[17,-20],[5,166],[68,84]],[[41532,32130],[8,0],[85,-23],[-16,-51],[29,-54],[-31,-128],[-55,-68],[84,-61],[63,53],[46,76],[100,16],[136,-35],[59,22],[45,-29],[132,72],[59,-36],[26,55],[129,19]],[[42431,31958],[40,-36]],[[42495,30869],[-206,5],[-12,-66],[-131,-23],[-25,-24],[-72,42],[-9,51],[-56,112],[-49,40],[-83,24],[-28,-79]],[[41824,30951],[-82,-4],[-101,64],[-55,-55],[-26,-3]],[[41560,30953],[-14,1],[-112,34],[-39,52],[-42,-22],[-113,68],[63,159],[-26,113],[45,67],[-23,51],[5,78],[-39,23]],[[41620,32398],[50,-9],[-33,-106],[-74,-20],[-52,-133],[21,0]],[[42822,32468],[2,-4],[19,41],[86,69],[26,-8],[14,74],[74,-93],[-13,-69],[112,-2],[-66,-168],[-44,-186],[2,-19],[41,2]],[[43075,32105],[-103,-36],[-43,97],[-92,-17],[-3,-2]],[[42834,32147],[-13,58],[14,131],[-69,70],[56,62]],[[42553,32183],[36,67],[-20,54],[46,57],[61,205],[30,9],[75,151],[18,27],[89,35],[16,-35],[-116,-99],[31,-174],[3,-12]],[[42834,32147],[-7,-7],[-51,-32],[34,-62],[-27,-162],[-59,-31]],[[42431,31958],[-22,171],[-37,153],[97,58],[22,52],[-52,102],[34,40],[114,52],[2,89],[42,21],[-72,225],[88,128],[41,13],[83,77],[84,27],[-89,126],[33,71],[-32,35],[-117,19],[-41,60]],[[42609,33477],[9,35],[-28,35],[-30,60],[95,46],[92,9],[42,-3],[22,-2],[25,-6]],[[42836,33651],[20,-10],[13,0],[22,17],[57,16],[95,-29],[37,-47],[78,-16],[24,43],[69,8]],[[43251,33633],[-7,-38],[54,-62],[132,-3],[18,0],[187,104],[7,71],[101,48],[5,-9]],[[43748,33744],[1,-2],[-99,-175],[-92,-217],[4,-55],[-136,-194],[-66,-38],[-62,-83],[-43,-10],[-107,-115],[-18,-77],[54,-81],[-7,-41],[41,-134],[-38,-90],[-14,-123],[1,-12],[69,-61],[3,-170],[30,-79]],[[43181,31972],[-29,5],[-12,7],[-19,22],[-22,56],[33,70],[-45,-28],[-12,1]],[[42052,33198],[4,-53],[47,-47],[98,-11],[74,-81],[132,232],[87,94],[12,39],[72,67],[31,39]],[[43748,33744],[9,4],[5,7],[9,-3],[2,14],[9,7],[29,35],[13,2],[56,83],[40,-19],[-22,-94],[-47,-87],[4,-131],[112,-78],[68,-25],[27,9]],[[44062,33468],[-19,-85],[-67,-45],[-15,-90],[-39,-86],[-21,-131],[27,-37],[239,-105],[9,-131],[-14,-68],[-67,-102],[-17,-122],[-84,-91],[-26,-115],[13,-36],[-38,-76],[-55,14],[-41,-67],[-54,-136],[-101,-89],[-51,-132],[-33,-7]],[[37938,34116],[-94,-93],[63,-46],[-122,-186],[-100,-89],[-116,-10],[-21,-42],[0,-11],[-1,-3]],[[37547,33636],[-27,-11],[-79,-73],[-72,-98],[-23,-66],[-209,31],[-73,37],[-210,11],[-24,1]],[[36830,33468],[-6,1],[22,60],[98,102],[5,88],[58,171],[-58,98],[-25,85]],[[36924,34073],[88,57],[117,-11],[-20,-88],[86,0],[53,16],[166,96],[62,-21],[50,27],[0,69],[42,52]],[[38585,32950],[-58,105],[81,62],[60,17],[76,-14],[20,32],[79,-6],[-7,168],[25,116]],[[38861,33430],[-22,130],[187,73],[28,-54],[115,94],[100,64],[18,78]],[[39287,33815],[34,-6],[144,22],[62,36],[27,-49],[130,-26],[94,11],[77,37]],[[39855,33840],[-1,-5],[-50,-108],[-13,-109],[-28,-89],[28,-147],[0,-185],[-108,22],[-103,-80],[-1,-53],[69,-113]],[[39648,32973],[-80,-21],[-110,18],[-146,-7],[-139,-47],[-63,-2],[-106,-49],[-63,30],[-39,58],[-35,-41],[-153,-10],[-129,48]],[[40371,32566],[-73,21],[9,111],[-144,40],[-46,31],[-129,46],[-55,45],[-68,12],[-33,49],[-129,58],[-55,-6]],[[39855,33840],[1,6],[9,0]],[[36924,34073],[-85,7],[2,46],[69,23],[-2,48],[67,152],[-42,111]],[[39287,33815],[-4,10],[31,19],[-31,115],[-72,29],[39,58],[-65,80],[-86,-40],[-65,18],[-120,-6],[-214,-42],[-67,26],[-98,7],[-28,52]],[[37547,33636],[-2,-6],[45,-115],[-57,-98],[13,-115],[68,2],[60,-31],[-4,-69],[62,-36]],[[37732,33168],[40,8],[97,-90],[-14,-57],[32,-73]],[[37887,32956],[-194,-33],[-97,47],[-93,-49],[-68,4],[-78,46],[-24,-18],[-217,-4],[-86,-46],[-140,33],[-67,56],[-87,4]],[[36736,32996],[-17,49],[31,106],[-14,54],[73,91],[0,104],[21,68]],[[36283,33698],[32,3],[126,-66],[-28,-81],[-60,10],[-35,-136],[-85,10],[12,-94],[-66,-81],[-20,-80]],[[36159,33183],[-41,12],[-50,-40],[-58,41],[-37,130],[50,200],[34,92]],[[38585,32950],[-88,6],[-110,54],[-32,-17],[-302,7],[-166,-44]],[[37732,33168],[31,71],[119,17],[45,-32],[65,35],[124,-20],[-5,60],[56,59],[0,72],[77,39],[84,-12],[152,53],[52,-26],[50,34],[70,-32],[0,-55],[-41,-42],[11,-49],[156,97],[-48,31],[44,52],[62,-32],[25,-58]],[[36736,32996],[-266,49],[-105,67],[-146,76],[-60,-5]],[[41560,30953],[55,-145],[-53,-49],[-31,-71],[7,-53],[-54,-101],[-101,-52],[-77,-15],[17,-72],[-10,-109],[9,-60],[-4,-104],[15,-72],[6,-44],[-11,-15],[-28,-12],[-14,-24]],[[41286,29955],[-37,-3],[-56,48],[-133,-98],[-25,90],[-69,47],[-26,113],[-59,-27],[27,-78],[-16,-66],[6,-103],[68,-31],[0,-83],[27,-81],[-79,-44],[-99,57],[-66,-72]],[[40749,29624],[-4,4],[-21,98],[5,15],[-8,14]],[[40721,29755],[-22,70],[-13,301],[37,63],[-61,40],[51,101],[-48,62],[-7,137],[32,59],[-53,155],[12,15],[-4,19]],[[40645,30777],[13,4],[21,3],[68,44],[85,-5],[76,70],[93,-8],[33,164],[55,119],[1,21],[13,69],[-66,34],[18,73],[-21,57],[49,76],[10,58]],[[41824,30951],[0,-126],[56,-76],[47,-19],[1,-189],[29,-200],[46,-54],[-27,-52],[10,-116],[-11,-96],[-33,-46],[-16,-174],[27,-42],[-81,-60],[20,-30],[1,-147],[27,-56],[-61,-262],[-93,-125],[-82,-3],[-77,90],[-33,1]],[[41574,29169],[-18,175],[-34,144],[-25,26],[-138,-19],[-75,77],[70,165],[-26,38],[-9,135],[-44,26],[11,19]],[[40645,30777],[4,130],[-26,40],[-129,26],[-1,201]],[[41158,28273],[3,-130],[28,-145],[-116,-79],[-29,-59],[-60,16],[41,-482]],[[41025,27394],[-65,54],[-190,104],[-22,-202],[-87,-94],[-67,42],[-38,187],[53,89],[-31,89],[-2,115],[-71,385],[12,33],[-49,84],[28,45],[-24,99],[-20,172]],[[40452,28596],[49,43],[154,-184],[28,-38],[-3,-33],[25,5],[57,1],[4,-54],[131,-112],[35,44],[7,125],[56,4],[154,-131],[9,7]],[[40749,29624],[5,-4],[8,-162],[21,-43],[26,24],[56,37],[97,-2],[54,20],[31,-113],[118,24],[30,-37],[6,-88],[103,-67],[33,-53],[143,-82]],[[41480,29078],[54,-167],[-40,0],[-58,-225]],[[41436,28686],[-38,40],[-78,-20],[-43,-76],[-42,7],[-64,57],[-37,-45],[28,-103],[-5,-77],[36,-65],[-17,-113],[-18,-18]],[[40452,28596],[-58,31],[-53,251],[-79,62],[-39,72],[29,155],[-57,85],[8,109],[-20,125],[96,14]],[[40279,29500],[-4,23],[82,58],[40,186],[143,-36],[47,63],[91,-41],[43,2]],[[40279,29500],[-66,149],[-37,192],[-31,28],[-24,193],[-40,75],[-24,92],[24,54],[-15,64]],[[40066,30347],[-19,23],[-16,154],[48,94],[37,-8],[20,13],[-3,14],[18,61],[-16,25],[-15,79],[28,35],[-25,80],[25,86],[-8,221],[-46,82]],[[41436,28686],[15,-78],[-35,-62],[39,-125],[50,-95],[-49,-57],[26,-50],[5,-93],[94,-85],[18,-262],[-18,-55],[-65,-4],[18,-117],[-142,50],[-55,-29],[4,-99],[32,-66],[-82,7],[-26,-89],[14,-129],[-36,-1],[-35,78],[-40,-15],[-44,-95],[-99,179]],[[41574,29169],[-89,-18],[-5,-73]],[[42862,34266],[11,-74],[75,-41],[-2,-26],[-17,-65],[-72,-100],[-50,-38],[-74,-87]],[[42733,33835],[-23,-20],[-100,3],[-69,-8],[-32,15],[-43,83],[-106,-31],[-58,-54],[-55,34],[-61,5],[-27,9],[-11,16]],[[44405,33706],[-53,43],[-8,71],[18,119],[-46,64],[-76,43],[-56,6],[-57,-53],[-8,13]],[[44119,34012],[-54,77],[-115,27],[-14,22],[12,33],[-61,87],[55,65],[97,147]],[[44039,34470],[162,0],[37,-26],[105,53],[66,-55],[-61,-117],[98,-3],[114,-115],[57,14]],[[44617,34221],[59,-146],[1,-66],[-71,-43],[-35,-53],[-89,-79],[-25,-96],[-52,-32]],[[42898,34302],[107,32],[100,82],[104,-20],[83,91],[77,-31],[13,5]],[[43382,34461],[0,-32],[5,-29],[21,-66],[-117,-96],[6,-46],[98,-106]],[[43395,34086],[-108,-224],[-1,-117],[-35,-112]],[[42836,33651],[-32,54],[-17,26],[35,70],[-89,34]],[[44243,35868],[32,-92],[42,-49],[-73,-60],[-1,-87],[112,-44],[43,-62],[21,-88],[10,-155],[52,-62],[-9,-36],[0,-19]],[[44472,35114],[-113,-9],[-186,148],[-63,-22]],[[44110,35231],[-5,15],[-28,135],[62,78],[14,50],[-43,73],[-64,27],[132,90],[11,57],[-35,54]],[[44110,35231],[-9,-27],[-72,-87],[-16,-63],[-134,-92],[-12,-19],[38,-77],[-1,-31]],[[43904,34835],[-18,-16],[-43,-13],[-77,48],[17,10],[-17,31],[-27,68],[-85,-155],[-81,-12],[-11,16]],[[43562,34812],[-43,65],[-1,130],[20,39],[-13,-1],[-8,62],[-45,55],[-58,29],[39,71]],[[44985,35662],[-51,-67],[-87,-52],[0,-69],[-65,-59],[9,-32],[-86,-114],[111,-141],[-13,-104]],[[44803,35024],[-57,-2],[-142,-71],[-80,25],[-38,38],[-13,91],[-1,9]],[[43395,34086],[41,-29],[207,97],[59,6],[87,-46],[32,-57],[210,-14],[88,-31]],[[44405,33706],[-91,-82],[-36,-93],[-216,-63]],[[44039,34470],[62,67],[-25,83],[-2,56],[21,35],[-14,79],[-84,45],[-34,-34],[-43,10],[-16,24]],[[44803,35024],[-12,-98],[12,-129],[-18,-72],[16,-110],[97,-29],[-33,-89],[-97,-120],[-82,-37],[-49,-50],[-20,-69]],[[43562,34812],[-43,-34],[-24,-29],[80,-100],[2,-55],[-4,-19],[-47,-114],[-137,2],[-7,-2]],[[14960,39563],[41,-20],[10,-36]],[[15011,39507],[-33,-72],[181,-138],[35,-58]],[[15194,39239],[-27,-73],[42,-63],[-71,-53],[2,-33],[72,-94]],[[26727,25280],[25,68]],[[26752,25348],[37,23],[46,22],[55,12],[70,37],[15,39],[114,145],[83,11],[90,-44],[136,57],[25,95],[66,0],[33,39]],[[27522,25784],[92,-66],[38,69],[95,-13],[70,-41],[13,69],[59,-22],[5,41],[-41,10],[-22,63],[-48,49],[102,70],[74,-15],[0,167],[-20,49],[47,83],[223,6],[80,107],[10,43],[-12,33],[-22,44],[-41,7],[-27,5]],[[28197,26542],[68,54],[4,71]],[[28269,26667],[5,-7],[85,32],[76,-180],[19,-18],[14,-4],[26,-98],[-6,-77],[-46,-38],[-64,10],[5,-16],[71,-51],[64,-99],[-24,-63],[-85,-56],[58,-51],[93,-42],[24,-75],[19,-25]],[[28603,25809],[-18,-27],[-137,12],[-54,-12],[-41,-82],[-18,-94],[-64,16],[-45,-48],[103,-66],[44,-42],[12,-24],[-23,-22],[-7,-121],[20,-39],[-3,-144],[-94,-27],[28,-61],[-32,-128],[-94,93],[-43,-85],[37,-76],[-12,-43]],[[28162,24789],[-60,-9],[-27,-53],[-84,11],[-62,-30],[-153,17],[-61,-87],[-16,-5]],[[27699,24633],[-44,57],[-51,37]],[[27604,24727],[-27,38],[-44,17],[-30,11],[-37,-11],[-123,24],[-110,111],[-60,21],[-130,80],[-52,-3],[-90,39],[-25,33],[6,82],[-70,64],[-85,47]],[[24326,23985],[64,125],[-21,94],[-96,107],[-79,28],[-98,156],[35,91],[10,120],[49,100],[-37,94],[-40,9],[10,82]],[[24123,24991],[59,-2],[18,86],[45,62],[192,183],[64,-40],[64,15],[30,-82],[243,23],[103,63],[44,52],[56,-15],[62,-114],[99,37],[37,13],[71,46],[-55,61],[8,84],[-48,23],[-48,-33],[-55,55],[46,72],[117,25],[21,-17],[75,-18],[12,9]],[[25383,25579],[-15,-64],[98,-66],[109,-14],[111,10],[-36,-59],[1,-79],[-69,-53],[-6,-48],[40,-82],[60,-8],[69,-98],[-62,-111],[-30,-89],[-44,-49],[4,-122],[13,-10]],[[25626,24637],[-35,-78],[62,-66],[74,-47]],[[25727,24446],[-21,-59],[-2,-1]],[[25704,24386],[-6,-7],[-40,-63],[-80,26],[-18,53],[-126,38],[-5,69],[-107,-91],[-18,-55],[-114,-100],[-73,-24],[-24,-40],[-78,-43],[-20,-94],[-72,-57],[-63,-5],[-29,43],[-79,-4],[-112,-38],[-135,16],[-35,-55],[-144,30]],[[31441,27027],[12,99],[76,19],[21,14],[1,50],[123,-14],[29,-60],[-29,-45],[17,-70],[59,-102],[119,-25],[39,-31],[106,-6]],[[32014,26856],[6,-63],[46,-40],[-19,-112],[39,-33]],[[32086,26608],[-130,-125],[-272,-7],[-126,-37],[-85,-42],[-83,-79],[-138,-96],[-117,-125],[-70,-115],[-65,-133]],[[31000,25849],[-49,41],[-54,-11],[-20,-47],[3,-27],[-88,0],[-55,-28],[-50,-154],[-89,48],[-51,82],[-37,11],[-47,-41],[-80,39],[-43,110],[-111,32]],[[30229,25904],[-23,78],[7,33]],[[30213,26015],[36,15],[22,19],[144,101],[78,83],[92,177],[92,23],[19,56],[60,52],[208,23],[88,-17],[42,46],[47,-76],[76,2],[72,30],[-13,41],[55,90],[10,85],[54,-22],[43,51],[10,68],[47,-6],[23,-11],[23,9],[10,27],[31,11],[-10,40],[-131,95]],[[25433,26632],[62,54],[55,126],[160,-41],[81,-57],[37,-104],[121,-115]],[[25949,26495],[77,-70],[67,-159],[-53,-30],[43,-57],[-15,-143],[69,-115],[-29,-122]],[[26108,25799],[-36,-36],[-37,-93],[-86,17],[-29,69],[-107,-59],[-174,14],[-23,-32],[-177,-124],[-46,33],[-10,-9]],[[24123,24991],[-18,83],[-10,199],[26,102],[-19,57],[6,89],[-54,98],[-23,8],[-13,15]],[[27604,24727],[-29,-81],[-54,8],[-75,-74],[-12,-102],[-47,-30],[-70,16],[-182,-63]],[[27135,24401],[-87,6],[8,71],[-63,83],[5,48],[-62,29],[-13,128],[-42,119],[-69,46],[-67,-36],[-37,-124],[-57,-32],[-73,31],[-54,-36],[-70,27],[-79,-7],[-66,-44],[-137,34],[-126,-32],[-86,-109],[10,-140],[-19,0],[-31,-35],[-101,38],[-44,-33],[-48,13]],[[25626,24637],[9,-3],[129,58],[70,82],[-20,61],[67,135],[7,106],[41,50],[106,37],[78,-14],[70,46],[84,2],[78,-27],[124,32],[138,86],[58,16],[43,-14],[19,-10]],[[31000,25849],[-11,-114],[58,-148],[52,-70],[46,-137],[75,-148],[1,-121],[-135,14],[-106,-66],[-3,-64]],[[30977,24995],[-60,21],[-26,-14],[-19,22],[-7,45],[-71,7],[-83,39],[-14,0],[-17,-13],[-3,14],[-18,-1],[-6,-3]],[[30653,25112],[-15,2],[-34,106],[-131,26],[-109,-47],[-98,36],[-64,-21],[-70,76],[-51,19],[12,201]],[[30093,25510],[54,86],[-25,38],[6,43],[-62,56],[4,14],[53,35],[22,9],[32,8],[52,105]],[[31197,25101],[-7,1],[0,1],[4,3],[3,-5]],[[31311,25128],[-18,19],[-5,40],[26,-16],[-3,-43]],[[28162,24789],[51,-13],[67,-73],[20,-25],[23,-27],[43,-37],[211,-42],[47,28],[85,-45],[89,90],[130,-42],[17,43],[98,24],[100,155],[318,84],[4,27]],[[29465,24936],[76,-26],[88,-106],[72,-64],[64,52],[46,-1],[105,74],[10,-62],[109,-30],[48,-42]],[[30083,24731],[-51,-82],[42,-38],[-16,-119],[19,-52],[-42,-99]],[[30035,24341],[-30,-4],[-114,22],[-52,-34],[-83,18],[-100,61],[-20,-36],[32,-125],[75,-118],[127,-62],[-5,-89],[23,-90],[-15,-32],[53,-72]],[[29926,23780],[-20,-3],[-12,-8],[-60,-15],[-28,50],[-45,-12],[-9,80],[-11,13]],[[29741,23885],[-87,114],[-31,87],[-78,51],[-64,96],[-9,71],[-74,-10],[20,-95],[-117,58],[-25,31],[47,101],[-42,73],[-70,-52],[-73,-9],[-53,-106],[-73,-38],[-23,-49],[-169,21],[-106,-16],[-11,-34],[3,-10],[-10,-12],[-33,17],[-37,-30],[-16,6],[-6,32],[-100,5]],[[28504,24187],[1,3],[59,152],[-48,-16],[-303,37],[-70,51],[-69,17],[-219,136],[-85,8],[-49,32],[-22,26]],[[27522,25784],[-28,101],[55,16],[8,70],[-42,32],[-40,45],[-86,-6],[-106,-95],[-47,6],[-5,105],[-54,108],[-63,-32],[-29,54],[19,93],[-15,118],[45,87],[69,58],[-44,55],[-59,28],[37,82],[40,-14],[68,43],[82,-10],[41,81],[43,-11]],[[27411,26798],[70,-38],[47,-60],[11,-95],[63,72],[121,-29],[72,30],[56,-18],[29,42],[112,-20],[15,-117],[26,-31],[60,25],[104,-17]],[[28603,25809],[16,-16],[98,-87],[64,-25],[79,95],[85,-53],[140,87],[73,-76]],[[29158,25734],[-66,-23],[30,-101],[47,-78],[-23,-66],[62,-5],[111,-91],[158,-23],[4,-53],[-37,-75],[99,-34],[123,-76],[-12,-123],[-68,16],[-128,-40],[-1,-16],[8,-10]],[[25941,21923],[37,23],[74,-89],[58,7],[26,62],[65,-52],[59,56],[-37,44],[80,87],[19,87],[-67,35],[-2,85],[64,136],[14,109],[-21,52],[-118,41],[-4,40],[57,118],[-2,81],[-55,35],[-28,144],[27,9]],[[26187,23033],[55,-27],[87,21],[177,-8],[38,-83],[71,17],[14,-4],[31,-28],[23,3]],[[26683,22924],[26,-139],[80,-3],[46,95],[65,-17],[16,-81],[43,-88],[-29,-96],[44,-105],[15,-127],[-43,-81],[-52,-40],[-1,-58],[35,-82],[-59,-177],[49,-50],[65,-7],[13,-4],[9,14]],[[26683,22924],[-24,92],[34,29],[-143,165],[-47,82],[56,10],[13,12],[17,120],[155,34],[72,-2],[103,-64],[68,-12],[60,33],[-3,92],[20,62],[-61,35],[-94,13],[-30,39],[6,77],[81,36],[-16,40],[56,148],[19,91],[19,-27],[35,-80],[142,-11],[33,90]],[[27254,24028],[10,-14],[72,19],[24,23],[43,121],[38,13],[79,-65],[141,-41],[-29,-274],[75,-71],[11,-53],[65,-13],[36,-93],[-29,-49],[56,-30]],[[27846,23501],[-6,-44],[60,-35],[62,-91],[57,7],[73,-71],[68,-32],[78,-120],[15,-11]],[[28253,23104],[-24,-13],[-5,-18],[-1,-33],[-67,-92],[-1,-46],[-46,-59],[74,-72],[13,3],[35,-39]],[[28231,22735],[-99,-83],[-36,-58],[-143,-99],[-185,-160],[-130,-148],[-51,-81],[-74,22],[-59,-24]],[[27573,22097],[-3,-6],[-4,0],[5,7],[2,-1]],[[27552,22106],[3,-9],[11,-2],[-14,-4],[0,15]],[[27512,22069],[27,1],[4,-14],[12,9],[1,24],[11,-2],[30,20],[-37,-70],[-48,32]],[[30035,24341],[17,1],[87,-16],[24,1],[21,21],[153,-56],[102,-11],[53,19],[54,-29],[35,23],[128,-10],[89,-60]],[[30798,24224],[-60,-65],[-163,-71],[-93,-54],[4,-33],[-75,-123],[-107,-115],[-1,-64],[-40,-43],[-78,25],[-21,72],[-87,55],[-45,-16],[-10,-38]],[[30022,23754],[-96,26]],[[30260,23627],[-7,-3],[-3,2],[13,7],[-3,-6]],[[30270,23637],[0,1],[14,11],[-10,-11],[-4,-1]],[[30240,23651],[-3,-10],[-11,3],[5,7],[9,0]],[[30151,23723],[-6,14],[-24,9],[24,8],[16,-26],[-10,-5]],[[30126,23769],[-5,-1],[-4,5],[3,1],[6,-5]],[[30078,23773],[-3,14],[-32,-2],[26,18],[-4,-10],[10,4],[58,-37],[-34,-11],[-33,14],[12,10]],[[30326,23765],[-6,-10],[9,21],[2,-3],[-5,-8]],[[30347,23802],[-4,-11],[-4,-1],[0,10],[8,2]],[[30542,24068],[2,0],[-5,-2],[0,1],[3,1]],[[30155,23750],[8,-8],[-4,-5],[-6,6],[2,7]],[[30653,25112],[0,-11],[-18,-25],[-80,-3],[-38,-37],[24,-85],[-105,-46],[-14,-3],[-48,-17],[-139,-135],[-89,30],[-63,-49]],[[29158,25734],[63,0],[30,-77],[154,-26],[76,21],[45,57],[139,21],[68,-23],[-74,-103],[32,-84],[57,-18],[23,66],[75,41],[201,-62],[46,-37]],[[25584,26972],[81,29],[23,-57],[131,-55],[65,89],[93,85],[106,73],[26,40],[108,-10],[34,-62],[79,84],[82,-29],[25,111],[38,18],[93,-19],[102,-43],[23,14],[26,43],[10,1],[1,12]],[[26730,27296],[45,32],[121,-7],[34,-7],[-99,-327],[-55,-82],[-18,-60],[-64,12],[-96,-26],[-124,62],[-127,-53],[-117,-7],[-33,-62],[32,-53],[22,-171],[-67,-34],[-16,1],[-58,-6],[-9,1],[-15,4],[-37,19],[-75,7],[-25,-44]],[[24128,23686],[55,47],[86,137],[34,-3],[23,118]],[[25704,24386],[0,-1],[9,-8],[78,-25],[25,-237],[85,-54],[33,-50],[-95,-56],[-38,-85],[-55,19],[-71,-41],[-56,26],[-45,-29],[-51,-118],[-68,-54],[-12,-58]],[[25443,23615],[-18,3],[-55,20],[-15,-70],[-57,-18],[30,-76],[6,-20],[8,-82],[8,-39],[25,-111],[-67,-101],[-48,-30],[-22,-84],[-116,-52],[-60,18],[-6,-88],[-31,-83],[-129,-132],[-53,138],[-54,33],[7,22],[-6,6],[-44,31],[-67,-18],[-17,-68],[-45,-25],[-14,-91],[-46,-19],[-11,2],[-55,-5],[4,-10],[44,-70],[7,-117],[-64,-37],[-47,-90],[19,-45],[-38,-81]],[[24416,22226],[-37,35]],[[24379,22261],[-1,4],[-7,-2],[-6,7],[-36,86],[19,123],[-84,31],[-51,-26],[-70,55],[-36,105],[-99,117],[-53,104],[-55,5],[-31,120],[37,113],[-6,110],[57,22],[-17,53]],[[27135,24401],[12,-47],[-58,-39],[7,-21],[95,-32],[2,-138],[48,-69],[13,-27]],[[26187,23033],[-38,78],[-77,-8],[-51,63],[-124,6],[-47,-104],[-66,57],[-86,-51],[-20,26],[0,11],[13,36],[-28,79],[-15,130],[-123,49],[-28,62],[56,86],[-53,44],[-57,18]],[[30977,24995],[-68,-119],[-6,-28],[39,5],[35,-16],[56,29],[89,80],[60,25],[113,-26],[-33,-51],[-191,-126],[-121,-91],[-77,-88],[-34,-80],[0,-91],[73,-14],[22,-60],[-34,-54],[-102,-66]],[[31077,25077],[193,2],[16,-100],[-108,2],[-73,-39],[-65,-69],[-39,28],[-14,-45],[-11,-17],[-16,14],[-22,1],[-13,-3],[-9,20],[37,50],[48,137],[76,19]],[[30940,24366],[4,-3],[-7,-11],[-2,13],[5,1]],[[30942,24376],[4,-7],[-8,0],[-2,7],[6,0]],[[30937,24389],[4,3],[0,-6],[-5,2],[1,1]],[[30933,24394],[-3,29],[6,43],[7,-64],[-10,-8]],[[30953,24521],[0,5],[3,0],[-1,-6],[-2,1]],[[30959,24449],[17,-23],[-19,-63],[4,32],[-7,-6],[-4,23],[2,22],[10,-1],[-3,16]],[[30963,24574],[3,-23],[-9,-23],[-5,18],[11,28]],[[31071,24902],[5,9],[6,2],[-8,-9],[-3,-2]],[[31290,24966],[9,16],[11,9],[0,-19],[-20,-6]],[[31287,24971],[8,13],[3,3],[-5,-12],[-6,-4]],[[31399,25015],[-2,3],[6,20],[-2,-22],[-2,-1]],[[31378,25030],[-11,-3],[-2,2],[9,4],[4,-3]],[[31437,25052],[0,-8],[-33,4],[18,6],[2,12],[13,-14]],[[31261,25095],[0,-4],[-10,2],[4,5],[6,-3]],[[31079,25084],[1,-3],[-6,5],[2,0],[3,-2]],[[31062,25094],[8,-6],[-1,-2],[-11,7],[4,1]],[[31102,25108],[85,-15],[16,-9],[-107,-4],[-37,18],[43,10]],[[29074,27369],[-9,-76],[113,-36],[91,-69],[-7,-87],[25,-34],[9,-134],[120,-32],[39,-48],[115,-47],[71,6],[37,-80],[72,-28],[-5,-99],[-54,-100],[-64,-74],[151,-74],[57,-45],[48,-82],[-36,-30],[-79,-165],[44,-70],[150,19],[16,52],[109,113],[22,-36],[98,-64],[6,-34]],[[28269,26667],[-7,11],[0,86],[42,42],[-17,49],[65,63],[89,42],[86,12],[47,136],[-5,43],[-9,12],[-115,21],[-62,42],[-48,45],[6,7],[-1,0]],[[29741,23885],[-8,-4],[-130,-5],[-59,23],[-100,-12],[-17,113],[-37,25],[-67,-57],[-170,-28],[-59,12],[-20,-47],[5,-93],[-94,-9],[12,-74],[-34,-43],[-74,6],[-2,-98],[-66,47],[-27,-53],[96,-53],[-53,-54],[-178,13],[-73,-86],[-13,-12],[-54,-20],[-207,-147],[-32,-42],[-17,-25],[6,-26],[19,-11],[-35,-21]],[[27846,23501],[117,4],[196,60],[66,-51],[129,1],[126,38],[71,56],[96,-55],[54,66],[-53,108],[-42,22],[-26,64],[55,99],[-85,105],[-84,-57],[-69,-13],[-49,-58],[-45,32],[-21,104],[20,36],[22,23],[162,14],[27,25],[4,15],[-21,3],[0,36],[8,9]],[[23680,20988],[-26,11],[-24,33],[17,84],[53,62],[-150,42],[-73,-79],[-83,18],[-53,65],[-13,80],[-82,-65],[-68,78],[20,28],[-90,86]],[[23235,22282],[121,22],[87,-64],[78,25],[158,-62],[90,17],[44,40],[95,1],[71,-37],[34,-62],[9,6],[21,65],[198,-39],[46,-30],[91,82],[1,15]],[[24416,22226],[118,-52],[98,-72],[38,-104],[53,-23],[20,66],[103,99],[81,-39],[27,94],[48,7],[21,-53],[-61,-20],[-30,-67],[1,-140],[27,-70],[58,-6],[-4,91],[40,83],[30,94],[8,4],[23,-6],[69,-35],[13,-151]],[[22564,19929],[-91,-58],[-58,31],[-19,-10],[-18,-29],[-58,-73],[-95,1],[-121,-24],[-12,13],[-25,26],[-124,-32]],[[30822,27662],[-12,-129],[125,20],[26,-72],[69,-28],[182,-27],[64,-68],[36,-7],[29,-94],[-61,-146],[54,-75],[107,-9]],[[30022,23754],[89,-12],[45,-71],[68,-57],[-115,-32],[-110,-61],[-303,-96],[-154,-31],[-179,-52],[-303,-111],[-289,-154],[-173,-84],[-165,-103],[-202,-155]],[[30070,23788],[10,-5],[20,-34],[-58,32],[28,7]],[[30152,23679],[-2,8],[0,2],[5,-11],[-3,1]],[[30156,23692],[-2,-6],[-9,11],[7,5],[4,-10]],[[30155,23716],[-2,2],[-1,3],[4,-3],[-1,-2]],[[30139,23726],[5,-1],[1,-12],[-9,6],[3,7]],[[30064,23758],[1,-5],[-8,3],[1,2],[6,0]],[[26752,25348],[-12,-5],[-56,4],[-36,31],[-43,59],[-56,-2],[-21,107],[-129,28],[-37,-11],[-95,63],[-9,99],[-150,78]],[[26730,27296],[-3,52],[18,117],[79,30],[159,85],[95,29],[59,-243],[-16,-134],[30,-39],[28,-172],[-17,-85],[107,-99],[77,15],[26,1],[39,-55]],[[19393,7262],[-53,-6],[-13,9],[-27,50],[21,9],[5,28],[-14,12],[-136,71],[-21,6]],[[19155,7441],[4,9],[-12,59],[46,42],[-2,10]],[[19191,7561],[12,14],[145,-17]],[[19348,7558],[50,-6],[-5,-290]],[[11837,9480],[-9,-35],[-20,-12],[-40,-4],[-27,-34],[-44,46]],[[19296,9057],[-64,72],[-80,-19],[-47,41],[-9,1]],[[19096,9152],[-3,-1],[89,38],[-68,65],[19,86],[-80,39],[74,36],[24,-71],[69,-87],[95,61],[55,-41]],[[19370,9277],[-23,-105],[-51,-115]],[[23470,17834],[-5,-15],[-89,-41]],[[11974,44445],[-142,-99],[-57,-101],[-9,0]],[[11766,44245],[-194,52],[-65,-30],[-111,85],[-115,-56],[-144,52],[-95,-20],[-86,72],[-83,-14],[-70,-68],[-42,19],[-98,-62]],[[10663,44275],[-3,122],[-38,100],[-101,177],[46,49],[17,139],[67,66],[92,59],[15,37],[72,12],[163,65],[28,65],[45,20],[56,76],[31,-3]],[[11153,45259],[44,-157],[-61,-52],[27,-93],[77,-49],[8,-37],[129,-54],[50,5],[61,-46],[-24,-36],[31,-18],[47,15],[95,-55],[40,-75],[100,17],[23,-77],[62,-19],[112,-83]],[[11924,41954],[10,61],[-50,106],[-29,22],[-49,209],[-74,74],[27,31],[14,29],[16,19]],[[11789,42505],[4,1],[34,45],[24,1],[18,-33],[40,-4],[96,66],[-23,56]],[[11982,42637],[103,37],[116,-17],[19,71],[103,-20],[53,20],[18,4]],[[12394,42732],[49,-48],[-44,-133],[16,-279],[31,-48],[-54,-43],[15,-46],[103,-62],[-70,-53],[-59,1],[-100,-40],[-44,-31],[27,-83],[3,-14]],[[12267,41853],[-130,10],[-60,84],[-77,-16],[-37,24],[-39,-1]],[[10820,41539],[16,80],[-35,33],[-22,122],[-85,45],[43,65],[70,-7],[38,177],[49,50],[-45,39],[100,49],[60,104]],[[11009,42296],[27,-10],[60,4],[96,-38],[68,49],[44,-13],[45,-15],[43,52],[-53,54],[42,60],[-63,28]],[[11318,42467],[88,26],[100,89],[31,47],[15,4],[42,-33],[22,-100],[131,23],[26,-21],[18,4],[-2,-1]],[[11924,41954],[-44,-127],[-47,-30],[-26,-9],[-68,-17],[0,-147],[31,-29],[-74,-77],[-84,20],[2,-152],[46,-8],[4,-39],[-44,-39]],[[11009,42296],[-17,13],[-97,-12],[4,70],[-37,56],[49,38],[-7,19],[-36,-5],[-82,49],[37,65],[-70,38],[-83,105],[-113,49],[-80,4]],[[10477,42785],[-33,11],[-22,123],[91,46],[167,113],[244,-33],[21,-37],[92,-46],[34,-42],[85,-12]],[[11156,42908],[7,-99],[67,-10],[-2,-152],[62,-82],[28,-98]],[[13503,43168],[7,1],[55,53],[14,-16],[6,-16],[2,-27],[-68,-33],[29,-50],[69,3],[46,-58],[-16,-70],[141,-23],[64,34]],[[13852,42966],[23,-97],[40,-65],[1,-55],[15,7]],[[13931,42756],[13,-79],[-52,-10],[40,-31],[-67,-41],[-66,7],[-15,-83],[17,-66],[-39,-85],[-52,31],[-105,-46],[-75,51],[-6,86],[-39,101],[-162,-20],[-79,-35],[-63,-11],[-50,-16],[-34,-2]],[[13097,42507],[7,21],[-10,43],[11,31]],[[13105,42602],[8,10],[44,83],[62,71],[107,44],[213,3],[4,57],[-57,25],[-36,-22],[-70,102],[37,61],[37,123],[28,0],[16,-8],[5,4],[0,13]],[[10124,41511],[-46,0],[-304,25],[-295,2],[-17,46],[29,103],[107,132],[8,102]],[[9606,41921],[-16,139],[-40,73],[-101,144],[51,60],[39,8],[13,75],[46,-10],[43,84],[173,127],[41,88],[114,62]],[[9969,42771],[38,-44],[57,-13],[96,-141],[81,-1],[28,-3],[23,-9],[10,-10],[6,0]],[[10308,42550],[-2,-15],[-42,-24],[-74,-122],[-112,-48],[92,-58],[-14,-33],[22,-71],[-100,-148],[43,-27],[116,15],[-33,-139],[62,-20],[35,-80],[-47,-37],[99,-110],[0,-47],[41,-88]],[[10394,41498],[-22,3],[-230,12],[-18,-2]],[[10477,42785],[-69,-79],[-54,-133],[-40,14],[-6,-37]],[[9969,42771],[77,108],[69,42],[-12,35],[82,152],[79,-3],[4,71],[84,36],[8,36],[83,72],[112,49],[-11,34],[36,90],[79,-35],[119,32],[30,96]],[[10808,43586],[69,-19],[34,44],[62,-26],[13,15],[145,68],[41,1],[46,-20]],[[11218,43649],[58,-25],[39,16],[13,2],[39,29],[19,-4],[39,-27]],[[11425,43640],[57,-50],[9,-44],[26,9]],[[11517,43555],[-2,-24],[-9,-21],[-93,-90],[3,-120],[-122,-102],[-81,-36],[3,-97],[-50,-79],[-7,-57],[-3,-21]],[[11153,45259],[47,28],[120,-65],[79,18],[118,78],[114,2],[45,63],[44,-57],[118,121],[40,89],[47,-34]],[[11925,45502],[128,-54],[218,-30],[18,-99],[-4,-3]],[[12285,45316],[-25,-14],[-33,-138],[-46,-94],[37,-42],[14,-70],[17,-32],[-11,-38],[1,-24],[9,-59],[7,-18],[-60,-23],[-2,-63],[-67,-67],[-34,-73],[-1,-14]],[[12091,44547],[-76,-39],[-19,-22],[-8,-32],[-14,-9]],[[13448,43935],[79,-137],[-5,-7]],[[13522,43791],[-20,-16],[-136,48],[-35,-83],[-36,-14],[13,-94],[-57,-4],[-116,76],[-23,83],[-38,1],[-202,85],[-87,4]],[[12785,43877],[-64,35],[53,71],[34,5],[-101,62],[-95,-4]],[[12612,44046],[57,63],[-35,88],[-69,38],[-128,174],[-21,61],[-126,-6]],[[12290,44464],[-41,61],[-146,21],[-12,1]],[[11425,43640],[94,45],[79,-9],[58,38],[28,-54],[68,-13],[3,55],[123,96],[75,24],[117,-14],[48,60],[-59,24],[-8,54],[64,15],[41,120],[-38,20],[-65,-23],[-18,51],[49,69],[-16,87],[110,-45],[-9,92],[46,8],[83,57],[-8,67]],[[12612,44046],[-113,-97],[-57,5],[-22,-131],[5,-21],[57,-32],[-22,-71],[17,-17],[120,-1],[15,59]],[[12612,43740],[99,-27],[61,-57],[72,-104],[43,-129],[7,-5]],[[12894,43418],[-98,-21],[-88,5],[-65,-28],[-77,37],[-143,-53],[-129,-30],[-37,15],[-132,-13],[-232,33]],[[11893,43363],[-80,21],[-20,59],[-90,22],[-19,34],[-161,56],[-6,0]],[[11218,43649],[35,7],[31,9],[102,60],[55,143],[83,70],[93,173],[63,29],[74,104],[12,1]],[[12785,43877],[-173,-137]],[[11982,42637],[-45,71],[-14,106],[9,119],[31,109],[-39,84],[55,67],[-42,48],[-3,15],[-41,107]],[[12894,43418],[42,-12],[29,-41],[93,15],[131,-20],[130,37],[132,-34],[26,8]],[[13477,43371],[9,-5],[18,-103],[-5,-95],[4,0]],[[13105,42602],[-20,4],[-9,9],[-56,54],[-4,17],[-112,-39],[-96,30],[-47,61],[6,65],[-157,-28],[-76,-55],[-116,38],[-24,-26]],[[12267,41853],[1,-3],[75,2],[35,-72],[-27,-39],[50,-83],[31,9],[21,-29],[2,-28],[-64,-46],[-11,-54],[46,-77],[98,44],[45,-74],[25,-102],[-39,-17],[-23,-28]],[[10524,41490],[-88,2],[-42,6]],[[11925,45502],[-26,58],[35,91],[-45,36],[-29,87]],[[13137,41252],[35,52],[5,33],[-12,5],[-84,-26],[-13,46],[-129,69],[15,72],[62,43],[-28,83],[8,12],[68,88],[58,10],[24,59],[-55,23],[-40,113],[48,76],[35,-9],[92,50],[29,-15],[41,88],[-69,35],[-115,-9],[-34,13],[-30,37],[-97,1],[130,202],[18,92],[-2,12]],[[13931,42756],[12,10],[-14,22],[86,23],[61,-169],[40,-26],[44,36],[67,-110],[75,-45],[23,-50],[-68,-95]],[[14193,43278],[-40,-18],[-26,3],[-150,-75],[-32,-43],[-92,-26],[42,-113],[-13,-13],[-30,-27]],[[13477,43371],[6,6],[23,1],[61,-44],[243,14],[-120,182],[-12,62],[-70,60],[-75,120],[-6,17],[-5,2]],[[10808,43586],[-22,29],[-140,4],[13,-44],[-58,-44],[-35,59],[-66,35],[-6,80],[34,118],[-15,51],[65,41],[71,176],[50,48],[25,73],[-61,63]],[[9752,34131],[11,-19],[2,-14],[8,-11],[43,-36],[-3,-30],[-127,-37],[-60,-54],[52,-33],[-44,-35],[-60,-49],[-38,52],[-33,9]],[[9503,33874],[12,22],[-12,77],[43,52],[31,127],[91,43],[65,-58],[14,-9],[5,3]],[[9963,34167],[-17,-8],[-93,35],[-2,3]],[[9851,34197],[1,1],[-5,9],[77,103],[-48,62],[85,118],[64,23],[110,141],[24,115],[123,39],[-20,151],[-90,-70],[-62,16],[-33,45],[87,81],[-1,92],[-24,118]],[[10139,35241],[76,-11],[64,83],[89,-5],[87,21],[99,116],[86,119],[41,-52],[2,-61],[92,51],[79,146],[3,47],[-97,17],[54,107],[86,-2],[52,51],[-12,90],[52,7],[43,84],[-7,39],[41,96],[99,2],[120,-62],[-15,-86],[4,-5]],[[11277,36033],[-34,-78],[-66,-18],[51,-167],[58,34],[30,-56],[-59,-15],[2,-70],[57,5],[36,-37],[76,-27],[24,-72],[-32,-97],[70,0],[19,-58],[62,-42],[16,-74],[13,6]],[[11600,35267],[11,-32],[-21,-43],[-58,-41],[-6,-76],[21,-66],[-42,-59],[7,-58],[44,-15],[24,-110],[50,-34],[0,-96],[54,-5],[42,-52],[52,103],[49,21],[55,-29],[-53,-90],[79,-110],[-46,-36],[-34,-102],[-92,-8],[-5,-74],[25,-77],[79,1],[47,-77],[-7,-50],[-26,-33]],[[11849,34019],[-1,-1],[-9,-16],[-87,-102],[-75,-19],[-112,58],[-66,-47],[-60,71],[-31,76],[-72,56],[45,39],[-35,49],[-119,10],[-67,34],[-147,-23],[-75,25],[-78,61],[-115,-4],[-217,-85],[9,61],[-12,17],[-37,12],[-108,12],[-76,68],[-102,-58],[18,-25],[-189,-130],[-44,20],[-24,-11]],[[14600,37399],[1,0],[-2,-20],[10,-47],[-79,-4],[15,-58],[91,-87],[9,63],[98,-68],[-46,-19],[-26,-16],[25,-30],[32,-29],[-10,-75],[-16,13],[18,20],[-14,15],[-59,-22],[-106,61],[-32,-42],[61,-56],[79,-22],[4,-40],[13,-6],[46,-23],[52,22],[107,-76],[101,8],[12,-27],[-98,-40],[-44,-110],[-129,-62],[70,-44],[14,-38],[-154,-28],[-49,42],[-15,-60]],[[14579,36494],[-47,-13],[-59,43],[-4,17],[18,63],[-63,43],[-35,-106],[-16,-17],[-55,-103],[-165,18],[-108,-37],[-37,148],[-98,-4],[-20,-78],[-93,-32],[-50,-64],[-34,24],[-10,33],[-54,-24],[-68,-72],[-118,13]],[[13463,36346],[0,118],[-21,90],[-112,-98],[-16,-11],[-31,23],[0,94],[-35,43],[-11,24],[-55,29],[59,135],[41,40],[80,137],[-7,45],[30,91],[-11,66],[-38,49],[-25,124],[66,5],[4,84],[25,50],[-23,110],[50,48],[-13,84],[-62,2]],[[9598,29749],[87,109],[32,185],[46,36],[19,62],[79,20],[29,146],[-25,36],[28,96],[27,39],[71,23],[200,103],[110,88]],[[10301,30692],[83,0],[75,32],[78,-74],[-4,-47],[45,-59],[8,-150],[-47,-14],[6,-109],[-19,-65],[129,-11],[75,17],[41,48],[49,-28],[41,-61],[85,-46],[1,-86]],[[14386,31648],[-75,-10],[-72,28],[-85,-72],[-51,55],[-66,-44],[-92,90],[-2,49],[-69,39],[2,98],[-28,38],[16,130],[-88,3],[-56,179],[-3,34]],[[13717,32265],[31,23],[47,47],[111,-32],[31,96],[-149,112],[-57,3],[-50,98],[-135,12],[-27,-44],[-127,146],[-50,77],[28,136],[33,52],[-2,87],[57,16],[36,86],[36,143],[66,26],[116,-17],[14,36],[186,26],[29,32]],[[4847,32074],[-56,56],[-62,154],[-150,244],[-34,108],[-51,267],[-225,234],[-24,83],[-117,121],[23,230],[-20,12],[8,245],[-25,64],[-107,11],[-108,-48],[-228,-22],[-190,62],[-68,120],[-111,96],[-58,97]],[[3244,34208],[-57,90],[-23,273],[96,123],[79,-6],[54,-54],[50,69],[83,-21],[103,-2],[72,95],[35,-35],[118,-7],[106,47],[156,-4],[92,22],[-9,-72],[68,-40],[208,-37],[109,-82],[180,109],[-64,106],[-5,41],[-111,-1],[19,44],[108,62],[47,1],[48,74],[103,-29],[84,143],[-2,45],[55,58],[111,37],[60,-73],[152,109],[79,21],[43,-73],[48,57],[96,35],[62,-46],[24,-111],[78,-62],[50,10],[85,-76],[91,-27],[50,74],[70,-58],[18,-73],[91,28],[13,5],[111,51],[80,5]],[[6458,35053],[41,-54],[93,-19],[11,-48],[69,-45],[26,-44],[86,-60],[118,84],[56,-34],[59,24],[29,85],[67,27],[141,-65],[73,28],[62,-93],[91,-74],[10,-144],[-26,-61],[11,-75],[-111,-42],[1,-52],[122,-86],[55,-15],[134,-121],[25,13],[23,5]],[[7724,34187],[24,-37],[-118,-73]],[[7630,34077],[-36,13],[-53,-96],[51,-25],[-55,-93],[-58,-34],[56,-110],[-73,5],[-150,-18],[-61,-73],[21,-54],[-83,-45],[-81,-92],[-85,-33],[-92,31],[-40,-90],[-63,-22],[-72,44],[-46,-19],[-103,51],[-94,-18],[-25,73],[-91,19],[-55,-55],[-132,-180],[49,-42],[-26,-66],[-76,-41],[-13,-66],[-51,-32],[-20,-105],[-57,-58],[-18,-57],[-92,-28],[-16,-66],[-79,-80],[-85,84],[-66,-15],[-54,-74],[-79,42],[-168,-73],[-34,3],[-76,-65],[-17,-149],[-42,-51],[-83,-48],[12,-90],[-86,-83],[-36,-90]],[[15121,37683],[-7,-23],[41,-27],[14,-88],[36,-54],[14,-99],[-52,-74],[25,-26],[24,-130],[59,-11],[35,-73],[55,-28],[-24,-65],[27,-47],[109,-32],[128,-98],[70,21],[-16,-118],[45,-33],[9,-12]],[[15713,36666],[26,-128],[-66,-2],[-29,-82],[-89,-23],[-45,-48],[21,-39],[115,-69],[97,-11],[78,-40],[-206,-124],[-163,-48],[-108,-110],[37,-42],[-19,-60],[34,-70]],[[15396,35770],[-120,-61],[-58,9]],[[15218,35718],[3,47],[-32,112],[-63,-38],[-58,70],[-81,-16],[-90,31],[-93,62],[-37,-4]],[[14767,35982],[-24,51],[-76,72],[9,34],[-23,143],[-57,84],[34,58],[-51,70]],[[10091,32765],[-13,8],[-104,-17],[-12,94],[-28,27],[-92,11],[-73,42],[59,49],[37,103],[-122,-10],[-39,63],[12,106],[-17,66],[81,61],[7,17],[-56,47],[-35,-10],[37,119],[34,-17],[55,46],[-36,41],[-17,75],[65,21],[19,80],[-39,66],[8,77],[162,41],[18,63],[-42,104],[3,29]],[[11849,34019],[75,-11],[43,2],[21,27],[101,-100]],[[12089,33937],[-12,-16],[-56,-42],[21,-116],[-124,-156],[21,-57],[-110,-148],[-70,-3],[104,-103],[29,-67],[159,-84],[26,-59],[-16,-183],[-63,-64],[56,-55],[23,-65],[-5,-21]],[[12072,32698],[-166,-9]],[[11646,32712],[0,1],[3,8],[-2,15],[-6,12],[19,64],[-127,31],[-18,30],[-76,-13],[-61,17],[-101,-38],[-19,60],[-56,-21],[-100,90],[-53,-56],[-69,13],[-30,94],[-46,-33],[-152,-9],[-74,-71],[-71,3],[-28,57],[-65,9],[-30,44],[-63,-70],[-72,62],[-66,-21],[20,-16],[-65,-75],[-147,-134]],[[9407,37210],[-118,-75],[-64,60],[-85,-32],[-39,59],[-82,-29],[-18,-88],[-97,4],[-16,-2],[-55,-107],[-19,-132],[16,-49],[-73,-33],[-140,-98],[-40,-112],[-113,103],[-26,87],[-43,39],[-75,-87],[-56,32]],[[8264,36750],[-30,169],[-21,21],[-53,14],[-97,2],[-91,-49],[-65,37],[-15,77],[-74,6],[-45,-15],[-61,42],[-9,98],[36,23],[-20,81],[-102,-29],[-13,-71],[-63,53],[-53,92],[-41,-111],[-79,50],[-33,64],[-73,20],[-97,-62],[-87,3],[-19,-43],[-116,-61],[-15,-70],[-37,38],[-59,-22],[-57,-72],[-25,89],[47,10],[27,54],[-21,11]],[[6803,37199],[1,0],[-35,16],[32,18],[68,118],[32,103],[-72,28],[-121,-90],[-56,64],[-126,30],[-39,46],[103,79],[-18,165],[-89,54],[-98,83],[-65,-12],[-69,-56],[-46,17],[-44,73]],[[6161,37935],[26,163],[35,142],[105,143],[216,173],[97,98],[40,75],[155,473],[138,178],[225,116],[206,125]],[[7404,39621],[163,-215],[31,32],[281,-127],[39,20],[88,-46],[57,62],[174,65],[16,19],[-1,41],[77,63],[-14,56],[50,82],[88,19],[107,117],[71,8],[65,-33],[99,37],[57,-31],[79,3],[92,74],[54,-33],[56,30],[68,-16],[69,45],[45,-18],[-2,-62],[130,-118],[134,56],[30,-121],[84,52],[5,134],[73,-78],[66,-43]],[[9835,39695],[1,-73],[29,-43],[-56,-164],[66,23],[41,-34]],[[9916,39404],[-2,-15],[58,-102],[-187,-76],[40,-153],[-75,-97],[13,-203],[-61,-30],[-2,-41],[54,-88],[-112,-13],[-131,-52],[-83,26],[-42,43],[-45,-49],[-75,-24],[-46,-52],[-30,-162],[-32,-46],[-108,-50],[44,-81],[50,-11],[7,-93],[-48,-83],[75,-23],[121,-76],[17,-64],[74,-150],[-20,-95],[48,-232],[-11,-102]],[[12089,33937],[16,16],[63,16],[87,-71],[97,-34],[15,56],[105,93],[87,-17],[43,128],[108,-33],[-6,54],[99,63],[19,-98],[69,3],[17,87],[106,7],[67,-15],[-12,-72],[80,-18],[92,-85]],[[13241,34017],[1,-62],[55,-39],[82,-26],[34,-40],[44,38],[59,-63],[-37,-40],[-13,-157],[-30,-60],[-109,-49],[-40,15],[-16,-96],[-31,-49],[-7,-135],[-145,-14],[-67,-25],[15,-66],[-88,-67],[-52,64],[-78,-74],[-109,10],[-71,32],[-26,-110],[-70,-55],[37,-98],[-25,-69],[-78,-76],[-119,-61]],[[12357,32645],[-17,38],[-269,11],[1,4]],[[10850,31765],[-41,-29],[-144,-12],[-23,14],[-22,-5],[-22,-23],[-46,-135],[-51,-42],[25,-113],[-71,-112]],[[10455,31308],[-19,7],[-42,51],[-7,61],[-84,-10],[-51,149],[33,46],[-42,41],[-45,-18],[-6,92],[-45,31],[-80,-88],[-38,59],[49,40],[45,151],[-89,23],[-5,18],[-16,71],[-101,135],[-53,15],[-14,50],[-7,24],[7,55],[59,134]],[[9904,32445],[69,78],[19,88],[47,29],[71,-6],[76,37],[5,35],[-90,53],[-10,6]],[[12357,32645],[-1,-6],[30,-15],[24,-40],[17,-30],[157,-122],[101,-18],[-31,-147],[-24,-42]],[[12428,38945],[-2,-8],[-5,-7],[-44,-5],[-43,-2],[-21,-96],[-52,-79],[0,-52],[-93,-24],[-12,-44],[-208,-4],[-86,69],[-2,34],[-85,96],[-74,10],[-27,-116],[-111,-20],[22,-62],[-26,-95],[-80,-46],[-84,-23],[-38,-93],[3,-6]],[[11360,38372],[-24,-10],[-24,16],[-86,-25],[-93,7],[-40,-83],[-64,-55],[-45,4],[-24,-70],[34,-35],[-26,-92],[-52,-34],[33,-58],[66,-31],[-33,-74],[-105,-13],[5,-61],[93,-32],[34,-67],[-126,-63],[-23,-84],[36,-50],[-29,-24],[-30,0],[-37,-6],[-16,-10]],[[10784,37422],[-48,-25],[-76,41],[-185,-19],[-88,46],[-164,-23],[-112,-123],[-62,-151],[-54,-36],[-2,-147],[-84,-24],[-28,89],[-91,33],[-87,99],[-94,-51],[-38,12],[-80,-30],[-84,97]],[[9916,39404],[46,53],[84,6],[65,-17],[125,86],[45,47],[64,20],[33,-96],[52,-20],[180,16],[38,-28],[59,42],[95,2],[79,31],[25,-47],[74,9],[-51,80],[2,36],[65,61],[85,22],[62,-17],[33,-67],[132,31],[63,39],[10,-159],[97,44],[78,0],[118,-27],[49,48],[-11,78],[101,37],[-6,67],[95,-30],[-38,-93],[66,-5],[50,96],[64,45],[51,-104],[8,1]],[[14767,35982],[-55,-28],[-59,-51],[-15,-32],[-87,145],[-90,85],[-123,62],[-97,-108],[11,-42],[-130,-74],[-143,-118],[-105,4],[-76,-76],[-50,-86],[-19,-75]],[[13729,35588],[-28,-45],[-15,-21],[-17,-39],[109,-148],[-63,-103],[-83,-95],[-86,40],[-33,79],[-119,-25],[-117,81]],[[13277,35312],[-33,51]],[[13244,35363],[5,52],[10,43],[33,112],[-51,112],[60,1],[42,51],[-21,112],[89,29],[11,52],[-51,49],[-66,0],[8,185],[67,105],[75,43],[8,37]],[[15259,35099],[-42,86],[-62,45],[-79,-19],[-60,183],[134,80],[83,32],[50,71],[-28,50],[-39,65],[2,26]],[[15396,35770],[53,13],[29,169],[38,-48],[146,23],[178,84],[14,75],[68,27],[178,-58],[62,15],[221,2],[75,-24],[47,65],[-1,30],[126,-15],[42,13],[62,-88],[-80,-49],[11,-69],[-2,-5]],[[8612,30523],[63,-13],[46,55],[63,18],[79,151],[124,62],[130,-47],[43,34],[69,-27],[113,3],[85,-15],[87,81],[152,-23],[78,22],[53,-22],[87,88],[45,-7],[17,-66],[58,-38],[36,-82],[76,75],[14,12],[35,4],[20,-26],[20,-17]],[[10205,30745],[66,-4],[30,-49]],[[10124,41511],[69,-261],[-72,-121],[-37,-141],[-175,29],[-57,-12],[38,-68],[-49,-22],[-70,9],[-125,57],[-24,-29],[-23,-124],[5,-57],[27,-74],[41,-36],[192,-322],[145,-174],[-114,-7],[-10,-47],[68,-52],[-5,-34],[-114,-50],[53,-199],[-10,-42],[-15,-18],[-27,-21]],[[7404,39621],[162,88],[311,129],[26,17],[94,211],[130,153],[188,350],[132,229],[116,380],[74,281],[46,42],[330,131],[304,84],[73,70],[143,105],[73,30]],[[13244,35363],[-15,20],[-38,6],[-199,-67],[-58,19],[-288,50],[-66,-33],[12,-83],[-64,-1],[-28,-36],[-80,29],[-34,-34],[-117,7],[-34,72],[-43,-42],[-123,53],[-105,-20],[-62,36],[-20,49],[-7,35],[-82,27],[-83,-77],[-52,-10],[-54,-94],[-4,-2]],[[11277,36033],[26,-4],[36,12],[-1,90],[252,-21],[1,51],[63,22],[1,60],[63,16],[-36,119],[198,19],[2,83],[-42,34]],[[11840,36514],[1,63],[20,35],[104,30],[6,94],[61,33],[73,-22],[91,99],[69,-4],[13,-63],[56,15],[85,91],[99,6],[24,64],[58,-5],[33,-37],[127,63],[42,72],[97,36],[-27,35],[24,157],[-18,67],[62,62],[19,85],[74,50],[96,146],[7,31],[-16,29]],[[3244,34208],[-60,91],[-26,73],[-17,166],[22,70],[84,124],[47,140],[-10,111],[19,77],[-4,150],[13,95],[-27,114],[-101,70],[-136,16],[-178,-28],[-103,0],[-140,55],[-84,72],[-343,154],[-52,119],[28,168],[20,208],[123,289],[132,131],[243,194],[83,77],[123,178],[134,96],[152,378],[82,120],[84,91],[158,110],[105,111],[196,46],[131,-26],[182,-189],[11,-134],[131,-218],[103,-23],[146,-7],[212,102],[290,120],[106,31],[228,43],[414,5],[396,157]],[[6803,37199],[-19,-6],[-34,-22],[-11,-65],[-57,-15],[-58,-49],[-30,25],[-21,101],[-65,50],[-34,58],[-59,38],[-138,-117],[-59,18],[-81,-135],[-72,-10],[-40,-66],[21,-75],[3,-127],[-58,-73],[-8,-58],[211,-78],[18,-67],[48,15],[20,-76],[181,-41],[4,-71],[-58,-100],[10,-93],[-16,-59],[106,-87],[-7,-102],[-74,-48],[23,-151],[-47,-77],[98,-134],[-118,-183],[91,-99],[-15,-167]],[[7630,34077],[56,-50],[128,-69],[1,-71],[45,-22],[31,-78],[202,-140],[3,-93],[64,-72],[-91,-138],[-57,-40],[-57,5],[5,-71],[37,-77],[-48,-80],[-8,1],[-18,-1],[-21,-1],[-1,0]],[[7901,33080],[-27,-3],[-54,7],[-28,10],[-78,63],[-80,-127],[4,-43],[-51,-51],[-21,-64],[-48,-38],[-36,-108],[-64,-53],[-111,-135],[-85,-21],[-52,-44],[-24,-63],[27,-93],[-4,-95],[-26,-27],[-181,20],[-99,-160],[-3,-41],[39,-43]],[[12855,31829],[4,19],[45,-14],[19,35],[116,-6],[78,32],[-27,83],[5,94],[77,31],[123,-124],[-10,73],[30,34],[5,137],[37,65],[1,64],[51,27],[25,-5],[68,-7],[86,55],[57,-59],[75,-39],[-3,-59]],[[12859,37893],[-209,-126],[-58,-44],[-96,-139],[-38,-148],[-32,1],[-54,75],[-29,-24],[-138,11],[-198,-117],[-113,101],[-100,28],[-42,86],[42,11],[1,75],[-81,-3],[-19,120],[-58,58],[-78,206],[-77,69],[43,127],[-64,44],[-14,54],[-64,1],[-19,9],[-4,4]],[[8264,36750],[-15,-78],[-37,-30],[57,-131],[-22,-73],[65,-115],[-56,-57],[-8,-58],[-64,-48],[14,-39],[93,-30],[20,-80],[37,-24],[190,-20],[182,53],[36,-24],[89,15],[30,-40],[95,9],[72,-43],[40,-56],[28,-101],[-36,-74],[38,-57],[80,-226],[57,-20],[169,-131],[28,-66]],[[9446,35206],[-46,-40],[-47,-90],[-6,-126],[-38,-92],[23,-51],[-30,-78],[40,-66],[-11,-53],[-115,28],[-64,-88],[-75,25],[4,87],[-41,36],[-85,-55],[-91,-24],[12,-70],[-104,39],[-50,76],[-51,3],[-48,48],[-60,-71],[30,-74],[-70,-74],[-69,16],[-112,59],[-70,-78],[-78,-4],[-98,-34],[-15,-80],[-125,-58],[-27,-60],[-193,-20],[-4,-36],[-8,-14]],[[14380,34499],[-18,33],[-19,23],[-95,76],[-83,101],[-32,22],[-40,-24],[-147,84],[11,105],[66,82],[12,62],[61,12],[20,36],[-5,36],[96,68],[51,15],[21,62],[83,14],[137,133],[45,-37],[49,121],[-45,87],[-222,-149],[-188,-107],[-68,98],[-82,43],[-259,93]],[[13241,34017],[16,-3],[-1,26],[7,68],[71,45],[43,-61],[18,-17],[8,0],[24,20],[28,-9],[12,-30],[5,0],[16,26],[25,19]],[[13513,34101],[22,-63],[40,-57],[144,50],[74,82],[-6,41],[34,8],[109,-14]],[[10139,35241],[-87,22],[-106,-72],[-125,46],[-49,-43],[-185,-7],[-141,19]],[[10784,37422],[133,-178],[-74,-54],[11,-66],[126,-33],[6,-58],[91,1],[28,-139],[41,-76],[80,29],[104,1],[107,69],[73,-15],[-3,-58],[86,-49],[-159,-174],[88,-15],[-12,-49],[102,-77],[203,-20],[25,53]],[[9851,34197],[-14,-24],[-15,-9],[-32,0],[-38,-33]],[[9503,33874],[-7,-20],[-62,-41],[-95,-251],[-85,-126],[-12,-66],[-25,-39],[-107,-65],[-95,-106],[-17,-150],[-57,-60],[-123,-94],[-14,-23]],[[8804,32833],[-100,-26],[-108,-111],[-47,-91],[5,-17],[-9,-106],[-146,-141],[-14,-65],[-130,-61]],[[8255,32215],[-7,9],[24,30],[0,49],[-33,61],[-69,4],[-122,75],[-33,62],[66,148],[99,58],[39,49],[-22,77],[-102,93],[-11,-99],[-81,-5],[-4,76],[-15,11],[-70,28],[42,49],[-47,44],[-11,21],[3,25]],[[10205,30745],[14,113],[-13,83],[53,78],[32,-36],[65,-8],[23,86],[-97,84],[-23,56],[90,177],[4,-84],[86,-42],[16,56]],[[9904,32445],[-93,-42],[-34,17],[-41,57],[-74,22],[-53,-25],[-8,-77],[-65,63],[-35,-28],[-101,57],[-59,-69],[40,-50],[-69,-74],[13,-99],[-66,-146],[-57,34],[18,68],[-45,36],[-88,-66],[0,138],[-42,8],[-33,129],[-49,10],[-25,88],[-42,6],[-25,92],[10,60],[-95,38],[50,96],[-21,39],[-11,6]],[[13513,34101],[-77,26],[-88,69],[-6,89],[51,3],[13,95],[-12,94],[-99,-15],[-74,-80],[-46,52],[-69,33],[66,76],[-43,23],[15,47],[-63,43],[-112,-7],[18,84],[-21,103],[63,4],[-1,53],[122,-23],[68,106],[-6,37],[3,55],[6,19],[-20,16],[31,78],[-17,80],[62,51]],[[8255,32215],[-20,-12],[-3,-116],[-90,-93],[-2,-45],[-127,-216],[5,-15]],[[34165,36469],[-50,66],[-30,11],[-42,-33],[-34,10],[-79,48],[-117,-29]],[[33813,36542],[-57,43],[6,51],[-80,55],[12,97],[48,24],[5,89]],[[33747,36901],[61,33],[173,-18],[113,20],[40,33],[153,-5]],[[34287,36964],[60,-64],[65,-27],[64,-63],[-19,-92],[-128,-25],[-46,-26],[-27,-118],[-91,-80]],[[33747,36901],[-54,18],[-61,63],[-19,93],[-84,82],[-107,-5],[-16,-10]],[[33406,37142],[-67,38],[-52,84],[-146,58]],[[33141,37322],[51,92],[22,135],[34,10],[12,114],[25,48],[-122,80],[-27,64],[35,82],[65,-33],[49,39],[67,-33],[157,71],[86,-17],[120,74],[35,46],[84,-16],[69,88],[105,33],[48,-53],[122,3],[148,-109],[19,-44],[-7,-105],[75,-71],[-2,-97],[-43,-39],[13,-139],[-26,-124],[-67,-67],[-1,-51],[-64,-66],[36,-72],[-10,-127],[38,-74]],[[33813,36542],[2,-50],[-150,-123],[-185,63],[-26,21],[-17,-6],[-28,11]],[[33409,36458],[31,76],[55,37],[-45,57],[-2,131],[-16,50],[56,75],[47,17],[-2,38],[-16,25],[-122,-3],[-6,163],[17,18]],[[33409,36458],[-44,-10],[-104,16],[-16,0],[-11,-8],[-34,-33],[-99,44],[-57,139],[-69,9]],[[32975,36615],[29,121],[58,88],[-42,63],[15,75],[47,35],[-59,113],[68,167],[50,45]],[[17962,7374],[-6,35],[-6,19],[-56,51],[30,74],[42,31],[-1,88]],[[17965,7672],[100,88],[-10,61],[63,161],[38,32],[-16,69],[6,13],[24,70],[42,10],[-8,39],[19,14],[2,12],[9,4]],[[18234,8245],[11,-6],[54,17],[12,9],[29,6],[108,-20],[-7,57],[125,11],[37,-36],[5,-80],[71,5],[45,-70],[39,-4],[17,-22],[24,-138],[-78,-102],[-12,-37]],[[18714,7835],[-62,-98],[-47,-57],[-61,-29],[-138,-103],[-59,-49],[-97,-41],[-59,2],[-125,-48],[-22,-42],[-36,-8],[-46,12]],[[19929,11200],[-2,18],[28,156],[94,27],[28,-4],[21,7]],[[20098,11404],[46,-70],[-31,-47],[-37,-195]],[[20076,11092],[-64,8],[-23,-13],[-32,32],[18,39],[-41,35],[-5,7]],[[14146,8008],[103,40],[50,53],[73,-8],[33,34],[-19,59],[68,46],[27,-31],[84,54],[8,10]],[[14573,8265],[85,-28],[55,59],[34,-35],[66,43],[51,-125]],[[14864,8179],[-97,15],[-46,-81],[-15,-31],[-47,-75],[-18,-114],[54,-34],[27,-58],[71,-53],[-60,-34],[1,-134],[-41,-34],[54,-97],[-26,-87],[110,12],[44,-39],[39,-97],[-56,-101],[4,-135],[21,-51],[48,-10],[-41,-112],[-105,2],[-27,-42],[-4,-175],[-55,-69],[83,-111],[4,-93]],[[19296,9057],[12,-17],[-70,-351],[5,-133],[87,-212]],[[19330,8344],[-41,-92],[-78,-18],[-190,-159],[8,-59],[-60,0],[-23,-58],[-126,-66]],[[18820,7892],[-106,-57]],[[18234,8245],[-11,7],[-92,36],[-123,-14],[-126,31],[-29,35],[-53,74],[-31,26],[-16,27],[-8,8]],[[17745,8475],[49,-4],[31,112],[139,20],[18,49],[82,-15],[33,62],[50,-57],[112,-23],[45,86],[77,28],[65,-28],[142,79],[104,-26],[-15,102],[41,31],[-44,51],[15,73],[69,-2],[-48,114],[218,-53],[82,-74],[17,-4],[25,19],[12,2],[45,61],[-1,29],[-9,14],[0,25],[-2,5],[-1,1]],[[15879,9649],[76,12],[34,122],[98,91],[8,90],[86,-21],[35,24],[0,73],[34,62],[-88,145],[-38,0],[-8,15],[80,29],[24,-59],[103,34],[40,-57],[152,-85],[-3,-56],[82,-104],[61,-5],[75,-74],[114,-48],[81,-106],[-7,-21],[62,2],[102,-44],[29,-55],[17,3],[23,63],[101,20],[23,-44],[31,29],[8,6],[33,-12]],[[17347,9678],[4,-59],[49,-54],[123,38],[-24,-78],[-27,-85],[-7,-29],[-9,-48],[-3,-21],[10,-14],[21,-1]],[[17484,9327],[-20,-83],[31,-33],[-146,-56],[-11,-30],[-5,-7]],[[17333,9118],[-30,-32],[-20,-48],[-90,-32],[-108,22],[-118,108],[-41,-87],[-43,-56],[-42,5],[62,145],[-76,90],[-35,-19],[-73,34],[-35,72],[-149,-22],[-125,-53],[-57,-8],[-103,-64],[-178,38],[-34,-37],[-140,34],[-40,46],[-102,22]],[[15107,6200],[102,82],[-8,31],[-50,111],[16,170],[101,-1],[-26,154],[30,107],[49,53],[107,42],[47,-78],[144,123],[98,-2],[15,74],[63,27],[-2,-128],[47,-51],[64,87],[68,1]],[[15972,7002],[36,-85],[109,21],[137,-11],[-10,62],[56,2],[10,97],[-29,62],[49,28],[121,-25],[14,72],[111,-4],[-30,-104],[-13,-111],[-2,-56],[32,-66],[-53,-73],[106,-48]],[[16616,6763],[-43,-80],[59,-54],[178,-61],[-56,-123],[93,-78],[-5,-46]],[[16842,6321],[-4,-10],[-5,-123],[-106,-90],[31,-49],[-41,-111],[-73,-19],[-91,64],[-18,115],[-47,25],[-151,-17],[-93,-86],[-36,16],[-55,-102],[-71,-43],[-37,29],[-150,-34],[-88,-63]],[[15807,5823],[-3,105],[-57,68],[69,21],[10,58],[-41,74],[-10,-12],[-55,-12],[-78,41],[-32,-39],[-76,-7],[-136,-104],[-46,5],[-70,52],[-116,-60],[-95,-9]],[[15756,9276],[14,-134],[-37,1],[10,-97],[90,-52],[-51,-135],[-2,-102],[19,-51],[79,49],[-19,-102],[13,-67],[-22,-95],[-63,-94]],[[15787,8397],[-21,-70],[128,-160],[79,-117],[89,-37],[0,-112],[36,-44],[8,-135],[51,-21],[21,-4],[0,-1]],[[16178,7696],[-20,-37],[-35,-29],[-54,-16],[-69,70],[-24,13],[-35,-6],[-17,-7],[-5,-11]],[[15919,7673],[-61,51],[-126,32],[-48,40],[-90,-6],[-84,-29],[-153,43],[-70,-12],[16,141],[-55,54],[27,49],[-43,85],[-50,-87],[-47,19],[-57,101],[-11,-16],[-46,2],[4,20],[-20,45],[-30,-8],[-44,-59],[-67,41]],[[14573,8265],[10,10],[24,88],[46,-8],[5,22],[-35,58],[22,117],[-111,58],[-84,-10],[-71,22]],[[20076,11092],[-25,-231],[11,-83],[-147,-455],[-14,-96],[-67,-117],[-77,-95],[-107,-166],[-99,-73],[-10,-5]],[[19541,9771],[-48,28],[-37,-32],[-55,28],[-68,115],[-77,57],[-51,-27],[-58,20],[-54,-35],[-67,53]],[[19026,9978],[31,66],[85,80],[35,1],[35,162],[-65,55],[14,69],[-92,9],[-61,69],[24,66],[60,-1],[90,38],[14,96],[-73,59],[-88,-3],[-15,77],[-46,19],[-87,41]],[[18887,10881],[21,89],[148,53],[-2,35],[123,65],[59,55],[25,11]],[[19261,11189],[22,8],[35,-47],[7,-66],[117,-30],[56,78],[25,29],[73,151],[71,69],[82,23],[78,-63],[-3,-84],[39,-54],[66,-3]],[[19583,9787],[0,1],[1,0],[0,0],[-1,-1]],[[19580,9784],[-1,-1],[0,1],[1,0]],[[19632,9831],[-1,-1],[0,1],[1,0]],[[15068,3249],[154,-69],[19,-39],[84,-12],[77,-102],[-12,-50],[46,-86],[77,13],[-11,-124],[51,-68],[-23,-102],[-9,-26],[7,-1],[-4,-12],[9,-76],[64,-30]],[[15597,2465],[-32,-99],[-194,34],[-217,62],[-11,33],[-95,47],[-238,218]],[[15575,2368],[0,-4],[-5,1],[1,3],[4,0]],[[15972,7002],[25,128],[-66,8],[15,59],[13,30],[54,-35],[94,-23],[-3,34],[-32,85],[-16,13],[-34,-25],[-15,4],[-22,36],[-48,48],[-14,-26],[-31,59],[1,40],[30,129],[19,64],[-23,43]],[[16178,7696],[12,-5],[78,44],[68,3],[49,-31],[81,-9],[103,-105]],[[16569,7593],[51,-92],[132,12],[83,-14],[90,11],[73,-32],[103,-98],[100,-30],[62,-83],[-69,-67],[37,-98],[-90,-80],[-183,0],[-43,59],[-110,-43],[-53,11],[-29,-215],[-27,-51],[-80,-20]],[[16974,10481],[-2,-9],[0,-32],[21,-59],[-6,-147],[56,-65],[-23,-96],[88,-17],[43,32],[90,-34],[78,-87],[-17,-133],[74,-9]],[[17376,9825],[31,-89],[-60,-58]],[[16842,6321],[76,16]],[[16918,6337],[10,-71],[43,-102],[-27,-62],[101,-140],[-9,-71],[17,-89],[-8,-76],[-105,-27],[-35,-36],[-89,-16],[-11,-105],[-99,14],[-163,1],[-46,-53],[19,-58],[26,18],[4,11],[26,3],[34,-39],[-79,-42]],[[16527,5397],[-61,4],[-76,-80],[42,-117],[-80,2],[-42,-66],[-85,10],[-201,-16],[-112,9],[-17,71],[-67,23],[-93,-29],[-42,52],[-53,-13],[-41,-57],[-110,-49],[-37,-111],[-33,-25]],[[15419,5005],[-24,29],[102,146],[74,156],[50,52],[47,106],[-9,49],[75,86],[22,40],[29,141],[22,13]],[[19393,7262],[7,-392],[38,-536],[-71,-36],[-152,-1],[21,67],[-81,20],[-119,-9]],[[19036,6375],[19,59],[0,162],[88,79],[31,56],[0,98],[-54,44],[53,93],[52,40],[-11,96],[87,122],[-143,5],[-114,49],[15,75],[45,71],[51,17]],[[19191,7561],[-41,12],[-52,23],[-81,-14],[-18,-41],[-87,-7],[-61,-31],[-23,10],[-22,-2]],[[18806,7511],[-1,19],[33,83],[20,147],[46,68],[-84,64]],[[19330,8344],[38,-179],[37,-320],[-6,-293],[-51,6]],[[15787,8397],[71,-31],[51,67],[131,-88],[75,-27],[31,64],[99,27],[17,108],[109,-20],[93,67],[92,-31],[143,29],[100,59],[39,-53],[96,48],[108,19],[3,-98],[31,-41],[-52,-39],[6,-172],[49,8],[12,3],[8,8],[-1,-9]],[[17098,8295],[-5,-27],[-52,-109],[24,-30],[-95,-206],[-46,-15],[1,-87],[-55,-5],[-39,-68],[-3,-74],[-125,62],[-21,-45],[-88,3],[-29,-34],[4,-67]],[[17965,7672],[-56,64],[-151,15],[-72,-44],[-53,7],[3,58],[-81,17],[-41,-25],[6,-59],[-66,-6],[-47,166],[48,52],[18,100],[45,81],[-11,49],[-130,18],[19,73]],[[17396,8238],[-23,86],[80,60],[69,-11],[81,-112],[54,71],[-53,49],[43,100],[47,21]],[[17694,8502],[23,-1],[22,-11],[2,-9],[4,-6]],[[17130,6454],[17,55],[12,55],[61,-10],[44,44],[-29,57],[-121,-5],[-24,98],[-31,6],[-14,116],[47,53],[58,24],[0,15],[84,35],[43,-39],[56,85],[90,-64],[42,109],[56,-39],[-10,-68],[41,-33],[20,1],[28,-10],[51,83],[84,23]],[[17735,7045],[62,-63],[49,27],[209,-33],[11,-57],[124,-59],[63,-50],[5,-64],[-44,-15],[-33,-60],[10,-88],[-24,-41],[37,-48],[-8,-101],[-31,-11],[-16,-5],[18,-109],[-25,-64],[107,-34],[-49,-92],[85,-12],[24,-38],[51,14]],[[18360,6042],[-5,-69],[43,-55],[-18,-67],[-191,-236],[-9,-69],[-43,-42]],[[18137,5504],[-115,25],[-92,154]],[[17930,5683],[22,57],[17,3],[-85,48],[-38,13],[-8,105],[46,41],[-88,63],[-3,39],[-101,-47],[-49,80],[-11,75],[-71,-32],[0,-52],[-61,-9],[-98,25],[-9,21],[-33,131],[-109,48],[-14,-51],[-87,-40],[-20,-83],[-59,29],[27,53],[-57,59],[35,4],[65,-5],[13,108],[-42,47],[18,41]],[[18500,4602],[19,-117],[150,-140],[-224,125],[-96,10],[-5,58],[78,2],[78,62]],[[18137,5504],[-64,-106],[-107,-114],[-57,-141],[-41,-39],[-33,-204],[-24,-43],[75,-128],[73,-80],[125,-97],[113,-22],[-65,-49],[-181,27],[-98,-16],[-32,-30],[-77,8],[-175,-69],[-85,-44],[-55,14],[-154,-121],[-113,8],[-166,-42],[-79,-47]],[[16917,4169],[-29,4],[-69,56],[-79,18],[38,112],[-44,-2],[7,108],[11,22]],[[16752,4487],[81,-25],[77,55],[-3,47],[-64,85],[-68,42],[-85,-22],[-42,121],[92,3],[92,59],[30,64],[59,1],[-12,91],[70,52]],[[16979,5060],[38,38],[58,-11],[66,-52],[42,5],[125,-88],[107,44],[-5,67],[126,-37],[110,28],[-58,103],[23,73],[-37,48],[-87,-16],[-25,45],[39,55],[-39,85],[41,147],[27,-22],[85,9],[41,-30],[9,-98],[43,-111],[45,-2],[-19,193],[97,110],[44,-3],[55,43]],[[18212,4397],[-3,-2],[-2,1],[4,4],[1,-3]],[[18191,4404],[12,-4],[-25,2],[5,4],[8,-2]],[[18284,4457],[-7,-4],[29,-19],[5,13],[1,-12],[-6,-3],[-27,12],[-4,13],[9,0]],[[18342,4463],[4,-5],[-35,-10],[11,14],[20,1]],[[18364,4452],[9,1],[2,-6],[-8,-2],[-3,7]],[[18858,4707],[0,1],[1,1],[0,-2],[-1,0]],[[18858,4712],[0,0],[0,-1],[0,1]],[[18857,4712],[-1,2]],[[18856,4714],[1,0],[0,-2]],[[18856,4714],[-1,0],[1,0],[0,0]],[[17133,4181],[4,-3],[-3,-9],[-9,8],[8,4]],[[17210,4204],[-2,-4],[-5,-1],[5,7],[2,-2]],[[17283,4215],[-5,-14],[-14,-2],[9,15],[10,1]],[[17692,4318],[-15,-20],[-8,0],[20,24],[3,-4]],[[17876,4345],[-61,-11],[-7,3],[10,7],[58,1]],[[17925,4352],[3,-4],[-6,-3],[-3,9],[6,-2]],[[18092,4385],[28,-22],[5,11],[4,-7],[-11,-8],[-28,15],[-17,-5],[19,16]],[[17467,4286],[0,5],[4,2],[1,-6],[-5,-1]],[[17531,4294],[-1,-7],[-4,1],[1,8],[4,-2]],[[17333,9118],[113,-32],[-7,-84],[-83,-69],[20,-86],[-3,-86],[93,38],[162,-1],[-42,-146],[82,-49],[-22,-55],[48,-46]],[[17396,8238],[-37,-53],[-108,-49],[-37,1],[-7,75],[-109,83]],[[16918,6337],[58,93],[36,3],[16,79],[102,-58]],[[16979,5060],[-42,96],[-69,28],[-104,108],[-24,48],[-123,27],[-59,-25],[-31,55]],[[18806,7511],[0,-28],[-51,-61],[38,-41],[-83,-59],[-106,58],[-107,37],[-41,-24],[2,-346],[18,-86],[65,-25],[-20,-95],[96,-31],[-3,-42],[139,-118],[-24,-52],[11,-154],[51,-17]],[[18791,6427],[-7,-21],[36,-49],[-192,17],[-97,-58],[-109,-95],[23,-33],[-66,-57],[-19,-89]],[[17735,7045],[-10,50],[22,96],[-37,101],[131,49],[15,28],[93,9],[13,-6],[0,2]],[[15419,5005],[-2,-5],[4,-14],[-93,-21],[-35,-24]],[[19837,12083],[239,-64],[66,-86],[41,10],[30,-166],[0,-106],[-74,-242],[-41,-25]],[[19261,11189],[2,55],[-62,-5],[-27,81],[5,124],[-72,0],[0,46],[-62,33],[-32,-109],[-110,-23],[-144,7],[-49,-82],[-48,94],[-69,-118],[-60,-32],[-75,52],[-26,78]],[[20179,11956],[1,-6],[-5,1],[0,6],[4,-1]],[[20019,12055],[-1,-4],[-5,-1],[4,7],[2,-2]],[[20027,12057],[3,-5],[-7,-1],[-1,5],[5,1]],[[20087,12178],[54,-159],[16,-25],[7,-45],[-12,-1],[-25,25],[-25,132],[-4,8],[-2,-20],[-4,17],[-12,0],[10,9],[-10,36],[7,23]],[[20082,12102],[4,-18],[-5,-17],[-1,32],[2,3]],[[19036,6375],[-68,-28],[-116,5],[13,54],[-74,21]],[[19153,6320],[-1,-5],[-7,4],[1,2],[7,-1]],[[19142,6323],[0,-2],[-6,1],[0,2],[6,-1]],[[19135,6324],[-5,-1],[0,3],[4,0],[1,-2]],[[19143,6358],[6,-4],[10,1],[-12,-6],[-4,9]],[[19125,6360],[6,-3],[-3,-7],[-5,4],[2,6]],[[19136,6379],[32,-10],[0,-6],[-31,1],[-15,11],[14,4]],[[19127,6337],[2,-5],[-4,-2],[-3,4],[5,3]],[[19118,6338],[0,-4],[-5,2],[0,3],[5,-1]],[[19105,6359],[7,-7],[-22,2],[11,6],[4,-1]],[[19027,6355],[-4,-1],[-2,3],[6,1],[0,-3]],[[19019,6340],[4,-1],[-15,2],[11,-1]],[[18990,6344],[-5,0],[-1,2],[4,1],[2,-3]],[[19014,6354],[-3,-2],[-1,0],[4,6],[0,-4]],[[19010,6356],[-3,-3],[-6,4],[9,-1]],[[16917,4169],[-86,-95],[-170,-131],[-63,-130],[-20,-195],[19,-58],[-117,-188],[7,-67],[57,-25],[-27,-136],[13,-28],[-108,-137],[-30,-96],[-152,-79]],[[16240,2804],[-141,-15],[-10,44],[-24,2],[-21,63],[3,25],[-44,57],[-4,102],[-31,145],[-48,23],[4,62],[56,26],[-12,88],[26,92],[-16,70],[50,28],[-12,50],[-72,122],[-58,9],[0,64],[-112,9],[1,184],[24,70],[53,59],[-104,3],[49,145],[64,-46],[100,28],[59,-17],[31,50],[-21,85]],[[16030,4431],[57,1],[-2,-66],[68,-8],[59,85],[90,42],[2,56],[78,100],[184,13],[8,-56],[65,-61],[92,-20],[21,-30]],[[16506,3328],[8,-2],[-6,-8],[-12,8],[10,2]],[[16514,3367],[-8,-10],[0,-7],[10,0],[1,11],[1,-8],[-9,-22],[4,18],[-8,-2],[-7,11],[16,9]],[[16514,3330],[-1,-3],[-2,1],[4,4],[-1,-2]],[[16526,3378],[-3,-1],[2,9],[1,-8],[0,0]],[[16509,3398],[11,-9],[-1,-20],[-2,10],[-9,-3],[1,22]],[[16662,3730],[5,-4],[-2,-5],[-6,10],[3,-1]],[[16688,3789],[3,-3],[0,-7],[-7,9],[4,1]],[[16735,3939],[3,-3],[-1,-4],[-5,0],[3,7]],[[15189,4747],[81,-49],[51,14],[34,-79],[135,-35],[15,73],[156,-151],[145,-4],[103,-98],[38,36],[83,-23]],[[16240,2804],[-111,-88],[-126,-48],[-49,-70],[-113,-75],[-176,-28],[-68,-30]],[[17376,9825],[97,77],[44,135],[57,84],[12,94],[69,96],[66,174],[66,108],[137,-39],[24,67],[65,-18],[67,105],[110,9],[108,-31],[6,79],[52,21],[79,-29],[16,-60],[42,-7],[97,-62],[-45,-114],[49,-31],[47,51],[66,27],[24,78],[-17,72],[34,39],[-33,61],[5,63],[50,49],[41,-35],[76,-7]],[[19026,9978],[-88,7],[-100,34],[-137,18],[-78,101],[-125,27],[-148,-16],[-18,-71],[36,-40],[-44,-86],[107,-20],[-79,-152],[-7,-68],[-35,-55],[108,-76],[-30,-75],[-43,-35],[-58,14],[-56,-68],[-65,-20],[-122,31],[-60,50],[-95,3],[-72,-94],[-63,19],[-99,-30],[-100,3],[-36,-49],[-35,-3]],[[19541,9771],[36,10],[26,-30],[-154,-251],[-41,-92],[-38,-131]],[[19551,9776],[-1,0],[1,0],[0,0]],[[19464,21607],[-16,-6],[-49,72],[-43,-5],[-6,-69],[31,-36],[-68,-151],[-101,-61],[-111,-6],[-45,76],[-143,91],[-83,21],[-116,107],[-101,33],[-45,-68],[-70,-19],[-65,26],[-59,64],[-90,6],[-131,139],[-56,127],[-72,57],[-132,28],[-75,-69],[-140,41],[-111,-74],[-147,13],[-57,-73],[-75,13],[-96,-80]],[[17192,21804],[-57,40],[-93,-9],[-62,52],[-60,-5],[-110,-72],[-36,-2],[-27,83],[-98,15],[-74,-32],[-46,-40],[-101,-40],[-66,-100],[-101,-8],[-40,-59]],[[17154,19136],[48,15],[-30,-130],[-11,-109],[-65,-50],[-59,77],[-66,22],[-14,99],[31,38],[62,-10],[50,82],[54,-34]],[[20200,21176],[-124,-12],[-67,-64],[-4,-224],[-13,-67],[-74,-74],[-46,44],[10,72],[-91,33],[11,46],[-86,44],[-46,-23],[-110,68],[-122,7],[67,-93],[-6,-62],[-69,37],[-40,72],[-73,-16],[24,-73],[-58,-8],[-50,74],[-70,42],[-57,2],[-47,-43],[-101,-4],[-28,-81],[11,-132],[-17,-129],[73,-154],[5,-20],[-22,-67],[-39,0],[-39,-70],[-83,-8],[-29,6],[-201,-152],[-139,-4],[-96,-67],[-217,70],[-11,11]],[[18126,20157],[51,103],[-89,1],[-60,25],[9,53],[-45,29],[-10,110],[-73,23],[-39,73],[-73,-33],[-196,47],[-36,-65],[-119,19],[-38,18],[-102,2],[-56,-37]],[[17250,20525],[-20,56],[-56,43],[47,96],[-24,53],[26,113],[-43,83],[54,106],[59,18],[28,67],[78,29],[12,63],[-37,99],[-2,67],[-95,18],[-55,155],[-9,93],[-39,70],[18,50]],[[19716,18268],[14,80],[-104,94],[-87,109],[-56,10],[-37,55],[-22,22],[35,71],[-32,89],[-89,15],[-55,78]],[[19283,18891],[44,31],[87,-6],[41,68],[150,52],[21,-68],[91,-28],[44,36],[133,48],[14,108],[-67,-15],[-1,65],[-73,81],[5,86],[-55,37],[37,100],[0,106],[100,41],[60,-40],[110,72],[35,-4],[-10,139],[50,146],[-10,107],[59,16],[60,106],[76,81],[67,-41],[36,14],[38,99],[34,31],[52,-64],[57,-2],[54,-36],[36,55],[61,37],[16,66],[-30,28],[-183,134],[-56,9],[-44,62],[-33,187],[13,76],[-102,20],[-26,11],[-21,114],[44,78],[-23,47]],[[15420,18517],[11,16],[9,104],[100,-16],[22,-46],[189,75],[160,79],[42,-130],[-29,-44],[-26,-121],[23,-76],[-11,-75],[-37,-71],[-4,-102],[96,-11],[117,-38],[171,28],[70,58],[5,87],[-58,104],[-55,20],[-16,16],[-23,60],[117,116],[103,124],[51,-1],[28,-169],[49,20],[84,-22],[-15,127],[88,63],[112,32],[23,-132],[53,-54],[82,-154],[149,-84],[52,45],[85,-58],[39,-52],[108,6],[85,-40]],[[17469,18201],[81,-42],[-32,-50],[104,-100],[-8,-131],[-44,-15],[-8,-68],[-139,-104],[73,-120],[-59,-78],[139,-7],[47,-32],[103,61],[94,0],[32,-59],[81,-43],[60,-7],[167,-120],[168,-96]],[[15646,20608],[1,0],[29,1],[14,17],[65,-3],[37,-38],[57,-3],[79,-125],[221,6],[-14,-60],[75,-86],[102,2],[119,-57],[109,-11],[47,46],[3,122],[8,35],[70,-19],[72,-57],[36,3],[72,92],[55,-50],[48,-86],[112,15],[131,92],[55,7],[1,74]],[[18126,20157],[-18,0],[-58,15],[-84,-60],[-54,62],[-28,-72],[-71,-62],[-45,7],[-63,-123],[49,-51],[-5,-103]],[[17749,19770],[-5,-7],[1,-42],[-13,-53],[-54,-17],[-25,-63],[-61,-56],[-92,-16]],[[17500,19516],[-92,52],[-80,-48],[-28,57],[-45,-24],[-75,22],[-22,-25],[-138,28],[-17,-56],[-55,-8],[-55,-254],[-94,-57],[15,-47],[-73,-83],[-73,38],[-7,83],[-78,-41],[-55,44],[-81,16],[-52,-67],[-58,28],[-159,178],[-81,12],[-31,112],[-66,-31],[-53,24],[-27,-48],[-11,-95],[-124,-71],[5,-19]],[[17469,18201],[9,53],[138,19],[68,80],[32,124],[-17,68],[-74,29],[-1,57],[54,114],[-92,39],[-26,24],[-25,157],[35,122],[-80,21],[0,153],[-42,96],[52,159]],[[17749,19770],[198,-36],[44,-124],[99,-14],[37,-60],[45,-19],[40,-134],[23,-26],[75,83],[32,-110],[135,-14],[17,-48],[142,-53],[30,28],[77,0],[85,-36],[66,11],[117,-18],[214,-109],[17,-94],[37,-102],[4,-4]],[[39410,29865],[-94,62],[11,-72],[-72,-24],[-20,88],[-37,26],[-42,148],[-31,6],[0,131],[-26,190]],[[39099,30420],[7,0],[58,-41],[-17,-66],[31,-34],[55,24],[12,92],[-21,52],[14,87],[-9,164],[-26,14],[-16,275],[15,117]],[[39202,31104],[-26,193],[164,-89],[97,-107]],[[39437,31101],[18,-46],[97,-70],[60,38],[87,18],[9,-130],[-14,-72],[59,-13]],[[39753,30826],[3,-82],[59,-6],[49,-149],[2,-160],[17,-11],[6,-23]],[[39889,30395],[-48,-17],[-109,-151],[-65,0],[-66,40],[-39,109],[-58,-90],[39,-228],[-16,-51],[33,-53],[-57,-63],[-7,-51],[-86,25]],[[39410,29865],[-80,-135],[-49,-57],[-55,-109],[2,-61],[75,-218],[-6,-50]],[[39297,29235],[-55,61],[14,70],[-58,89],[-9,66],[-43,64],[9,40],[-69,100],[-78,-1],[-33,104],[-52,-46],[-55,53],[-82,-35],[-69,-5],[-55,-69],[-26,6]],[[38636,29732],[-2,23],[-59,29],[-3,210],[28,33],[-3,78],[54,40],[88,115],[28,-47],[85,41],[-21,48],[38,36],[19,71],[-3,11]],[[38885,30420],[7,-2],[7,2],[12,-6],[20,10],[73,7],[85,-9],[10,-2]],[[38885,30420],[0,1],[-3,36]],[[38882,30457],[0,26],[-20,182],[-43,39],[-46,132],[-38,193]],[[38735,31029],[107,-38],[80,6],[75,47],[-5,59],[37,68],[173,-67]],[[40066,30347],[-42,16],[-28,-98],[-100,67],[-7,63]],[[39753,30826],[146,176],[-28,93],[94,57],[-78,106],[-119,62],[-44,113],[13,93]],[[39737,31526],[56,17],[35,73],[50,18],[-28,108],[39,69],[70,-47]],[[38636,29732],[-8,-6],[-8,-10],[-66,-116],[-73,-42],[-34,29]],[[38447,29587],[5,41],[-50,112],[-5,68],[-42,70],[1,49],[-85,70],[12,41],[-83,140],[5,60],[53,0],[1,63],[-74,39],[38,72],[84,-22]],[[38307,30390],[90,-81],[94,83],[62,-32],[29,49],[138,-44],[39,8],[123,84]],[[39297,29235],[-55,-112],[-111,-81],[-121,-17],[-47,-59],[-124,100],[13,69],[-65,118],[2,59],[-35,36],[-15,73],[-47,103],[-59,5],[-52,-90],[-9,-59],[57,-177],[-34,-36],[-82,83],[-36,119],[-2,122],[-28,96]],[[38585,29383],[-1,2],[0,2],[0,0],[1,-4]],[[39437,31101],[65,234],[-36,125],[129,101],[71,-32],[71,-3]],[[38307,30390],[7,91],[45,83],[-41,78],[91,183],[95,-1],[54,36],[38,84],[-36,104],[63,5],[112,-24]],[[15713,36666],[25,-4],[64,22],[132,-32],[21,40],[90,58],[92,6],[11,-90],[63,66],[20,27]],[[16231,36759],[4,1],[0,-3]],[[16235,36757],[2,-50]],[[16237,36707],[-3,-33],[65,37],[41,-24],[22,-78],[-11,-57],[24,1],[60,39],[52,-36],[154,1],[23,-43],[-19,-92],[56,-59],[90,27],[60,-29],[53,15],[96,-53],[47,-76],[54,-24],[57,-65],[94,10],[33,-68],[135,-84],[4,69],[97,6],[23,-10]],[[17544,36081],[-10,-27],[1,-17],[7,-6],[18,33],[41,-71],[46,6],[68,-106],[-96,-22],[-9,-17],[-15,-50]],[[15431,38163],[20,0],[16,-4],[29,7],[91,-1],[59,52],[83,6],[65,-59],[65,17],[10,68],[12,16],[-4,13],[26,16]],[[15903,38294],[5,-1],[80,-20],[52,57],[35,-70],[89,-69],[112,-24],[104,88],[146,-46],[9,-58],[92,27],[42,40],[17,-19],[25,14],[145,42],[54,40],[83,-96],[72,-1],[40,48]],[[17105,38246],[30,-55],[76,-54],[45,26],[20,7]],[[17276,38170],[53,-77]],[[17329,38093],[-35,-105],[-78,-127],[-37,-10],[-60,-88],[40,-72],[-52,-16],[-20,5]],[[17087,37680],[-15,2],[-96,-100],[-61,-124],[-67,-37],[-93,-6],[-70,58],[-98,41],[13,54],[-71,45],[-68,-11],[-92,14],[-37,-19],[0,-15],[37,-10],[-71,-90],[38,-54],[-88,-126],[-67,9],[-50,-36]],[[16131,37275],[-38,-11],[-19,19],[-24,120],[-55,25],[-40,30],[5,88],[34,81],[-2,62],[-53,57],[-67,141],[-49,34],[-77,13],[-20,25],[-50,-51],[-94,-32],[-69,15]],[[22191,32981],[7,9],[-42,9],[8,71],[64,8],[-24,92]],[[22204,33170],[42,35],[102,74],[92,7],[87,-13],[74,-51],[46,41],[-35,57],[60,76],[77,26],[9,2],[20,6],[5,5],[6,5],[15,27],[-68,102],[-53,-52],[-67,-26],[-62,13],[-61,63],[-95,3],[-30,117],[-57,26]],[[22311,33713],[13,88],[69,-52],[30,30],[86,1],[28,68],[12,120],[59,24],[53,-43],[137,-24],[64,51],[86,7],[39,-2],[31,-35],[-47,-45],[28,-5],[137,-75],[22,48],[53,3],[0,-6]],[[23211,33866],[-29,-38],[-2,-12],[-10,-7],[-17,-6],[56,-77],[78,-29],[45,6],[40,-15],[68,-63],[32,8],[31,-21],[-2,-2]],[[23501,33610],[0,-2],[-4,-5],[1,-12],[-38,-54],[9,-62],[71,-76],[-59,-38],[2,-102],[-28,-58],[-133,-58],[-46,-106],[17,-46],[19,-12],[47,55]],[[23359,33034],[41,-58],[26,-43],[69,-128],[-17,-46],[-19,-12],[-12,-8],[14,-24],[-25,-55],[-44,-70],[-37,-6],[-121,-130],[-51,-13],[-25,-30],[-65,-61],[40,-45]],[[24082,34897],[-9,-5],[-39,-13],[-115,21],[-48,49],[-62,13],[-65,-24],[-123,87],[-34,93],[-74,7],[-19,4],[-12,-10],[-163,51]],[[23319,35170],[57,25],[138,278],[67,-7],[20,-52],[20,1],[46,4],[62,64],[19,61],[-17,23],[15,41]],[[23746,35608],[16,-14],[34,-17],[118,-55],[119,6],[104,-94],[123,25],[46,9],[98,-65],[49,5]],[[24453,35408],[68,-61],[124,-50],[65,-105],[23,-22]],[[24733,35170],[27,-31],[57,0],[22,-11]],[[24839,35128],[-33,-52],[-7,-127],[-69,-6],[-53,74],[-115,58],[-31,170],[-51,-44],[-12,-65],[-45,-10],[2,-101],[-14,-10],[15,-124],[-34,-74],[-10,-78],[-132,49],[-76,95],[-73,23],[-19,-9]],[[22025,34305],[-36,40],[-64,8],[-110,103],[0,21],[37,52],[14,99],[39,48],[-6,132],[-27,52],[12,62],[61,36],[24,51],[1,139],[-52,97],[-4,19],[-49,135],[29,10],[13,62]],[[21907,35471],[125,-26],[24,19],[80,-72],[4,-6],[91,107],[-12,98],[39,15],[58,-43],[41,18],[19,-98],[72,17],[12,-8]],[[22460,35492],[0,-11],[-10,-113],[58,46],[125,-11],[65,-45],[25,37],[81,-47]],[[22804,35348],[3,-28],[-5,-9],[-7,-67],[65,6],[0,-55],[2,-14],[-16,-33],[-4,-18],[-35,1],[-37,-6],[-78,-86],[18,-97],[87,-45],[5,-32],[192,-114],[45,-40],[-8,-60],[46,-50],[-36,-54]],[[23041,34547],[-90,8],[-58,26],[-54,-47],[-78,51],[-40,-62],[-124,-35],[-27,75],[-73,45],[-64,-30],[-5,73],[-109,110],[-12,-46],[-119,-61],[38,-98],[-9,-113],[22,-49],[-110,-51],[-106,-21],[2,-17]],[[16643,39124],[-27,99],[-76,74],[-23,106],[-25,30],[1,98],[-6,25]],[[16487,39556],[1,0],[-5,16],[-14,21],[-68,27],[3,113],[46,37],[13,89],[-28,76],[36,27]],[[16471,39962],[7,-5],[40,-6],[166,-66],[71,14],[149,-34],[81,17],[88,50],[62,-22],[45,44],[116,10],[103,106],[9,53]],[[17408,40123],[8,-50],[-12,-78],[62,-68],[-104,-112],[81,-97],[-7,-72],[-128,-188]],[[17308,39458],[-12,4],[-109,-26],[-77,-39],[-104,5],[-18,13],[-17,-72],[19,-147],[-10,-84],[42,-46],[-14,-185],[-81,-20],[-54,-60],[-62,0],[-6,-23],[-20,-13],[-5,-20]],[[16780,38745],[-10,7],[-6,24],[39,69],[-55,56],[-78,8],[-15,98],[23,42],[-35,75]],[[18084,35305],[4,8],[103,39],[141,76],[59,105],[103,87],[-21,64],[58,58],[-27,77],[7,37],[31,80],[-17,32],[15,64],[-7,45],[10,19],[1,20]],[[18544,36116],[5,2],[10,21],[27,-14],[126,-19],[67,-75],[114,-47],[84,57],[83,-7],[8,-41],[101,-113],[48,-27],[7,-8]],[[19224,35845],[-3,-6],[-24,-27],[-25,-18],[-86,-21],[63,-61],[15,-77],[-81,-91],[-53,-15],[-5,-177],[-67,-49],[-60,-127],[-47,-37],[-42,-42],[-8,-2]],[[18801,35095],[-3,7],[-19,69],[-28,44],[-64,1],[-157,-54],[-81,73],[-77,-26],[-83,-5],[-64,25],[-38,1]],[[24839,35128],[48,22],[112,-7],[95,-62],[82,-15],[27,-28],[145,-114],[112,11]],[[25460,34935],[-16,-27],[-45,-7],[-103,-162],[21,-50],[-23,-74],[-49,-36],[-191,85],[-3,-55],[-79,-62],[-23,-97],[19,-113],[-53,-27],[32,-98],[58,-30],[29,-5],[53,26],[116,-74],[-12,-22]],[[25191,34107],[-99,-98],[-133,20],[43,-89],[-68,-44],[-11,-43],[-61,-34],[-135,-3]],[[24727,33816],[-3,17],[-40,71],[-130,5],[-49,38],[-4,46],[-68,31],[-37,4],[-55,-7],[-29,26],[-52,80],[-47,21],[29,79],[-25,90],[-55,104],[-11,94],[-49,100],[-18,16],[3,80]],[[24087,34711],[19,7],[-7,102],[-26,34],[12,20],[-3,23]],[[14887,40342],[88,-40],[79,8],[2,-4]],[[15056,40306],[1,-15],[89,-13],[76,-38],[61,16],[119,-52],[40,-42],[3,2]],[[15445,40164],[-10,-27],[-48,-100],[0,-172],[43,-70],[-33,-116]],[[15397,39679],[-22,-1],[-37,-80],[-27,-186],[-74,45],[-92,-18],[-35,75],[-47,-17],[-23,-6],[-15,8],[-14,8]],[[22490,36817],[-11,-10],[-54,-3],[34,-88],[-58,-57],[-63,-181],[-103,-25],[-41,-89],[-19,16],[-30,0],[-9,-18],[-6,-24]],[[22130,36338],[-44,20],[-2,57],[-52,56],[-9,75],[-11,159],[12,80],[-53,49]],[[21971,36834],[10,34],[-11,29],[-29,15],[-26,29],[-66,109],[-8,15],[-24,310],[0,39],[-27,38]],[[21790,37452],[-14,35],[19,30],[-37,84],[17,47],[17,41],[-43,126],[46,36],[-45,69],[-49,19],[-138,164],[-14,42],[47,73],[-99,107],[-43,82],[-55,37],[-12,63],[-43,34],[42,95],[-36,66],[31,44]],[[21381,38746],[58,-45],[218,-43],[40,-65],[-4,-63],[147,-164],[-4,-114],[88,15],[6,62],[120,-30],[62,-75],[-10,-63],[282,-160]],[[22384,38001],[-59,-89],[-159,9],[-58,-14],[5,-100],[57,-76],[13,-66],[102,-77],[-62,-43],[60,-92],[-61,-44],[-17,90],[-112,15],[-63,-74],[3,-21],[33,5],[68,-20],[58,-58],[20,10],[2,-91],[100,-48],[43,-54],[83,-48],[22,-55],[-23,-137],[10,-75],[41,-31]],[[22459,37994],[182,-150]],[[22641,37844],[-14,3],[-168,147]],[[26162,33650],[10,49],[16,-10],[-20,105],[44,152],[5,7],[-20,23],[7,10],[-118,27],[-35,54],[-84,0],[-115,96],[-22,5],[4,13]],[[25834,34181],[25,47],[14,11],[70,61],[-40,142],[-141,14],[-12,109],[54,43],[134,24],[22,48],[-40,53],[44,47]],[[25964,34780],[49,2],[96,-116],[100,8],[37,-28],[129,-33]],[[24192,37127],[-43,-53],[65,-70],[-152,-45],[-81,23],[-81,-3],[-47,-81],[-83,-24],[-27,-67],[58,-75],[-22,-70],[40,-42],[51,3],[9,-66],[-124,39],[-26,-80],[24,-4],[-18,12],[18,3],[20,-8],[2,-8]],[[23775,36511],[-93,-160],[-67,-37],[-83,89],[-203,138],[30,92],[83,-12],[18,13],[-17,44],[-16,2],[-17,14],[-10,7],[-134,104],[-62,17],[-52,109],[-53,23],[-19,-9],[-5,15]],[[23075,36960],[-33,77],[9,86],[-62,152],[11,26],[95,74],[11,57],[59,55],[25,117],[94,71],[12,65]],[[23296,37740],[179,-134],[105,-54],[58,-71],[78,-43],[154,12],[107,36],[166,20],[18,-87],[36,-50],[30,-96],[-30,-71],[-5,-75]],[[19800,33275],[21,24],[22,46],[7,20],[-22,17]],[[19828,33382],[30,88],[85,-26],[54,104],[-14,97],[103,118],[68,44],[-22,86],[27,28],[25,-2],[19,17],[-30,28],[-88,63],[-23,68],[65,68],[50,4],[35,43],[-4,51]],[[20208,34261],[1,0],[24,12],[40,10],[113,-22],[164,-57],[-33,-56],[-91,-4],[-15,-48],[86,-53],[87,11],[-27,-102],[67,-33],[89,-11],[110,-37],[127,26],[66,57],[44,-92],[123,20],[24,-33],[-5,-86],[40,-21],[79,43],[24,-73],[-34,-67],[15,-19]],[[21326,33626],[7,-72],[-15,-12],[-57,-61],[-66,10],[-21,-48],[-72,-40],[-38,-81],[-55,-49],[-115,-51],[41,-80],[41,-20],[-7,-25],[-40,24],[-58,-52],[75,-23],[-67,-58],[-55,3],[-44,-63],[0,-58],[16,-44],[33,-59]],[[21907,35471],[-25,-52],[-69,-12],[-55,55],[-154,62],[-40,-21]],[[21564,35503],[29,47],[-27,44],[85,112],[-50,100],[-49,24],[-4,69],[-51,40],[-54,3],[14,59],[-33,69],[-65,52],[-21,84],[-51,27],[0,134],[65,-8],[21,34],[-39,42],[-18,28],[-147,55]],[[21169,36518],[10,22],[58,123],[58,-25],[120,3],[24,68],[43,15],[110,-51],[100,68],[17,61],[72,34],[38,-114],[28,1],[11,-35],[55,27],[25,99],[16,10],[-14,16],[31,-6]],[[22130,36338],[87,-16],[71,-52],[88,-30],[5,-76],[70,-9],[53,-7],[0,-14],[-24,-25],[29,-48],[35,-35],[82,-38],[44,-37],[43,-15]],[[22713,35936],[7,-52],[-85,-16],[52,-69],[-28,-74],[28,-37],[-2,-9],[-56,4],[-80,-30],[-33,-44],[12,-73],[-68,-44]],[[19098,38495],[-66,-92],[-7,-9],[-32,-103],[27,-49],[-11,-64],[-76,8],[-95,-56],[-51,-70]],[[18787,38060],[-4,74],[10,44],[-4,39],[-131,107],[-55,14],[-70,-23],[-17,-18],[-34,43],[-72,-23],[-103,45],[-36,-29],[-97,29],[-7,69],[-50,35],[11,57],[-53,92],[11,42],[-52,41],[-75,15]],[[17959,38713],[0,82],[63,13],[67,80],[102,13],[72,119],[64,28],[27,45],[-2,71],[66,53],[46,93],[139,69],[-5,65],[23,90],[18,9],[-29,15],[-16,23],[11,8],[25,-3],[0,6],[5,5]],[[18635,39597],[17,-41],[8,-12],[160,14],[60,48],[8,-73],[119,32],[19,-16]],[[19026,39549],[14,-15],[6,-131],[30,-49],[-91,-100],[-32,-95],[15,-8],[8,-67],[55,19],[50,-37],[16,-97],[9,-9],[95,-28],[-5,-74],[-38,-21],[7,-64],[-41,-76],[-38,-125],[12,-77]],[[23325,35886],[21,20],[21,136],[-11,72],[57,16],[71,58],[65,-79],[64,26],[79,-24],[68,-50],[26,28],[29,56],[72,24],[46,65],[24,-3],[15,2],[3,4]],[[23975,36237],[17,-9],[81,16],[27,6],[15,15],[36,-5],[3,-37],[107,-30],[69,-81],[125,100],[4,-91],[39,-32]],[[24498,36089],[-86,44],[-23,-36],[14,-83],[-75,-40],[0,-28],[101,-42],[-9,-60],[72,-2],[86,-130],[-105,-114],[-30,-61],[23,-65],[-13,-64]],[[23746,35608],[-11,10],[-96,-22],[-52,23],[-93,91],[-83,65],[-60,5],[-26,106]],[[16471,39962],[16,24],[3,25],[-14,53],[44,45],[-15,71],[16,86]],[[16521,40266],[-45,125],[-69,64],[-5,77],[-120,163],[4,80],[7,4]],[[16293,40779],[74,11],[20,74],[57,10],[20,46],[125,98],[46,55],[63,-11],[119,96],[48,69]],[[16865,41227],[33,-18],[226,-80],[36,-146],[35,-65],[77,-77],[105,-59],[90,-70],[75,-6],[96,-52],[116,-30],[15,1],[34,-6]],[[17803,40619],[1,-59],[-107,-84],[6,-7]],[[17703,40469],[-11,-8],[-23,30],[-10,-4],[-41,-71],[-45,12],[-50,-66],[64,-42],[-12,-5]],[[17575,40315],[-108,-36],[-18,-13],[-6,-95],[-50,-28],[2,-11],[13,-1],[0,-8]],[[17276,38170],[20,26],[-3,178],[55,56],[24,123],[99,145],[80,0],[105,122],[88,65],[82,-4]],[[17826,38881],[28,-53],[67,-52],[38,-63]],[[18787,38060],[-42,-105],[-20,-118],[41,-84],[-131,-40],[-23,-16],[-59,-50],[-32,-99],[31,-129],[-6,-19],[-4,1]],[[18542,37401],[-26,10],[-41,33],[-27,12],[0,-14],[-26,1],[-83,37],[-15,13],[-16,6],[1,1]],[[18309,37500],[1,5],[-1,25],[5,19],[-2,8],[-71,72],[-37,89],[-39,32],[-40,-29],[-88,10],[-99,66],[-37,-40],[-73,0],[-2,17],[-51,101],[-29,-12],[-89,75],[-94,-5],[-56,20],[-79,71],[-15,63],[-84,6]],[[15903,38294],[-18,47],[-45,62],[-84,86],[-16,181],[-116,109],[45,27],[3,9],[-11,43],[120,75],[-2,77]],[[15779,39010],[60,-10],[19,17],[19,3],[15,12],[73,92],[95,63],[74,10],[78,82],[18,17],[81,-25],[29,-48],[169,-86],[134,-13]],[[16780,38745],[8,-7],[-20,-49],[47,-114],[41,-58],[63,-24],[61,-118],[125,-129]],[[25274,32259],[-7,-10],[-47,-7],[-54,-7],[-69,-72],[-100,4],[-69,-30],[-91,79],[-51,17],[-19,55],[16,22],[11,9]],[[24794,32319],[11,-1],[-30,38],[-47,165],[15,86],[-18,107],[9,55],[81,-20],[28,101],[52,41],[26,71],[-14,16],[-78,5],[-145,95]],[[24684,33078],[13,14],[-14,126],[83,22],[92,-21],[70,109],[12,46],[-37,40],[-56,23],[7,52],[61,73]],[[24915,33562],[34,39],[35,-10],[112,-41],[30,-51],[56,-20],[67,43],[55,-2],[194,-195],[22,-116]],[[21326,33626],[21,-21],[192,-49],[68,-31],[9,-50],[-7,-14]],[[21609,33461],[-14,-16],[-54,-32],[0,-50],[21,-25],[142,-52],[26,-52],[100,39],[124,-36],[-17,-99],[117,-24],[120,34],[30,22]],[[25964,34780],[-35,70],[-81,59],[-136,-66],[-41,-5]],[[25671,34838],[15,92],[47,47],[-81,38],[-96,127],[-69,14],[-74,110],[15,25],[5,19],[104,41],[79,9],[32,154],[-2,27],[19,75]],[[25665,35616],[283,101],[17,59],[104,1],[54,-101],[90,-36],[10,-79],[73,-90],[34,-13],[28,-35],[16,-4],[1,0]],[[16627,36955],[-29,53],[107,171],[47,-4],[100,102],[89,-29],[140,93],[65,81],[7,136]],[[17153,37558],[26,53],[117,0],[16,-44],[128,-8],[17,-97],[92,-97],[43,2],[49,-45],[139,-38],[62,-50],[66,16],[36,73],[-2,61],[52,8],[16,-64],[103,-65],[42,-49],[88,30],[29,23],[3,9]],[[18275,37276],[1,1],[22,-2],[38,-82],[74,-27],[-37,-85],[1,-100],[33,-126],[-23,-16],[-6,-13]],[[18378,36826],[-1,-3],[-56,0],[-82,92],[-35,-6],[-61,98],[-77,-26],[-105,27],[-68,-23],[-89,82],[-30,5],[-25,-57],[-55,-48],[-5,-87],[-89,-25],[-103,-6]],[[17497,36849],[-6,57],[-51,15],[-18,20],[-51,44],[27,127],[-63,21],[-28,13],[-31,-58],[-31,-7],[-41,-56],[-59,-3],[-72,-35],[32,-69],[-79,-38],[-63,18],[-24,-59],[-102,-1],[-6,-9],[0,-13],[-15,-21],[-38,-6],[-16,49],[30,80],[-119,42],[-46,-5]],[[17544,36081],[36,50],[62,29]],[[17642,36160],[36,-11],[211,34],[73,-73],[90,94],[53,-7],[24,9],[27,28],[82,-6],[2,16],[50,-55],[129,28],[86,-54]],[[18505,36163],[27,-52],[12,5]],[[23319,35170],[-55,0],[-131,114],[-44,-1],[-156,46],[-25,27],[-104,-8]],[[22713,35936],[56,-11],[24,-30],[24,-41],[102,-19],[97,50],[84,4],[87,41],[72,2],[66,-46]],[[18542,37401],[5,-10],[70,-2],[53,-32],[29,22],[55,-29],[5,-48],[183,-10],[13,42],[91,47],[18,-261],[76,-34],[11,-6]],[[19151,37080],[28,-10],[-13,-98],[-58,-80],[53,-73],[17,-90],[-60,-45],[52,-60],[-3,-3],[1,0]],[[19168,36621],[-2,-5],[-34,8],[-12,-6],[-27,-78],[-80,23],[-117,-45],[-67,91],[-123,1],[-35,28],[-54,-54]],[[18617,36584],[-32,21],[-60,15],[2,24],[-7,9],[-32,15],[-1,12],[13,15],[-7,52],[-96,66],[-13,10],[-6,3]],[[18275,37276],[-10,0],[-11,6],[13,29],[-84,54],[2,127],[99,18],[25,-10]],[[20208,34261],[-6,-4],[-54,-16],[-21,11],[-62,67],[-42,-14],[-4,-1]],[[20019,34304],[-15,64],[-17,24],[51,34],[25,104],[65,21],[36,95],[108,56],[70,16],[32,47],[147,31],[47,53]],[[20568,34849],[5,-4],[54,0],[20,-130],[58,-7],[15,-6],[30,-42]],[[20750,34660],[53,-62],[88,-25],[109,-76],[189,63],[131,-4],[49,-52],[32,-61],[84,-49],[-3,-33],[167,-51],[13,-101],[24,-23],[96,-24],[67,-61]],[[21849,34101],[-36,-50],[-190,-112],[17,-138],[24,-84],[63,-91],[-15,-37],[-1,-17],[28,-27],[-18,-20],[-40,-24],[-13,-7],[-59,-33]],[[16237,36707],[21,13],[8,11]],[[16266,36731],[3,5],[15,42],[85,76],[50,-21],[16,102],[91,-48],[101,68]],[[17497,36849],[-1,-146],[66,-75],[-15,-27],[94,-148],[-65,-102],[6,-72],[52,-81],[11,23],[-3,-61]],[[15194,39239],[97,1],[16,-92],[116,-6],[77,39],[12,-3],[35,-23]],[[15547,39155],[90,-40],[51,-57],[35,29],[14,-8],[42,-69]],[[15397,39679],[3,-36],[123,-31],[92,5],[11,-29],[159,0],[40,-156],[-42,-41],[-3,-3]],[[15780,39388],[-20,-23],[-171,-90],[-42,-120]],[[24915,33562],[-35,-13],[-12,6],[-56,27],[-48,-53],[-41,67],[13,39]],[[24736,33635],[17,34],[-26,147]],[[25191,34107],[55,-29],[12,24],[26,45],[176,48],[75,0],[58,28],[148,-8],[93,-34]],[[22490,36817],[23,10],[165,-96],[21,82],[88,-5],[35,1],[-23,79],[38,97],[67,33],[83,-40],[88,-18]],[[23775,36511],[3,-6],[39,-63],[47,-17],[16,-92],[64,-80],[32,-15],[-1,-1]],[[24733,35170],[42,31],[1,104],[167,59],[-71,46],[-29,95],[-14,115],[-73,74],[80,49],[-34,69],[3,82],[35,103],[135,26],[4,40],[6,8],[-22,26],[28,27],[-17,13],[-29,-12],[45,81],[-8,13]],[[24982,36219],[78,-34],[70,-129],[81,105],[118,-5],[78,-36],[31,-72],[86,-17]],[[25524,36031],[-31,-63],[52,-32],[101,-149],[-1,-89],[20,-82]],[[25671,34838],[-27,40],[-66,6],[-116,53],[-2,-2]],[[19828,33382],[-151,44],[11,84],[-62,18],[12,189],[-45,65],[-38,20],[-7,0],[-14,-28],[22,-25],[-144,-65],[-23,-54],[-60,-48],[-19,-39],[-117,52],[-42,73],[-89,-44],[-31,-105],[-63,22],[-25,-15],[-44,-14],[3,20],[-41,2],[-26,1],[-12,3],[-150,19],[-62,31]],[[18611,33588],[35,42],[-14,32],[7,13],[25,12],[-6,11],[-47,-11],[-46,123],[40,74],[-20,50],[43,45],[-42,36],[-17,24],[41,1],[15,39]],[[18625,34079],[78,-15],[24,64],[70,61],[88,-63],[28,80],[-80,24],[18,26],[68,-18],[65,46],[-13,20],[8,12],[49,-7],[42,-38],[144,5],[18,-48],[43,-28],[28,0],[9,81],[18,6],[70,-19],[4,60],[-36,31],[51,25],[-22,-25],[51,22],[49,-3],[20,21],[37,85],[-17,5],[-1,57],[-41,60]],[[19495,34606],[5,1],[24,59],[37,65],[8,-10]],[[19569,34721],[9,-39],[-24,-91],[1,-7],[20,-14],[209,13],[30,-42],[-47,-100],[183,-90],[32,-56],[37,9]],[[15780,39388],[0,-1],[13,-34],[2,-1],[7,-7],[49,-4],[59,35],[32,20],[-6,16],[14,17],[102,28],[24,108],[48,8],[50,-21],[2,-13],[6,-6],[61,-1],[109,36],[91,-22],[6,8],[11,2],[27,0]],[[19727,37612],[48,26],[88,-55],[94,39],[82,-35],[103,-139]],[[20142,37448],[-10,-174],[80,-174],[60,-15],[129,-212],[-18,11],[-4,-12],[18,-30],[28,7],[41,-73],[6,-62],[-20,-22],[103,23],[9,41],[100,-62],[52,-54],[69,-15],[49,29],[12,-7],[39,-34],[18,-21],[32,9],[45,-72],[19,-114]],[[20999,36415],[-141,0],[-29,-26],[-22,-13],[-42,-30],[-66,28],[-52,-72],[-43,0],[-19,-10],[16,-6],[-45,-34]],[[20556,36252],[-163,-60],[-58,-63],[-20,-98],[-52,78],[-75,32],[-49,125],[-27,7],[-69,8],[-24,-65],[-13,-36],[-86,-23],[11,69],[-93,-26],[-19,9],[-28,-12],[-81,-108]],[[19710,36089],[-51,59]],[[19659,36148],[-10,44],[-67,104],[1,53],[-88,59],[-28,88],[-78,8],[1,39],[-90,-8],[-43,38],[-76,46],[-13,2]],[[19151,37080],[1,1],[8,10],[18,13],[-8,91],[-52,208],[50,29],[19,89],[47,-12],[71,-94],[88,-18],[33,89],[60,6],[73,45],[161,23],[24,11],[-17,41]],[[17087,37680],[-2,-17],[15,-17],[-11,-54],[52,-33],[12,-1]],[[16266,36731],[-31,26]],[[16231,36759],[-50,43],[-9,95],[4,176],[-37,83],[-42,21],[49,66],[-15,32]],[[18801,35095],[2,-9],[34,-29],[39,-120],[56,-34],[114,-25],[-2,-57],[133,-47],[59,-2],[-33,-70],[68,-65],[42,-10],[94,21],[76,-45],[12,3]],[[18625,34079],[-129,-48],[-48,40],[-80,27],[-49,-31],[-67,29],[-87,28],[-38,72],[-57,-10],[-49,56],[39,34],[-66,61],[-88,-7],[-26,18],[-24,7]],[[23211,33866],[47,39],[21,70],[-30,152],[24,4],[75,7],[44,15],[52,93],[84,42],[62,-12],[20,5],[-12,17],[-69,63],[21,13],[15,29],[91,-2],[11,18],[-5,13],[6,10],[3,14],[0,1]],[[23671,34457],[21,-7],[66,-8],[28,-46],[15,18],[-9,98],[-64,8],[-37,158],[152,24],[51,-9],[57,98],[95,-54],[22,-7],[19,-19]],[[24736,33635],[-52,-15],[-19,51],[-78,-30],[-29,-49],[-59,78],[-218,-33],[-31,-40],[-76,29],[-40,-113],[6,-41],[-19,-22],[28,-15],[-40,-12],[-11,-4],[-57,-55]],[[24041,33364],[-91,40],[-32,42],[-17,-53],[-47,84],[1,-16],[-143,68],[-20,46],[-87,-6],[-37,7],[10,-15],[-16,-1],[-28,36],[-16,10],[-17,4]],[[18611,33588],[-44,-65],[12,-37],[-62,-67],[-14,-51],[-72,-100],[0,-33],[5,-5]],[[17248,33049],[-18,-16],[-40,-52],[-77,-64],[-60,-40],[-3,-1]],[[18505,36163],[92,46],[32,112],[54,32],[-5,53],[-58,3],[-4,152],[1,23]],[[19659,36148],[-58,-45],[-14,23],[-41,-40],[-40,-115],[-58,-43],[8,-20]],[[19456,35908],[-15,-13],[-50,29],[-21,-94],[-122,6],[-24,9]],[[19456,35908],[87,-56],[8,-59],[44,-44],[68,-217],[171,-61],[18,-48],[66,-35],[-3,-42],[-71,-52],[29,-229],[30,-78],[-85,-73],[-33,30],[-132,-29],[-11,-11],[-9,-114],[-64,-69]],[[19710,36089],[26,-1],[38,-44],[71,-271],[90,-100],[77,1],[44,-33],[74,-113],[-12,-105],[85,-110],[96,-53],[28,-58],[185,-119],[35,-124],[14,-58],[-4,-39],[11,-13]],[[21849,34101],[110,-121],[-57,-54],[8,-26],[77,-33],[84,-83],[101,-24],[64,-92],[75,45]],[[25524,36031],[21,60],[60,-16],[45,73],[96,-16],[80,13],[48,72],[-1,98],[35,102],[45,21],[11,88],[53,146],[-3,69],[59,20],[50,-38]],[[21790,37452],[-69,-14],[5,69],[-82,5],[-49,31],[49,63],[-118,71],[-58,-32],[-28,47],[-166,18],[28,98],[-46,45],[-33,-7],[-38,-84],[-154,-57],[-31,-57],[-62,48],[-109,-21],[-145,54],[-54,-154],[-66,-2],[-77,107],[-50,-64],[-159,-101],[-91,-30],[-45,-37]],[[19727,37612],[-11,35],[-35,83],[-5,156],[62,-3],[89,134],[59,9],[129,94],[16,-1],[18,30],[4,25],[-18,21],[4,98],[85,2],[8,191],[101,131],[3,30],[-36,104],[-79,84]],[[20121,38835],[39,50],[57,-36],[100,34],[24,39],[-97,147],[-116,101],[51,76]],[[20179,39246],[6,-41],[60,-56],[88,7],[76,-33],[19,-54],[83,-24],[-31,158],[61,46],[119,-93],[66,-9],[106,-119],[88,-4],[28,-64],[118,-58],[88,1],[-5,-57],[185,-89],[47,-11]],[[21564,35503],[-65,-59],[-15,-7],[-38,-3],[-7,-29],[-66,-64],[-31,22],[-54,37]],[[21288,35400],[-180,112],[-15,61],[-67,57],[-80,-31],[-62,72],[-47,-54],[-50,59],[-4,132],[68,23],[-95,153],[-89,50],[-45,170],[-66,48]],[[20999,36415],[111,47],[43,49],[16,7]],[[24982,36219],[-13,12],[-11,30],[-73,-21],[-17,9],[-8,-13],[-7,2],[11,65],[-16,6],[-13,5]],[[24835,36314],[18,2],[12,7],[0,6],[-20,16],[-24,88],[54,56],[19,1],[14,85],[-16,45],[11,15],[40,-1],[26,66],[131,133]],[[25100,36833],[120,-2],[88,117],[-36,67],[8,66],[375,-18],[361,-178],[42,-33]],[[15445,40164],[8,4],[28,-17],[100,75],[40,51],[94,-67],[164,-14],[89,-60],[81,30],[27,44],[96,-25],[183,96],[166,-15]],[[23359,33034],[1,42],[31,54],[15,8],[36,2],[10,-4],[37,-63],[5,-26],[58,-14],[10,29],[59,52],[109,-65],[15,43],[135,-14],[95,11],[24,-46],[20,53],[52,-2]],[[24071,33094],[63,26],[79,-34],[34,49],[5,-11],[-2,-30],[19,-31],[43,47],[8,-8],[-15,-33],[-34,-44],[107,-74],[25,55],[78,25],[138,-20],[50,71],[15,-4]],[[24794,32319],[2,1],[-21,1],[-63,-32],[-71,42],[-3,139],[-21,7],[-75,-120],[-192,10],[-24,22],[-121,-61],[-45,-4],[-111,-61],[-53,6],[-73,77],[-59,-41],[14,-119],[-10,-84],[-39,-32]],[[17575,40315],[48,-39],[43,-22],[62,17],[81,-106],[9,-71],[93,-2]],[[17911,40092],[7,-18],[-17,-13],[5,-31],[-53,-108],[20,-51],[-96,-105],[18,-45],[-24,-91],[38,-61],[60,-25],[49,-155],[-50,-90],[-111,-40],[-45,67],[-9,-7],[-13,-114],[110,-101],[54,-73],[1,-95],[-5,2],[-1,0]],[[17849,38938],[-26,6],[-241,-98],[-81,43],[-74,-1],[-23,114],[27,64],[-6,63],[-80,92],[28,40],[14,139],[-61,49],[-18,9]],[[15056,40306],[68,15],[42,-25],[33,83],[38,-15],[93,80],[36,128],[-7,77],[60,78],[12,87],[39,68],[-27,53],[0,8]],[[15443,40943],[1,-1],[20,-12],[12,-2],[30,-7],[45,12],[119,-24],[42,-44],[5,-39],[72,85],[79,-19],[85,60],[46,53]],[[15999,41005],[17,-6],[87,59],[78,22],[37,-37],[5,-12],[52,-80],[0,-51],[-49,-42],[49,-47],[3,-17],[15,-15]],[[19026,39549],[58,-18],[77,58],[104,19],[83,-83],[26,-65],[120,-78],[29,-69],[39,-16],[25,-3],[33,2],[68,73],[10,10],[-15,65],[77,54]],[[19760,39498],[79,-2],[88,-84],[75,-47],[58,4],[9,-52],[110,-71]],[[20121,38835],[-90,2],[-11,-8],[19,-76],[-29,-44],[-103,-55],[-45,62],[-62,-7],[-58,-91],[-97,54],[-11,-32],[-84,-24],[-25,-36],[39,-257],[-12,-87],[-85,39],[-159,176],[18,-70],[-67,-72],[-109,88],[-52,98]],[[21849,34101],[6,53],[-16,12],[63,34],[11,10],[115,85],[-3,10]],[[23041,34547],[87,28],[134,-60],[28,-47],[73,75],[121,-30],[62,-59],[34,43],[63,-34],[28,-6]],[[20750,34660],[40,-8],[-10,35],[22,39],[123,87],[50,1],[58,62],[11,10],[57,79],[-27,43],[-22,20],[-20,79],[92,-38],[61,12],[23,-88],[78,12],[2,56],[64,53],[-12,66],[-52,52],[0,168]],[[17826,38881],[2,13],[18,32],[-2,8],[5,4]],[[17911,40092],[0,7],[2,1],[28,-21],[64,-66],[20,13],[73,48],[115,-58],[-13,-67],[52,-55],[5,-63],[58,23],[126,-115],[43,-19],[78,-3],[82,-36],[-1,-59],[-8,-25]],[[15587,42316],[6,0],[33,5],[78,5],[66,-45],[63,-84],[66,-25],[161,-82],[29,-15],[14,6],[86,-45],[10,-3]],[[16199,42033],[-3,-12],[-20,-28],[-36,-68],[-51,-56],[-16,-39],[-51,-51],[-19,-27],[-9,1],[-36,17],[-92,-207],[3,-127],[-49,-42],[-3,-32],[47,-33],[20,-79],[38,-43],[-12,-124],[42,-13],[24,-19],[-8,-28],[31,-18]],[[15443,40943],[4,17],[-63,52],[-33,-39],[-152,-7],[-69,45],[-72,4],[-57,41],[-33,-29],[-34,5],[-35,14],[-10,-6],[-12,5],[-6,8]],[[24498,36089],[115,-18],[57,84],[16,61],[49,40],[70,11],[30,47]],[[24041,33364],[92,-37],[-45,-46],[30,-46],[-1,-27],[-16,-32],[-25,-23],[-5,-59]],[[22384,38001],[75,-7]],[[22641,37844],[34,-5],[132,-89],[110,136],[171,-12],[87,-103],[121,-31]],[[24192,37127],[111,-15],[213,8],[41,-60],[134,-33],[216,15],[179,-132],[14,-77]],[[19445,41068],[9,-7],[73,-22],[19,-11],[88,-234],[101,-44],[4,-8]],[[19739,40742],[1,-5],[-109,-53],[-217,-24],[-41,-70]],[[19373,40590],[-39,-13],[-70,40],[-71,-34],[-88,77],[-11,77],[-35,42],[-80,26],[-63,-25],[-79,9],[-47,-83],[-89,37],[-115,121],[-64,38],[-53,-18],[-142,-138],[-173,44],[-65,57],[-72,13]],[[18017,40860],[41,4],[42,124],[30,5],[28,87],[-12,105],[25,24],[-44,116],[-55,28],[61,52],[22,9],[99,24],[82,70],[-2,54]],[[18334,41562],[164,-87],[22,75],[27,-38],[32,-40],[91,17],[57,63],[9,18]],[[18736,41570],[60,-74],[-18,-93],[22,-30],[36,-17],[68,-36],[85,-1],[42,-46],[73,18],[50,-34],[-54,-66],[72,-74],[28,-70],[99,-4],[35,32],[70,-37],[41,30]],[[18736,41570],[9,34],[20,40],[94,-51],[112,43],[125,-23],[111,-2],[63,15],[38,15],[25,59],[-69,40],[-39,105],[30,75],[63,80],[-34,107],[68,9],[53,-35],[102,50],[69,-3],[30,36]],[[19606,42164],[59,-3],[67,-60],[31,-90],[52,-8],[-21,-143],[-35,-56],[1,-94],[-24,-66],[44,-103],[77,-46],[22,-74],[-149,5],[-84,-23],[-28,-98],[66,-75],[-98,-59],[-78,14],[-44,56],[-85,-54],[62,-111],[4,-8]],[[18334,41562],[-20,89],[-39,16],[-7,20],[-11,86],[-76,46],[9,79],[-74,63],[-101,58],[20,49],[71,68],[-79,22],[-14,-5]],[[18013,42153],[-9,33],[117,51],[6,47],[100,4],[5,114],[94,86],[54,129],[67,-8],[63,56],[34,96],[-80,52],[-45,89]],[[18419,42902],[16,45],[-100,100],[53,111],[37,117],[-23,44],[98,19],[-27,84],[79,30],[77,72]],[[18629,43524],[35,-77],[140,8],[67,-90],[-11,-30],[89,-55],[115,75],[65,-7],[88,44],[108,-52],[74,3],[38,-94],[61,-61],[71,-11],[101,-71],[43,-4],[71,-94]],[[19784,43008],[-21,-42],[25,-72],[-111,19],[-94,-50],[61,-78],[42,-108],[-76,-112],[67,-175],[2,-67],[-64,-95],[-13,-57],[4,-7]],[[19739,40742],[51,1],[79,-88],[182,-68]],[[20051,40587],[1,-56],[49,-27],[6,-80],[65,-78],[-23,-33],[-18,-157],[-55,16],[21,-111],[-66,-47],[-82,34],[-43,-43]],[[19906,40005],[-40,35],[-84,-19],[-49,-77],[-111,22],[-49,-60]],[[19573,39906],[-18,67],[32,41],[-94,32],[-75,50],[77,90],[-39,73],[-70,43],[-53,-12],[-20,15],[8,118],[62,-49],[21,56],[-58,107],[27,53]],[[15965,43249],[49,20],[58,22],[10,-2],[7,6],[28,12],[35,14],[45,16],[93,-30],[36,-75],[-69,-26],[14,-60],[16,-66],[115,-124],[36,-70],[-29,-83],[-91,-103],[-1,-3]],[[16317,42697],[-3,-24],[-52,-103],[8,-54],[-78,-9],[77,-73],[97,30],[95,-3],[106,-52],[105,-26],[6,-44],[-116,-49],[-34,-35],[13,-74],[62,-37],[48,14],[111,-29],[27,-93],[-86,-70],[14,-110],[48,-32],[22,-8],[23,-13]],[[16810,41803],[-2,-7],[-9,-9],[-21,-42],[-18,-30],[-56,-71],[-31,-12],[9,-43],[-68,-87]],[[16614,41502],[-6,59],[-7,9],[-29,-60],[-57,91],[-65,31],[-40,52],[1,51],[-59,63],[-48,111],[-94,131],[-11,-7]],[[16865,41227],[-15,11],[-15,42],[-14,65],[-55,42],[-17,66],[-135,49]],[[16810,41803],[7,18],[45,20],[48,-26],[69,29],[70,-120],[129,12],[57,-23],[42,44],[2,95],[89,124],[71,58],[51,-1],[55,-45],[217,84],[52,-3],[99,37],[10,12]],[[17923,42118],[61,24],[29,11]],[[18017,40860],[-47,-3],[-15,-62],[-55,-17],[-46,-122],[-44,-25],[-7,-12]],[[19573,39906],[-115,-75],[-114,-23],[-114,51],[-85,-10],[-103,79],[-41,-28],[-347,-2],[-287,243],[6,47],[50,50],[-219,52],[-39,56],[-197,73],[-73,56],[-63,-33],[-129,27]],[[19784,43008],[28,-21],[107,49],[37,-78],[54,3],[25,-44],[-29,-78],[-66,-49],[48,-45],[3,-112],[43,-29],[68,16],[151,-85],[53,7],[39,-46],[110,-29],[61,-62],[96,58],[254,-159],[65,-99],[58,-41],[176,-58],[128,-31],[-27,-58],[-81,-3],[-107,-120],[27,-66],[-56,-54],[-65,-21],[-113,-162],[-32,1],[-72,-75],[-121,1],[-39,-48],[-52,-147],[-68,-48],[-25,-49],[-142,-3],[-64,-129],[37,-103],[43,-24],[-15,-100],[-112,-153],[-68,-34],[3,-60],[-93,-33]],[[17923,42118],[4,31],[-20,33],[14,80],[95,141],[-36,20],[-12,137],[-48,80],[-45,14],[-66,79],[2,106],[27,50],[129,54],[19,8],[21,94]],[[18007,43045],[57,-12],[112,-86],[45,8],[198,-53]],[[16317,42697],[1,0],[20,-4],[33,-23],[65,58],[112,5],[21,-75],[68,-23],[59,48],[64,10],[99,-100],[29,-53],[74,-58],[19,-41],[53,109],[9,59],[-2,92],[62,14],[18,-162],[80,2],[2,68],[79,102],[9,113],[102,1],[103,72],[48,-36],[90,17],[78,60],[-1,175],[41,44],[70,3],[42,-40],[88,11],[26,-25],[29,-75]],[[19906,40005],[-50,-94],[-2,-99],[-52,-54],[-62,-106],[20,-154]],[[17822,43845],[39,140],[84,35],[88,127],[38,79],[120,-60],[154,-214],[46,-45],[-25,-72],[48,-15],[43,-89],[-7,-46],[67,-72],[91,-17],[21,-72]],[[35996,35172],[1,2],[-9,80],[-111,10],[-111,-77],[-33,25],[-90,-32],[-66,21],[-43,-30],[-23,85],[-146,55],[-33,-36],[-75,-9],[-55,54],[-85,-21],[-206,30],[-103,41]],[[34808,35370],[-36,78],[10,48],[-32,3],[-54,29],[-10,62],[49,146],[4,84],[28,35],[10,99]],[[34777,35954],[57,-74],[98,5],[136,32],[172,60],[18,-36],[81,-2],[60,-69],[143,19],[9,-23],[142,-43],[-17,-52],[172,-30],[43,-49],[70,15],[82,-19],[17,-31]],[[32464,29080],[-8,7],[-7,21],[-22,-14],[11,-40],[-72,-55],[-41,-124],[-37,-7],[-124,68],[-15,0]],[[32149,28936],[-7,1],[-68,-32],[-90,20],[-110,51],[-64,-16],[-58,-58],[-200,-57],[-62,-65],[-104,11],[-21,-46],[56,-154],[-83,-33],[-29,-92],[-115,3],[10,-57],[-50,-20],[-134,104],[-120,75],[-80,34],[-111,75],[-79,21]],[[30630,28701],[13,48],[61,22],[79,61],[-20,103],[31,48],[37,124],[-9,45],[28,78],[-47,49],[97,196],[-4,106],[19,93],[97,72],[12,108],[43,98],[20,231],[21,24]],[[31108,30207],[8,-10],[108,-11],[80,12],[179,-105],[149,-37],[68,-71],[214,-142],[105,-55],[90,-104],[99,-68],[70,-93],[90,-35],[-10,-72],[71,-125],[93,-37],[25,-50],[-33,-88],[-36,-5],[-1,-16],[-13,-15]],[[31425,30507],[10,-5],[39,-59],[61,-42],[125,-14],[57,17],[47,-48],[112,-12],[93,-57],[-5,-48],[53,-77],[100,-25],[20,31],[113,-42],[138,42],[83,0],[29,-56],[7,-1],[166,-37],[39,-33],[20,14],[19,-4],[7,13],[29,-36],[80,150],[-68,65],[-6,93],[35,26],[49,130],[6,8]],[[32883,30500],[5,5],[19,62],[74,-29],[20,-110],[42,-77],[54,55],[24,2],[60,-39],[82,60],[5,2]],[[33268,30431],[-3,-27],[8,-13],[-6,-15],[13,-14],[43,-10],[6,-25],[-109,7],[-50,-105],[30,-44],[103,-40],[62,23],[16,-3],[52,-101],[109,-30],[50,-83],[-43,-35],[-37,-96],[27,-51],[-44,-52],[-5,-97],[57,-104],[71,-75],[21,0]],[[33639,29441],[-40,-27],[-49,-95],[-1,-43],[-22,-5],[-14,28],[-23,-6],[-95,2],[-64,42],[-75,15],[-32,-22],[-33,-131],[-97,-59],[-65,4],[-22,-65],[21,-40],[-66,-45],[-33,-8],[-102,-23],[-124,-7],[-26,-8],[-21,28],[-66,-31],[-23,58],[-11,-17],[-46,14],[-31,67],[-15,13]],[[31108,30207],[-18,24],[-48,12],[-64,45],[-34,19]],[[32759,31862],[97,-84],[46,-106],[1,-76],[-26,-135],[87,-46],[14,-127],[-46,-1],[-15,-87],[-72,1],[-72,-87],[17,-85],[-58,-147],[-10,-178],[-24,-55],[67,-90],[53,7],[65,-66]],[[33666,32996],[42,97],[-37,49],[13,57],[-20,9],[-15,1],[-16,-6],[-53,-44],[-121,17],[-60,31],[-59,-42],[-36,29],[-47,-58],[-15,26]],[[33242,33162],[115,119],[44,98],[12,73],[62,110],[118,102],[92,49]],[[33685,33713],[20,-2],[73,-21],[1,-59],[79,-59],[125,-38],[67,-41],[61,4],[12,43],[86,43],[81,-21],[37,-39],[26,-230],[43,-40],[58,-3],[15,-45],[156,-17],[-26,-60],[-68,-40],[-5,-118],[-42,-18],[-99,52],[-57,8],[-28,-55],[-118,22],[-46,37],[-70,-16],[-87,12],[-68,-51],[-33,26],[-136,39],[-76,-30]],[[33127,35392],[-5,1],[0,7],[65,153],[35,37],[7,94],[35,130],[-35,118],[8,57],[-59,53],[16,39],[-42,53],[-10,69],[-64,84],[-64,2],[-43,108],[-8,82],[12,136]],[[34165,36469],[119,4],[62,-49],[48,-5],[15,-79],[-15,-181]],[[34394,36159],[-97,47],[-92,-47],[8,-71],[-164,3],[-97,-83],[-56,16],[-215,-96],[-31,-198],[-40,-91],[14,-63]],[[33624,35576],[-52,-79],[-7,-58],[-57,-116],[-46,0]],[[33462,35323],[-75,-20],[-47,-65]],[[33105,27818],[-33,-89],[-43,-58],[-98,38],[-51,69],[-18,214],[-55,32]],[[32807,28024],[-66,40],[30,63],[-29,40],[9,15]],[[32751,28182],[7,8],[-74,84],[15,66]],[[32699,28340],[17,20],[38,1],[8,-2],[18,16],[44,28],[-4,100],[22,21],[17,112],[67,27],[14,-49],[-4,-85],[28,-35],[89,3],[91,23],[126,-54],[74,15],[56,-22],[114,1],[18,-26]],[[33532,28434],[13,-31]],[[33545,28403],[8,-16],[-59,-122],[-76,-8],[-20,7]],[[33398,28264],[-1,0],[-3,1],[-42,8],[-4,-59],[-82,-38],[-34,-39],[-92,-36],[38,-100],[-73,-59],[0,-124]],[[33639,29441],[67,28],[27,-33],[-39,-110],[83,-43],[-15,-81],[-124,-112],[-9,-27],[-6,-65],[2,-35]],[[33625,28963],[4,-24],[-5,-86],[-50,-38],[-4,-60],[-72,-96],[48,-51],[7,-114],[-21,-60]],[[32699,28340],[-65,34],[-83,137],[-67,172],[-156,51],[-23,60],[-44,-14],[-137,109],[28,31],[-3,16]],[[34808,35370],[-83,28],[-75,-39],[-70,31],[-68,-64],[6,-38],[-161,-170],[-83,-16],[-42,39],[-62,-71]],[[34170,35070],[-54,-38],[-41,106],[-48,65],[-149,49],[-127,150],[-87,17],[-40,157]],[[34394,36159],[86,54],[49,-45],[-12,-62],[60,-31],[83,11],[109,-56],[8,-76]],[[35816,34737],[-25,-23],[-60,89],[-22,-53],[-76,4],[-21,-93],[51,-16],[-9,-108],[-73,-43],[-6,-117],[-65,3],[-33,69],[-71,-21],[-79,26],[-113,-6],[-97,70],[-84,31],[-4,67],[-53,45],[-108,21],[-32,87],[22,39],[-39,98],[-35,21],[-11,149],[-28,68],[-216,66],[-62,-99],[97,-47],[63,-90],[95,-50],[-35,-59],[-155,2],[-44,75],[-83,6],[0,-91],[-64,-7],[-41,40],[-1,76],[-32,24],[-202,-68],[-8,44],[105,47],[8,57]],[[35695,34546],[0,4],[0,1],[1,-3],[-1,-2]],[[34419,34864],[-5,7],[3,2],[2,-2],[0,-7]],[[33545,28403],[35,-3],[16,-5],[2,-61],[26,-61]],[[33624,28273],[-2,-5],[-12,1],[0,-10],[-57,-96],[-127,34],[-11,52],[-11,1],[-5,4],[-1,10]],[[33062,33504],[1,0],[1,-10],[87,-200],[-24,-72],[99,-54],[16,-6]],[[33666,32996],[43,-57],[-28,-66],[20,-86],[-10,-84],[-50,-105],[-55,-64],[-47,15],[-50,-54],[12,-82],[-113,40],[-3,47],[-62,73],[-38,-4],[-104,-72],[41,-48],[-24,-73],[-142,-178],[-6,-58],[-85,-88]],[[32965,32052],[-19,-16],[-24,9],[-41,27],[8,136],[-28,57],[-60,71],[-25,47],[0,1]],[[32965,32052],[50,-46],[104,-168],[150,-149],[116,-35],[106,-106],[104,-27],[68,21],[127,-69],[37,-2],[43,-85],[55,27],[180,7],[47,-31],[27,-79],[-16,-147],[25,-44],[-62,-47],[-8,-48]],[[34118,31024],[-88,-43],[-49,-165],[-68,87],[-56,18],[-9,-67],[-54,-31],[14,-65],[-85,-18],[-7,-91],[-93,-123],[-118,-20],[-113,5],[-114,-77],[-10,-3]],[[34118,31024],[55,-56],[-3,-265],[-57,-5],[-31,-42],[-82,-48],[-69,16],[15,-89],[-49,-68],[16,-32],[-27,-92],[49,-173],[65,-13],[37,-93],[148,-134],[64,36],[18,-104],[-49,-5],[-21,-69],[23,-64],[-77,-124],[0,-76],[80,-29]],[[34223,29495],[-97,-12],[17,-95],[-26,-83],[-48,-75],[18,-123],[-41,-77],[-8,-195],[-58,13],[-34,48],[-56,11],[-100,52],[-78,12],[-62,11],[-14,-6],[-1,-14],[-8,1],[-2,0]],[[34419,26819],[94,-97],[-39,-101],[-50,44],[-25,65],[20,89]],[[34372,27032],[34,-20],[-1,-152],[-69,26],[3,111],[33,35]],[[34341,26571],[63,-23],[32,-76],[-69,-1],[-42,49],[16,51]],[[34336,26857],[42,-229],[-86,2],[24,58],[-14,70],[-57,38],[91,61]],[[34371,27132],[-44,33],[-91,11],[-22,17],[-16,7],[8,27],[-13,18],[21,59],[85,7],[144,-11],[13,-149],[-85,-19]],[[34404,27130],[64,18],[100,-56],[-17,-60],[-123,-90],[-20,74],[-40,63],[36,51]],[[34505,27678],[41,-48],[-50,-36],[-39,35],[48,49]],[[34394,27412],[18,-54],[-74,-36],[-3,70],[59,20]],[[34311,27497],[43,-6],[35,-66],[-102,4],[24,68]],[[34592,26743],[-2,-87],[55,-19],[-38,-68],[-49,67],[-29,106],[36,-6],[27,7]],[[34712,26777],[52,-98],[-4,-57],[-64,-29],[-51,80],[5,97],[62,7]],[[34495,26850],[70,-38],[0,-74],[-38,6],[-45,31],[13,75]],[[34615,26891],[2,-122],[-65,65],[63,57]],[[34580,27085],[78,-49],[2,-56],[-64,-43],[-69,48],[53,100]],[[34644,27366],[34,-1],[62,-121],[-30,-89],[-49,-10],[-52,42],[32,46],[-22,20],[-23,-8],[-26,17],[2,30],[-15,13],[28,71],[59,-10]],[[34534,27616],[51,-73],[-6,-63],[-39,-96],[16,-72],[0,-15],[14,-13],[-6,-29],[25,-7],[42,-146],[-111,48],[-55,117],[-18,127],[48,59],[-37,65],[76,98]],[[34619,27632],[28,-90],[48,-31],[-33,-67],[13,-68],[-89,3],[18,125],[-39,119],[54,9]],[[34584,27958],[17,-170],[63,-50],[8,-55],[50,-52],[-11,-55],[-63,-2],[-5,71],[-86,18],[-35,71],[8,125],[54,99]],[[34481,28286],[63,-28],[19,-89],[39,-57],[5,-65],[-58,-47],[-36,-169],[-57,47],[-18,79],[31,21],[18,26],[-52,107],[33,81],[-32,86],[45,8]],[[34443,28256],[-13,-146],[41,-127],[-51,-33],[-6,50],[-45,61],[3,129],[71,66]],[[34160,26623],[46,-64],[-35,-49],[-48,41],[37,72]],[[34234,26650],[-33,-81],[-41,63],[74,18]],[[34142,26928],[53,-122],[12,-95],[-77,12],[-25,110],[37,95]],[[34292,26750],[-20,-90],[-53,68],[73,22]],[[34251,26816],[-57,48],[77,33],[-20,-81]],[[34263,27057],[64,-27],[-14,-66],[-45,-22],[-48,29],[43,86]],[[34146,27106],[99,-80],[-46,-85],[-76,-1],[-15,87],[38,79]],[[34153,27151],[11,-18],[21,-1],[19,14],[52,-16],[20,3],[15,-63],[-83,-8],[-48,35],[-7,54]],[[34192,27239],[1,-35],[2,-8],[18,-6],[24,-17],[49,-15],[-26,-24],[-46,19],[-35,-16],[-14,7],[-17,31],[44,64]],[[34223,29495],[67,-36],[10,58],[119,-40],[31,11],[63,-53],[-17,-121],[-117,-110],[39,-65],[-49,-142],[63,-43],[28,-103],[66,-12],[32,-51],[-18,-90],[-53,-43],[-17,-54],[77,-81],[-50,-88],[9,-135],[-68,-12],[-46,-32],[-23,-62],[-3,-139],[6,-108],[-60,-17]],[[34312,27927],[-57,6],[-193,209],[-75,128],[-106,119],[-64,-115],[-187,11],[-6,-13],[0,1]],[[34287,27426],[-41,-62],[-55,17],[51,78],[45,-33]],[[34356,27616],[0,-86],[-125,-63],[-55,-88],[-60,39],[72,95],[111,84],[57,19]],[[34301,27782],[19,-73],[-42,-24],[25,-84],[-112,29],[8,61],[64,49],[38,42]],[[34393,27576],[28,-4],[61,-102],[-25,-37],[-78,15],[-25,47],[39,81]],[[34366,27923],[63,-32],[77,-80],[-65,-215],[-43,-12],[-111,88],[38,38],[-2,41],[-37,55],[22,113],[58,4]],[[34434,26649],[-6,5],[-3,5],[5,-3],[4,-7]],[[34475,26962],[27,-3],[4,-10],[-7,-4],[-9,-14],[-2,-15],[-15,-12],[10,-6],[-20,-47],[2,-12],[-25,-6],[-5,7],[10,38],[-4,17],[14,14],[-18,-11],[-21,36],[59,28]],[[34504,28389],[1,-4],[-4,4],[3,0]],[[34108,26760],[15,-54],[74,-58],[-26,-5],[-22,-13],[-22,44],[-37,36],[18,50]],[[34094,27423],[1,-1],[0,-2],[-2,2],[1,1]],[[34222,27369],[14,-3],[7,-23],[20,-9],[-22,-22],[-28,4],[-16,51],[25,2]],[[34189,27627],[30,-6],[3,-4],[-16,-1],[-17,11]],[[34188,27643],[0,-3],[0,0],[0,3],[0,0]],[[34193,27669],[-1,-1],[0,5],[2,-2],[-1,-2]],[[34235,27595],[18,-7],[6,-9],[-27,17],[3,-1]],[[34399,28006],[2,-4],[-14,10],[5,0],[7,-6]],[[30544,28544],[86,157]],[[32751,28182],[-62,9],[-90,-58],[-57,-10],[-82,29],[-24,31],[-65,-88],[-16,-52],[17,-23],[-17,-140],[125,-34],[-29,-70],[-8,-98],[48,-42],[-11,-34],[-33,-103],[-52,-36],[-150,-20],[-72,-23],[-70,11],[-30,-38],[-19,-72],[34,-130],[-12,-99],[-50,-21],[-12,-215]],[[32807,28024],[52,-121],[-24,-71],[12,-89],[84,-91],[73,0],[52,-36],[116,-8],[96,-129],[-61,-86],[-172,-98],[-121,-273],[-85,-102],[-58,-31],[-174,-158],[-61,9],[-22,-39],[-83,-37],[-214,-43],[-131,-13]],[[33184,27322],[-92,-165],[-66,-3],[43,114],[115,54]],[[32843,27988],[-8,21],[1,1],[6,-11],[1,-11]],[[32931,27665],[6,-2],[4,-5],[-8,0],[-6,10],[4,-3]],[[33321,26852],[62,-52],[81,-112],[-37,-86],[29,-76],[-62,-41],[-87,106],[30,34],[-32,105],[16,122]],[[33291,26773],[-13,-76],[52,-66],[-42,-52],[-39,136],[42,58]],[[33476,26751],[55,-50],[-21,-101],[-54,13],[20,138]],[[33705,26753],[25,-61],[-33,-94],[-51,58],[-2,65],[61,32]],[[33637,26790],[-5,-79],[5,-62],[28,-39],[-73,-28],[-13,124],[58,84]],[[33559,26855],[-4,-138],[-46,42],[18,27],[-10,52],[42,17]],[[33177,27049],[57,-108],[-4,-125],[-28,-89],[3,-76],[-44,-40],[-97,11],[-48,28],[4,122],[130,264],[27,13]],[[33654,26937],[8,-19],[21,0],[-8,-28],[-25,-23],[4,-76],[-36,19],[-35,72],[61,55],[10,0]],[[33783,26552],[43,-19],[5,-74],[-83,21],[35,72]],[[33846,26626],[72,-45],[-29,-75],[-91,72],[48,48]],[[33859,26804],[65,-47],[-34,-29],[-1,-53],[-47,-38],[-35,123],[52,44]],[[33715,26899],[14,-29],[-24,-110],[-38,-12],[-16,113],[26,23],[16,31],[22,-16]],[[33908,26722],[42,-113],[-77,15],[35,98]],[[33869,26933],[14,-85],[-48,-48],[-49,31],[15,65],[68,37]],[[33983,27092],[51,-51],[-19,-110],[-79,85],[47,76]],[[33504,27028],[29,-12],[-2,-58],[44,-94],[-34,-4],[-23,-12],[-6,-17],[9,-52],[-59,22],[-19,77],[-54,66],[70,29],[12,26],[-7,16],[21,12],[19,1]],[[33652,27103],[15,-3],[12,9],[19,-3],[53,-34],[10,-83],[-66,-62],[-32,-7],[-7,17],[-14,3],[-24,-25],[-19,62],[12,69],[32,32],[9,25]],[[34312,27927],[-30,-62],[3,-82],[-24,-42],[-77,-54],[8,-14],[-4,-34],[-21,-12],[-52,25],[-60,-3],[1,-35],[-46,-55],[-33,-88],[29,-113],[-59,-98],[23,-96],[-21,-54],[-40,-31],[-13,25],[-13,-8],[-29,12],[4,-43],[-44,-45],[-46,41],[38,60],[-91,9],[-34,-12],[-14,-15],[-27,1],[-3,-24],[-29,-8],[-20,-83],[11,-45],[-47,-29],[-15,104],[-29,10],[-19,1],[-25,-12],[-16,11],[-3,-3],[18,-12],[6,-12],[-14,-29],[-70,-29],[16,-104],[-93,16],[-13,65],[-76,140],[22,84],[-39,59],[101,135],[17,102],[-23,103],[-37,67],[-119,41],[-73,1],[37,165]],[[33887,27094],[18,-17],[-21,-103],[-55,33],[33,57],[-7,42],[22,-12],[10,0]],[[34049,27309],[88,-31],[-62,-103],[-73,15],[0,79],[47,40]],[[34189,27622],[17,-6],[52,-38],[-83,-61],[-93,-96],[10,-37],[73,-43],[-18,-55],[-97,35],[-44,172],[27,76],[46,43],[5,35],[24,4],[36,-21],[45,-8]],[[32982,26509],[-1,-7],[-8,26],[5,-15],[4,-4]],[[33243,26558],[18,-29],[-4,-39],[-19,10],[-6,18],[-6,36],[17,4]],[[33272,26787],[1,8],[9,11],[-4,-16],[-6,-3]],[[33282,26859],[1,-9],[-11,-6],[-2,11],[12,4]],[[33247,26895],[-3,12],[4,5],[7,-12],[-8,-5]],[[33448,26779],[-7,-29],[-32,41],[18,90],[24,-41],[-3,-61]],[[33411,26865],[5,-2],[1,-7],[-3,4],[-3,5]],[[34000,26660],[-5,-11],[-1,29],[18,24],[-12,-42]],[[33919,26877],[2,-40],[57,-28],[-6,-19],[-39,-16],[-22,12],[7,41],[-25,37],[26,13]],[[33783,26885],[-1,6],[7,7],[-2,-9],[-4,-4]],[[33879,26969],[-5,-7],[-1,0],[4,10],[2,-3]],[[33967,26900],[29,-84],[-36,-61],[-17,13],[34,18],[6,20],[-61,35],[10,52],[35,7]],[[33935,27007],[40,-36],[-18,-24],[11,-31],[-41,0],[-22,33],[12,48],[12,15],[6,-5]],[[33914,27039],[0,12],[5,5],[0,-13],[-5,-4]],[[33251,26960],[4,-7],[-12,11],[6,3],[2,-7]],[[33176,27094],[1,1],[-4,-7],[0,2],[3,4]],[[33129,27083],[0,-14],[-9,25],[14,23],[-12,-23],[7,-11]],[[33173,27142],[14,-17],[-25,-29],[-22,35],[16,14],[17,-3]],[[33221,27163],[11,-13],[-10,-23],[-10,22],[9,14]],[[33815,27014],[10,-21],[-6,-11],[-14,8],[10,24]],[[33794,27117],[-32,-38],[-22,17],[19,20],[35,1]],[[34167,27352],[-4,3],[0,3],[4,-3],[0,-3]],[[34157,27481],[4,18],[11,8],[-8,-21],[-7,-5]],[[33695,27109],[-13,5],[24,9],[-4,-11],[-7,-3]],[[33462,35323],[94,-47],[65,27],[88,-34],[66,-57],[45,-134],[-103,-5],[-80,-75],[-72,-16],[-37,-43],[-3,-107],[-52,-38],[-109,-27],[-117,-72],[-27,-107],[32,-26],[-18,-71],[-71,-80],[-31,-97],[-30,-5],[1,-99],[34,-138],[115,8],[42,-27],[67,45],[120,-133],[96,-47],[75,-73],[50,-10],[7,-67],[-24,-55]],[[33712,33710],[-4,0],[-3,1],[4,1],[3,-2]]],"transform":{"scale":[0.0006011939069575958,0.0005588754520356185],"translate":[68.1926,6.7556]},"objects":{"districts":{"type":"GeometryCollection","geometries":[{"arcs":[[[0]],[[1]],[[2]],[[3]],[[4]],[[5]],[[6]],[[7]],[[8]],[[9]],[[10]],[[11]],[[12]],[[13]],[[14]],[[15]],[[16]],[[17]],[[18]],[[19]],[[20]],[[21]],[[22]],[[23]],[[25]]],"type":"MultiPolygon","properties":{"region_id":"IN-AN-NICOBARISLANDS","region_name":"Nicobar Islands","state_id":"IN-AN","state_name":"Andaman and Nicobar Islands"}},{"arcs":[[[26]],[[27]],[[28]],[[29]],[[30]],[[31]],[[32]],[[33]],[[34]],[[35]],[[36]],[[37]],[[38]],[[39]],[[40]],[[41]],[[42]],[[43]],[[44]],[[45]],[[46]],[[47]],[[48]],[[49]],[[50]],[[51]],[[52]],[[53]],[[54]],[[55]],[[56]],[[57]],[[58]],[[59]],[[60]],[[61]],[[62]],[[63]],[[64]],[[65]],[[66]],[[67]],[[68]],[[69]],[[70]],[[71]],[[72]],[[73]],[[74]],[[75]],[[76]],[[77]],[[78]],[[79]],[[80]],[[81]],[[82]],[[83]],[[84]],[[85]],[[86]],[[87]],[[88]],[[89]],[[90]],[[91]],[[92]],[[93]],[[94]],[[95]],[[96]],[[97]],[[98]],[[99]],[[100]],[[101]],[[102]],[[103]],[[104]],[[105]],[[106]],[[107]],[[108]],[[109]],[[110]],[[111]],[[112]],[[113]],[[114]],[[115]],[[116]],[[117]],[[118]],[[119]],[[120]],[[121]],[[122]],[[123]],[[124]],[[125]],[[126]]],"type":"MultiPolygon","properties":{"region_id":"IN-AN-NORTHANDMIDDLEANDAMAN","region_name":"North and Middle Andaman","state_id":"IN-AN","state_name":"Andaman and Nicobar Islands"}},{"arcs":[[[127]],[[128]],[[129]],[[130]],[[131]],[[132]],[[133]],[[134]],[[135]],[[136]],[[137]],[[138]],[[139]],[[140]],[[141]],[[142]],[[143]],[[144]],[[145]],[[146]],[[147]],[[148]],[[149]],[[150]],[[151]],[[152]],[[153]],[[154]],[[155]],[[156]],[[157]],[[158]],[[159]],[[160]],[[161]],[[162]],[[163]],[[164]],[[165]],[[166]],[[167]],[[168]],[[169]],[[170]],[[171]],[[172]],[[173]],[[174]],[[175]],[[176]],[[177]],[[178]],[[179]],[[180]],[[181]],[[182]]],"type":"MultiPolygon","properties":{"region_id":"IN-AN-SOUTHANDAMAN","region_name":"South Andaman","state_id":"IN-AN","state_name":"Andaman and Nicobar Islands"}},{"arcs":[[183,184,185,186,187,188,189,190,191]],"type":"Polygon","properties":{"region_id":"IN-AP-ANANTAPUR","region_name":"Anantapur","state_id":"IN-AP","state_name":"Andhra Pradesh"}},{"arcs":[[-191,192,193,194,195,196,197,198]],"type":"Polygon","properties":{"region_id":"IN-AP-CHITTOOR","region_name":"Chittoor","state_id":"IN-AP","state_name":"Andhra Pradesh"}},{"arcs":[[[199]],[[200,201,202,203,204,205,206]],[[207]],[[208]],[[209]],[[210]]],"type":"MultiPolygon","properties":{"region_id":"IN-AP-EASTGODAVARI","region_name":"East Godavari","state_id":"IN-AP","state_name":"Andhra Pradesh"}},{"arcs":[[[211,212,213,214,215]],[[216]],[[217]],[[218]]],"type":"MultiPolygon","properties":{"region_id":"IN-AP-GUNTUR","region_name":"Guntur","state_id":"IN-AP","state_name":"Andhra Pradesh"}},{"arcs":[[[-216,219,220,221,222]],[[223]],[[224]],[[225]]],"type":"MultiPolygon","properties":{"region_id":"IN-AP-KRISHNA","region_name":"Krishna","state_id":"IN-AP","state_name":"Andhra Pradesh"}},{"arcs":[[-189,226,227,228,229,230]],"type":"Polygon","properties":{"region_id":"IN-AP-KURNOOL","region_name":"Kurnool","state_id":"IN-AP","state_name":"Andhra Pradesh"}},{"arcs":[[[-194,231,232,233,234]],[[235]],[[236]],[[237]],[[238]],[[239]]],"type":"MultiPolygon","properties":{"region_id":"IN-AP-NELLORE","region_name":"Nellore","state_id":"IN-AP","state_name":"Andhra Pradesh"}},{"arcs":[[-213,240,-233,241,-230,242]],"type":"Polygon","properties":{"region_id":"IN-AP-PRAKASAM","region_name":"Prakasam","state_id":"IN-AP","state_name":"Andhra Pradesh"}},{"arcs":[[243,244,245,246,247]],"type":"Polygon","properties":{"region_id":"IN-AP-SRIKAKULAM","region_name":"Srikakulam","state_id":"IN-AP","state_name":"Andhra Pradesh"}},{"arcs":[[-206,248,249,250,251]],"type":"Polygon","properties":{"region_id":"IN-AP-VISAKHAPATNAM","region_name":"Visakhapatnam","state_id":"IN-AP","state_name":"Andhra Pradesh"}},{"arcs":[[-248,252,-251,253,254]],"type":"Polygon","properties":{"region_id":"IN-AP-VIZIANAGARAM","region_name":"Vizianagaram","state_id":"IN-AP","state_name":"Andhra Pradesh"}},{"arcs":[[-203,255,-222,256]],"type":"Polygon","properties":{"region_id":"IN-AP-WESTGODAVARI","region_name":"West Godavari","state_id":"IN-AP","state_name":"Andhra Pradesh"}},{"arcs":[[-190,-231,-242,-232,-193]],"type":"Polygon","properties":{"region_id":"IN-AP-YSR","region_name":"Y.S.R.","state_id":"IN-AP","state_name":"Andhra Pradesh"}},{"arcs":[[257,258,259,260]],"type":"Polygon","properties":{"region_id":"IN-AR-ANJAW","region_name":"Anjaw","state_id":"IN-AR","state_name":"Arunachal Pradesh"}},{"arcs":[[-258,261,262,263,264,265]],"type":"Polygon","properties":{"region_id":"IN-AR-CHANGLANG","region_name":"Changlang","state_id":"IN-AR","state_name":"Arunachal Pradesh"}},{"arcs":[[266,267,268]],"type":"Polygon","properties":{"region_id":"IN-AR-DIBANGVALLEY","region_name":"Dibang Valley","state_id":"IN-AR","state_name":"Arunachal Pradesh"}},{"arcs":[[269,270,271,272]],"type":"Polygon","properties":{"region_id":"IN-AR-EASTKAMENG","region_name":"East Kameng","state_id":"IN-AR","state_name":"Arunachal Pradesh"}},{"arcs":[[273,274,275,276]],"type":"Polygon","properties":{"region_id":"IN-AR-EASTSIANG","region_name":"East Siang","state_id":"IN-AR","state_name":"Arunachal Pradesh"}},{"arcs":[[-273,277,278,279,280,281]],"type":"Polygon","properties":{"region_id":"IN-AR-KURUNGKUMEY","region_name":"Kurung Kumey","state_id":"IN-AR","state_name":"Arunachal Pradesh"}},{"arcs":[[-259,-266,282,283,284]],"type":"Polygon","properties":{"region_id":"IN-AR-LOHIT","region_name":"Lohit","state_id":"IN-AR","state_name":"Arunachal Pradesh"}},{"arcs":[[285,286,287,288,289]],"type":"Polygon","properties":{"region_id":"IN-AR-LONGDING","region_name":"Longding","state_id":"IN-AR","state_name":"Arunachal Pradesh"}},{"arcs":[[-260,-285,290,-277,291,-268,292]],"type":"Polygon","properties":{"region_id":"IN-AR-LOWERDIBANGVALLEY","region_name":"Lower Dibang Valley","state_id":"IN-AR","state_name":"Arunachal Pradesh"}},{"arcs":[[-281,293,294,295,296,297]],"type":"Polygon","properties":{"region_id":"IN-AR-LOWERSUBANSIRI","region_name":"Lower Subansiri","state_id":"IN-AR","state_name":"Arunachal Pradesh"}},{"arcs":[[-265,298,-283]],"type":"Polygon","properties":{"region_id":"IN-AR-NAMSAI","region_name":"Namsai","state_id":"IN-AR","state_name":"Arunachal Pradesh"}},{"arcs":[[-270,-282,-298,299,300]],"type":"Polygon","properties":{"region_id":"IN-AR-PAPUMPARE","region_name":"Papum Pare","state_id":"IN-AR","state_name":"Arunachal Pradesh"}},{"arcs":[[301,302]],"type":"Polygon","properties":{"region_id":"IN-AR-TAWANG","region_name":"Tawang","state_id":"IN-AR","state_name":"Arunachal Pradesh"}},{"arcs":[[-263,303,-287,304,305]],"type":"Polygon","properties":{"region_id":"IN-AR-TIRAP","region_name":"Tirap","state_id":"IN-AR","state_name":"Arunachal Pradesh"}},{"arcs":[[-269,-292,-276,306,307]],"type":"Polygon","properties":{"region_id":"IN-AR-UPPERSIANG","region_name":"Upper Siang","state_id":"IN-AR","state_name":"Arunachal Pradesh"}},{"arcs":[[-280,308,309,-294]],"type":"Polygon","properties":{"region_id":"IN-AR-UPPERSUBANSIRI","region_name":"Upper Subansiri","state_id":"IN-AR","state_name":"Arunachal Pradesh"}},{"arcs":[[310,311,-302,312,-278,-272,313]],"type":"Polygon","properties":{"region_id":"IN-AR-WESTKAMENG","region_name":"West Kameng","state_id":"IN-AR","state_name":"Arunachal Pradesh"}},{"arcs":[[-307,-275,314,-295,-310,315]],"type":"Polygon","properties":{"region_id":"IN-AR-WESTSIANG","region_name":"West Siang","state_id":"IN-AR","state_name":"Arunachal Pradesh"}},{"arcs":[[316,317,318,319,320,321,322]],"type":"Polygon","properties":{"region_id":"IN-AS-BAKSA","region_name":"Baksa","state_id":"IN-AS","state_name":"Assam"}},{"arcs":[[-319,323,324,325,326]],"type":"Polygon","properties":{"region_id":"IN-AS-BARPETA","region_name":"Barpeta","state_id":"IN-AS","state_name":"Assam"}},{"arcs":[[-327,327,328,329,330]],"type":"Polygon","properties":{"region_id":"IN-AS-BONGAIGAON","region_name":"Bongaigaon","state_id":"IN-AS","state_name":"Assam"}},{"arcs":[[331,332,333,334,335,336,337,338,339,340]],"type":"Polygon","properties":{"region_id":"IN-AS-CACHAR","region_name":"Cachar","state_id":"IN-AS","state_name":"Assam"}},{"arcs":[[-320,-331,341,342]],"type":"Polygon","properties":{"region_id":"IN-AS-CHIRANG","region_name":"Chirang","state_id":"IN-AS","state_name":"Assam"}},{"arcs":[[-323,343,344,345,346,347]],"type":"Polygon","properties":{"region_id":"IN-AS-DARRANG","region_name":"Darrang","state_id":"IN-AS","state_name":"Assam"}},{"arcs":[[-274,348,349,350,-296,-315]],"type":"Polygon","properties":{"region_id":"IN-AS-DHEMAJI","region_name":"Dhemaji","state_id":"IN-AS","state_name":"Assam"}},{"arcs":[[-329,351,352,353,354,355,356]],"type":"Polygon","properties":{"region_id":"IN-AS-DHUBRI","region_name":"Dhubri","state_id":"IN-AS","state_name":"Assam"}},{"arcs":[[-286,357,358,359,-350,360,-305]],"type":"Polygon","properties":{"region_id":"IN-AS-DIBRUGARH","region_name":"Dibrugarh","state_id":"IN-AS","state_name":"Assam"}},{"arcs":[[-333,361,362,363,364,365,366]],"type":"Polygon","properties":{"region_id":"IN-AS-DIMAHASAO","region_name":"Dima Hasao","state_id":"IN-AS","state_name":"Assam"}},{"arcs":[[-326,367,368,369,370,-352,-328]],"type":"Polygon","properties":{"region_id":"IN-AS-GOALPARA","region_name":"Goalpara","state_id":"IN-AS","state_name":"Assam"}},{"arcs":[[371,372,373,374,375,376,377,378]],"type":"Polygon","properties":{"region_id":"IN-AS-GOLAGHAT","region_name":"Golaghat","state_id":"IN-AS","state_name":"Assam"}},{"arcs":[[-339,379,380,381]],"type":"Polygon","properties":{"region_id":"IN-AS-HAILAKANDI","region_name":"Hailakandi","state_id":"IN-AS","state_name":"Assam"}},{"arcs":[[-359,382,383,384,-373,385]],"type":"Polygon","properties":{"region_id":"IN-AS-JORHAT","region_name":"Jorhat","state_id":"IN-AS","state_name":"Assam"}},{"arcs":[[-317,-348,386,387,388,389,-368,-325,390]],"type":"Polygon","properties":{"region_id":"IN-AS-KAMRUP","region_name":"Kamrup","state_id":"IN-AS","state_name":"Assam"}},{"arcs":[[-347,391,392,-387]],"type":"Polygon","properties":{"region_id":"IN-AS-KAMRUPMETROPOLITAN","region_name":"Kamrup Metropolitan","state_id":"IN-AS","state_name":"Assam"}},{"arcs":[[[-363,393,394,395,396]],[[-365,397,-377,398,399]]],"type":"MultiPolygon","properties":{"region_id":"IN-AS-KARBIANGLONG","region_name":"Karbi Anglong","state_id":"IN-AS","state_name":"Assam"}},{"arcs":[[-340,-382,400,401,402]],"type":"Polygon","properties":{"region_id":"IN-AS-KARIMGANJ","region_name":"Karimganj","state_id":"IN-AS","state_name":"Assam"}},{"arcs":[[-330,-357,403,404,405,-342]],"type":"Polygon","properties":{"region_id":"IN-AS-KOKRAJHAR","region_name":"Kokrajhar","state_id":"IN-AS","state_name":"Assam"}},{"arcs":[[-297,-351,-360,-386,-372,406,-300]],"type":"Polygon","properties":{"region_id":"IN-AS-LAKHIMPUR","region_name":"Lakhimpur","state_id":"IN-AS","state_name":"Assam"}},{"arcs":[[-346,407,408,-396,409,-392]],"type":"Polygon","properties":{"region_id":"IN-AS-MORIGAON","region_name":"Morigaon","state_id":"IN-AS","state_name":"Assam"}},{"arcs":[[-364,-397,-409,410,-378,-398]],"type":"Polygon","properties":{"region_id":"IN-AS-NAGAON","region_name":"Nagaon","state_id":"IN-AS","state_name":"Assam"}},{"arcs":[[-318,-391,-324]],"type":"Polygon","properties":{"region_id":"IN-AS-NALBARI","region_name":"Nalbari","state_id":"IN-AS","state_name":"Assam"}},{"arcs":[[-290,411,412,413,-383,-358]],"type":"Polygon","properties":{"region_id":"IN-AS-SIVASAGAR","region_name":"Sivasagar","state_id":"IN-AS","state_name":"Assam"}},{"arcs":[[-271,-301,-407,-379,-411,-408,-345,414,-314]],"type":"Polygon","properties":{"region_id":"IN-AS-SONITPUR","region_name":"Sonitpur","state_id":"IN-AS","state_name":"Assam"}},{"arcs":[[-264,-306,-361,-349,-291,-284,-299]],"type":"Polygon","properties":{"region_id":"IN-AS-TINSUKIA","region_name":"Tinsukia","state_id":"IN-AS","state_name":"Assam"}},{"arcs":[[-311,-415,-344,-322,415]],"type":"Polygon","properties":{"region_id":"IN-AS-UDALGURI","region_name":"Udalguri","state_id":"IN-AS","state_name":"Assam"}},{"arcs":[[416,417,418,419,420]],"type":"Polygon","properties":{"region_id":"IN-BR-ARARIA","region_name":"Araria","state_id":"IN-BR","state_name":"Bihar"}},{"arcs":[[421,422,423,424,425,426]],"type":"Polygon","properties":{"region_id":"IN-BR-ARWAL","region_name":"Arwal","state_id":"IN-BR","state_name":"Bihar"}},{"arcs":[[-422,427,428,429]],"type":"Polygon","properties":{"region_id":"IN-BR-AURANGABAD","region_name":"Aurangabad","state_id":"IN-BR","state_name":"Bihar"}},{"arcs":[[430,431,432,433,434,435]],"type":"Polygon","properties":{"region_id":"IN-BR-BANKA","region_name":"Banka","state_id":"IN-BR","state_name":"Bihar"}},{"arcs":[[436,437,438,439,440]],"type":"Polygon","properties":{"region_id":"IN-BR-BEGUSARAI","region_name":"Begusarai","state_id":"IN-BR","state_name":"Bihar"}},{"arcs":[[-431,441,442,443,444,445,446,447]],"type":"Polygon","properties":{"region_id":"IN-BR-BHAGALPUR","region_name":"Bhagalpur","state_id":"IN-BR","state_name":"Bihar"}},{"arcs":[[-424,448,449,450,451,452]],"type":"Polygon","properties":{"region_id":"IN-BR-BHOJPUR","region_name":"Bhojpur","state_id":"IN-BR","state_name":"Bihar"}},{"arcs":[[-450,453,454,455,456]],"type":"Polygon","properties":{"region_id":"IN-BR-BUXAR","region_name":"Buxar","state_id":"IN-BR","state_name":"Bihar"}},{"arcs":[[457,458,459,460,461]],"type":"Polygon","properties":{"region_id":"IN-BR-DARBHANGA","region_name":"Darbhanga","state_id":"IN-BR","state_name":"Bihar"}},{"arcs":[[462,463,464,465,466,-428,-427,467]],"type":"Polygon","properties":{"region_id":"IN-BR-GAYA","region_name":"Gaya","state_id":"IN-BR","state_name":"Bihar"}},{"arcs":[[468,469,470,471,472,473,474]],"type":"Polygon","properties":{"region_id":"IN-BR-GOPALGANJ","region_name":"Gopalganj","state_id":"IN-BR","state_name":"Bihar"}},{"arcs":[[-435,475,476,477,478,479,480]],"type":"Polygon","properties":{"region_id":"IN-BR-JAMUI","region_name":"Jamui","state_id":"IN-BR","state_name":"Bihar"}},{"arcs":[[-426,481,482,-468]],"type":"Polygon","properties":{"region_id":"IN-BR-JEHANABAD","region_name":"Jehanabad","state_id":"IN-BR","state_name":"Bihar"}},{"arcs":[[-455,483,484,485,486]],"type":"Polygon","properties":{"region_id":"IN-BR-KAIMUR","region_name":"Kaimur","state_id":"IN-BR","state_name":"Bihar"}},{"arcs":[[-446,487,488,489,490]],"type":"Polygon","properties":{"region_id":"IN-BR-KATIHAR","region_name":"Katihar","state_id":"IN-BR","state_name":"Bihar"}},{"arcs":[[-440,491,492,493,-443,494]],"type":"Polygon","properties":{"region_id":"IN-BR-KHAGARIA","region_name":"Khagaria","state_id":"IN-BR","state_name":"Bihar"}},{"arcs":[[[-421,495,496,497,498]],[[499]]],"type":"MultiPolygon","properties":{"region_id":"IN-BR-KISHANGANJ","region_name":"Kishanganj","state_id":"IN-BR","state_name":"Bihar"}},{"arcs":[[-437,500,-480,501,502,503]],"type":"Polygon","properties":{"region_id":"IN-BR-LAKHISARAI","region_name":"Lakhisarai","state_id":"IN-BR","state_name":"Bihar"}},{"arcs":[[-418,504,-444,-494,505,506]],"type":"Polygon","properties":{"region_id":"IN-BR-MADHEPURA","region_name":"Madhepura","state_id":"IN-BR","state_name":"Bihar"}},{"arcs":[[-462,507,508,509,510]],"type":"Polygon","properties":{"region_id":"IN-BR-MADHUBANI","region_name":"Madhubani","state_id":"IN-BR","state_name":"Bihar"}},{"arcs":[[-436,-481,-501,-441,-495,-442]],"type":"Polygon","properties":{"region_id":"IN-BR-MUNGER","region_name":"Munger","state_id":"IN-BR","state_name":"Bihar"}},{"arcs":[[-460,511,512,513,-469,514,515,516]],"type":"Polygon","properties":{"region_id":"IN-BR-MUZAFFARPUR","region_name":"Muzaffarpur","state_id":"IN-BR","state_name":"Bihar"}},{"arcs":[[-463,-483,517,-503,518,519]],"type":"Polygon","properties":{"region_id":"IN-BR-NALANDA","region_name":"Nalanda","state_id":"IN-BR","state_name":"Bihar"}},{"arcs":[[-464,-520,520,-478,521,522,523]],"type":"Polygon","properties":{"region_id":"IN-BR-NAWADA","region_name":"Nawada","state_id":"IN-BR","state_name":"Bihar"}},{"arcs":[[-474,524,525,526,527]],"type":"Polygon","properties":{"region_id":"IN-BR-PASHCHIMCHAMPARAN","region_name":"Pashchim Champaran","state_id":"IN-BR","state_name":"Bihar"}},{"arcs":[[-425,-453,528,529,530,-438,-504,-518,-482]],"type":"Polygon","properties":{"region_id":"IN-BR-PATNA","region_name":"Patna","state_id":"IN-BR","state_name":"Bihar"}},{"arcs":[[-475,-528,531,532,533,-515]],"type":"Polygon","properties":{"region_id":"IN-BR-PURBACHAMPARAN","region_name":"Purba Champaran","state_id":"IN-BR","state_name":"Bihar"}},{"arcs":[[-417,-499,534,-488,-445,-505]],"type":"Polygon","properties":{"region_id":"IN-BR-PURNIA","region_name":"Purnia","state_id":"IN-BR","state_name":"Bihar"}},{"arcs":[[-430,535,536,537,-484,-454,-449,-423]],"type":"Polygon","properties":{"region_id":"IN-BR-ROHTAS","region_name":"Rohtas","state_id":"IN-BR","state_name":"Bihar"}},{"arcs":[[-458,-511,538,-506,-493,539]],"type":"Polygon","properties":{"region_id":"IN-BR-SAHARSA","region_name":"Saharsa","state_id":"IN-BR","state_name":"Bihar"}},{"arcs":[[-439,-531,540,-512,-459,-540,-492]],"type":"Polygon","properties":{"region_id":"IN-BR-SAMASTIPUR","region_name":"Samastipur","state_id":"IN-BR","state_name":"Bihar"}},{"arcs":[[-452,541,542,-470,-514,543,-529]],"type":"Polygon","properties":{"region_id":"IN-BR-SARAN","region_name":"Saran","state_id":"IN-BR","state_name":"Bihar"}},{"arcs":[[-479,-521,-519,-502]],"type":"Polygon","properties":{"region_id":"IN-BR-SHEIKHPURA","region_name":"Sheikhpura","state_id":"IN-BR","state_name":"Bihar"}},{"arcs":[[-516,-534,544]],"type":"Polygon","properties":{"region_id":"IN-BR-SHEOHAR","region_name":"Sheohar","state_id":"IN-BR","state_name":"Bihar"}},{"arcs":[[[-461,-517,-545,-533,545,-508]],[[546]],[[547]]],"type":"MultiPolygon","properties":{"region_id":"IN-BR-SITAMARHI","region_name":"Sitamarhi","state_id":"IN-BR","state_name":"Bihar"}},{"arcs":[[-471,-543,548,549]],"type":"Polygon","properties":{"region_id":"IN-BR-SIWAN","region_name":"Siwan","state_id":"IN-BR","state_name":"Bihar"}},{"arcs":[[-419,-507,-539,-510,550]],"type":"Polygon","properties":{"region_id":"IN-BR-SUPAUL","region_name":"Supaul","state_id":"IN-BR","state_name":"Bihar"}},{"arcs":[[-513,-541,-530,-544]],"type":"Polygon","properties":{"region_id":"IN-BR-VAISHALI","region_name":"Vaishali","state_id":"IN-BR","state_name":"Bihar"}},{"arcs":[[551,552]],"type":"Polygon","properties":{"region_id":"IN-CH-CHANDIGARH","region_name":"Chandigarh","state_id":"IN-CH","state_name":"Chandigarh"}},{"arcs":[[553,554,555,556]],"type":"Polygon","properties":{"region_id":"IN-CT-BALOD","region_name":"Balod","state_id":"IN-CT","state_name":"Chhattisgarh"}},{"arcs":[[557,558,559,560,561,562,563]],"type":"Polygon","properties":{"region_id":"IN-CT-BALODABAZAR","region_name":"Baloda Bazar","state_id":"IN-CT","state_name":"Chhattisgarh"}},{"arcs":[[564,565,566,567,568,569,570,571]],"type":"Polygon","properties":{"region_id":"IN-CT-BALRAMPUR","region_name":"Balrampur","state_id":"IN-CT","state_name":"Chhattisgarh"}},{"arcs":[[572,573,574,575,576,577,578]],"type":"Polygon","properties":{"region_id":"IN-CT-BASTAR","region_name":"Bastar","state_id":"IN-CT","state_name":"Chhattisgarh"}},{"arcs":[[-561,579,580,581,582,583]],"type":"Polygon","properties":{"region_id":"IN-CT-BEMETARA","region_name":"Bemetara","state_id":"IN-CT","state_name":"Chhattisgarh"}},{"arcs":[[584,585,586,587,588,589,590]],"type":"Polygon","properties":{"region_id":"IN-CT-BIJAPUR","region_name":"Bijapur","state_id":"IN-CT","state_name":"Chhattisgarh"}},{"arcs":[[[-563,591,592,593,594,595,596]],[[597]]],"type":"MultiPolygon","properties":{"region_id":"IN-CT-BILASPUR","region_name":"Bilaspur","state_id":"IN-CT","state_name":"Chhattisgarh"}},{"arcs":[[-573,598,-585,599]],"type":"Polygon","properties":{"region_id":"IN-CT-DANTEWADA","region_name":"Dantewada","state_id":"IN-CT","state_name":"Chhattisgarh"}},{"arcs":[[-554,600,601,602,603,604,605]],"type":"Polygon","properties":{"region_id":"IN-CT-DHAMTARI","region_name":"Dhamtari","state_id":"IN-CT","state_name":"Chhattisgarh"}},{"arcs":[[-557,606,-581,607,-601]],"type":"Polygon","properties":{"region_id":"IN-CT-DURG","region_name":"Durg","state_id":"IN-CT","state_name":"Chhattisgarh"}},{"arcs":[[-603,608,609,610,611,612]],"type":"Polygon","properties":{"region_id":"IN-CT-GARIABAND","region_name":"Gariaband","state_id":"IN-CT","state_name":"Chhattisgarh"}},{"arcs":[[-564,-597,613,614]],"type":"Polygon","properties":{"region_id":"IN-CT-JANJGIRCHAMPA","region_name":"Janjgir-Champa","state_id":"IN-CT","state_name":"Chhattisgarh"}},{"arcs":[[-571,615,616,617,618,619]],"type":"Polygon","properties":{"region_id":"IN-CT-JASHPUR","region_name":"Jashpur","state_id":"IN-CT","state_name":"Chhattisgarh"}},{"arcs":[[-583,620,621,622,623]],"type":"Polygon","properties":{"region_id":"IN-CT-KABEERDHAM","region_name":"Kabeerdham","state_id":"IN-CT","state_name":"Chhattisgarh"}},{"arcs":[[-575,624,625,-605,626]],"type":"Polygon","properties":{"region_id":"IN-CT-KONDAGAON","region_name":"Kondagaon","state_id":"IN-CT","state_name":"Chhattisgarh"}},{"arcs":[[-596,627,628,629,630,-614]],"type":"Polygon","properties":{"region_id":"IN-CT-KORBA","region_name":"Korba","state_id":"IN-CT","state_name":"Chhattisgarh"}},{"arcs":[[-595,631,632,633,634,635,-628]],"type":"Polygon","properties":{"region_id":"IN-CT-KORIYA","region_name":"Koriya","state_id":"IN-CT","state_name":"Chhattisgarh"}},{"arcs":[[-559,636,637,638,-610,639]],"type":"Polygon","properties":{"region_id":"IN-CT-MAHASAMUND","region_name":"Mahasamund","state_id":"IN-CT","state_name":"Chhattisgarh"}},{"arcs":[[-562,-584,-624,640,-592]],"type":"Polygon","properties":{"region_id":"IN-CT-MUNGELI","region_name":"Mungeli","state_id":"IN-CT","state_name":"Chhattisgarh"}},{"arcs":[[-574,-600,-591,641,642,-625]],"type":"Polygon","properties":{"region_id":"IN-CT-NARAYANPUR","region_name":"Narayanpur","state_id":"IN-CT","state_name":"Chhattisgarh"}},{"arcs":[[-558,-615,-631,643,-619,644,645,646,-637]],"type":"Polygon","properties":{"region_id":"IN-CT-RAIGARH","region_name":"Raigarh","state_id":"IN-CT","state_name":"Chhattisgarh"}},{"arcs":[[-560,-640,-609,-602,-608,-580]],"type":"Polygon","properties":{"region_id":"IN-CT-RAIPUR","region_name":"Raipur","state_id":"IN-CT","state_name":"Chhattisgarh"}},{"arcs":[[-556,647,648,649,650,651,-621,-582,-607]],"type":"Polygon","properties":{"region_id":"IN-CT-RAJNANDGAON","region_name":"Rajnandgaon","state_id":"IN-CT","state_name":"Chhattisgarh"}},{"arcs":[[-579,652,653,-586,-599]],"type":"Polygon","properties":{"region_id":"IN-CT-SUKMA","region_name":"Sukma","state_id":"IN-CT","state_name":"Chhattisgarh"}},{"arcs":[[-565,654,-629,-636,655]],"type":"Polygon","properties":{"region_id":"IN-CT-SURAJPUR","region_name":"Surajpur","state_id":"IN-CT","state_name":"Chhattisgarh"}},{"arcs":[[-572,-620,-644,-630,-655]],"type":"Polygon","properties":{"region_id":"IN-CT-SURGUJA","region_name":"Surguja","state_id":"IN-CT","state_name":"Chhattisgarh"}},{"arcs":[[-555,-606,-626,-643,656,-648]],"type":"Polygon","properties":{"region_id":"IN-CT-UTTARBASTARKANKER","region_name":"Uttar Bastar Kanker","state_id":"IN-CT","state_name":"Chhattisgarh"}},{"arcs":[[657,658]],"type":"Polygon","properties":{"region_id":"IN-DH-DADRAANDNAGARHAVELI","region_name":"Dadra and Nagar Haveli","state_id":"IN-DH","state_name":"Dadra and Nagar Haveli and Daman and Diu"}},{"arcs":[[659,660]],"type":"Polygon","properties":{"region_id":"IN-DH-DAMAN","region_name":"Daman","state_id":"IN-DH","state_name":"Dadra and Nagar Haveli and Daman and Diu"}},{"arcs":[[661,662]],"type":"Polygon","properties":{"region_id":"IN-DH-DIU","region_name":"Diu","state_id":"IN-DH","state_name":"Dadra and Nagar Haveli and Daman and Diu"}},{"arcs":[[663,664,665,666,667]],"type":"Polygon","properties":{"region_id":"IN-GA-NORTHGOA","region_name":"North Goa","state_id":"IN-GA","state_name":"Goa"}},{"arcs":[[[-668,668,669]],[[670]],[[671]],[[672]]],"type":"MultiPolygon","properties":{"region_id":"IN-GA-SOUTHGOA","region_name":"South Goa","state_id":"IN-GA","state_name":"Goa"}},{"arcs":[[673,674,675,676,677,678,679,680,681,682]],"type":"Polygon","properties":{"region_id":"IN-GJ-AHMADABAD","region_name":"Ahmadabad","state_id":"IN-GJ","state_name":"Gujarat"}},{"arcs":[[[683,684,685,686,687]],[[688]],[[689]],[[690]]],"type":"MultiPolygon","properties":{"region_id":"IN-GJ-AMRELI","region_name":"Amreli","state_id":"IN-GJ","state_name":"Gujarat"}},{"arcs":[[[691,692]],[[-682,693,694,695]],[[696]],[[697]]],"type":"MultiPolygon","properties":{"region_id":"IN-GJ-ANAND","region_name":"Anand","state_id":"IN-GJ","state_name":"Gujarat"}},{"arcs":[[698,699,700,701,702,703]],"type":"Polygon","properties":{"region_id":"IN-GJ-ARAVALLI","region_name":"Aravalli","state_id":"IN-GJ","state_name":"Gujarat"}},{"arcs":[[704,705,706,707,708,709]],"type":"Polygon","properties":{"region_id":"IN-GJ-BANASKANTHA","region_name":"Banas Kantha","state_id":"IN-GJ","state_name":"Gujarat"}},{"arcs":[[[710,711,712,713]],[[714]],[[715]],[[716]],[[717]],[[718]],[[719]],[[720]],[[721]]],"type":"MultiPolygon","properties":{"region_id":"IN-GJ-BHARUCH","region_name":"Bharuch","state_id":"IN-GJ","state_name":"Gujarat"}},{"arcs":[[[-676,722,-687,723]],[[-674,724,-692,725]],[[726]],[[727]],[[728]],[[729]],[[730]]],"type":"MultiPolygon","properties":{"region_id":"IN-GJ-BHAVNAGAR","region_name":"Bhavnagar","state_id":"IN-GJ","state_name":"Gujarat"}},{"arcs":[[-677,-724,-686,731,732]],"type":"Polygon","properties":{"region_id":"IN-GJ-BOTAD","region_name":"Botad","state_id":"IN-GJ","state_name":"Gujarat"}},{"arcs":[[733,734,735,736,737,738]],"type":"Polygon","properties":{"region_id":"IN-GJ-CHHOTAUDAIPUR","region_name":"Chhota Udaipur","state_id":"IN-GJ","state_name":"Gujarat"}},{"arcs":[[-736,739,740,741,742,743]],"type":"Polygon","properties":{"region_id":"IN-GJ-DAHOD","region_name":"Dahod","state_id":"IN-GJ","state_name":"Gujarat"}},{"arcs":[[[744,745,746]],[[747]],[[748]],[[749]],[[750]],[[751]],[[752]],[[753]],[[754]],[[755]],[[756]],[[757]],[[758]],[[759]],[[760]],[[761]],[[762]],[[763]]],"type":"MultiPolygon","properties":{"region_id":"IN-GJ-DEVBHUMIDWARKA","region_name":"Devbhumi Dwarka","state_id":"IN-GJ","state_name":"Gujarat"}},{"arcs":[[-680,764,765,-700,766]],"type":"Polygon","properties":{"region_id":"IN-GJ-GANDHINAGAR","region_name":"Gandhinagar","state_id":"IN-GJ","state_name":"Gujarat"}},{"arcs":[[[767,768,769,770]],[[771]]],"type":"MultiPolygon","properties":{"region_id":"IN-GJ-GIRSOMNATH","region_name":"Gir Somnath","state_id":"IN-GJ","state_name":"Gujarat"}},{"arcs":[[[-746,772,773,774,775,776]],[[777]],[[778]],[[779]],[[780]],[[781]],[[782]],[[783]],[[784]],[[785]],[[786]],[[787]],[[788]],[[789]],[[790]]],"type":"MultiPolygon","properties":{"region_id":"IN-GJ-JAMNAGAR","region_name":"Jamnagar","state_id":"IN-GJ","state_name":"Gujarat"}},{"arcs":[[[-768,791]],[[-662,792,-770,793,794,795,-684,796]]],"type":"MultiPolygon","properties":{"region_id":"IN-GJ-JUNAGADH","region_name":"Junagadh","state_id":"IN-GJ","state_name":"Gujarat"}},{"arcs":[[[797]],[[798]],[[799]],[[800]],[[-705,801,802,803,-774,804,805,806]],[[807]],[[808]],[[809]],[[810]],[[811]],[[812]],[[813]],[[814]],[[815]],[[816]],[[817]],[[818]],[[819]],[[820]],[[821]],[[822]],[[823]],[[824]],[[825]],[[826]],[[827]],[[828]],[[829]],[[830]],[[831]],[[832]],[[833]],[[834]],[[835]],[[836]],[[837]],[[838]],[[839]],[[840]],[[841]],[[842]],[[843]],[[844]],[[845]],[[846]],[[847]],[[848]],[[849]],[[850]],[[851]],[[852]],[[853]],[[854]],[[855]],[[856]],[[857]],[[858]],[[859]],[[860]],[[861]],[[862]],[[863]],[[864]],[[865]],[[866]],[[867]],[[868]],[[869]],[[870]],[[871]],[[872]],[[873]],[[874]],[[875]],[[876]],[[877]],[[878]],[[879]],[[880]],[[881]],[[882]],[[883]],[[884]],[[885]],[[886]],[[887]],[[888]],[[889]],[[890]],[[891]]],"type":"MultiPolygon","properties":{"region_id":"IN-GJ-KACHCHH","region_name":"Kachchh","state_id":"IN-GJ","state_name":"Gujarat"}},{"arcs":[[-681,-767,-699,892,893,894,-694]],"type":"Polygon","properties":{"region_id":"IN-GJ-KHEDA","region_name":"Kheda","state_id":"IN-GJ","state_name":"Gujarat"}},{"arcs":[[-679,895,896,-709,897,-765]],"type":"Polygon","properties":{"region_id":"IN-GJ-MAHESANA","region_name":"Mahesana","state_id":"IN-GJ","state_name":"Gujarat"}},{"arcs":[[-704,898,899,-741,900,-893]],"type":"Polygon","properties":{"region_id":"IN-GJ-MAHISAGAR","region_name":"Mahisagar","state_id":"IN-GJ","state_name":"Gujarat"}},{"arcs":[[-775,-804,901,902]],"type":"Polygon","properties":{"region_id":"IN-GJ-MORBI","region_name":"Morbi","state_id":"IN-GJ","state_name":"Gujarat"}},{"arcs":[[-713,903,-739,904,905,906]],"type":"Polygon","properties":{"region_id":"IN-GJ-NARMADA","region_name":"Narmada","state_id":"IN-GJ","state_name":"Gujarat"}},{"arcs":[[[907,908,909,910,911,912]],[[913]]],"type":"MultiPolygon","properties":{"region_id":"IN-GJ-NAVSARI","region_name":"Navsari","state_id":"IN-GJ","state_name":"Gujarat"}},{"arcs":[[-735,914,-894,-901,-740]],"type":"Polygon","properties":{"region_id":"IN-GJ-PANCHMAHALS","region_name":"Panch Mahals","state_id":"IN-GJ","state_name":"Gujarat"}},{"arcs":[[-710,-897,915,-802]],"type":"Polygon","properties":{"region_id":"IN-GJ-PATAN","region_name":"Patan","state_id":"IN-GJ","state_name":"Gujarat"}},{"arcs":[[[-747,-777,916,-795,917]],[[918]],[[919]]],"type":"MultiPolygon","properties":{"region_id":"IN-GJ-PORBANDAR","region_name":"Porbandar","state_id":"IN-GJ","state_name":"Gujarat"}},{"arcs":[[-685,-796,-917,-776,-903,920,-732]],"type":"Polygon","properties":{"region_id":"IN-GJ-RAJKOT","region_name":"Rajkot","state_id":"IN-GJ","state_name":"Gujarat"}},{"arcs":[[-701,-766,-898,-708,921,922]],"type":"Polygon","properties":{"region_id":"IN-GJ-SABARKANTHA","region_name":"Sabar Kantha","state_id":"IN-GJ","state_name":"Gujarat"}},{"arcs":[[[-714,-907,923,-912,924]],[[925]],[[926]],[[927]],[[928]],[[929]],[[930]],[[931]],[[932]],[[933]]],"type":"MultiPolygon","properties":{"region_id":"IN-GJ-SURAT","region_name":"Surat","state_id":"IN-GJ","state_name":"Gujarat"}},{"arcs":[[-678,-733,-921,-902,-803,-916,-896]],"type":"Polygon","properties":{"region_id":"IN-GJ-SURENDRANAGAR","region_name":"Surendranagar","state_id":"IN-GJ","state_name":"Gujarat"}},{"arcs":[[-906,934,935,936,-913,-924]],"type":"Polygon","properties":{"region_id":"IN-GJ-TAPI","region_name":"Tapi","state_id":"IN-GJ","state_name":"Gujarat"}},{"arcs":[[-908,-937,937,938]],"type":"Polygon","properties":{"region_id":"IN-GJ-THEDANGS","region_name":"The Dangs","state_id":"IN-GJ","state_name":"Gujarat"}},{"arcs":[[-695,-895,-915,-734,-904,-712,939]],"type":"Polygon","properties":{"region_id":"IN-GJ-VADODARA","region_name":"Vadodara","state_id":"IN-GJ","state_name":"Gujarat"}},{"arcs":[[-659,940,941,-661,942,-910,943,944]],"type":"Polygon","properties":{"region_id":"IN-GJ-VALSAD","region_name":"Valsad","state_id":"IN-GJ","state_name":"Gujarat"}},{"arcs":[[945,946,947,948,949,950]],"type":"Polygon","properties":{"region_id":"IN-HR-AMBALA","region_name":"Ambala","state_id":"IN-HR","state_name":"Haryana"}},{"arcs":[[951,952,953,954,955,956,957]],"type":"Polygon","properties":{"region_id":"IN-HR-BHIWANI","region_name":"Bhiwani","state_id":"IN-HR","state_name":"Haryana"}},{"arcs":[[[958,959]],[[960,961,962,963]]],"type":"MultiPolygon","properties":{"region_id":"IN-HR-FARIDABAD","region_name":"Faridabad","state_id":"IN-HR","state_name":"Haryana"}},{"arcs":[[964,965,966,967,968,969]],"type":"Polygon","properties":{"region_id":"IN-HR-FATEHABAD","region_name":"Fatehabad","state_id":"IN-HR","state_name":"Haryana"}},{"arcs":[[-961,970,971,972,973,974]],"type":"Polygon","properties":{"region_id":"IN-HR-GURGAON","region_name":"Gurgaon","state_id":"IN-HR","state_name":"Haryana"}},{"arcs":[[-955,975,-970,976,977]],"type":"Polygon","properties":{"region_id":"IN-HR-HISAR","region_name":"Hisar","state_id":"IN-HR","state_name":"Haryana"}},{"arcs":[[-957,978,979,980,-974,981,982]],"type":"Polygon","properties":{"region_id":"IN-HR-JHAJJAR","region_name":"Jhajjar","state_id":"IN-HR","state_name":"Haryana"}},{"arcs":[[-969,983,984,985,986,987,988,989,-977]],"type":"Polygon","properties":{"region_id":"IN-HR-JIND","region_name":"Jind","state_id":"IN-HR","state_name":"Haryana"}},{"arcs":[[-986,990,991,992]],"type":"Polygon","properties":{"region_id":"IN-HR-KAITHAL","region_name":"Kaithal","state_id":"IN-HR","state_name":"Haryana"}},{"arcs":[[-987,-993,993,994,995,996]],"type":"Polygon","properties":{"region_id":"IN-HR-KARNAL","region_name":"Karnal","state_id":"IN-HR","state_name":"Haryana"}},{"arcs":[[-946,997,998,-994,-992,999]],"type":"Polygon","properties":{"region_id":"IN-HR-KURUKSHETRA","region_name":"Kurukshetra","state_id":"IN-HR","state_name":"Haryana"}},{"arcs":[[-958,-983,1000,1001,1002,1003,1004]],"type":"Polygon","properties":{"region_id":"IN-HR-MAHENDRAGARH","region_name":"Mahendragarh","state_id":"IN-HR","state_name":"Haryana"}},{"arcs":[[-960,1005,1006,1007,1008,1009,-972,1010]],"type":"Polygon","properties":{"region_id":"IN-HR-MEWAT","region_name":"Mewat","state_id":"IN-HR","state_name":"Haryana"}},{"arcs":[[-959,-1011,-971,-964,1011,1012,1013,-1006]],"type":"Polygon","properties":{"region_id":"IN-HR-PALWAL","region_name":"Palwal","state_id":"IN-HR","state_name":"Haryana"}},{"arcs":[[-552,1014,1015,1016,-949,1017]],"type":"Polygon","properties":{"region_id":"IN-HR-PANCHKULA","region_name":"Panchkula","state_id":"IN-HR","state_name":"Haryana"}},{"arcs":[[-988,-997,1018,1019,1020]],"type":"Polygon","properties":{"region_id":"IN-HR-PANIPAT","region_name":"Panipat","state_id":"IN-HR","state_name":"Haryana"}},{"arcs":[[-973,-1010,1021,-1001,-982]],"type":"Polygon","properties":{"region_id":"IN-HR-REWARI","region_name":"Rewari","state_id":"IN-HR","state_name":"Haryana"}},{"arcs":[[-956,-978,-990,1022,-979]],"type":"Polygon","properties":{"region_id":"IN-HR-ROHTAK","region_name":"Rohtak","state_id":"IN-HR","state_name":"Haryana"}},{"arcs":[[-966,1023,1024,1025,1026]],"type":"Polygon","properties":{"region_id":"IN-HR-SIRSA","region_name":"Sirsa","state_id":"IN-HR","state_name":"Haryana"}},{"arcs":[[-980,-1023,-989,-1021,1027,1028]],"type":"Polygon","properties":{"region_id":"IN-HR-SONIPAT","region_name":"Sonipat","state_id":"IN-HR","state_name":"Haryana"}},{"arcs":[[-951,1029,1030,-998]],"type":"Polygon","properties":{"region_id":"IN-HR-YAMUNANAGAR","region_name":"Yamunanagar","state_id":"IN-HR","state_name":"Haryana"}},{"arcs":[[1031,1032,1033,1034,1035]],"type":"Polygon","properties":{"region_id":"IN-HP-BILASPUR","region_name":"Bilaspur","state_id":"IN-HP","state_name":"Himachal Pradesh"}},{"arcs":[[1036,1037,1038,1039,1040,1041]],"type":"Polygon","properties":{"region_id":"IN-HP-CHAMBA","region_name":"Chamba","state_id":"IN-HP","state_name":"Himachal Pradesh"}},{"arcs":[[-1034,1042,1043,1044]],"type":"Polygon","properties":{"region_id":"IN-HP-HAMIRPUR","region_name":"Hamirpur","state_id":"IN-HP","state_name":"Himachal Pradesh"}},{"arcs":[[-1042,1045,1046,1047,-1044,1048,1049,1050]],"type":"Polygon","properties":{"region_id":"IN-HP-KANGRA","region_name":"Kangra","state_id":"IN-HP","state_name":"Himachal Pradesh"}},{"arcs":[[1051,1052,1053,1054,1055]],"type":"Polygon","properties":{"region_id":"IN-HP-KINNAUR","region_name":"Kinnaur","state_id":"IN-HP","state_name":"Himachal Pradesh"}},{"arcs":[[-1047,1056,-1054,1057,1058]],"type":"Polygon","properties":{"region_id":"IN-HP-KULLU","region_name":"Kullu","state_id":"IN-HP","state_name":"Himachal Pradesh"}},{"arcs":[[-1041,1059,1060,1061,1062,-1055,-1057,-1046]],"type":"Polygon","properties":{"region_id":"IN-HP-LAHULSPITI","region_name":"Lahul & Spiti","state_id":"IN-HP","state_name":"Himachal Pradesh"}},{"arcs":[[-1035,-1045,-1048,-1059,1063,1064]],"type":"Polygon","properties":{"region_id":"IN-HP-MANDI","region_name":"Mandi","state_id":"IN-HP","state_name":"Himachal Pradesh"}},{"arcs":[[-1053,1065,1066,1067,1068,-1064,-1058]],"type":"Polygon","properties":{"region_id":"IN-HP-SHIMLA","region_name":"Shimla","state_id":"IN-HP","state_name":"Himachal Pradesh"}},{"arcs":[[-1017,1069,-1068,1070,1071,-1030,-950]],"type":"Polygon","properties":{"region_id":"IN-HP-SIRMAUR","region_name":"Sirmaur","state_id":"IN-HP","state_name":"Himachal Pradesh"}},{"arcs":[[-1016,1072,1073,-1036,-1065,-1069,-1070]],"type":"Polygon","properties":{"region_id":"IN-HP-SOLAN","region_name":"Solan","state_id":"IN-HP","state_name":"Himachal Pradesh"}},{"arcs":[[-1033,1074,1075,-1049,-1043]],"type":"Polygon","properties":{"region_id":"IN-HP-UNA","region_name":"Una","state_id":"IN-HP","state_name":"Himachal Pradesh"}},{"arcs":[[1076,1077,1078,1079,1080,1081,1082,1083,1084]],"type":"Polygon","properties":{"region_id":"IN-JK-ANANTNAG","region_name":"Anantnag","state_id":"IN-JK","state_name":"Jammu and Kashmir"}},{"arcs":[[1085,1086,1087,1088,1089,1090]],"type":"Polygon","properties":{"region_id":"IN-JK-BADGAM","region_name":"Badgam","state_id":"IN-JK","state_name":"Jammu and Kashmir"}},{"arcs":[[1091,1092,1093,1094,1095]],"type":"Polygon","properties":{"region_id":"IN-JK-BANDIPORE","region_name":"Bandipore","state_id":"IN-JK","state_name":"Jammu and Kashmir"}},{"arcs":[[-1088,1096,1097,1098,-1095,1099,1100]],"type":"Polygon","properties":{"region_id":"IN-JK-BARAMULLA","region_name":"Baramulla","state_id":"IN-JK","state_name":"Jammu and Kashmir"}},{"arcs":[[-1039,1101,1102,1103,-1077,1104]],"type":"Polygon","properties":{"region_id":"IN-JK-DODA","region_name":"Doda","state_id":"IN-JK","state_name":"Jammu and Kashmir"}},{"arcs":[[-1083,1105,-1100,-1094,1106]],"type":"Polygon","properties":{"region_id":"IN-JK-GANDERBAL","region_name":"Ganderbal","state_id":"IN-JK","state_name":"Jammu and Kashmir"}},{"arcs":[[1107,1108,1109,1110,1111]],"type":"Polygon","properties":{"region_id":"IN-JK-JAMMU","region_name":"Jammu","state_id":"IN-JK","state_name":"Jammu and Kashmir"}},{"arcs":[[-1061,1112,-1084,-1107,-1093,1113,1114]],"type":"Polygon","properties":{"region_id":"IN-LA-KARGIL","region_name":"Kargil","state_id":"IN-LA","state_name":"Ladakh"}},{"arcs":[[-1038,1115,1116,1117,1118,-1102]],"type":"Polygon","properties":{"region_id":"IN-JK-KATHUA","region_name":"Kathua","state_id":"IN-JK","state_name":"Jammu and Kashmir"}},{"arcs":[[-1040,-1105,-1085,-1113,-1060]],"type":"Polygon","properties":{"region_id":"IN-JK-KISHTWAR","region_name":"Kishtwar","state_id":"IN-JK","state_name":"Jammu and Kashmir"}},{"arcs":[[-1079,1119,1120,1121,1122,-1086,1123]],"type":"Polygon","properties":{"region_id":"IN-JK-KULGAM","region_name":"Kulgam","state_id":"IN-JK","state_name":"Jammu and Kashmir"}},{"arcs":[[-1096,-1099,1124]],"type":"Polygon","properties":{"region_id":"IN-JK-KUPWARA","region_name":"Kupwara","state_id":"IN-JK","state_name":"Jammu and Kashmir"}},{"arcs":[[-1062,-1115,1125]],"type":"Polygon","properties":{"region_id":"IN-LA-LEHLADAKH","region_name":"Leh (Ladakh)","state_id":"IN-LA","state_name":"Ladakh"}},{"arcs":[[-1087,-1123,1126,1127,-1097]],"type":"Polygon","properties":{"region_id":"IN-JK-POONCH","region_name":"Poonch","state_id":"IN-JK","state_name":"Jammu and Kashmir"}},{"arcs":[[-1081,1128,-1090,1129]],"type":"Polygon","properties":{"region_id":"IN-JK-PULWAMA","region_name":"Pulwama","state_id":"IN-JK","state_name":"Jammu and Kashmir"}},{"arcs":[[-1108,1130,-1127,-1122,1131]],"type":"Polygon","properties":{"region_id":"IN-JK-RAJOURI","region_name":"Rajouri","state_id":"IN-JK","state_name":"Jammu and Kashmir"}},{"arcs":[[-1078,-1104,1132,1133,-1120]],"type":"Polygon","properties":{"region_id":"IN-JK-RAMBAN","region_name":"Ramban","state_id":"IN-JK","state_name":"Jammu and Kashmir"}},{"arcs":[[-1109,-1132,-1121,-1134,1134]],"type":"Polygon","properties":{"region_id":"IN-JK-REASI","region_name":"Reasi","state_id":"IN-JK","state_name":"Jammu and Kashmir"}},{"arcs":[[-1111,1135,-1118,1136]],"type":"Polygon","properties":{"region_id":"IN-JK-SAMBA","region_name":"Samba","state_id":"IN-JK","state_name":"Jammu and Kashmir"}},{"arcs":[[-1080,-1124,-1091,-1129]],"type":"Polygon","properties":{"region_id":"IN-JK-SHUPIYAN","region_name":"Shupiyan","state_id":"IN-JK","state_name":"Jammu and Kashmir"}},{"arcs":[[-1082,-1130,-1089,-1101,-1106]],"type":"Polygon","properties":{"region_id":"IN-JK-SRINAGAR","region_name":"Srinagar","state_id":"IN-JK","state_name":"Jammu and Kashmir"}},{"arcs":[[-1103,-1119,-1136,-1110,-1135,-1133]],"type":"Polygon","properties":{"region_id":"IN-JK-UDHAMPUR","region_name":"Udhampur","state_id":"IN-JK","state_name":"Jammu and Kashmir"}},{"arcs":[[1137,1138,1139,1140,1141]],"type":"Polygon","properties":{"region_id":"IN-JH-BOKARO","region_name":"Bokaro","state_id":"IN-JH","state_name":"Jharkhand"}},{"arcs":[[-466,1142,1143,1144,1145]],"type":"Polygon","properties":{"region_id":"IN-JH-CHATRA","region_name":"Chatra","state_id":"IN-JH","state_name":"Jharkhand"}},{"arcs":[[-434,1146,1147,1148,-476]],"type":"Polygon","properties":{"region_id":"IN-JH-DEOGHAR","region_name":"Deoghar","state_id":"IN-JH","state_name":"Jharkhand"}},{"arcs":[[-1138,1149,1150,1151,1152]],"type":"Polygon","properties":{"region_id":"IN-JH-DHANBAD","region_name":"Dhanbad","state_id":"IN-JH","state_name":"Jharkhand"}},{"arcs":[[-433,1153,1154,1155,1156,-1147]],"type":"Polygon","properties":{"region_id":"IN-JH-DUMKA","region_name":"Dumka","state_id":"IN-JH","state_name":"Jharkhand"}},{"arcs":[[-537,1157,1158,-568,1159]],"type":"Polygon","properties":{"region_id":"IN-JH-GARHWA","region_name":"Garhwa","state_id":"IN-JH","state_name":"Jharkhand"}},{"arcs":[[-477,-1149,1160,-1150,-1142,1161,1162,-522]],"type":"Polygon","properties":{"region_id":"IN-JH-GIRIDIH","region_name":"Giridih","state_id":"IN-JH","state_name":"Jharkhand"}},{"arcs":[[-432,-448,1163,1164,-1154]],"type":"Polygon","properties":{"region_id":"IN-JH-GODDA","region_name":"Godda","state_id":"IN-JH","state_name":"Jharkhand"}},{"arcs":[[-570,1165,1166,1167,1168,1169,-616]],"type":"Polygon","properties":{"region_id":"IN-JH-GUMLA","region_name":"Gumla","state_id":"IN-JH","state_name":"Jharkhand"}},{"arcs":[[-465,-524,1170,-1162,-1141,1171,1172,-1143]],"type":"Polygon","properties":{"region_id":"IN-JH-HAZARIBAGH","region_name":"Hazaribagh","state_id":"IN-JH","state_name":"Jharkhand"}},{"arcs":[[-1148,-1157,1173,1174,-1151,-1161]],"type":"Polygon","properties":{"region_id":"IN-JH-JAMTARA","region_name":"Jamtara","state_id":"IN-JH","state_name":"Jharkhand"}},{"arcs":[[-1169,1175,1176,1177,1178]],"type":"Polygon","properties":{"region_id":"IN-JH-KHUNTI","region_name":"Khunti","state_id":"IN-JH","state_name":"Jharkhand"}},{"arcs":[[-523,-1163,-1171]],"type":"Polygon","properties":{"region_id":"IN-JH-KODARMA","region_name":"Kodarma","state_id":"IN-JH","state_name":"Jharkhand"}},{"arcs":[[-569,-1159,1179,-1145,1180,1181,-1166]],"type":"Polygon","properties":{"region_id":"IN-JH-LATEHAR","region_name":"Latehar","state_id":"IN-JH","state_name":"Jharkhand"}},{"arcs":[[-1167,-1182,1182]],"type":"Polygon","properties":{"region_id":"IN-JH-LOHARDAGA","region_name":"Lohardaga","state_id":"IN-JH","state_name":"Jharkhand"}},{"arcs":[[-1155,-1165,1183,1184,1185]],"type":"Polygon","properties":{"region_id":"IN-JH-PAKUR","region_name":"Pakur","state_id":"IN-JH","state_name":"Jharkhand"}},{"arcs":[[-429,-467,-1146,-1180,-1158,-536]],"type":"Polygon","properties":{"region_id":"IN-JH-PALAMU","region_name":"Palamu","state_id":"IN-JH","state_name":"Jharkhand"}},{"arcs":[[-1178,1186,1187,1188,1189,1190]],"type":"Polygon","properties":{"region_id":"IN-JH-PASHCHIMISINGHBHUM","region_name":"Pashchimi Singhbhum","state_id":"IN-JH","state_name":"Jharkhand"}},{"arcs":[[1191,1192,1193,1194]],"type":"Polygon","properties":{"region_id":"IN-JH-PURBISINGHBHUM","region_name":"Purbi Singhbhum","state_id":"IN-JH","state_name":"Jharkhand"}},{"arcs":[[-1140,1195,1196,-1172]],"type":"Polygon","properties":{"region_id":"IN-JH-RAMGARH","region_name":"Ramgarh","state_id":"IN-JH","state_name":"Jharkhand"}},{"arcs":[[-1144,-1173,-1197,1197,1198,-1176,-1168,-1183,-1181]],"type":"Polygon","properties":{"region_id":"IN-JH-RANCHI","region_name":"Ranchi","state_id":"IN-JH","state_name":"Jharkhand"}},{"arcs":[[-447,-491,1199,1200,-1184,-1164]],"type":"Polygon","properties":{"region_id":"IN-JH-SAHIBGANJ","region_name":"Sahibganj","state_id":"IN-JH","state_name":"Jharkhand"}},{"arcs":[[-1177,-1199,1201,-1193,1202,-1187]],"type":"Polygon","properties":{"region_id":"IN-JH-SARAIKELAKHARSAWAN","region_name":"Saraikela-Kharsawan","state_id":"IN-JH","state_name":"Jharkhand"}},{"arcs":[[-617,-1170,-1179,-1191,1203]],"type":"Polygon","properties":{"region_id":"IN-JH-SIMDEGA","region_name":"Simdega","state_id":"IN-JH","state_name":"Jharkhand"}},{"arcs":[[1204,1205,1206,1207,1208]],"type":"Polygon","properties":{"region_id":"IN-KA-BAGALKOT","region_name":"Bagalkot","state_id":"IN-KA","state_name":"Karnataka"}},{"arcs":[[1209,1210,1211]],"type":"Polygon","properties":{"region_id":"IN-KA-BANGALORE","region_name":"Bangalore","state_id":"IN-KA","state_name":"Karnataka"}},{"arcs":[[-1212,1212,1213,1214,1215,1216]],"type":"Polygon","properties":{"region_id":"IN-KA-BANGALORERURAL","region_name":"Bangalore Rural","state_id":"IN-KA","state_name":"Karnataka"}},{"arcs":[[-666,1217,1218,1219,1220,-1206,1221,1222,1223]],"type":"Polygon","properties":{"region_id":"IN-KA-BELGAUM","region_name":"Belgaum","state_id":"IN-KA","state_name":"Karnataka"}},{"arcs":[[-188,1224,1225,1226,1227,1228,1229,-227]],"type":"Polygon","properties":{"region_id":"IN-KA-BELLARY","region_name":"Bellary","state_id":"IN-KA","state_name":"Karnataka"}},{"arcs":[[1230,1231,1232,1233,1234,1235]],"type":"Polygon","properties":{"region_id":"IN-KA-BIDAR","region_name":"Bidar","state_id":"IN-KA","state_name":"Karnataka"}},{"arcs":[[-1207,-1221,1236,1237,1238,1239,1240]],"type":"Polygon","properties":{"region_id":"IN-KA-BIJAPUR","region_name":"Bijapur","state_id":"IN-KA","state_name":"Karnataka"}},{"arcs":[[1241,1242,1243,1244,1245,1246,1247,1248]],"type":"Polygon","properties":{"region_id":"IN-KA-CHAMRAJNAGAR","region_name":"Chamrajnagar","state_id":"IN-KA","state_name":"Karnataka"}},{"arcs":[[-192,-199,1249,-1215,1250]],"type":"Polygon","properties":{"region_id":"IN-KA-CHIKBALLAPURA","region_name":"Chikballapura","state_id":"IN-KA","state_name":"Karnataka"}},{"arcs":[[1251,1252,1253,1254,1255,1256,1257]],"type":"Polygon","properties":{"region_id":"IN-KA-CHIKMAGALUR","region_name":"Chikmagalur","state_id":"IN-KA","state_name":"Karnataka"}},{"arcs":[[-185,1258,-1256,1259,-1225,-187,1260]],"type":"Polygon","properties":{"region_id":"IN-KA-CHITRADURGA","region_name":"Chitradurga","state_id":"IN-KA","state_name":"Karnataka"}},{"arcs":[[-1252,1261,1262,1263,1264,1265]],"type":"Polygon","properties":{"region_id":"IN-KA-DAKSHINAKANNADA","region_name":"Dakshina Kannada","state_id":"IN-KA","state_name":"Karnataka"}},{"arcs":[[-1226,-1260,-1255,1266,1267]],"type":"Polygon","properties":{"region_id":"IN-KA-DAVANAGERE","region_name":"Davanagere","state_id":"IN-KA","state_name":"Karnataka"}},{"arcs":[[-1223,1268,1269,1270]],"type":"Polygon","properties":{"region_id":"IN-KA-DHARWAD","region_name":"Dharwad","state_id":"IN-KA","state_name":"Karnataka"}},{"arcs":[[-1205,1271,-1228,1272,-1269,-1222]],"type":"Polygon","properties":{"region_id":"IN-KA-GADAG","region_name":"Gadag","state_id":"IN-KA","state_name":"Karnataka"}},{"arcs":[[-1231,1273,1274,1275,1276,-1239,1277,1278]],"type":"Polygon","properties":{"region_id":"IN-KA-GULBARGA","region_name":"Gulbarga","state_id":"IN-KA","state_name":"Karnataka"}},{"arcs":[[-1258,1279,1280,1281,1282,-1262]],"type":"Polygon","properties":{"region_id":"IN-KA-HASSAN","region_name":"Hassan","state_id":"IN-KA","state_name":"Karnataka"}},{"arcs":[[-1227,-1268,1283,1284,-1270,-1273]],"type":"Polygon","properties":{"region_id":"IN-KA-HAVERI","region_name":"Haveri","state_id":"IN-KA","state_name":"Karnataka"}},{"arcs":[[-1263,-1283,1285,1286,1287,1288]],"type":"Polygon","properties":{"region_id":"IN-KA-KODAGU","region_name":"Kodagu","state_id":"IN-KA","state_name":"Karnataka"}},{"arcs":[[-198,1289,-1216,-1250]],"type":"Polygon","properties":{"region_id":"IN-KA-KOLAR","region_name":"Kolar","state_id":"IN-KA","state_name":"Karnataka"}},{"arcs":[[-1209,1290,-1229,-1272]],"type":"Polygon","properties":{"region_id":"IN-KA-KOPPAL","region_name":"Koppal","state_id":"IN-KA","state_name":"Karnataka"}},{"arcs":[[-1245,1291,-1281,1292,1293]],"type":"Polygon","properties":{"region_id":"IN-KA-MANDYA","region_name":"Mandya","state_id":"IN-KA","state_name":"Karnataka"}},{"arcs":[[-1244,1294,-1286,-1282,-1292]],"type":"Polygon","properties":{"region_id":"IN-KA-MYSORE","region_name":"Mysore","state_id":"IN-KA","state_name":"Karnataka"}},{"arcs":[[-228,-1230,-1291,-1208,-1241,1295,1296]],"type":"Polygon","properties":{"region_id":"IN-KA-RAICHUR","region_name":"Raichur","state_id":"IN-KA","state_name":"Karnataka"}},{"arcs":[[-1211,1297,-1246,-1294,1298,-1213]],"type":"Polygon","properties":{"region_id":"IN-KA-RAMANAGARA","region_name":"Ramanagara","state_id":"IN-KA","state_name":"Karnataka"}},{"arcs":[[-1254,1299,1300,-1284,-1267]],"type":"Polygon","properties":{"region_id":"IN-KA-SHIMOGA","region_name":"Shimoga","state_id":"IN-KA","state_name":"Karnataka"}},{"arcs":[[[-184,-1251,-1214,-1299,-1293,-1280,-1257,-1259]],[[-186,-1261]]],"type":"MultiPolygon","properties":{"region_id":"IN-KA-TUMKUR","region_name":"Tumkur","state_id":"IN-KA","state_name":"Karnataka"}},{"arcs":[[[-1253,-1266,1301,1302,-1300]],[[1303]],[[1304]],[[1305]],[[1306]],[[1307]],[[1309]],[[1310]]],"type":"MultiPolygon","properties":{"region_id":"IN-KA-UDUPI","region_name":"Udupi","state_id":"IN-KA","state_name":"Karnataka"}},{"arcs":[[[-667,-1224,-1271,-1285,-1301,-1303,1311,-669]],[[1312]],[[1313]],[[1314]],[[1315]],[[1316]],[[1317]],[[1318]],[[1319]],[[1320]],[[1321]],[[1322]],[[1323]],[[1324]],[[1325]]],"type":"MultiPolygon","properties":{"region_id":"IN-KA-UTTARAKANNADA","region_name":"Uttara Kannada","state_id":"IN-KA","state_name":"Karnataka"}},{"arcs":[[-1240,-1277,1326,-1296]],"type":"Polygon","properties":{"region_id":"IN-KA-YADGIR","region_name":"Yadgir","state_id":"IN-KA","state_name":"Karnataka"}},{"arcs":[[[1327,1328,1329,1330,1331,1332]],[[1333]],[[1334]],[[1335]],[[1336]],[[1337]],[[1338]],[[1339]],[[1340]]],"type":"MultiPolygon","properties":{"region_id":"IN-KL-ALAPPUZHA","region_name":"Alappuzha","state_id":"IN-KL","state_name":"Kerala"}},{"arcs":[[[-1329,1341]],[[1342,1343,1344,1345]],[[1346]],[[1347]],[[1348]],[[1349]],[[1350]],[[1351]],[[1352]],[[1353]],[[1354]],[[1355]],[[1356]]],"type":"MultiPolygon","properties":{"region_id":"IN-KL-ERNAKULAM","region_name":"Ernakulam","state_id":"IN-KL","state_name":"Kerala"}},{"arcs":[[-1345,1357,1358,1359,1360,1361,1362,1363,1364,1365]],"type":"Polygon","properties":{"region_id":"IN-KL-IDUKKI","region_name":"Idukki","state_id":"IN-KL","state_name":"Kerala"}},{"arcs":[[[-1288,1366,1367,1368,1369,1370,1371]],[[1372]],[[1373]]],"type":"MultiPolygon","properties":{"region_id":"IN-KL-KANNUR","region_name":"Kannur","state_id":"IN-KL","state_name":"Kerala"}},{"arcs":[[[-1264,-1289,-1372,1374]],[[1375]],[[1376]],[[1377]]],"type":"MultiPolygon","properties":{"region_id":"IN-KL-KASARAGOD","region_name":"Kasaragod","state_id":"IN-KL","state_name":"Kerala"}},{"arcs":[[1378,1379,1380,-1333,1381]],"type":"Polygon","properties":{"region_id":"IN-KL-KOLLAM","region_name":"Kollam","state_id":"IN-KL","state_name":"Kerala"}},{"arcs":[[[-1331,1382,-1346,-1366,1383]],[[1384]],[[1385]]],"type":"MultiPolygon","properties":{"region_id":"IN-KL-KOTTAYAM","region_name":"Kottayam","state_id":"IN-KL","state_name":"Kerala"}},{"arcs":[[[-1368,1386,1387,1388]],[[1389]]],"type":"MultiPolygon","properties":{"region_id":"IN-KL-KOZHIKODE","region_name":"Kozhikode","state_id":"IN-KL","state_name":"Kerala"}},{"arcs":[[-1388,1390,1391,1392,1393,1394]],"type":"Polygon","properties":{"region_id":"IN-KL-MALAPPURAM","region_name":"Malappuram","state_id":"IN-KL","state_name":"Kerala"}},{"arcs":[[-1393,1395,1396,1397]],"type":"Polygon","properties":{"region_id":"IN-KL-PALAKKAD","region_name":"Palakkad","state_id":"IN-KL","state_name":"Kerala"}},{"arcs":[[-1332,-1384,-1365,1398,-1382]],"type":"Polygon","properties":{"region_id":"IN-KL-PATHANAMTHITTA","region_name":"Pathanamthitta","state_id":"IN-KL","state_name":"Kerala"}},{"arcs":[[-1380,1399,1400,1401]],"type":"Polygon","properties":{"region_id":"IN-KL-THIRUVANANTHAPURAM","region_name":"Thiruvananthapuram","state_id":"IN-KL","state_name":"Kerala"}},{"arcs":[[-1344,1402,-1394,-1398,1403,-1358]],"type":"Polygon","properties":{"region_id":"IN-KL-THRISSUR","region_name":"Thrissur","state_id":"IN-KL","state_name":"Kerala"}},{"arcs":[[-1243,1404,-1391,-1387,-1367,-1287,-1295]],"type":"Polygon","properties":{"region_id":"IN-KL-WAYANAD","region_name":"Wayanad","state_id":"IN-KL","state_name":"Kerala"}},{"arcs":[[[1405]],[[1406]],[[1407]],[[1408]],[[1409]],[[1410]],[[1411]],[[1412]],[[1413]],[[1414]],[[1415]],[[1416]],[[1417]],[[1418]],[[1419]],[[1420]],[[1421]],[[1422]],[[1423]],[[1424]],[[1425]],[[1426]],[[1427]],[[1428]]],"type":"MultiPolygon","properties":{"region_id":"IN-LD-LAKSHADWEEP","region_name":"Lakshadweep","state_id":"IN-LD","state_name":"Lakshadweep"}},{"arcs":[[1429,1430,1431,1432,1433]],"type":"Polygon","properties":{"region_id":"IN-MP-AGARMALWA","region_name":"Agar Malwa","state_id":"IN-MP","state_name":"Madhya Pradesh"}},{"arcs":[[-737,-744,1434,1435,1436,1437]],"type":"Polygon","properties":{"region_id":"IN-MP-ALIRAJPUR","region_name":"Alirajpur","state_id":"IN-MP","state_name":"Madhya Pradesh"}},{"arcs":[[-594,1438,-632]],"type":"Polygon","properties":{"region_id":"IN-MP-ANUPPUR","region_name":"Anuppur","state_id":"IN-MP","state_name":"Madhya Pradesh"}},{"arcs":[[1439,1440,1441,1442,1443]],"type":"Polygon","properties":{"region_id":"IN-MP-ASHOKNAGAR","region_name":"Ashoknagar","state_id":"IN-MP","state_name":"Madhya Pradesh"}},{"arcs":[[-622,-652,1444,1445,1446,1447,1448,1449,1450]],"type":"Polygon","properties":{"region_id":"IN-MP-BALAGHAT","region_name":"Balaghat","state_id":"IN-MP","state_name":"Madhya Pradesh"}},{"arcs":[[1451,1452,1453,1454,-1437,1455]],"type":"Polygon","properties":{"region_id":"IN-MP-BARWANI","region_name":"Barwani","state_id":"IN-MP","state_name":"Madhya Pradesh"}},{"arcs":[[1456,1457,1458,1459,1460]],"type":"Polygon","properties":{"region_id":"IN-MP-BETUL","region_name":"Betul","state_id":"IN-MP","state_name":"Madhya Pradesh"}},{"arcs":[[1461,1462,1463,1464,1465,1466,1467,1468]],"type":"Polygon","properties":{"region_id":"IN-MP-BHIND","region_name":"Bhind","state_id":"IN-MP","state_name":"Madhya Pradesh"}},{"arcs":[[1469,1470,1471,1472,1473]],"type":"Polygon","properties":{"region_id":"IN-MP-BHOPAL","region_name":"Bhopal","state_id":"IN-MP","state_name":"Madhya Pradesh"}},{"arcs":[[1474,1475,1476,1477,1478]],"type":"Polygon","properties":{"region_id":"IN-MP-BURHANPUR","region_name":"Burhanpur","state_id":"IN-MP","state_name":"Madhya Pradesh"}},{"arcs":[[1479,1480,1481,1482,1483,1484,1485,1486]],"type":"Polygon","properties":{"region_id":"IN-MP-CHHATARPUR","region_name":"Chhatarpur","state_id":"IN-MP","state_name":"Madhya Pradesh"}},{"arcs":[[-1460,1487,1488,1489,1490,1491]],"type":"Polygon","properties":{"region_id":"IN-MP-CHHINDWARA","region_name":"Chhindwara","state_id":"IN-MP","state_name":"Madhya Pradesh"}},{"arcs":[[-1480,1492,1493,1494,1495,1496]],"type":"Polygon","properties":{"region_id":"IN-MP-DAMOH","region_name":"Damoh","state_id":"IN-MP","state_name":"Madhya Pradesh"}},{"arcs":[[-1463,1497,1498,1499]],"type":"Polygon","properties":{"region_id":"IN-MP-DATIA","region_name":"Datia","state_id":"IN-MP","state_name":"Madhya Pradesh"}},{"arcs":[[1500,1501,1502,1503,1504,1505,1506]],"type":"Polygon","properties":{"region_id":"IN-MP-DEWAS","region_name":"Dewas","state_id":"IN-MP","state_name":"Madhya Pradesh"}},{"arcs":[[-1436,1507,1508,1509,1510,1511,-1456]],"type":"Polygon","properties":{"region_id":"IN-MP-DHAR","region_name":"Dhar","state_id":"IN-MP","state_name":"Madhya Pradesh"}},{"arcs":[[-623,-1451,1512,1513,1514,1515,-641]],"type":"Polygon","properties":{"region_id":"IN-MP-DINDORI","region_name":"Dindori","state_id":"IN-MP","state_name":"Madhya Pradesh"}},{"arcs":[[-1457,1516,-1475,1517,-1502,1518]],"type":"Polygon","properties":{"region_id":"IN-MP-EASTNIMAR","region_name":"East Nimar","state_id":"IN-MP","state_name":"Madhya Pradesh"}},{"arcs":[[-1442,1519,-1472,1520,1521,1522,1523]],"type":"Polygon","properties":{"region_id":"IN-MP-GUNA","region_name":"Guna","state_id":"IN-MP","state_name":"Madhya Pradesh"}},{"arcs":[[-1500,1524,1525,-1464]],"type":"Polygon","properties":{"region_id":"IN-MP-GWALIOR","region_name":"Gwalior","state_id":"IN-MP","state_name":"Madhya Pradesh"}},{"arcs":[[-1458,-1519,-1501,1526,1527]],"type":"Polygon","properties":{"region_id":"IN-MP-HARDA","region_name":"Harda","state_id":"IN-MP","state_name":"Madhya Pradesh"}},{"arcs":[[-1459,-1528,1528,1529,1530,-1488]],"type":"Polygon","properties":{"region_id":"IN-MP-HOSHANGABAD","region_name":"Hoshangabad","state_id":"IN-MP","state_name":"Madhya Pradesh"}},{"arcs":[[-1504,1531,-1511,1532]],"type":"Polygon","properties":{"region_id":"IN-MP-INDORE","region_name":"Indore","state_id":"IN-MP","state_name":"Madhya Pradesh"}},{"arcs":[[-1495,1533,1534,-1514,1535,1536,1537]],"type":"Polygon","properties":{"region_id":"IN-MP-JABALPUR","region_name":"Jabalpur","state_id":"IN-MP","state_name":"Madhya Pradesh"}},{"arcs":[[-743,1538,1539,-1508,-1435]],"type":"Polygon","properties":{"region_id":"IN-MP-JHABUA","region_name":"Jhabua","state_id":"IN-MP","state_name":"Madhya Pradesh"}},{"arcs":[[-1494,1540,1541,1542,-1534]],"type":"Polygon","properties":{"region_id":"IN-MP-KATNI","region_name":"Katni","state_id":"IN-MP","state_name":"Madhya Pradesh"}},{"arcs":[[-1450,1543,-1536,-1513]],"type":"Polygon","properties":{"region_id":"IN-MP-MANDLA","region_name":"Mandla","state_id":"IN-MP","state_name":"Madhya Pradesh"}},{"arcs":[[1544,1545,1546,1547,1548,1549]],"type":"Polygon","properties":{"region_id":"IN-MP-MANDSAUR","region_name":"Mandsaur","state_id":"IN-MP","state_name":"Madhya Pradesh"}},{"arcs":[[-1465,-1526,1550,1551,1552,1553,1554]],"type":"Polygon","properties":{"region_id":"IN-MP-MORENA","region_name":"Morena","state_id":"IN-MP","state_name":"Madhya Pradesh"}},{"arcs":[[-1489,-1531,1555,1556,-1496,-1538,1557]],"type":"Polygon","properties":{"region_id":"IN-MP-NARSIMHAPUR","region_name":"Narsimhapur","state_id":"IN-MP","state_name":"Madhya Pradesh"}},{"arcs":[[-1546,1558,1559,1560,1561]],"type":"Polygon","properties":{"region_id":"IN-MP-NEEMUCH","region_name":"Neemuch","state_id":"IN-MP","state_name":"Madhya Pradesh"}},{"arcs":[[-1487,1562,1563,-1541,-1493]],"type":"Polygon","properties":{"region_id":"IN-MP-PANNA","region_name":"Panna","state_id":"IN-MP","state_name":"Madhya Pradesh"}},{"arcs":[[-1530,1564,-1474,1565,1566,-1556]],"type":"Polygon","properties":{"region_id":"IN-MP-RAISEN","region_name":"Raisen","state_id":"IN-MP","state_name":"Madhya Pradesh"}},{"arcs":[[-1433,1567,-1521,-1471,1568,1569]],"type":"Polygon","properties":{"region_id":"IN-MP-RAJGARH","region_name":"Rajgarh","state_id":"IN-MP","state_name":"Madhya Pradesh"}},{"arcs":[[-1509,-1540,1570,1571,-1550,1572,-1431,1573]],"type":"Polygon","properties":{"region_id":"IN-MP-RATLAM","region_name":"Ratlam","state_id":"IN-MP","state_name":"Madhya Pradesh"}},{"arcs":[[1574,1575,1576,1577,1578,1579]],"type":"Polygon","properties":{"region_id":"IN-MP-REWA","region_name":"Rewa","state_id":"IN-MP","state_name":"Madhya Pradesh"}},{"arcs":[[-1440,1580,-1481,-1497,-1557,-1567,1581]],"type":"Polygon","properties":{"region_id":"IN-MP-SAGAR","region_name":"Sagar","state_id":"IN-MP","state_name":"Madhya Pradesh"}},{"arcs":[[-1542,-1564,1582,1583,-1575,1584,1585,1586]],"type":"Polygon","properties":{"region_id":"IN-MP-SATNA","region_name":"Satna","state_id":"IN-MP","state_name":"Madhya Pradesh"}},{"arcs":[[-1470,-1565,-1529,-1527,-1507,1587,-1569]],"type":"Polygon","properties":{"region_id":"IN-MP-SEHORE","region_name":"Sehore","state_id":"IN-MP","state_name":"Madhya Pradesh"}},{"arcs":[[-1449,1588,-1490,-1558,-1537,-1544]],"type":"Polygon","properties":{"region_id":"IN-MP-SEONI","region_name":"Seoni","state_id":"IN-MP","state_name":"Madhya Pradesh"}},{"arcs":[[-593,-1516,1589,-1586,1590,-633,-1439]],"type":"Polygon","properties":{"region_id":"IN-MP-SHAHDOL","region_name":"Shahdol","state_id":"IN-MP","state_name":"Madhya Pradesh"}},{"arcs":[[-1434,-1570,-1588,-1506,1591]],"type":"Polygon","properties":{"region_id":"IN-MP-SHAJAPUR","region_name":"Shajapur","state_id":"IN-MP","state_name":"Madhya Pradesh"}},{"arcs":[[-1552,1592,1593,1594,1595,1596]],"type":"Polygon","properties":{"region_id":"IN-MP-SHEOPUR","region_name":"Sheopur","state_id":"IN-MP","state_name":"Madhya Pradesh"}},{"arcs":[[-1443,-1524,1597,-1593,-1551,-1525,-1499,1598,1599]],"type":"Polygon","properties":{"region_id":"IN-MP-SHIVPURI","region_name":"Shivpuri","state_id":"IN-MP","state_name":"Madhya Pradesh"}},{"arcs":[[-634,-1591,-1585,-1580,1600]],"type":"Polygon","properties":{"region_id":"IN-MP-SIDHI","region_name":"Sidhi","state_id":"IN-MP","state_name":"Madhya Pradesh"}},{"arcs":[[-566,-656,-635,-1601,-1579,1601,1602]],"type":"Polygon","properties":{"region_id":"IN-MP-SINGRAULI","region_name":"Singrauli","state_id":"IN-MP","state_name":"Madhya Pradesh"}},{"arcs":[[-1483,1603,1604]],"type":"Polygon","properties":{"region_id":"IN-MP-TIKAMGARH","region_name":"Tikamgarh","state_id":"IN-MP","state_name":"Madhya Pradesh"}},{"arcs":[[-1430,-1592,-1505,-1533,-1510,-1574]],"type":"Polygon","properties":{"region_id":"IN-MP-UJJAIN","region_name":"Ujjain","state_id":"IN-MP","state_name":"Madhya Pradesh"}},{"arcs":[[-1515,-1535,-1543,-1587,-1590]],"type":"Polygon","properties":{"region_id":"IN-MP-UMARIA","region_name":"Umaria","state_id":"IN-MP","state_name":"Madhya Pradesh"}},{"arcs":[[-1441,-1582,-1566,-1473,-1520]],"type":"Polygon","properties":{"region_id":"IN-MP-VIDISHA","region_name":"Vidisha","state_id":"IN-MP","state_name":"Madhya Pradesh"}},{"arcs":[[-1452,-1512,-1532,-1503,-1518,-1479,1605]],"type":"Polygon","properties":{"region_id":"IN-MP-WESTNIMAR","region_name":"West Nimar","state_id":"IN-MP","state_name":"Madhya Pradesh"}},{"arcs":[[1606,1607,1608,1609,1610,1611]],"type":"Polygon","properties":{"region_id":"IN-MH-AHMADNAGAR","region_name":"Ahmadnagar","state_id":"IN-MH","state_name":"Maharashtra"}},{"arcs":[[1612,1613,1614]],"type":"Polygon","properties":{"region_id":"IN-MH-AKOLA","region_name":"Akola","state_id":"IN-MH","state_name":"Maharashtra"}},{"arcs":[[-1461,-1492,1615,1616,1617,1618,-1614,1619,-1476,-1517]],"type":"Polygon","properties":{"region_id":"IN-MH-AMRAVATI","region_name":"Amravati","state_id":"IN-MH","state_name":"Maharashtra"}},{"arcs":[[-1611,1620,1621,1622,1623]],"type":"Polygon","properties":{"region_id":"IN-MH-AURANGABAD","region_name":"Aurangabad","state_id":"IN-MH","state_name":"Maharashtra"}},{"arcs":[[[-1447,1624,1625,1626,1627]],[[-651,1628,-1445]]],"type":"MultiPolygon","properties":{"region_id":"IN-MH-BHANDARA","region_name":"Bhandara","state_id":"IN-MH","state_name":"Maharashtra"}},{"arcs":[[-1612,-1624,1629,1630,1631,1632,1633]],"type":"Polygon","properties":{"region_id":"IN-MH-BID","region_name":"Bid","state_id":"IN-MH","state_name":"Maharashtra"}},{"arcs":[[-1477,-1620,-1613,1634,1635,1636,1637]],"type":"Polygon","properties":{"region_id":"IN-MH-BULDANA","region_name":"Buldana","state_id":"IN-MH","state_name":"Maharashtra"}},{"arcs":[[-1627,1638,1639,1640,1641,1642]],"type":"Polygon","properties":{"region_id":"IN-MH-CHANDRAPUR","region_name":"Chandrapur","state_id":"IN-MH","state_name":"Maharashtra"}},{"arcs":[[1643,-1454,1644,1645,-938,-936]],"type":"Polygon","properties":{"region_id":"IN-MH-DHULE","region_name":"Dhule","state_id":"IN-MH","state_name":"Maharashtra"}},{"arcs":[[-590,1646,1647,-1639,-1626,1648,-649,-657,-642]],"type":"Polygon","properties":{"region_id":"IN-MH-GARHCHIROLI","region_name":"Garhchiroli","state_id":"IN-MH","state_name":"Maharashtra"}},{"arcs":[[-650,-1649,-1625,-1446,-1629]],"type":"Polygon","properties":{"region_id":"IN-MH-GONDIYA","region_name":"Gondiya","state_id":"IN-MH","state_name":"Maharashtra"}},{"arcs":[[1649,1650,1651,1652]],"type":"Polygon","properties":{"region_id":"IN-MH-HINGOLI","region_name":"Hingoli","state_id":"IN-MH","state_name":"Maharashtra"}},{"arcs":[[-1453,-1606,-1478,-1638,1653,-1622,1654,-1645]],"type":"Polygon","properties":{"region_id":"IN-MH-JALGAON","region_name":"Jalgaon","state_id":"IN-MH","state_name":"Maharashtra"}},{"arcs":[[-1623,-1654,-1637,1655,-1630]],"type":"Polygon","properties":{"region_id":"IN-MH-JALNA","region_name":"Jalna","state_id":"IN-MH","state_name":"Maharashtra"}},{"arcs":[[-1219,1656,1657,1658]],"type":"Polygon","properties":{"region_id":"IN-MH-KOLHAPUR","region_name":"Kolhapur","state_id":"IN-MH","state_name":"Maharashtra"}},{"arcs":[[-1233,1659,-1632,1660,1661]],"type":"Polygon","properties":{"region_id":"IN-MH-LATUR","region_name":"Latur","state_id":"IN-MH","state_name":"Maharashtra"}},{"arcs":[[1662,1663]],"type":"Polygon","properties":{"region_id":"IN-MH-MUMBAICITY","region_name":"Mumbai City","state_id":"IN-MH","state_name":"Maharashtra"}},{"arcs":[[[-1663,1664,1665,1666]],[[1667,1668]],[[1669]]],"type":"MultiPolygon","properties":{"region_id":"IN-MH-MUMBAISUBURBAN","region_name":"Mumbai Suburban","state_id":"IN-MH","state_name":"Maharashtra"}},{"arcs":[[-1448,-1628,-1643,1670,-1616,-1491,-1589]],"type":"Polygon","properties":{"region_id":"IN-MH-NAGPUR","region_name":"Nagpur","state_id":"IN-MH","state_name":"Maharashtra"}},{"arcs":[[-1234,-1662,1671,-1653,1672,1673,1674]],"type":"Polygon","properties":{"region_id":"IN-MH-NANDED","region_name":"Nanded","state_id":"IN-MH","state_name":"Maharashtra"}},{"arcs":[[-935,-905,-738,-1438,-1455,-1644]],"type":"Polygon","properties":{"region_id":"IN-MH-NANDURBAR","region_name":"Nandurbar","state_id":"IN-MH","state_name":"Maharashtra"}},{"arcs":[[-909,-939,-1646,-1655,-1621,-1610,1675,1676,-944]],"type":"Polygon","properties":{"region_id":"IN-MH-NASHIK","region_name":"Nashik","state_id":"IN-MH","state_name":"Maharashtra"}},{"arcs":[[-1232,-1279,1677,-1633,-1660]],"type":"Polygon","properties":{"region_id":"IN-MH-OSMANABAD","region_name":"Osmanabad","state_id":"IN-MH","state_name":"Maharashtra"}},{"arcs":[[[-658,-945,-1677,1678,1679,-941]],[[1680]]],"type":"MultiPolygon","properties":{"region_id":"IN-MH-PALGHAR","region_name":"Palghar","state_id":"IN-MH","state_name":"Maharashtra"}},{"arcs":[[-1631,-1656,-1636,1681,-1650,-1672,-1661]],"type":"Polygon","properties":{"region_id":"IN-MH-PARBHANI","region_name":"Parbhani","state_id":"IN-MH","state_name":"Maharashtra"}},{"arcs":[[-1608,1682,1683,1684,1685]],"type":"Polygon","properties":{"region_id":"IN-MH-PUNE","region_name":"Pune","state_id":"IN-MH","state_name":"Maharashtra"}},{"arcs":[[[-1685,1686,1687,1688,1689]],[[1690]],[[1691]],[[1692]],[[1693]],[[1694]],[[1695]]],"type":"MultiPolygon","properties":{"region_id":"IN-MH-RAIGARH","region_name":"Raigarh","state_id":"IN-MH","state_name":"Maharashtra"}},{"arcs":[[[-1658,1696,1697,-1688,1698,1699]],[[1700]]],"type":"MultiPolygon","properties":{"region_id":"IN-MH-RATNAGIRI","region_name":"Ratnagiri","state_id":"IN-MH","state_name":"Maharashtra"}},{"arcs":[[-1220,-1659,-1700,1701,1702,-1237]],"type":"Polygon","properties":{"region_id":"IN-MH-SANGLI","region_name":"Sangli","state_id":"IN-MH","state_name":"Maharashtra"}},{"arcs":[[-1684,1703,-1702,-1699,-1687]],"type":"Polygon","properties":{"region_id":"IN-MH-SATARA","region_name":"Satara","state_id":"IN-MH","state_name":"Maharashtra"}},{"arcs":[[[-665,1704,-1697,-1657,-1218]],[[1705]],[[1706]],[[1707]],[[1708]],[[1709]]],"type":"MultiPolygon","properties":{"region_id":"IN-MH-SINDHUDURG","region_name":"Sindhudurg","state_id":"IN-MH","state_name":"Maharashtra"}},{"arcs":[[-1238,-1703,-1704,-1683,-1607,-1634,-1678,-1278]],"type":"Polygon","properties":{"region_id":"IN-MH-SOLAPUR","region_name":"Solapur","state_id":"IN-MH","state_name":"Maharashtra"}},{"arcs":[[-1609,-1686,-1690,1710,-1666,1711,-1668,1712,-1679,-1676]],"type":"Polygon","properties":{"region_id":"IN-MH-THANE","region_name":"Thane","state_id":"IN-MH","state_name":"Maharashtra"}},{"arcs":[[-1617,-1671,-1642,1713]],"type":"Polygon","properties":{"region_id":"IN-MH-WARDHA","region_name":"Wardha","state_id":"IN-MH","state_name":"Maharashtra"}},{"arcs":[[-1615,-1619,1714,-1651,-1682,-1635]],"type":"Polygon","properties":{"region_id":"IN-MH-WASHIM","region_name":"Washim","state_id":"IN-MH","state_name":"Maharashtra"}},{"arcs":[[-1618,-1714,-1641,1715,-1673,-1652,-1715]],"type":"Polygon","properties":{"region_id":"IN-MH-YAVATMAL","region_name":"Yavatmal","state_id":"IN-MH","state_name":"Maharashtra"}},{"arcs":[[1716,1717,1718,1719]],"type":"Polygon","properties":{"region_id":"IN-MN-BISHNUPUR","region_name":"Bishnupur","state_id":"IN-MN","state_name":"Manipur"}},{"arcs":[[1720,1721,1722,1723,1724]],"type":"Polygon","properties":{"region_id":"IN-MN-CHANDEL","region_name":"Chandel","state_id":"IN-MN","state_name":"Manipur"}},{"arcs":[[-336,1725,1726,1727,-1717,-1721,1728,1729,1730]],"type":"Polygon","properties":{"region_id":"IN-MN-CHURACHANDPUR","region_name":"Churachandpur","state_id":"IN-MN","state_name":"Manipur"}},{"arcs":[[[-335,1731,-1726]],[[1732,1733,1734]]],"type":"MultiPolygon","properties":{"region_id":"IN-MN-IMPHALEAST","region_name":"Imphal East","state_id":"IN-MN","state_name":"Manipur"}},{"arcs":[[-1719,1735,-1735,1736]],"type":"Polygon","properties":{"region_id":"IN-MN-IMPHALWEST","region_name":"Imphal West","state_id":"IN-MN","state_name":"Manipur"}},{"arcs":[[-1718,-1728,1737,1738,1739,1740,1741,-1723,1742,-1733,-1736]],"type":"Polygon","properties":{"region_id":"IN-MN-SENAPATI","region_name":"Senapati","state_id":"IN-MN","state_name":"Manipur"}},{"arcs":[[-334,-367,1743,-1738,-1727,-1732]],"type":"Polygon","properties":{"region_id":"IN-MN-TAMENGLONG","region_name":"Tamenglong","state_id":"IN-MN","state_name":"Manipur"}},{"arcs":[[-1720,-1737,-1734,-1743,-1722]],"type":"Polygon","properties":{"region_id":"IN-MN-THOUBAL","region_name":"Thoubal","state_id":"IN-MN","state_name":"Manipur"}},{"arcs":[[-1724,-1742,1744,1745]],"type":"Polygon","properties":{"region_id":"IN-MN-UKHRUL","region_name":"Ukhrul","state_id":"IN-MN","state_name":"Manipur"}},{"arcs":[[-369,-390,1746,1747,1748,1749]],"type":"Polygon","properties":{"region_id":"IN-ML-EASTGAROHILLS","region_name":"East Garo Hills","state_id":"IN-ML","state_name":"Meghalaya"}},{"arcs":[[1750,1751,1752,1753,1754]],"type":"Polygon","properties":{"region_id":"IN-ML-EASTKHASIHILLS","region_name":"East Khasi Hills","state_id":"IN-ML","state_name":"Meghalaya"}},{"arcs":[[-332,1755,-1754,1756,-394,-362]],"type":"Polygon","properties":{"region_id":"IN-ML-JAINTIAHILLS","region_name":"Jaintia Hills","state_id":"IN-ML","state_name":"Meghalaya"}},{"arcs":[[-370,-1750,1757]],"type":"Polygon","properties":{"region_id":"IN-ML-NORTHGAROHILLS","region_name":"North Garo Hills","state_id":"IN-ML","state_name":"Meghalaya"}},{"arcs":[[-388,-393,-410,-395,-1757,-1753,1758]],"type":"Polygon","properties":{"region_id":"IN-ML-RIBHOI","region_name":"Ri Bhoi","state_id":"IN-ML","state_name":"Meghalaya"}},{"arcs":[[-1748,1759,1760,1761,1762]],"type":"Polygon","properties":{"region_id":"IN-ML-SOUTHGAROHILLS","region_name":"South Garo Hills","state_id":"IN-ML","state_name":"Meghalaya"}},{"arcs":[[-354,1763,1764]],"type":"Polygon","properties":{"region_id":"IN-ML-SOUTHWESTGAROHILLS","region_name":"South West Garo Hills","state_id":"IN-ML","state_name":"Meghalaya"}},{"arcs":[[-1751,1765,-1761,1766]],"type":"Polygon","properties":{"region_id":"IN-ML-SOUTHWESTKHASIHILLS","region_name":"South West Khasi Hills","state_id":"IN-ML","state_name":"Meghalaya"}},{"arcs":[[-353,-371,-1758,-1749,-1763,1767,-1764]],"type":"Polygon","properties":{"region_id":"IN-ML-WESTGAROHILLS","region_name":"West Garo Hills","state_id":"IN-ML","state_name":"Meghalaya"}},{"arcs":[[-389,-1759,-1752,-1767,-1760,-1747]],"type":"Polygon","properties":{"region_id":"IN-ML-WESTKHASIHILLS","region_name":"West Khasi Hills","state_id":"IN-ML","state_name":"Meghalaya"}},{"arcs":[[-337,-1731,1768,1769,1770,1771,1772]],"type":"Polygon","properties":{"region_id":"IN-MZ-AIZAWL","region_name":"Aizawl","state_id":"IN-MZ","state_name":"Mizoram"}},{"arcs":[[-1730,1773,1774,-1769]],"type":"Polygon","properties":{"region_id":"IN-MZ-CHAMPHAI","region_name":"Champhai","state_id":"IN-MZ","state_name":"Mizoram"}},{"arcs":[[-338,-1773,1775,-380]],"type":"Polygon","properties":{"region_id":"IN-MZ-KOLASIB","region_name":"Kolasib","state_id":"IN-MZ","state_name":"Mizoram"}},{"arcs":[[1776,1777,1778]],"type":"Polygon","properties":{"region_id":"IN-MZ-LAWANGTLAI","region_name":"Lawangtlai","state_id":"IN-MZ","state_name":"Mizoram"}},{"arcs":[[-1771,1779,1780,1781,-1779,1782,1783]],"type":"Polygon","properties":{"region_id":"IN-MZ-LUNGLEI","region_name":"Lunglei","state_id":"IN-MZ","state_name":"Mizoram"}},{"arcs":[[-381,-1776,-1772,-1784,1784,1785,-401]],"type":"Polygon","properties":{"region_id":"IN-MZ-MAMIT","region_name":"Mamit","state_id":"IN-MZ","state_name":"Mizoram"}},{"arcs":[[-1777,-1782,1786]],"type":"Polygon","properties":{"region_id":"IN-MZ-SAIHA","region_name":"Saiha","state_id":"IN-MZ","state_name":"Mizoram"}},{"arcs":[[-1770,-1775,1787,-1780]],"type":"Polygon","properties":{"region_id":"IN-MZ-SERCHHIP","region_name":"Serchhip","state_id":"IN-MZ","state_name":"Mizoram"}},{"arcs":[[-376,1788,1789,-399]],"type":"Polygon","properties":{"region_id":"IN-NL-DIMAPUR","region_name":"Dimapur","state_id":"IN-NL","state_name":"Nagaland"}},{"arcs":[[1790,1791,1792,1793]],"type":"Polygon","properties":{"region_id":"IN-NL-KIPHIRE","region_name":"Kiphire","state_id":"IN-NL","state_name":"Nagaland"}},{"arcs":[[-375,1794,1795,1796,-1740,1797,-1789]],"type":"Polygon","properties":{"region_id":"IN-NL-KOHIMA","region_name":"Kohima","state_id":"IN-NL","state_name":"Nagaland"}},{"arcs":[[-413,1798,1799,1800]],"type":"Polygon","properties":{"region_id":"IN-NL-LONGLENG","region_name":"Longleng","state_id":"IN-NL","state_name":"Nagaland"}},{"arcs":[[-384,-414,-1801,1801,1802,1803]],"type":"Polygon","properties":{"region_id":"IN-NL-MOKOKCHUNG","region_name":"Mokokchung","state_id":"IN-NL","state_name":"Nagaland"}},{"arcs":[[-289,1804,1805,-1799,-412]],"type":"Polygon","properties":{"region_id":"IN-NL-MON","region_name":"Mon","state_id":"IN-NL","state_name":"Nagaland"}},{"arcs":[[-366,-400,-1790,-1798,-1739,-1744]],"type":"Polygon","properties":{"region_id":"IN-NL-PEREN","region_name":"Peren","state_id":"IN-NL","state_name":"Nagaland"}},{"arcs":[[-1741,-1797,1806,-1791,1807,-1745]],"type":"Polygon","properties":{"region_id":"IN-NL-PHEK","region_name":"Phek","state_id":"IN-NL","state_name":"Nagaland"}},{"arcs":[[-1793,1808,-1802,-1800,-1806,1809]],"type":"Polygon","properties":{"region_id":"IN-NL-TUENSANG","region_name":"Tuensang","state_id":"IN-NL","state_name":"Nagaland"}},{"arcs":[[-374,-385,-1804,1810,-1795]],"type":"Polygon","properties":{"region_id":"IN-NL-WOKHA","region_name":"Wokha","state_id":"IN-NL","state_name":"Nagaland"}},{"arcs":[[-1792,-1807,-1796,-1811,-1803,-1809]],"type":"Polygon","properties":{"region_id":"IN-NL-ZUNHEBOTO","region_name":"Zunheboto","state_id":"IN-NL","state_name":"Nagaland"}},{"arcs":[[-962,-975,-981,-1029,1811,1812,1813]],"type":"Polygon","properties":{"region_id":"IN-DL-DELHI","region_name":"Delhi","state_id":"IN-DL","state_name":"Delhi"}},{"arcs":[[1814,1815,1816,1817,1818,1819,1820,1821,1822]],"type":"Polygon","properties":{"region_id":"IN-OR-ANUGUL","region_name":"Anugul","state_id":"IN-OR","state_name":"Odisha"}},{"arcs":[[1823,1824,1825,1826,1827,1828]],"type":"Polygon","properties":{"region_id":"IN-OR-BALANGIR","region_name":"Balangir","state_id":"IN-OR","state_name":"Odisha"}},{"arcs":[[1829,1830,1831,1832,1833,1834]],"type":"Polygon","properties":{"region_id":"IN-OR-BALESHWAR","region_name":"Baleshwar","state_id":"IN-OR","state_name":"Odisha"}},{"arcs":[[-638,-647,1835,1836,1837,-1825,1838]],"type":"Polygon","properties":{"region_id":"IN-OR-BARGARH","region_name":"Bargarh","state_id":"IN-OR","state_name":"Odisha"}},{"arcs":[[-1823,1839,1840,-1827,1841]],"type":"Polygon","properties":{"region_id":"IN-OR-BAUDA","region_name":"Bauda","state_id":"IN-OR","state_name":"Odisha"}},{"arcs":[[[-1833,1842,1843,1844,1845]],[[1846]],[[1847]]],"type":"MultiPolygon","properties":{"region_id":"IN-OR-BHADRAK","region_name":"Bhadrak","state_id":"IN-OR","state_name":"Odisha"}},{"arcs":[[-1821,1848,1849,1850,1851,1852,1853,1854]],"type":"Polygon","properties":{"region_id":"IN-OR-CUTTACK","region_name":"Cuttack","state_id":"IN-OR","state_name":"Odisha"}},{"arcs":[[-1817,1855,1856]],"type":"Polygon","properties":{"region_id":"IN-OR-DEBAGARH","region_name":"Debagarh","state_id":"IN-OR","state_name":"Odisha"}},{"arcs":[[-1820,1857,1858,-1849]],"type":"Polygon","properties":{"region_id":"IN-OR-DHENKANAL","region_name":"Dhenkanal","state_id":"IN-OR","state_name":"Odisha"}},{"arcs":[[-245,1859,1860,1861]],"type":"Polygon","properties":{"region_id":"IN-OR-GAJAPATI","region_name":"Gajapati","state_id":"IN-OR","state_name":"Odisha"}},{"arcs":[[[-246,-1862,1862,1863,1864,1865,1866]],[[1867]],[[1868]],[[1869]]],"type":"MultiPolygon","properties":{"region_id":"IN-OR-GANJAM","region_name":"Ganjam","state_id":"IN-OR","state_name":"Odisha"}},{"arcs":[[[-1852,1870,1871,1872]],[[1873]],[[1874]],[[1875]],[[1876]],[[1877]],[[1878]],[[1879]],[[1880]],[[1881]],[[1882]]],"type":"MultiPolygon","properties":{"region_id":"IN-OR-JAGATSINGHAPUR","region_name":"Jagatsinghapur","state_id":"IN-OR","state_name":"Odisha"}},{"arcs":[[-1845,1883,-1850,-1859,1884]],"type":"Polygon","properties":{"region_id":"IN-OR-JAJAPUR","region_name":"Jajapur","state_id":"IN-OR","state_name":"Odisha"}},{"arcs":[[-646,1885,1886,-1836]],"type":"Polygon","properties":{"region_id":"IN-OR-JHARSUGUDA","region_name":"Jharsuguda","state_id":"IN-OR","state_name":"Odisha"}},{"arcs":[[-612,1887,-1829,1888,1889,1890,1891]],"type":"Polygon","properties":{"region_id":"IN-OR-KALAHANDI","region_name":"Kalahandi","state_id":"IN-OR","state_name":"Odisha"}},{"arcs":[[-1889,-1828,-1841,1892,-1863,-1861,1893]],"type":"Polygon","properties":{"region_id":"IN-OR-KANDHAMAL","region_name":"Kandhamal","state_id":"IN-OR","state_name":"Odisha"}},{"arcs":[[[-1844,1894,-1871,-1851,-1884]],[[1895]],[[1896]],[[1897]],[[1898]],[[1899]],[[1900]],[[1901]],[[1902]],[[1903]],[[1904]],[[1905]],[[1906]],[[1907]],[[1908]],[[1909]],[[1910]],[[1911]],[[1912]]],"type":"MultiPolygon","properties":{"region_id":"IN-OR-KENDRAPARA","region_name":"Kendrapara","state_id":"IN-OR","state_name":"Odisha"}},{"arcs":[[-1189,1913,-1834,-1846,-1885,-1858,-1819,1914]],"type":"Polygon","properties":{"region_id":"IN-OR-KENDUJHAR","region_name":"Kendujhar","state_id":"IN-OR","state_name":"Odisha"}},{"arcs":[[-1854,1915,-1865,1916]],"type":"Polygon","properties":{"region_id":"IN-OR-KHORDHA","region_name":"Khordha","state_id":"IN-OR","state_name":"Odisha"}},{"arcs":[[-250,1917,-577,1918,-1891,1919,-254]],"type":"Polygon","properties":{"region_id":"IN-OR-KORAPUT","region_name":"Koraput","state_id":"IN-OR","state_name":"Odisha"}},{"arcs":[[-205,1920,-653,-578,-1918,-249]],"type":"Polygon","properties":{"region_id":"IN-OR-MALKANGIRI","region_name":"Malkangiri","state_id":"IN-OR","state_name":"Odisha"}},{"arcs":[[-1188,-1203,-1192,1921,-1835,-1914]],"type":"Polygon","properties":{"region_id":"IN-OR-MAYURBHANJ","region_name":"Mayurbhanj","state_id":"IN-OR","state_name":"Odisha"}},{"arcs":[[-576,-627,-604,-613,-1892,-1919]],"type":"Polygon","properties":{"region_id":"IN-OR-NABARANGAPUR","region_name":"Nabarangapur","state_id":"IN-OR","state_name":"Odisha"}},{"arcs":[[-1822,-1855,-1917,-1864,-1893,-1840]],"type":"Polygon","properties":{"region_id":"IN-OR-NAYAGARH","region_name":"Nayagarh","state_id":"IN-OR","state_name":"Odisha"}},{"arcs":[[-611,-639,-1839,-1824,-1888]],"type":"Polygon","properties":{"region_id":"IN-OR-NUAPADA","region_name":"Nuapada","state_id":"IN-OR","state_name":"Odisha"}},{"arcs":[[[-1853,-1873,1922,-1866,-1916]],[[1923]],[[1924]],[[1925]],[[1926]],[[1927]],[[1928]]],"type":"MultiPolygon","properties":{"region_id":"IN-OR-PURI","region_name":"Puri","state_id":"IN-OR","state_name":"Odisha"}},{"arcs":[[-244,-255,-1920,-1890,-1894,-1860]],"type":"Polygon","properties":{"region_id":"IN-OR-RAYAGADA","region_name":"Rayagada","state_id":"IN-OR","state_name":"Odisha"}},{"arcs":[[-1816,1929,-1837,-1887,1930,-1856]],"type":"Polygon","properties":{"region_id":"IN-OR-SAMBALPUR","region_name":"Sambalpur","state_id":"IN-OR","state_name":"Odisha"}},{"arcs":[[-1815,-1842,-1826,-1838,-1930]],"type":"Polygon","properties":{"region_id":"IN-OR-SUBARNAPUR","region_name":"Subarnapur","state_id":"IN-OR","state_name":"Odisha"}},{"arcs":[[-618,-1204,-1190,-1915,-1818,-1857,-1931,-1886,-645]],"type":"Polygon","properties":{"region_id":"IN-OR-SUNDARGARH","region_name":"Sundargarh","state_id":"IN-OR","state_name":"Odisha"}},{"arcs":[[1931,1932,1933,1934]],"type":"Polygon","properties":{"region_id":"IN-PY-KARAIKAL","region_name":"Karaikal","state_id":"IN-PY","state_name":"Puducherry"}},{"arcs":[[-1370,1935]],"type":"Polygon","properties":{"region_id":"IN-PY-MAHE","region_name":"Mahe","state_id":"IN-PY","state_name":"Puducherry"}},{"arcs":[[1936,1937,1938]],"type":"Polygon","properties":{"region_id":"IN-PY-PUDUCHERRY","region_name":"Puducherry","state_id":"IN-PY","state_name":"Puducherry"}},{"arcs":[[-201,1939]],"type":"Polygon","properties":{"region_id":"IN-PY-YANAM","region_name":"Yanam","state_id":"IN-PY","state_name":"Puducherry"}},{"arcs":[[1940,1941,1942,1943]],"type":"Polygon","properties":{"region_id":"IN-PB-AMRITSAR","region_name":"Amritsar","state_id":"IN-PB","state_name":"Punjab"}},{"arcs":[[1944,1945,1946,1947,1948]],"type":"Polygon","properties":{"region_id":"IN-PB-BARNALA","region_name":"Barnala","state_id":"IN-PB","state_name":"Punjab"}},{"arcs":[[-1026,1949,1950,1951,-1945,1952]],"type":"Polygon","properties":{"region_id":"IN-PB-BATHINDA","region_name":"Bathinda","state_id":"IN-PB","state_name":"Punjab"}},{"arcs":[[-1951,1953,1954,1955]],"type":"Polygon","properties":{"region_id":"IN-PB-FARIDKOT","region_name":"Faridkot","state_id":"IN-PB","state_name":"Punjab"}},{"arcs":[[1956,1957,1958,1959,1960]],"type":"Polygon","properties":{"region_id":"IN-PB-FATEHGARHSAHIB","region_name":"Fatehgarh Sahib","state_id":"IN-PB","state_name":"Punjab"}},{"arcs":[[1961,1962,1963,1964,1965]],"type":"Polygon","properties":{"region_id":"IN-PB-FAZILKA","region_name":"Fazilka","state_id":"IN-PB","state_name":"Punjab"}},{"arcs":[[-1955,1966,-1964,1967,1968,1969,1970,1971]],"type":"Polygon","properties":{"region_id":"IN-PB-FIROZPUR","region_name":"Firozpur","state_id":"IN-PB","state_name":"Punjab"}},{"arcs":[[-1944,1972,1973,1974,1975]],"type":"Polygon","properties":{"region_id":"IN-PB-GURDASPUR","region_name":"Gurdaspur","state_id":"IN-PB","state_name":"Punjab"}},{"arcs":[[-1050,-1076,1976,1977,1978,1979,1980,-1975]],"type":"Polygon","properties":{"region_id":"IN-PB-HOSHIARPUR","region_name":"Hoshiarpur","state_id":"IN-PB","state_name":"Punjab"}},{"arcs":[[-1971,1981,-1980,1982,1983,1984,1985]],"type":"Polygon","properties":{"region_id":"IN-PB-JALANDHAR","region_name":"Jalandhar","state_id":"IN-PB","state_name":"Punjab"}},{"arcs":[[[-1941,-1976,-1981,-1982,-1970,1986]],[[-1979,1987,-1983]]],"type":"MultiPolygon","properties":{"region_id":"IN-PB-KAPURTHALA","region_name":"Kapurthala","state_id":"IN-PB","state_name":"Punjab"}},{"arcs":[[-1947,1988,-1985,1989,1990,-1961,1991]],"type":"Polygon","properties":{"region_id":"IN-PB-LUDHIANA","region_name":"Ludhiana","state_id":"IN-PB","state_name":"Punjab"}},{"arcs":[[-967,-1027,-1953,-1949,1992]],"type":"Polygon","properties":{"region_id":"IN-PB-MANSA","region_name":"Mansa","state_id":"IN-PB","state_name":"Punjab"}},{"arcs":[[-1952,-1956,-1972,-1986,-1989,-1946]],"type":"Polygon","properties":{"region_id":"IN-PB-MOGA","region_name":"Moga","state_id":"IN-PB","state_name":"Punjab"}},{"arcs":[[-1025,1993,-1965,-1967,-1954,-1950]],"type":"Polygon","properties":{"region_id":"IN-PB-MUKTSAR","region_name":"Muktsar","state_id":"IN-PB","state_name":"Punjab"}},{"arcs":[[-1037,-1051,-1974,1994,-1116]],"type":"Polygon","properties":{"region_id":"IN-PB-PATHANKOT","region_name":"Pathankot","state_id":"IN-PB","state_name":"Punjab"}},{"arcs":[[-947,-1000,-991,-985,1995,-1959,1996]],"type":"Polygon","properties":{"region_id":"IN-PB-PATIALA","region_name":"Patiala","state_id":"IN-PB","state_name":"Punjab"}},{"arcs":[[-1032,-1074,1997,-1957,-1991,1998,-1977,-1075]],"type":"Polygon","properties":{"region_id":"IN-PB-RUPNAGAR","region_name":"Rupnagar","state_id":"IN-PB","state_name":"Punjab"}},{"arcs":[[-553,-1018,-948,-1997,-1958,-1998,-1073,-1015]],"type":"Polygon","properties":{"region_id":"IN-PB-SAHIBZADAAJITSINGHNAGAR","region_name":"Sahibzada Ajit Singh Nagar","state_id":"IN-PB","state_name":"Punjab"}},{"arcs":[[-1993,-1948,-1992,-1960,-1996,-984,-968]],"type":"Polygon","properties":{"region_id":"IN-PB-SANGRUR","region_name":"Sangrur","state_id":"IN-PB","state_name":"Punjab"}},{"arcs":[[-1978,-1999,-1990,-1984,-1988]],"type":"Polygon","properties":{"region_id":"IN-PB-SHAHIDBHAGATSINGHNAGAR","region_name":"Shahid Bhagat Singh Nagar","state_id":"IN-PB","state_name":"Punjab"}},{"arcs":[[-1942,-1987,-1969,1999]],"type":"Polygon","properties":{"region_id":"IN-PB-TARNTARAN","region_name":"Tarn Taran","state_id":"IN-PB","state_name":"Punjab"}},{"arcs":[[[2000,2001]],[[2002,2003,2004,2005,2006,2007]]],"type":"MultiPolygon","properties":{"region_id":"IN-RJ-AJMER","region_name":"Ajmer","state_id":"IN-RJ","state_name":"Rajasthan"}},{"arcs":[[-1002,-1022,-1009,2008,2009,2010]],"type":"Polygon","properties":{"region_id":"IN-RJ-ALWAR","region_name":"Alwar","state_id":"IN-RJ","state_name":"Rajasthan"}},{"arcs":[[-742,-900,2011,2012,-1571,-1539]],"type":"Polygon","properties":{"region_id":"IN-RJ-BANSWARA","region_name":"Banswara","state_id":"IN-RJ","state_name":"Rajasthan"}},{"arcs":[[-1523,2013,2014,-1594,-1598]],"type":"Polygon","properties":{"region_id":"IN-RJ-BARAN","region_name":"Baran","state_id":"IN-RJ","state_name":"Rajasthan"}},{"arcs":[[-806,2015,2016,2017,2018,2019]],"type":"Polygon","properties":{"region_id":"IN-RJ-BARMER","region_name":"Barmer","state_id":"IN-RJ","state_name":"Rajasthan"}},{"arcs":[[-1008,2020,2021,2022,2023,2024,-2009]],"type":"Polygon","properties":{"region_id":"IN-RJ-BHARATPUR","region_name":"Bharatpur","state_id":"IN-RJ","state_name":"Rajasthan"}},{"arcs":[[2025,-2008,2026,2027,2028,-1561,2029]],"type":"Polygon","properties":{"region_id":"IN-RJ-BHILWARA","region_name":"Bhilwara","state_id":"IN-RJ","state_name":"Rajasthan"}},{"arcs":[[2030,2031,2032,2033,2034,2035,2036]],"type":"Polygon","properties":{"region_id":"IN-RJ-BIKANER","region_name":"Bikaner","state_id":"IN-RJ","state_name":"Rajasthan"}},{"arcs":[[-2028,2037,2038,2039]],"type":"Polygon","properties":{"region_id":"IN-RJ-BUNDI","region_name":"Bundi","state_id":"IN-RJ","state_name":"Rajasthan"}},{"arcs":[[[-1560,2040,2041,2042,-2030]],[[-1562,-2029,-2040,2043,-1547]]],"type":"MultiPolygon","properties":{"region_id":"IN-RJ-CHITTAURGARH","region_name":"Chittaurgarh","state_id":"IN-RJ","state_name":"Rajasthan"}},{"arcs":[[-953,2044,2045,2046,-2037,2047]],"type":"Polygon","properties":{"region_id":"IN-RJ-CHURU","region_name":"Churu","state_id":"IN-RJ","state_name":"Rajasthan"}},{"arcs":[[-2010,-2025,2048,2049,2050,2051]],"type":"Polygon","properties":{"region_id":"IN-RJ-DAUSA","region_name":"Dausa","state_id":"IN-RJ","state_name":"Rajasthan"}},{"arcs":[[-1554,2052,-2023,2053]],"type":"Polygon","properties":{"region_id":"IN-RJ-DHAULPUR","region_name":"Dhaulpur","state_id":"IN-RJ","state_name":"Rajasthan"}},{"arcs":[[-703,2054,2055,-2012,-899]],"type":"Polygon","properties":{"region_id":"IN-RJ-DUNGARPUR","region_name":"Dungarpur","state_id":"IN-RJ","state_name":"Rajasthan"}},{"arcs":[[-1962,2056,-2035,2057]],"type":"Polygon","properties":{"region_id":"IN-RJ-GANGANAGAR","region_name":"Ganganagar","state_id":"IN-RJ","state_name":"Rajasthan"}},{"arcs":[[-954,-2048,-2036,-2057,-1966,-1994,-1024,-965,-976]],"type":"Polygon","properties":{"region_id":"IN-RJ-HANUMANGARH","region_name":"Hanumangarh","state_id":"IN-RJ","state_name":"Rajasthan"}},{"arcs":[[-1003,-2011,-2052,2058,-2006,2059,2060]],"type":"Polygon","properties":{"region_id":"IN-RJ-JAIPUR","region_name":"Jaipur","state_id":"IN-RJ","state_name":"Rajasthan"}},{"arcs":[[-2017,2061,-2033,2062]],"type":"Polygon","properties":{"region_id":"IN-RJ-JAISALMER","region_name":"Jaisalmer","state_id":"IN-RJ","state_name":"Rajasthan"}},{"arcs":[[-706,-807,-2020,2063,2064]],"type":"Polygon","properties":{"region_id":"IN-RJ-JALOR","region_name":"Jalor","state_id":"IN-RJ","state_name":"Rajasthan"}},{"arcs":[[-1432,-1573,-1549,2065,-2014,-1522,-1568]],"type":"Polygon","properties":{"region_id":"IN-RJ-JHALAWAR","region_name":"Jhalawar","state_id":"IN-RJ","state_name":"Rajasthan"}},{"arcs":[[-952,-1005,2066,-2045]],"type":"Polygon","properties":{"region_id":"IN-RJ-JHUNJHUNUN","region_name":"Jhunjhunun","state_id":"IN-RJ","state_name":"Rajasthan"}},{"arcs":[[-2018,-2063,-2032,2067,2068]],"type":"Polygon","properties":{"region_id":"IN-RJ-JODHPUR","region_name":"Jodhpur","state_id":"IN-RJ","state_name":"Rajasthan"}},{"arcs":[[-1597,2069,-2049,-2024,-2053,-1553]],"type":"Polygon","properties":{"region_id":"IN-RJ-KARAULI","region_name":"Karauli","state_id":"IN-RJ","state_name":"Rajasthan"}},{"arcs":[[-1548,-2044,-2039,2070,2071,-1595,-2015,-2066]],"type":"Polygon","properties":{"region_id":"IN-RJ-KOTA","region_name":"Kota","state_id":"IN-RJ","state_name":"Rajasthan"}},{"arcs":[[-2005,2072,-2068,-2031,-2047,2073,-2060]],"type":"Polygon","properties":{"region_id":"IN-RJ-NAGAUR","region_name":"Nagaur","state_id":"IN-RJ","state_name":"Rajasthan"}},{"arcs":[[-2064,-2019,-2069,-2073,-2004,2074,-2002,2075,2076,2077]],"type":"Polygon","properties":{"region_id":"IN-RJ-PALI","region_name":"Pali","state_id":"IN-RJ","state_name":"Rajasthan"}},{"arcs":[[-1545,-1572,-2013,-2056,2078,-2041,-1559]],"type":"Polygon","properties":{"region_id":"IN-RJ-PRATAPGARH","region_name":"Pratapgarh","state_id":"IN-RJ","state_name":"Rajasthan"}},{"arcs":[[-2001,-2075,-2003,-2026,-2043,2079,-2076]],"type":"Polygon","properties":{"region_id":"IN-RJ-RAJSAMAND","region_name":"Rajsamand","state_id":"IN-RJ","state_name":"Rajasthan"}},{"arcs":[[-1596,-2072,2080,-2050,-2070]],"type":"Polygon","properties":{"region_id":"IN-RJ-SAWAIMADHOPUR","region_name":"Sawai Madhopur","state_id":"IN-RJ","state_name":"Rajasthan"}},{"arcs":[[-1004,-2061,-2074,-2046,-2067]],"type":"Polygon","properties":{"region_id":"IN-RJ-SIKAR","region_name":"Sikar","state_id":"IN-RJ","state_name":"Rajasthan"}},{"arcs":[[-707,-2065,-2078,2081,-922]],"type":"Polygon","properties":{"region_id":"IN-RJ-SIROHI","region_name":"Sirohi","state_id":"IN-RJ","state_name":"Rajasthan"}},{"arcs":[[-2007,-2059,-2051,-2081,-2071,-2038,-2027]],"type":"Polygon","properties":{"region_id":"IN-RJ-TONK","region_name":"Tonk","state_id":"IN-RJ","state_name":"Rajasthan"}},{"arcs":[[-702,-923,-2082,-2077,-2080,-2042,-2079,-2055]],"type":"Polygon","properties":{"region_id":"IN-RJ-UDAIPUR","region_name":"Udaipur","state_id":"IN-RJ","state_name":"Rajasthan"}},{"arcs":[[2082,2083,2084,2085]],"type":"Polygon","properties":{"region_id":"IN-SK-EASTSIKKIM","region_name":"East Sikkim","state_id":"IN-SK","state_name":"Sikkim"}},{"arcs":[[-2085,2086,2087,2088]],"type":"Polygon","properties":{"region_id":"IN-SK-NORTHSIKKIM","region_name":"North Sikkim","state_id":"IN-SK","state_name":"Sikkim"}},{"arcs":[[-2084,2089,2090,-2087]],"type":"Polygon","properties":{"region_id":"IN-SK-SOUTHSIKKIM","region_name":"South Sikkim","state_id":"IN-SK","state_name":"Sikkim"}},{"arcs":[[-2088,-2091,2091,2092]],"type":"Polygon","properties":{"region_id":"IN-SK-WESTSIKKIM","region_name":"West Sikkim","state_id":"IN-SK","state_name":"Sikkim"}},{"arcs":[[2093,2094,2095,2096]],"type":"Polygon","properties":{"region_id":"IN-TN-ARIYALUR","region_name":"Ariyalur","state_id":"IN-TN","state_name":"Tamil Nadu"}},{"arcs":[[2097,2098,2099]],"type":"Polygon","properties":{"region_id":"IN-TN-CHENNAI","region_name":"Chennai","state_id":"IN-TN","state_name":"Tamil Nadu"}},{"arcs":[[-1359,-1404,-1397,2100,2101,2102]],"type":"Polygon","properties":{"region_id":"IN-TN-COIMBATORE","region_name":"Coimbatore","state_id":"IN-TN","state_name":"Tamil Nadu"}},{"arcs":[[-1937,2103,2104,2105,-2096,2106,2107]],"type":"Polygon","properties":{"region_id":"IN-TN-CUDDALORE","region_name":"Cuddalore","state_id":"IN-TN","state_name":"Tamil Nadu"}},{"arcs":[[-1248,2108,2109,2110,2111]],"type":"Polygon","properties":{"region_id":"IN-TN-DHARMAPURI","region_name":"Dharmapuri","state_id":"IN-TN","state_name":"Tamil Nadu"}},{"arcs":[[-1361,2112,2113,2114,2115,2116]],"type":"Polygon","properties":{"region_id":"IN-TN-DINDIGUL","region_name":"Dindigul","state_id":"IN-TN","state_name":"Tamil Nadu"}},{"arcs":[[-1249,2117,2118,2119,2120,-2102,2121]],"type":"Polygon","properties":{"region_id":"IN-TN-ERODE","region_name":"Erode","state_id":"IN-TN","state_name":"Tamil Nadu"}},{"arcs":[[[-2100,2122,2123,2124,2125,2126]],[[2127]],[[2128]],[[2129]]],"type":"MultiPolygon","properties":{"region_id":"IN-TN-KANCHEEPURAM","region_name":"Kancheepuram","state_id":"IN-TN","state_name":"Tamil Nadu"}},{"arcs":[[[-1401,2130,2131]],[[2132]]],"type":"MultiPolygon","properties":{"region_id":"IN-TN-KANNIYAKUMARI","region_name":"Kanniyakumari","state_id":"IN-TN","state_name":"Tamil Nadu"}},{"arcs":[[-2114,2133,-2120,2134,2135]],"type":"Polygon","properties":{"region_id":"IN-TN-KARUR","region_name":"Karur","state_id":"IN-TN","state_name":"Tamil Nadu"}},{"arcs":[[-197,2136,2137,-2109,-1247,-1298,-1210,-1217,-1290]],"type":"Polygon","properties":{"region_id":"IN-TN-KRISHNAGIRI","region_name":"Krishnagiri","state_id":"IN-TN","state_name":"Tamil Nadu"}},{"arcs":[[-2116,2138,2139,2140,2141]],"type":"Polygon","properties":{"region_id":"IN-TN-MADURAI","region_name":"Madurai","state_id":"IN-TN","state_name":"Tamil Nadu"}},{"arcs":[[[-1932,2142,2143]],[[-1934,2144,2145,-2105,2146]]],"type":"MultiPolygon","properties":{"region_id":"IN-TN-NAGAPPATTINAM","region_name":"Nagappattinam","state_id":"IN-TN","state_name":"Tamil Nadu"}},{"arcs":[[-2119,2147,2148,-2135]],"type":"Polygon","properties":{"region_id":"IN-TN-NAMAKKAL","region_name":"Namakkal","state_id":"IN-TN","state_name":"Tamil Nadu"}},{"arcs":[[-2095,2149,2150,2151,-2107]],"type":"Polygon","properties":{"region_id":"IN-TN-PERAMBALUR","region_name":"Perambalur","state_id":"IN-TN","state_name":"Tamil Nadu"}},{"arcs":[[2152,2153,2154,2155,2156]],"type":"Polygon","properties":{"region_id":"IN-TN-PUDUKKOTTAI","region_name":"Pudukkottai","state_id":"IN-TN","state_name":"Tamil Nadu"}},{"arcs":[[[2157]],[[-2156,2158,2159,2160,2161]],[[2162]],[[2163]],[[2164]],[[2165]],[[2166]],[[2167]],[[2169,2170]],[[2172]],[[2173]],[[2174]],[[2175]],[[2176]],[[2177]],[[2178]],[[2179]],[[2180]]],"type":"MultiPolygon","properties":{"region_id":"IN-TN-RAMANATHAPURAM","region_name":"Ramanathapuram","state_id":"IN-TN","state_name":"Tamil Nadu"}},{"arcs":[[-2112,2181,-2151,2182,-2148,-2118]],"type":"Polygon","properties":{"region_id":"IN-TN-SALEM","region_name":"Salem","state_id":"IN-TN","state_name":"Tamil Nadu"}},{"arcs":[[-2140,2183,-2157,-2162,2184]],"type":"Polygon","properties":{"region_id":"IN-TN-SIVAGANGA","region_name":"Sivaganga","state_id":"IN-TN","state_name":"Tamil Nadu"}},{"arcs":[[-2097,-2106,-2146,2185,2186,-2154,2187]],"type":"Polygon","properties":{"region_id":"IN-TN-THANJAVUR","region_name":"Thanjavur","state_id":"IN-TN","state_name":"Tamil Nadu"}},{"arcs":[[-1242,-2122,-2101,-1396,-1392,-1405]],"type":"Polygon","properties":{"region_id":"IN-TN-THENILGIRIS","region_name":"The Nilgiris","state_id":"IN-TN","state_name":"Tamil Nadu"}},{"arcs":[[-1362,-2117,-2142,2188]],"type":"Polygon","properties":{"region_id":"IN-TN-THENI","region_name":"Theni","state_id":"IN-TN","state_name":"Tamil Nadu"}},{"arcs":[[[-195,-235,2189,-2098,-2127,2190]],[[2191]],[[2192]],[[2193]],[[2194]],[[2195]]],"type":"MultiPolygon","properties":{"region_id":"IN-TN-THIRUVALLUR","region_name":"Thiruvallur","state_id":"IN-TN","state_name":"Tamil Nadu"}},{"arcs":[[[-1933,-2144,2196,-2186,-2145]],[[2197]],[[2198]],[[2199]],[[2200]],[[2201]],[[2202]],[[2203]],[[2204]],[[2205]],[[2206]],[[2207]],[[2208]],[[2209]],[[2210]]],"type":"MultiPolygon","properties":{"region_id":"IN-TN-THIRUVARUR","region_name":"Thiruvarur","state_id":"IN-TN","state_name":"Tamil Nadu"}},{"arcs":[[[-2160,2211,2212,2213]],[[2214]],[[2215]],[[2216]],[[2217]],[[2218]],[[2219]],[[2220]],[[2221]]],"type":"MultiPolygon","properties":{"region_id":"IN-TN-THOOTHUKKUDI","region_name":"Thoothukkudi","state_id":"IN-TN","state_name":"Tamil Nadu"}},{"arcs":[[-2094,-2188,-2153,-2184,-2139,-2115,-2136,-2149,-2183,-2150]],"type":"Polygon","properties":{"region_id":"IN-TN-TIRUCHIRAPPALLI","region_name":"Tiruchirappalli","state_id":"IN-TN","state_name":"Tamil Nadu"}},{"arcs":[[-1364,2222,-2213,2223,-2131,-1400,-1379,-1399]],"type":"Polygon","properties":{"region_id":"IN-TN-TIRUNELVELI","region_name":"Tirunelveli","state_id":"IN-TN","state_name":"Tamil Nadu"}},{"arcs":[[-1360,-2103,-2121,-2134,-2113]],"type":"Polygon","properties":{"region_id":"IN-TN-TIRUPPUR","region_name":"Tiruppur","state_id":"IN-TN","state_name":"Tamil Nadu"}},{"arcs":[[-2110,-2138,2224,-2125,2225]],"type":"Polygon","properties":{"region_id":"IN-TN-TIRUVANNAMALAI","region_name":"Tiruvannamalai","state_id":"IN-TN","state_name":"Tamil Nadu"}},{"arcs":[[-196,-2191,-2126,-2225,-2137]],"type":"Polygon","properties":{"region_id":"IN-TN-VELLORE","region_name":"Vellore","state_id":"IN-TN","state_name":"Tamil Nadu"}},{"arcs":[[-2108,-2152,-2182,-2111,-2226,-2124,2226,-1938]],"type":"Polygon","properties":{"region_id":"IN-TN-VILUPPURAM","region_name":"Viluppuram","state_id":"IN-TN","state_name":"Tamil Nadu"}},{"arcs":[[-1363,-2189,-2141,-2185,-2161,-2214,-2223]],"type":"Polygon","properties":{"region_id":"IN-TN-VIRUDUNAGAR","region_name":"Virudunagar","state_id":"IN-TN","state_name":"Tamil Nadu"}},{"arcs":[[-1640,-1648,2228,2229,-1674,-1716]],"type":"Polygon","properties":{"region_id":"IN-TG-ADILABAD","region_name":"Adilabad","state_id":"IN-TG","state_name":"Telangana"}},{"arcs":[[2230]],"type":"Polygon","properties":{"region_id":"IN-TG-HYDERABAD","region_name":"Hyderabad","state_id":"IN-TG","state_name":"Telangana"}},{"arcs":[[-589,2231,2232,2233,-2229,-1647]],"type":"Polygon","properties":{"region_id":"IN-TG-KARIMNAGAR","region_name":"Karimnagar","state_id":"IN-TG","state_name":"Telangana"}},{"arcs":[[-204,-257,-221,2234,2235,-587,-654,-1921]],"type":"Polygon","properties":{"region_id":"IN-TG-KHAMMAM","region_name":"Khammam","state_id":"IN-TG","state_name":"Telangana"}},{"arcs":[[-214,-243,-229,-1297,-1327,-1276,2236,2237]],"type":"Polygon","properties":{"region_id":"IN-TG-MAHBUBNAGAR","region_name":"Mahbubnagar","state_id":"IN-TG","state_name":"Telangana"}},{"arcs":[[-1236,2238,-2233,2239,2240,2241,-1274]],"type":"Polygon","properties":{"region_id":"IN-TG-MEDAK","region_name":"Medak","state_id":"IN-TG","state_name":"Telangana"}},{"arcs":[[-215,-2238,2242,-2241,2243,-2235,-220]],"type":"Polygon","properties":{"region_id":"IN-TG-NALGONDA","region_name":"Nalgonda","state_id":"IN-TG","state_name":"Telangana"}},{"arcs":[[-1235,-1675,-2230,-2234,-2239]],"type":"Polygon","properties":{"region_id":"IN-TG-NIZAMABAD","region_name":"Nizamabad","state_id":"IN-TG","state_name":"Telangana"}},{"arcs":[[-1275,-2242,-2243,-2237],[-2231]],"type":"Polygon","properties":{"region_id":"IN-TG-RANGAREDDY","region_name":"Ranga Reddy","state_id":"IN-TG","state_name":"Telangana"}},{"arcs":[[-588,-2236,-2244,-2240,-2232]],"type":"Polygon","properties":{"region_id":"IN-TG-WARANGAL","region_name":"Warangal","state_id":"IN-TG","state_name":"Telangana"}},{"arcs":[[2244,2245,2246,2247,2248,2249]],"type":"Polygon","properties":{"region_id":"IN-TR-DHALAI","region_name":"Dhalai","state_id":"IN-TR","state_name":"Tripura"}},{"arcs":[[-2245,2250,2251,2252,2253]],"type":"Polygon","properties":{"region_id":"IN-TR-GOMATI","region_name":"Gomati","state_id":"IN-TR","state_name":"Tripura"}},{"arcs":[[-2246,-2254,2254,2255,2256]],"type":"Polygon","properties":{"region_id":"IN-TR-KHOWAI","region_name":"Khowai","state_id":"IN-TR","state_name":"Tripura"}},{"arcs":[[-402,-1786,2257,-2249,2258,2259]],"type":"Polygon","properties":{"region_id":"IN-TR-NORTHTRIPURA","region_name":"North Tripura","state_id":"IN-TR","state_name":"Tripura"}},{"arcs":[[-2253,2260,2261,2262,-2255]],"type":"Polygon","properties":{"region_id":"IN-TR-SIPAHIJALA","region_name":"Sipahijala","state_id":"IN-TR","state_name":"Tripura"}},{"arcs":[[[-2252,2263,-2261]],[[2264]]],"type":"MultiPolygon","properties":{"region_id":"IN-TR-SOUTHTRIPURA","region_name":"South Tripura","state_id":"IN-TR","state_name":"Tripura"}},{"arcs":[[-2248,2265,-2259]],"type":"Polygon","properties":{"region_id":"IN-TR-UNOKOTI","region_name":"Unokoti","state_id":"IN-TR","state_name":"Tripura"}},{"arcs":[[-2256,-2263,2266]],"type":"Polygon","properties":{"region_id":"IN-TR-WESTTRIPURA","region_name":"West Tripura","state_id":"IN-TR","state_name":"Tripura"}},{"arcs":[[-1466,-1555,-2054,-2022,2267,2268,2269,2270,2271]],"type":"Polygon","properties":{"region_id":"IN-UP-AGRA","region_name":"Agra","state_id":"IN-UP","state_name":"Uttar Pradesh"}},{"arcs":[[-1013,2272,2273,2274,2275,2276,2277,2278]],"type":"Polygon","properties":{"region_id":"IN-UP-ALIGARH","region_name":"Aligarh","state_id":"IN-UP","state_name":"Uttar Pradesh"}},{"arcs":[[-1577,2279,2280,2281,2282,2283,2284]],"type":"Polygon","properties":{"region_id":"IN-UP-ALLAHABAD","region_name":"Allahabad","state_id":"IN-UP","state_name":"Uttar Pradesh"}},{"arcs":[[2285,2286,2287,2288,2289,2290]],"type":"Polygon","properties":{"region_id":"IN-UP-AMBEDKARNAGAR","region_name":"Ambedkar Nagar","state_id":"IN-UP","state_name":"Uttar Pradesh"}},{"arcs":[[2291,2292,2293,2294,2295]],"type":"Polygon","properties":{"region_id":"IN-UP-AMETHI","region_name":"Amethi","state_id":"IN-UP","state_name":"Uttar Pradesh"}},{"arcs":[[2296,2297,2298,2299,2300,2301]],"type":"Polygon","properties":{"region_id":"IN-UP-AMROHA","region_name":"Amroha","state_id":"IN-UP","state_name":"Uttar Pradesh"}},{"arcs":[[-1468,2302,2303,2304,2305]],"type":"Polygon","properties":{"region_id":"IN-UP-AURAIYA","region_name":"Auraiya","state_id":"IN-UP","state_name":"Uttar Pradesh"}},{"arcs":[[-2291,2306,2307,2308,2309,2310]],"type":"Polygon","properties":{"region_id":"IN-UP-AZAMGARH","region_name":"Azamgarh","state_id":"IN-UP","state_name":"Uttar Pradesh"}},{"arcs":[[-1020,2311,2312,2313,2314,-1812,-1028]],"type":"Polygon","properties":{"region_id":"IN-UP-BAGHPAT","region_name":"Baghpat","state_id":"IN-UP","state_name":"Uttar Pradesh"}},{"arcs":[[[2315,2316,2317,2318,2319,2320]],[[2321,2322]]],"type":"MultiPolygon","properties":{"region_id":"IN-UP-BAHRAICH","region_name":"Bahraich","state_id":"IN-UP","state_name":"Uttar Pradesh"}},{"arcs":[[-451,-457,2323,2324,2325,-549,-542]],"type":"Polygon","properties":{"region_id":"IN-UP-BALLIA","region_name":"Ballia","state_id":"IN-UP","state_name":"Uttar Pradesh"}},{"arcs":[[2326,2327,2328,2329]],"type":"Polygon","properties":{"region_id":"IN-UP-BALRAMPUR","region_name":"Balrampur","state_id":"IN-UP","state_name":"Uttar Pradesh"}},{"arcs":[[-1486,2330,2331,2332,2333,-1583,-1563]],"type":"Polygon","properties":{"region_id":"IN-UP-BANDA","region_name":"Banda","state_id":"IN-UP","state_name":"Uttar Pradesh"}},{"arcs":[[-2293,2334,2335,2336,-2317,2337,2338]],"type":"Polygon","properties":{"region_id":"IN-UP-BARABANKI","region_name":"Barabanki","state_id":"IN-UP","state_name":"Uttar Pradesh"}},{"arcs":[[2339,2340,2341,2342,2343]],"type":"Polygon","properties":{"region_id":"IN-UP-BAREILLY","region_name":"Bareilly","state_id":"IN-UP","state_name":"Uttar Pradesh"}},{"arcs":[[2344,2345,2346,-2288,2347]],"type":"Polygon","properties":{"region_id":"IN-UP-BASTI","region_name":"Basti","state_id":"IN-UP","state_name":"Uttar Pradesh"}},{"arcs":[[-2299,2348,2349,2350,2351,2352,2353,2354]],"type":"Polygon","properties":{"region_id":"IN-UP-BIJNOR","region_name":"Bijnor","state_id":"IN-UP","state_name":"Uttar Pradesh"}},{"arcs":[[-2276,2355,2356,-2341,2357,2358,2359]],"type":"Polygon","properties":{"region_id":"IN-UP-BUDAUN","region_name":"Budaun","state_id":"IN-UP","state_name":"Uttar Pradesh"}},{"arcs":[[-2274,2360,2361,-2302,2362]],"type":"Polygon","properties":{"region_id":"IN-UP-BULANDSHAHR","region_name":"Bulandshahr","state_id":"IN-UP","state_name":"Uttar Pradesh"}},{"arcs":[[-486,2363,2364,2365,2366]],"type":"Polygon","properties":{"region_id":"IN-UP-CHANDAULI","region_name":"Chandauli","state_id":"IN-UP","state_name":"Uttar Pradesh"}},{"arcs":[[-1576,-1584,-2334,2367,2368,-2280]],"type":"Polygon","properties":{"region_id":"IN-UP-CHITRAKOOT","region_name":"Chitrakoot","state_id":"IN-UP","state_name":"Uttar Pradesh"}},{"arcs":[[-2326,2369,2370,2371,-472,-550]],"type":"Polygon","properties":{"region_id":"IN-UP-DEORIA","region_name":"Deoria","state_id":"IN-UP","state_name":"Uttar Pradesh"}},{"arcs":[[2372,2373,2374,2375,2376]],"type":"Polygon","properties":{"region_id":"IN-UP-ETAH","region_name":"Etah","state_id":"IN-UP","state_name":"Uttar Pradesh"}},{"arcs":[[-1467,-2272,2377,2378,2379,-2303]],"type":"Polygon","properties":{"region_id":"IN-UP-ETAWAH","region_name":"Etawah","state_id":"IN-UP","state_name":"Uttar Pradesh"}},{"arcs":[[-2287,2380,-2294,-2339,2381,-2348]],"type":"Polygon","properties":{"region_id":"IN-UP-FAIZABAD","region_name":"Faizabad","state_id":"IN-UP","state_name":"Uttar Pradesh"}},{"arcs":[[-2359,2382,2383,2384,2385,-2375,2386]],"type":"Polygon","properties":{"region_id":"IN-UP-FARRUKHABAD","region_name":"Farrukhabad","state_id":"IN-UP","state_name":"Uttar Pradesh"}},{"arcs":[[-2333,2387,2388,2389,2390,2391,-2368]],"type":"Polygon","properties":{"region_id":"IN-UP-FATEHPUR","region_name":"Fatehpur","state_id":"IN-UP","state_name":"Uttar Pradesh"}},{"arcs":[[-2271,2392,2393,-2377,2394,-2378]],"type":"Polygon","properties":{"region_id":"IN-UP-FIROZABAD","region_name":"Firozabad","state_id":"IN-UP","state_name":"Uttar Pradesh"}},{"arcs":[[-963,-1814,2395,2396,-2361,-2273,-1012]],"type":"Polygon","properties":{"region_id":"IN-UP-GAUTAMBUDDHANAGAR","region_name":"Gautam Buddha Nagar","state_id":"IN-UP","state_name":"Uttar Pradesh"}},{"arcs":[[-1813,-2315,2397,2398,-2396]],"type":"Polygon","properties":{"region_id":"IN-UP-GHAZIABAD","region_name":"Ghaziabad","state_id":"IN-UP","state_name":"Uttar Pradesh"}},{"arcs":[[-456,-487,-2367,2399,2400,-2309,2401,-2324]],"type":"Polygon","properties":{"region_id":"IN-UP-GHAZIPUR","region_name":"Ghazipur","state_id":"IN-UP","state_name":"Uttar Pradesh"}},{"arcs":[[-2316,2402,-2328,2403,-2345,-2382,-2338]],"type":"Polygon","properties":{"region_id":"IN-UP-GONDA","region_name":"Gonda","state_id":"IN-UP","state_name":"Uttar Pradesh"}},{"arcs":[[-2290,2404,2405,2406,-2371,2407,-2307]],"type":"Polygon","properties":{"region_id":"IN-UP-GORAKHPUR","region_name":"Gorakhpur","state_id":"IN-UP","state_name":"Uttar Pradesh"}},{"arcs":[[-2332,2408,2409,2410,2411,2412,-2388]],"type":"Polygon","properties":{"region_id":"IN-UP-HAMIRPUR","region_name":"Hamirpur","state_id":"IN-UP","state_name":"Uttar Pradesh"}},{"arcs":[[-2297,-2362,-2397,-2399,2413]],"type":"Polygon","properties":{"region_id":"IN-UP-HAPUR","region_name":"Hapur","state_id":"IN-UP","state_name":"Uttar Pradesh"}},{"arcs":[[2414,2415,2416,2417,2418,2419,-2384,2420]],"type":"Polygon","properties":{"region_id":"IN-UP-HARDOI","region_name":"Hardoi","state_id":"IN-UP","state_name":"Uttar Pradesh"}},{"arcs":[[-2278,2421,-2373,-2394,2422,-2269,2423]],"type":"Polygon","properties":{"region_id":"IN-UP-HATHRAS","region_name":"Hathras","state_id":"IN-UP","state_name":"Uttar Pradesh"}},{"arcs":[[-2306,2424,-2411,2425,-1469]],"type":"Polygon","properties":{"region_id":"IN-UP-JALAUN","region_name":"Jalaun","state_id":"IN-UP","state_name":"Uttar Pradesh"}},{"arcs":[[-2283,2426,2427,-2310,-2401,2428,2429]],"type":"Polygon","properties":{"region_id":"IN-UP-JAUNPUR","region_name":"Jaunpur","state_id":"IN-UP","state_name":"Uttar Pradesh"}},{"arcs":[[-2426,-2410,2430,-1484,-1605,2431,-1599,-1498,-1462]],"type":"Polygon","properties":{"region_id":"IN-UP-JHANSI","region_name":"Jhansi","state_id":"IN-UP","state_name":"Uttar Pradesh"}},{"arcs":[[-2304,-2380,2432,-2385,-2420,2433,2434]],"type":"Polygon","properties":{"region_id":"IN-UP-KANNAUJ","region_name":"Kannauj","state_id":"IN-UP","state_name":"Uttar Pradesh"}},{"arcs":[[-2305,-2435,2435,-2412,-2425]],"type":"Polygon","properties":{"region_id":"IN-UP-KANPURDEHAT","region_name":"Kanpur Dehat","state_id":"IN-UP","state_name":"Uttar Pradesh"}},{"arcs":[[-2389,-2413,-2436,-2434,-2419,2436]],"type":"Polygon","properties":{"region_id":"IN-UP-KANPURNAGAR","region_name":"Kanpur Nagar","state_id":"IN-UP","state_name":"Uttar Pradesh"}},{"arcs":[[-2277,-2360,-2387,-2374,-2422]],"type":"Polygon","properties":{"region_id":"IN-UP-KASGANJ","region_name":"Kasganj","state_id":"IN-UP","state_name":"Uttar Pradesh"}},{"arcs":[[-2281,-2369,-2392,2437]],"type":"Polygon","properties":{"region_id":"IN-UP-KAUSHAMBI","region_name":"Kaushambi","state_id":"IN-UP","state_name":"Uttar Pradesh"}},{"arcs":[[-525,-473,-2372,-2407,2438]],"type":"Polygon","properties":{"region_id":"IN-UP-KUSHINAGAR","region_name":"Kushinagar","state_id":"IN-UP","state_name":"Uttar Pradesh"}},{"arcs":[[-2319,2439,-2415,2440,2441,2442]],"type":"Polygon","properties":{"region_id":"IN-UP-LAKHIMPURKHERI","region_name":"Lakhimpur Kheri","state_id":"IN-UP","state_name":"Uttar Pradesh"}},{"arcs":[[-1444,-1600,-2432,-1604,-1482,-1581]],"type":"Polygon","properties":{"region_id":"IN-UP-LALITPUR","region_name":"Lalitpur","state_id":"IN-UP","state_name":"Uttar Pradesh"}},{"arcs":[[-2336,2443,2444,-2417,2445]],"type":"Polygon","properties":{"region_id":"IN-UP-LUCKNOW","region_name":"Lucknow","state_id":"IN-UP","state_name":"Uttar Pradesh"}},{"arcs":[[-526,-2439,-2406,2446,2447,2448]],"type":"Polygon","properties":{"region_id":"IN-UP-MAHARAJGANJ","region_name":"Maharajganj","state_id":"IN-UP","state_name":"Uttar Pradesh"}},{"arcs":[[-1485,-2431,-2409,-2331]],"type":"Polygon","properties":{"region_id":"IN-UP-MAHOBA","region_name":"Mahoba","state_id":"IN-UP","state_name":"Uttar Pradesh"}},{"arcs":[[-2386,-2433,-2379,-2395,-2376]],"type":"Polygon","properties":{"region_id":"IN-UP-MAINPURI","region_name":"Mainpuri","state_id":"IN-UP","state_name":"Uttar Pradesh"}},{"arcs":[[[-2393,-2270,-2423]],[[-1007,-1014,-2279,-2424,-2268,-2021]]],"type":"MultiPolygon","properties":{"region_id":"IN-UP-MATHURA","region_name":"Mathura","state_id":"IN-UP","state_name":"Uttar Pradesh"}},{"arcs":[[-2308,-2408,-2370,-2325,-2402]],"type":"Polygon","properties":{"region_id":"IN-UP-MAU","region_name":"Mau","state_id":"IN-UP","state_name":"Uttar Pradesh"}},{"arcs":[[-2414,-2398,-2314,2449,-2349,-2298]],"type":"Polygon","properties":{"region_id":"IN-UP-MEERUT","region_name":"Meerut","state_id":"IN-UP","state_name":"Uttar Pradesh"}},{"arcs":[[-1578,-2285,2450,2451,-2365,2452,-1602]],"type":"Polygon","properties":{"region_id":"IN-UP-MIRZAPUR","region_name":"Mirzapur","state_id":"IN-UP","state_name":"Uttar Pradesh"}},{"arcs":[[-2300,-2355,2453,2454,2455]],"type":"Polygon","properties":{"region_id":"IN-UP-MORADABAD","region_name":"Moradabad","state_id":"IN-UP","state_name":"Uttar Pradesh"}},{"arcs":[[-2313,2456,2457,2458,-2350,-2450]],"type":"Polygon","properties":{"region_id":"IN-UP-MUZAFFARNAGAR","region_name":"Muzaffarnagar","state_id":"IN-UP","state_name":"Uttar Pradesh"}},{"arcs":[[-2344,2459,2460,-2442,2461]],"type":"Polygon","properties":{"region_id":"IN-UP-PILIBHIT","region_name":"Pilibhit","state_id":"IN-UP","state_name":"Uttar Pradesh"}},{"arcs":[[-2282,-2438,2462,-2296,2463,-2427]],"type":"Polygon","properties":{"region_id":"IN-UP-PRATAPGARH","region_name":"Pratapgarh","state_id":"IN-UP","state_name":"Uttar Pradesh"}},{"arcs":[[-2292,-2463,-2391,2464,-2444,-2335]],"type":"Polygon","properties":{"region_id":"IN-UP-RAEBARELI","region_name":"Rae Bareli","state_id":"IN-UP","state_name":"Uttar Pradesh"}},{"arcs":[[-2342,-2357,2465,-2455,2466]],"type":"Polygon","properties":{"region_id":"IN-UP-RAMPUR","region_name":"Rampur","state_id":"IN-UP","state_name":"Uttar Pradesh"}},{"arcs":[[-995,-999,-1031,-1072,2467,2468,-2458,2469]],"type":"Polygon","properties":{"region_id":"IN-UP-SAHARANPUR","region_name":"Saharanpur","state_id":"IN-UP","state_name":"Uttar Pradesh"}},{"arcs":[[-2275,-2363,-2301,-2456,-2466,-2356]],"type":"Polygon","properties":{"region_id":"IN-UP-SAMBHAL","region_name":"Sambhal","state_id":"IN-UP","state_name":"Uttar Pradesh"}},{"arcs":[[-2289,-2347,2470,-2447,-2405]],"type":"Polygon","properties":{"region_id":"IN-UP-SANTKABIRNAGAR","region_name":"Sant Kabir Nagar","state_id":"IN-UP","state_name":"Uttar Pradesh"}},{"arcs":[[-2284,-2430,2471,-2451]],"type":"Polygon","properties":{"region_id":"IN-UP-SANTRAVIDASNAGAR","region_name":"Sant Ravi Das Nagar","state_id":"IN-UP","state_name":"Uttar Pradesh"}},{"arcs":[[-2340,-2462,-2441,-2421,-2383,-2358]],"type":"Polygon","properties":{"region_id":"IN-UP-SHAHJAHANPUR","region_name":"Shahjahanpur","state_id":"IN-UP","state_name":"Uttar Pradesh"}},{"arcs":[[-996,-2470,-2457,-2312,-1019]],"type":"Polygon","properties":{"region_id":"IN-UP-SHAMLI","region_name":"Shamli","state_id":"IN-UP","state_name":"Uttar Pradesh"}},{"arcs":[[-2321,2472,-2323,2473,-2329,-2403]],"type":"Polygon","properties":{"region_id":"IN-UP-SHRAVASTI","region_name":"Shravasti","state_id":"IN-UP","state_name":"Uttar Pradesh"}},{"arcs":[[-2327,2474,-2448,-2471,-2346,-2404]],"type":"Polygon","properties":{"region_id":"IN-UP-SIDDHARTHNAGAR","region_name":"Siddharth Nagar","state_id":"IN-UP","state_name":"Uttar Pradesh"}},{"arcs":[[-2318,-2337,-2446,-2416,-2440]],"type":"Polygon","properties":{"region_id":"IN-UP-SITAPUR","region_name":"Sitapur","state_id":"IN-UP","state_name":"Uttar Pradesh"}},{"arcs":[[-485,-538,-1160,-567,-1603,-2453,-2364]],"type":"Polygon","properties":{"region_id":"IN-UP-SONBHADRA","region_name":"Sonbhadra","state_id":"IN-UP","state_name":"Uttar Pradesh"}},{"arcs":[[-2311,-2428,-2464,-2295,-2381,-2286]],"type":"Polygon","properties":{"region_id":"IN-UP-SULTANPUR","region_name":"Sultanpur","state_id":"IN-UP","state_name":"Uttar Pradesh"}},{"arcs":[[-2390,-2437,-2418,-2445,-2465]],"type":"Polygon","properties":{"region_id":"IN-UP-UNNAO","region_name":"Unnao","state_id":"IN-UP","state_name":"Uttar Pradesh"}},{"arcs":[[-2366,-2452,-2472,-2429,-2400]],"type":"Polygon","properties":{"region_id":"IN-UP-VARANASI","region_name":"Varanasi","state_id":"IN-UP","state_name":"Uttar Pradesh"}},{"arcs":[[2475,2476,2477,2478,2479,2480]],"type":"Polygon","properties":{"region_id":"IN-UT-ALMORA","region_name":"Almora","state_id":"IN-UT","state_name":"Uttarakhand"}},{"arcs":[[-2481,2481,2482]],"type":"Polygon","properties":{"region_id":"IN-UT-BAGESHWAR","region_name":"Bageshwar","state_id":"IN-UT","state_name":"Uttarakhand"}},{"arcs":[[-2480,2483,2484,2485,2486,2487,-2482]],"type":"Polygon","properties":{"region_id":"IN-UT-CHAMOLI","region_name":"Chamoli","state_id":"IN-UT","state_name":"Uttarakhand"}},{"arcs":[[-2477,2488,2489,2490,2491]],"type":"Polygon","properties":{"region_id":"IN-UT-CHAMPAWAT","region_name":"Champawat","state_id":"IN-UT","state_name":"Uttarakhand"}},{"arcs":[[-1067,2492,2493,2494,2495,-2468,-1071]],"type":"Polygon","properties":{"region_id":"IN-UT-DEHRADUN","region_name":"Dehradun","state_id":"IN-UT","state_name":"Uttarakhand"}},{"arcs":[[-2352,2496,-2495,2497,2498,-2484,-2479,2499]],"type":"Polygon","properties":{"region_id":"IN-UT-GARHWAL","region_name":"Garhwal","state_id":"IN-UT","state_name":"Uttarakhand"}},{"arcs":[[-2351,-2459,-2469,-2496,-2497]],"type":"Polygon","properties":{"region_id":"IN-UT-HARDWAR","region_name":"Hardwar","state_id":"IN-UT","state_name":"Uttarakhand"}},{"arcs":[[-2353,-2500,-2478,-2492,2500]],"type":"Polygon","properties":{"region_id":"IN-UT-NAINITAL","region_name":"Nainital","state_id":"IN-UT","state_name":"Uttarakhand"}},{"arcs":[[-2476,-2483,-2488,2501,-2489]],"type":"Polygon","properties":{"region_id":"IN-UT-PITHORAGARH","region_name":"Pithoragarh","state_id":"IN-UT","state_name":"Uttarakhand"}},{"arcs":[[-2485,-2499,2502,2503]],"type":"Polygon","properties":{"region_id":"IN-UT-RUDRAPRAYAG","region_name":"Rudraprayag","state_id":"IN-UT","state_name":"Uttarakhand"}},{"arcs":[[-2503,-2498,-2494,2504]],"type":"Polygon","properties":{"region_id":"IN-UT-TEHRIGARHWAL","region_name":"Tehri Garhwal","state_id":"IN-UT","state_name":"Uttarakhand"}},{"arcs":[[-2343,-2467,-2454,-2354,-2501,-2491,2505,-2460]],"type":"Polygon","properties":{"region_id":"IN-UT-UDHAMSINGHNAGAR","region_name":"Udham Singh Nagar","state_id":"IN-UT","state_name":"Uttarakhand"}},{"arcs":[[-1052,2506,-2486,-2504,-2505,-2493,-1066]],"type":"Polygon","properties":{"region_id":"IN-UT-UTTARKASHI","region_name":"Uttarkashi","state_id":"IN-UT","state_name":"Uttarakhand"}},{"arcs":[[-405,2507,2508,2509]],"type":"Polygon","properties":{"region_id":"IN-WB-ALIPURDUAR","region_name":"Alipurduar","state_id":"IN-WB","state_name":"West Bengal"}},{"arcs":[[2510,2511,2512,2513]],"type":"Polygon","properties":{"region_id":"IN-WB-BANKURA","region_name":"Bankura","state_id":"IN-WB","state_name":"West Bengal"}},{"arcs":[[-1152,-1175,2514,2515,2516,2517,-2514,2518]],"type":"Polygon","properties":{"region_id":"IN-WB-BARDDHAMAN","region_name":"Barddhaman","state_id":"IN-WB","state_name":"West Bengal"}},{"arcs":[[-1156,-1186,2519,-2515,-1174]],"type":"Polygon","properties":{"region_id":"IN-WB-BIRBHUM","region_name":"Birbhum","state_id":"IN-WB","state_name":"West Bengal"}},{"arcs":[[2520,2521,2522]],"type":"Polygon","properties":{"region_id":"IN-WB-DAKSHINDINAJPUR","region_name":"Dakshin Dinajpur","state_id":"IN-WB","state_name":"West Bengal"}},{"arcs":[[-497,2523,-2092,-2090,-2083,2524,2525,2526,2527]],"type":"Polygon","properties":{"region_id":"IN-WB-DARJILING","region_name":"Darjiling","state_id":"IN-WB","state_name":"West Bengal"}},{"arcs":[[2528,2529,2530,2531,2532,2533,2534]],"type":"Polygon","properties":{"region_id":"IN-WB-HAORA","region_name":"Haora","state_id":"IN-WB","state_name":"West Bengal"}},{"arcs":[[-2511,-2518,2535,2536,-2532,2537]],"type":"Polygon","properties":{"region_id":"IN-WB-HUGLI","region_name":"Hugli","state_id":"IN-WB","state_name":"West Bengal"}},{"arcs":[[-2509,2538,2539,-2526,2540]],"type":"Polygon","properties":{"region_id":"IN-WB-JALPAIGURI","region_name":"Jalpaiguri","state_id":"IN-WB","state_name":"West Bengal"}},{"arcs":[[[-356,2541,-2539,-2508,-404]],[[2542]],[[2543]]],"type":"MultiPolygon","properties":{"region_id":"IN-WB-KOCHBIHAR","region_name":"Koch Bihar","state_id":"IN-WB","state_name":"West Bengal"}},{"arcs":[[-2534,2544,2545]],"type":"Polygon","properties":{"region_id":"IN-WB-KOLKATA","region_name":"Kolkata","state_id":"IN-WB","state_name":"West Bengal"}},{"arcs":[[-490,2546,-2521,2547,2548,-1200]],"type":"Polygon","properties":{"region_id":"IN-WB-MALDAH","region_name":"Maldah","state_id":"IN-WB","state_name":"West Bengal"}},{"arcs":[[-1185,-1201,-2549,2549,2550,-2516,-2520]],"type":"Polygon","properties":{"region_id":"IN-WB-MURSHIDABAD","region_name":"Murshidabad","state_id":"IN-WB","state_name":"West Bengal"}},{"arcs":[[-2536,-2517,-2551,2551,2552]],"type":"Polygon","properties":{"region_id":"IN-WB-NADIA","region_name":"Nadia","state_id":"IN-WB","state_name":"West Bengal"}},{"arcs":[[[2553]],[[2554]],[[2555]],[[2556]],[[2557]],[[2558]],[[2559]],[[2560]],[[2561]],[[2562]],[[2563]],[[2564]],[[2565]],[[2566]],[[2567]],[[2568]],[[2569]],[[2570]],[[2571]],[[2572]],[[2573]],[[2574]],[[2575]],[[2576]],[[2577]],[[2578]],[[2579]],[[2580]],[[2581]],[[-2537,-2553,2582,2583,-2545,-2533]],[[2584]],[[2585]],[[2586]],[[2587]],[[2588]],[[2589]],[[2590]],[[2591]],[[2592]],[[2593]],[[2594]],[[2595]],[[2597]],[[2598]],[[2599]]],"type":"MultiPolygon","properties":{"region_id":"IN-WB-NORTH24PARGANAS","region_name":"North 24 Parganas","state_id":"IN-WB","state_name":"West Bengal"}},{"arcs":[[-1195,2600,-2512,-2538,-2531,2601,-1830,-1922]],"type":"Polygon","properties":{"region_id":"IN-WB-PASHCHIMMEDINIPUR","region_name":"Pashchim Medinipur","state_id":"IN-WB","state_name":"West Bengal"}},{"arcs":[[[-1831,-2602,-2530,2602]],[[2603]],[[2604]],[[2605]]],"type":"MultiPolygon","properties":{"region_id":"IN-WB-PURBAMEDINIPUR","region_name":"Purba Medinipur","state_id":"IN-WB","state_name":"West Bengal"}},{"arcs":[[-1139,-1153,-2519,-2513,-2601,-1194,-1202,-1198,-1196]],"type":"Polygon","properties":{"region_id":"IN-WB-PURULIYA","region_name":"Puruliya","state_id":"IN-WB","state_name":"West Bengal"}},{"arcs":[[[2606]],[[2607]],[[2608]],[[2609]],[[2610]],[[2611]],[[2612]],[[2613]],[[2614]],[[2615]],[[2616]],[[2617]],[[2618]],[[2619]],[[2620]],[[2621]],[[2622]],[[-2535,-2546,-2584,2623]],[[2624]],[[2625]],[[2626]],[[2627]],[[2628]],[[2629]],[[2630]],[[2631]],[[2632]],[[2633]],[[2634]],[[2635]],[[2636]],[[2637]],[[2638]],[[2639]],[[2640]],[[2641]],[[2642]],[[2643]],[[2644]],[[2645]],[[2646]],[[2647]],[[2648]],[[2649]],[[2650]]],"type":"MultiPolygon","properties":{"region_id":"IN-WB-SOUTH24PARGANAS","region_name":"South 24 Parganas","state_id":"IN-WB","state_name":"West Bengal"}},{"arcs":[[[-489,-535,-498,-2528,2651,-2522,-2547]],[[2652]]],"type":"MultiPolygon","properties":{"region_id":"IN-WB-UTTARDINAJPUR","region_name":"Uttar Dinajpur","state_id":"IN-WB","state_name":"West Bengal"}}]}}}