{"type": "FeatureCollection", "features": [{"type": "Feature", "properties": {"state": "Madhya Pradesh", "district": "Agar Malwa", "block": "Agar", "gp_name": "Agar Gram Panchayat", "state_code": 23, "district_code": 660, "block_code": 3300, "gp_code": 133001, "centroid_lat": 23.7, "centroid_lon": 76.152, "area_sq_km": 4.6, "boundary_source": "LGD Revenue Village Centroids + Block-Bounded Voronoi Tessellation", "boundary_quality": "DERIVED"}, "geometry": {"type": "Polygon", "coordinates": [[[76.16402, 23.69991], [76.16404, 23.70449], [76.16088, 23.70805], [76.15644, 23.70966], [76.15209, 23.70979], [76.1479, 23.70932], [76.14358, 23.70788], [76.13995, 23.7047], [76.1397, 23.70009], [76.14728, 23.68975], [76.15189, 23.68705], [76.1567, 23.68931], [76.16402, 23.69991]]]}}, {"type": "Feature", "properties": {"state": "Madhya Pradesh", "district": "Agar Malwa", "block": "Agar", "gp_name": "Agar Rural", "state_code": 23, "district_code": 660, "block_code": 3300, "gp_code": 133002, "centroid_lat": 23.72, "centroid_lon": 76.132, "area_sq_km": 4.7, "boundary_source": "LGD Revenue Village Centroids + Block-Bounded Voronoi Tessellation", "boundary_quality": "DERIVED"}, "geometry": {"type": "Polygon", "coordinates": [[[76.14446, 23.71991], [76.14418, 23.72454], [76.14071, 23.72789], [76.13631, 23.72937], [76.12787, 23.72939], [76.12358, 23.72788], [76.11956, 23.72485], [76.11959, 23.72009], [76.12729, 23.70975], [76.13189, 23.70726], [76.13674, 23.70921], [76.13913, 23.71333], [76.14446, 23.71991]]]}}, {"type": "Feature", "properties": {"state": "Madhya Pradesh", "district": "Agar Malwa", "block": "Badod", "gp_name": "Badod Gram Panchayat", "state_code": 23, "district_code": 660, "block_code": 3301, "gp_code": 133003, "centroid_lat": 23.82, "centroid_lon": 76.02, "area_sq_km": 4.8, "boundary_source": "LGD Revenue Village Centroids + Block-Bounded Voronoi Tessellation", "boundary_quality": "DERIVED"}, "geometry": {"type": "Polygon", "coordinates": [[[76.03209, 23.81992], [76.0321, 23.82452], [76.02903, 23.82819], [76.02008, 23.83007], [76.01583, 23.82945], [76.01149, 23.82795], [76.008, 23.82466], [76.0074, 23.82008], [76.01291, 23.81357], [76.01515, 23.80944], [76.0199, 23.80727], [76.02464, 23.80948], [76.02695, 23.81352], [76.03209, 23.81992]]]}}, {"type": "Feature", "properties": {"state": "Madhya Pradesh", "district": "Agar Malwa", "block": "Badod", "gp_name": "Badod Rural", "state_code": 23, "district_code": 660, "block_code": 3301, "gp_code": 133004, "centroid_lat": 23.84, "centroid_lon": 76.0, "area_sq_km": 4.9, "boundary_source": "LGD Revenue Village Centroids + Block-Bounded Voronoi Tessellation", "boundary_quality": "DERIVED"}, "geometry": {"type": "Polygon", "coordinates": [[[76.01244, 23.83992], [76.01201, 23.84449], [76.00899, 23.84816], [76.00438, 23.84954], [75.99575, 23.84963], [75.99152, 23.84791], [75.98773, 23.84477], [75.98773, 23.84008], [75.99297, 23.83362], [75.99523, 23.82961], [75.9999, 23.82689], [76.0047, 23.82935], [76.00709, 23.83339], [76.01244, 23.83992]]]}}, {"type": "Feature", "properties": {"state": "Madhya Pradesh", "district": "Agar Malwa", "block": "Nalkheda", "gp_name": "Nalkheda Gram Panchayat", "state_code": 23, "district_code": 660, "block_code": 3302, "gp_code": 133005, "centroid_lat": 23.7, "centroid_lon": 75.888, "area_sq_km": 5.0, "boundary_source": "LGD Revenue Village Centroids + Block-Bounded Voronoi Tessellation", "boundary_quality": "DERIVED"}, "geometry": {"type": "Polygon", "coordinates": [[[75.90028, 23.69993], [75.90061, 23.70472], [75.89662, 23.70784], [75.89228, 23.70936], [75.88807, 23.71005], [75.88379, 23.70952], [75.87954, 23.70789], [75.87605, 23.70464], [75.87588, 23.70007], [75.87879, 23.69655], [75.88319, 23.68949], [75.88791, 23.68737], [75.89264, 23.6895], [75.89495, 23.69352], [75.89769, 23.69624], [75.90028, 23.69993]]]}}, {"type": "Feature", "properties": {"state": "Madhya Pradesh", "district": "Agar Malwa", "block": "Nalkheda", "gp_name": "Nalkheda Rural", "state_code": 23, "district_code": 660, "block_code": 3302, "gp_code": 133006, "centroid_lat": 23.72, "centroid_lon": 75.868, "area_sq_km": 5.1, "boundary_source": "LGD Revenue Village Centroids + Block-Bounded Voronoi Tessellation", "boundary_quality": "DERIVED"}, "geometry": {"type": "Polygon", "coordinates": [[[75.88025, 23.71993], [75.88006, 23.72452], [75.87663, 23.72785], [75.87224, 23.72927], [75.86807, 23.73001], [75.86379, 23.72952], [75.85935, 23.72806], [75.85554, 23.72483], [75.85579, 23.72007], [75.85827, 23.71635], [75.86105, 23.71367], [75.86305, 23.70918], [75.86791, 23.70688], [75.87258, 23.70965], [75.87719, 23.71643], [75.88025, 23.71993]]]}}, {"type": "Feature", "properties": {"state": "Madhya Pradesh", "district": "Agar Malwa", "block": "Susner", "gp_name": "Susner Gram Panchayat", "state_code": 23, "district_code": 660, "block_code": 3303, "gp_code": 133007, "centroid_lat": 23.58, "centroid_lon": 76.02, "area_sq_km": 5.2, "boundary_source": "LGD Revenue Village Centroids + Block-Bounded Voronoi Tessellation", "boundary_quality": "DERIVED"}, "geometry": {"type": "Polygon", "coordinates": [[[76.03262, 23.57992], [76.03215, 23.58455], [76.02861, 23.58782], [76.02008, 23.59013], [76.01116, 23.58827], [76.00759, 23.58483], [76.0077, 23.58008], [76.01295, 23.5736], [76.01505, 23.5692], [76.0199, 23.5668], [76.02475, 23.5692], [76.02915, 23.57644], [76.03262, 23.57992]]]}}, {"type": "Feature", "properties": {"state": "Madhya Pradesh", "district": "Agar Malwa", "block": "Susner", "gp_name": "Susner Rural", "state_code": 23, "district_code": 660, "block_code": 3303, "gp_code": 133008, "centroid_lat": 23.6, "centroid_lon": 76.0, "area_sq_km": 5.3, "boundary_source": "LGD Revenue Village Centroids + Block-Bounded Voronoi Tessellation", "boundary_quality": "DERIVED"}, "geometry": {"type": "Polygon", "coordinates": [[[76.0124, 23.59992], [76.01236, 23.60462], [76.00877, 23.60797], [76.00432, 23.60943], [75.99573, 23.60969], [75.99146, 23.60798], [75.98767, 23.6048], [75.9874, 23.60008], [75.99061, 23.59648], [75.99507, 23.58924], [75.9999, 23.58698], [76.00478, 23.58914], [76.00684, 23.59361], [76.0124, 23.59992]]]}}, {"type": "Feature", "properties": {"state": "Madhya Pradesh", "district": "Alirajpur", "block": "Alirajpur", "gp_name": "Alirajpur Gram Panchayat", "state_code": 23, "district_code": 629, "block_code": 3320, "gp_code": 133009, "centroid_lat": 22.29, "centroid_lon": 74.492, "area_sq_km": 5.4, "boundary_source": "LGD Revenue Village Centroids + Block-Bounded Voronoi Tessellation", "boundary_quality": "DERIVED"}, "geometry": {"type": "Polygon", "coordinates": [[[74.50425, 22.29004], [74.50388, 22.29462], [74.50085, 22.29829], [74.49632, 22.29979], [74.49196, 22.30017], [74.48777, 22.29942], [74.48347, 22.29788], [74.47996, 22.2946], [74.47968, 22.28996], [74.48499, 22.28343], [74.48734, 22.27944], [74.49205, 22.27732], [74.4968, 22.27932], [74.50134, 22.28643], [74.50425, 22.29004]]]}}, {"type": "Feature", "properties": {"state": "Madhya Pradesh", "district": "Alirajpur", "block": "Alirajpur", "gp_name": "Alirajpur Rural", "state_code": 23, "district_code": 629, "block_code": 3320, "gp_code": 133010, "centroid_lat": 22.31, "centroid_lon": 74.472, "area_sq_km": 5.5, "boundary_source": "LGD Revenue Village Centroids + Block-Bounded Voronoi Tessellation", "boundary_quality": "DERIVED"}, "geometry": {"type": "Polygon", "coordinates": [[[74.48447, 22.31004], [74.48398, 22.31466], [74.48078, 22.31822], [74.47609, 22.31928], [74.46783, 22.31928], [74.46326, 22.31807], [74.46008, 22.31455], [74.45972, 22.30996], [74.46275, 22.3064], [74.46731, 22.29936], [74.47205, 22.2971], [74.47687, 22.29917], [74.47894, 22.30359], [74.48447, 22.31004]]]}}, {"type": "Feature", "properties": {"state": "Madhya Pradesh", "district": "Alirajpur", "block": "Bhabhra", "gp_name": "Bhabhra Gram Panchayat", "state_code": 23, "district_code": 629, "block_code": 3321, "gp_code": 133011, "centroid_lat": 22.4041, "centroid_lon": 74.4008, "area_sq_km": 5.6, "boundary_source": "LGD Revenue Village Centroids + Block-Bounded Voronoi Tessellation", "boundary_quality": "DERIVED"}, "geometry": {"type": "Polygon", "coordinates": [[[74.41321, 22.40415], [74.4127, 22.40873], [74.40954, 22.41229], [74.4051, 22.41386], [74.40076, 22.41412], [74.39653, 22.41358], [74.3921, 22.41212], [74.38887, 22.40864], [74.38837, 22.40405], [74.39395, 22.39768], [74.39625, 22.39377], [74.40086, 22.39121], [74.4056, 22.39345], [74.40784, 22.3976], [74.41321, 22.40415]]]}}, {"type": "Feature", "properties": {"state": "Madhya Pradesh", "district": "Alirajpur", "block": "Bhabhra", "gp_name": "Bhabhra Rural", "state_code": 23, "district_code": 629, "block_code": 3321, "gp_code": 133012, "centroid_lat": 22.4241, "centroid_lon": 74.3808, "area_sq_km": 5.7, "boundary_source": "LGD Revenue Village Centroids + Block-Bounded Voronoi Tessellation", "boundary_quality": "DERIVED"}, "geometry": {"type": "Polygon", "coordinates": [[[74.39328, 22.42415], [74.39325, 22.42895], [74.38919, 22.43196], [74.38486, 22.43332], [74.38076, 22.43408], [74.37648, 22.43368], [74.37207, 22.43215], [74.36857, 22.42876], [74.36856, 22.42405], [74.37377, 22.41751], [74.37615, 22.41353], [74.38086, 22.41131], [74.38559, 22.41347], [74.38988, 22.42064], [74.39328, 22.42415]]]}}, {"type": "Feature", "properties": {"state": "Madhya Pradesh", "district": "Alirajpur", "block": "Katthiwada", "gp_name": "Katthiwada Gram Panchayat", "state_code": 23, "district_code": 629, "block_code": 3322, "gp_code": 133013, "centroid_lat": 22.3605, "centroid_lon": 74.2532, "area_sq_km": 5.8, "boundary_source": "LGD Revenue Village Centroids + Block-Bounded Voronoi Tessellation", "boundary_quality": "DERIVED"}, "geometry": {"type": "Polygon", "coordinates": [[[74.26563, 22.36056], [74.26509, 22.36514], [74.2619, 22.36867], [74.25729, 22.36982], [74.25315, 22.37036], [74.24888, 22.37006], [74.2443, 22.36869], [74.24069, 22.36525], [74.24128, 22.36044], [74.24858, 22.34998], [74.25327, 22.3475], [74.25789, 22.35012], [74.26563, 22.36056]]]}}, {"type": "Feature", "properties": {"state": "Madhya Pradesh", "district": "Alirajpur", "block": "Katthiwada", "gp_name": "Katthiwada Rural", "state_code": 23, "district_code": 629, "block_code": 3322, "gp_code": 133014, "centroid_lat": 22.3805, "centroid_lon": 74.2332, "area_sq_km": 5.9, "boundary_source": "LGD Revenue Village Centroids + Block-Bounded Voronoi Tessellation", "boundary_quality": "DERIVED"}, "geometry": {"type": "Polygon", "coordinates": [[[74.24562, 22.38056], [74.24506, 22.38514], [74.24161, 22.3884], [74.23748, 22.39025], [74.22895, 22.3899], [74.22437, 22.38863], [74.22075, 22.38522], [74.22124, 22.38044], [74.22363, 22.37676], [74.2264, 22.37411], [74.22869, 22.37022], [74.23327, 22.3676], [74.23809, 22.36968], [74.24025, 22.37401], [74.24562, 22.38056]]]}}, {"type": "Feature", "properties": {"state": "Madhya Pradesh", "district": "Alirajpur", "block": "Sondwa", "gp_name": "Sondwa Gram Panchayat", "state_code": 23, "district_code": 629, "block_code": 3323, "gp_code": 133015, "centroid_lat": 22.2195, "centroid_lon": 74.2532, "area_sq_km": 6.0, "boundary_source": "LGD Revenue Village Centroids + Block-Bounded Voronoi Tessellation", "boundary_quality": "DERIVED"}, "geometry": {"type": "Polygon", "coordinates": [[[74.26537, 22.21956], [74.26551, 22.22431], [74.26168, 22.22747], [74.25726, 22.22875], [74.25315, 22.22949], [74.24884, 22.22917], [74.24434, 22.22767], [74.24094, 22.22416], [74.24066, 22.21944], [74.24416, 22.21597], [74.24847, 22.20872], [74.25327, 22.20665], [74.25793, 22.20901], [74.26017, 22.21307], [74.26537, 22.21956]]]}}, {"type": "Feature", "properties": {"state": "Madhya Pradesh", "district": "Alirajpur", "block": "Sondwa", "gp_name": "Sondwa Rural", "state_code": 23, "district_code": 629, "block_code": 3323, "gp_code": 133016, "centroid_lat": 22.2395, "centroid_lon": 74.2332, "area_sq_km": 6.1, "boundary_source": "LGD Revenue Village Centroids + Block-Bounded Voronoi Tessellation", "boundary_quality": "DERIVED"}, "geometry": {"type": "Polygon", "coordinates": [[[74.24568, 22.23956], [74.24534, 22.24425], [74.24176, 22.24755], [74.23726, 22.24876], [74.2289, 22.24902], [74.22457, 22.24745], [74.22088, 22.24418], [74.22082, 22.23944], [74.22647, 22.23317], [74.22847, 22.22872], [74.23327, 22.22634], [74.23802, 22.22882], [74.24005, 22.23319], [74.24568, 22.23956]]]}}, {"type": "Feature", "properties": {"state": "Madhya Pradesh", "district": "Alirajpur", "block": "Udaygarh", "gp_name": "Udaygarh Gram Panchayat", "state_code": 23, "district_code": 629, "block_code": 3324, "gp_code": 133017, "centroid_lat": 22.1759, "centroid_lon": 74.4008, "area_sq_km": 6.2, "boundary_source": "LGD Revenue Village Centroids + Block-Bounded Voronoi Tessellation", "boundary_quality": "DERIVED"}, "geometry": {"type": "Polygon", "coordinates": [[[74.41331, 22.17595], [74.41298, 22.18065], [74.4093, 22.18388], [74.4051, 22.18567], [74.3965, 22.18546], [74.39204, 22.18399], [74.38844, 22.18062], [74.38891, 22.17586], [74.3912, 22.17215], [74.39387, 22.1694], [74.39605, 22.1651], [74.40085, 22.16322], [74.40556, 22.16533], [74.40767, 22.16956], [74.41331, 22.17595]]]}}, {"type": "Feature", "properties": {"state": "Madhya Pradesh", "district": "Alirajpur", "block": "Udaygarh", "gp_name": "Udaygarh Rural", "state_code": 23, "district_code": 629, "block_code": 3324, "gp_code": 133018, "centroid_lat": 22.1959, "centroid_lon": 74.3808, "area_sq_km": 6.3, "boundary_source": "LGD Revenue Village Centroids + Block-Bounded Voronoi Tessellation", "boundary_quality": "DERIVED"}, "geometry": {"type": "Polygon", "coordinates": [[[74.39318, 22.19595], [74.39313, 22.20071], [74.3895, 22.20407], [74.38076, 22.20558], [74.37653, 22.2054], [74.37219, 22.20385], [74.36879, 22.20048], [74.36835, 22.19585], [74.37177, 22.19237], [74.37603, 22.18504], [74.38086, 22.18332], [74.38551, 22.18543], [74.38785, 22.18939], [74.39318, 22.19595]]]}}, {"type": "Feature", "properties": {"state": "Madhya Pradesh", "district": "Ashoknagar", "block": "Ashoknagar", "gp_name": "Ashoknagar Gram Panchayat", "state_code": 23, "district_code": 440, "block_code": 3340, "gp_code": 133019, "centroid_lat": 24.56, "centroid_lon": 77.862, "area_sq_km": 6.4, "boundary_source": "LGD Revenue Village Centroids + Block-Bounded Voronoi Tessellation", "boundary_quality": "DERIVED"}, "geometry": {"type": "Polygon", "coordinates": [[[77.87462, 24.55976], [77.87416, 24.56434], [77.87088, 24.56779], [77.86639, 24.56916], [77.86222, 24.56963], [77.85799, 24.5694], [77.85337, 24.56823], [77.84961, 24.56497], [77.8494, 24.56024], [77.85472, 24.55361], [77.85688, 24.54932], [77.86171, 24.54735], [77.86648, 24.54951], [77.87116, 24.55632], [77.87462, 24.55976]]]}}, {"type": "Feature", "properties": {"state": "Madhya Pradesh", "district": "Ashoknagar", "block": "Ashoknagar", "gp_name": "Ashoknagar Rural", "state_code": 23, "district_code": 440, "block_code": 3340, "gp_code": 133020, "centroid_lat": 24.58, "centroid_lon": 77.842, "area_sq_km": 6.5, "boundary_source": "LGD Revenue Village Centroids + Block-Bounded Voronoi Tessellation", "boundary_quality": "DERIVED"}, "geometry": {"type": "Polygon", "coordinates": [[[77.85441, 24.57977], [77.85478, 24.58456], [77.85112, 24.58801], [77.84662, 24.58962], [77.83793, 24.58953], [77.83345, 24.58815], [77.83007, 24.58479], [77.8298, 24.58023], [77.83211, 24.57647], [77.83696, 24.56948], [77.84171, 24.56722], [77.84665, 24.56911], [77.84906, 24.57327], [77.85441, 24.57977]]]}}, {"type": "Feature", "properties": {"state": "Madhya Pradesh", "district": "Ashoknagar", "block": "Chanderi", "gp_name": "Chanderi Gram Panchayat", "state_code": 23, "district_code": 440, "block_code": 3341, "gp_code": 133021, "centroid_lat": 24.68, "centroid_lon": 77.73, "area_sq_km": 6.6, "boundary_source": "LGD Revenue Village Centroids + Block-Bounded Voronoi Tessellation", "boundary_quality": "DERIVED"}, "geometry": {"type": "Polygon", "coordinates": [[[77.74239, 24.67977], [77.74246, 24.68445], [77.73903, 24.68793], [77.73453, 24.68945], [77.73022, 24.69012], [77.7258, 24.68981], [77.72148, 24.68811], [77.718, 24.6848], [77.71791, 24.68022], [77.72287, 24.67374], [77.72501, 24.66958], [77.72971, 24.66682], [77.73468, 24.66907], [77.73687, 24.67347], [77.74239, 24.67977]]]}}, {"type": "Feature", "properties": {"state": "Madhya Pradesh", "district": "Ashoknagar", "block": "Chanderi", "gp_name": "Chanderi Rural", "state_code": 23, "district_code": 440, "block_code": 3341, "gp_code": 133022, "centroid_lat": 24.7, "centroid_lon": 77.71, "area_sq_km": 6.7, "boundary_source": "LGD Revenue Village Centroids + Block-Bounded Voronoi Tessellation", "boundary_quality": "DERIVED"}, "geometry": {"type": "Polygon", "coordinates": [[[77.72273, 24.69977], [77.72254, 24.70448], [77.71872, 24.70765], [77.71454, 24.70947], [77.70589, 24.7096], [77.70128, 24.70829], [77.69774, 24.7049], [77.69761, 24.70022], [77.70276, 24.69365], [77.70491, 24.68937], [77.70972, 24.68704], [77.71468, 24.68908], [77.71687, 24.69347], [77.72273, 24.69977]]]}}, {"type": "Feature", "properties": {"state": "Madhya Pradesh", "district": "Ashoknagar", "block": "Isagarh", "gp_name": "Isagarh Gram Panchayat", "state_code": 23, "district_code": 440, "block_code": 3342, "gp_code": 133023, "centroid_lat": 24.56, "centroid_lon": 77.598, "area_sq_km": 6.8, "boundary_source": "LGD Revenue Village Centroids + Block-Bounded Voronoi Tessellation", "boundary_quality": "DERIVED"}, "geometry": {"type": "Polygon", "coordinates": [[[77.61013, 24.55979], [77.61023, 24.56439], [77.60695, 24.56788], [77.60256, 24.56956], [77.59382, 24.56974], [77.58929, 24.56827], [77.58561, 24.56494], [77.58559, 24.56021], [77.58847, 24.55658], [77.59297, 24.54947], [77.59774, 24.54741], [77.60252, 24.54947], [77.60487, 24.55347], [77.60768, 24.55614], [77.61013, 24.55979]]]}}, {"type": "Feature", "properties": {"state": "Madhya Pradesh", "district": "Ashoknagar", "block": "Isagarh", "gp_name": "Isagarh Rural", "state_code": 23, "district_code": 440, "block_code": 3342, "gp_code": 133024, "centroid_lat": 24.58, "centroid_lon": 77.578, "area_sq_km": 6.9, "boundary_source": "LGD Revenue Village Centroids + Block-Bounded Voronoi Tessellation", "boundary_quality": "DERIVED"}, "geometry": {"type": "Polygon", "coordinates": [[[77.59013, 24.57979], [77.59038, 24.58444], [77.58707, 24.58799], [77.58236, 24.58913], [77.57387, 24.58962], [77.56927, 24.58829], [77.5655, 24.58499], [77.56528, 24.58022], [77.57304, 24.5696], [77.57774, 24.56717], [77.58249, 24.56953], [77.58479, 24.57356], [77.59013, 24.57979]]]}}, {"type": "Feature", "properties": {"state": "Madhya Pradesh", "district": "Ashoknagar", "block": "Mungawali", "gp_name": "Mungawali Gram Panchayat", "state_code": 23, "district_code": 440, "block_code": 3343, "gp_code": 133025, "centroid_lat": 24.44, "centroid_lon": 77.73, "area_sq_km": 7.0, "boundary_source": "LGD Revenue Village Centroids + Block-Bounded Voronoi Tessellation", "boundary_quality": "DERIVED"}, "geometry": {"type": "Polygon", "coordinates": [[[77.74208, 24.43978], [77.74218, 24.44436], [77.73902, 24.44793], [77.73462, 24.44967], [77.73022, 24.4501], [77.7212, 24.44838], [77.71748, 24.44501], [77.71781, 24.44022], [77.72028, 24.43652], [77.72285, 24.4337], [77.7251, 24.42974], [77.72973, 24.42731], [77.73462, 24.42919], [77.73676, 24.43357], [77.74208, 24.43978]]]}}, {"type": "Feature", "properties": {"state": "Madhya Pradesh", "district": "Ashoknagar", "block": "Mungawali", "gp_name": "Mungawali Rural", "state_code": 23, "district_code": 440, "block_code": 3343, "gp_code": 133026, "centroid_lat": 24.46, "centroid_lon": 77.71, "area_sq_km": 7.1, "boundary_source": "LGD Revenue Village Centroids + Block-Bounded Voronoi Tessellation", "boundary_quality": "DERIVED"}, "geometry": {"type": "Polygon", "coordinates": [[[77.72267, 24.45977], [77.72223, 24.46438], [77.7192, 24.4681], [77.71448, 24.46937], [77.70598, 24.4694], [77.70148, 24.46811], [77.69759, 24.46497], [77.69778, 24.46022], [77.70488, 24.44928], [77.70972, 24.44705], [77.71464, 24.44915], [77.71713, 24.45321], [77.72267, 24.45977]]]}}, {"type": "Feature", "properties": {"state": "Madhya Pradesh", "district": "Balaghat", "block": "Balaghat", "gp_name": "Balaghat Gram Panchayat", "state_code": 23, "district_code": 392, "block_code": 3360, "gp_code": 133027, "centroid_lat": 21.8, "centroid_lon": 80.366, "area_sq_km": 7.2, "boundary_source": "LGD Revenue Village Centroids + Block-Bounded Voronoi Tessellation", "boundary_quality": "DERIVED"}, "geometry": {"type": "Polygon", "coordinates": [[[80.37842, 21.79959], [80.37839, 21.80433], [80.37496, 21.8078], [80.37057, 21.80937], [80.36207, 21.80982], [80.35793, 21.80808], [80.35397, 21.80512], [80.35388, 21.80039], [80.3566, 21.79672], [80.36081, 21.78936], [80.36552, 21.78702], [80.37024, 21.78942], [80.37497, 21.79618], [80.37842, 21.79959]]]}}, {"type": "Feature", "properties": {"state": "Madhya Pradesh", "district": "Balaghat", "block": "Balaghat", "gp_name": "Balaghat Rural", "state_code": 23, "district_code": 392, "block_code": 3360, "gp_code": 133028, "centroid_lat": 21.82, "centroid_lon": 80.346, "area_sq_km": 7.3, "boundary_source": "LGD Revenue Village Centroids + Block-Bounded Voronoi Tessellation", "boundary_quality": "DERIVED"}, "geometry": {"type": "Polygon", "coordinates": [[[80.35836, 21.8196], [80.35802, 21.8242], [80.3551, 21.82792], [80.35044, 21.82909], [80.34636, 21.8297], [80.34225, 21.82937], [80.33771, 21.8283], [80.33428, 21.82498], [80.33382, 21.8204], [80.33868, 21.81363], [80.34082, 21.80937], [80.34552, 21.80704], [80.35024, 21.80942], [80.35251, 21.81348], [80.3554, 21.816], [80.35836, 21.8196]]]}}, {"type": "Feature", "properties": {"state": "Madhya Pradesh", "district": "Balaghat", "block": "Baihar", "gp_name": "Baihar Gram Panchayat", "state_code": 23, "district_code": 392, "block_code": 3361, "gp_code": 133029, "centroid_lat": 21.9386, "centroid_lon": 80.278, "area_sq_km": 7.4, "boundary_source": "LGD Revenue Village Centroids + Block-Bounded Voronoi Tessellation", "boundary_quality": "DERIVED"}, "geometry": {"type": "Polygon", "coordinates": [[[80.28984, 21.93822], [80.29023, 21.94287], [80.28703, 21.94646], [80.28248, 21.94779], [80.27837, 21.94853], [80.27417, 21.94816], [80.2698, 21.9468], [80.26592, 21.94373], [80.26592, 21.93899], [80.26834, 21.93523], [80.27095, 21.93246], [80.27291, 21.92818], [80.27752, 21.92551], [80.28228, 21.92792], [80.28462, 21.93198], [80.28984, 21.93822]]]}}, {"type": "Feature", "properties": {"state": "Madhya Pradesh", "district": "Balaghat", "block": "Baihar", "gp_name": "Baihar Rural", "state_code": 23, "district_code": 392, "block_code": 3361, "gp_code": 133030, "centroid_lat": 21.9586, "centroid_lon": 80.258, "area_sq_km": 7.5, "boundary_source": "LGD Revenue Village Centroids + Block-Bounded Voronoi Tessellation", "boundary_quality": "DERIVED"}, "geometry": {"type": "Polygon", "coordinates": [[[80.27015, 21.95821], [80.27003, 21.9628], [80.2671, 21.96653], [80.26263, 21.96809], [80.25426, 21.96791], [80.2498, 21.96679], [80.24584, 21.96376], [80.24561, 21.959], [80.24867, 21.95534], [80.25302, 21.94838], [80.25752, 21.94561], [80.26221, 21.94812], [80.26462, 21.95198], [80.27015, 21.95821]]]}}, {"type": "Feature", "properties": {"state": "Madhya Pradesh", "district": "Balaghat", "block": "Katangi", "gp_name": "Katangi Gram Panchayat", "state_code": 23, "district_code": 392, "block_code": 3362, "gp_code": 133031, "centroid_lat": 21.9386, "centroid_lon": 80.102, "area_sq_km": 7.6, "boundary_source": "LGD Revenue Village Centroids + Block-Bounded Voronoi Tessellation", "boundary_quality": "DERIVED"}, "geometry": {"type": "Polygon", "coordinates": [[[80.1145, 21.93821], [80.11425, 21.94289], [80.1108, 21.94628], [80.10649, 21.94783], [80.10236, 21.94873], [80.0981, 21.94829], [80.09361, 21.94697], [80.09031, 21.94355], [80.08997, 21.93897], [80.09491, 21.93241], [80.09693, 21.92819], [80.10154, 21.92559], [80.10634, 21.92783], [80.10867, 21.93195], [80.1145, 21.93821]]]}}, {"type": "Feature", "properties": {"state": "Madhya Pradesh", "district": "Balaghat", "block": "Katangi", "gp_name": "Katangi Rural", "state_code": 23, "district_code": 392, "block_code": 3362, "gp_code": 133032, "centroid_lat": 21.9586, "centroid_lon": 80.082, "area_sq_km": 7.7, "boundary_source": "LGD Revenue Village Centroids + Block-Bounded Voronoi Tessellation", "boundary_quality": "DERIVED"}, "geometry": {"type": "Polygon", "coordinates": [[[80.09424, 21.95822], [80.09418, 21.96287], [80.09081, 21.96629], [80.08649, 21.96784], [80.07813, 21.96821], [80.07361, 21.96696], [80.06999, 21.96368], [80.06966, 21.95898], [80.07485, 21.95236], [80.07693, 21.94817], [80.08155, 21.94591], [80.08623, 21.9481], [80.09101, 21.95479], [80.09424, 21.95822]]]}}, {"type": "Feature", "properties": {"state": "Madhya Pradesh", "district": "Balaghat", "block": "Kirnapur", "gp_name": "Kirnapur Gram Panchayat", "state_code": 23, "district_code": 392, "block_code": 3363, "gp_code": 133033, "centroid_lat": 21.8, "centroid_lon": 80.014, "area_sq_km": 7.8, "boundary_source": "LGD Revenue Village Centroids + Block-Bounded Voronoi Tessellation", "boundary_quality": "DERIVED"}, "geometry": {"type": "Polygon", "coordinates": [[[80.02649, 21.79962], [80.02597, 21.80421], [80.02308, 21.80794], [80.01435, 21.81008], [80.00559, 21.80838], [80.00236, 21.80492], [80.00168, 21.80037], [80.00683, 21.79373], [80.0089, 21.78948], [80.01355, 21.78712], [80.01839, 21.78911], [80.02077, 21.79325], [80.02649, 21.79962]]]}}, {"type": "Feature", "properties": {"state": "Madhya Pradesh", "district": "Balaghat", "block": "Kirnapur", "gp_name": "Kirnapur Rural", "state_code": 23, "district_code": 392, "block_code": 3363, "gp_code": 133034, "centroid_lat": 21.82, "centroid_lon": 79.994, "area_sq_km": 7.9, "boundary_source": "LGD Revenue Village Centroids + Block-Bounded Voronoi Tessellation", "boundary_quality": "DERIVED"}, "geometry": {"type": "Polygon", "coordinates": [[[80.00598, 21.81964], [80.00594, 21.8242], [80.00297, 21.82785], [79.99847, 21.82922], [79.99435, 21.83014], [79.9902, 21.82941], [79.98584, 21.82813], [79.98224, 21.82497], [79.9818, 21.82037], [79.98909, 21.80988], [79.99356, 21.80737], [79.99826, 21.80944], [80.00067, 21.81335], [80.00335, 21.81605], [80.00598, 21.81964]]]}}, {"type": "Feature", "properties": {"state": "Madhya Pradesh", "district": "Balaghat", "block": "Lalburra", "gp_name": "Lalburra Gram Panchayat", "state_code": 23, "district_code": 392, "block_code": 3364, "gp_code": 133035, "centroid_lat": 21.6614, "centroid_lon": 80.102, "area_sq_km": 8.0, "boundary_source": "LGD Revenue Village Centroids + Block-Bounded Voronoi Tessellation", "boundary_quality": "DERIVED"}, "geometry": {"type": "Polygon", "coordinates": [[[80.11443, 21.66102], [80.11435, 21.66574], [80.11105, 21.66932], [80.10642, 21.67051], [80.09809, 21.67111], [80.09382, 21.66956], [80.09036, 21.66633], [80.08988, 21.66177], [80.0949, 21.65519], [80.09702, 21.65113], [80.10154, 21.64844], [80.10627, 21.6508], [80.11091, 21.65762], [80.11443, 21.66102]]]}}, {"type": "Feature", "properties": {"state": "Madhya Pradesh", "district": "Balaghat", "block": "Lalburra", "gp_name": "Lalburra Rural", "state_code": 23, "district_code": 392, "block_code": 3364, "gp_code": 133036, "centroid_lat": 21.6814, "centroid_lon": 80.082, "area_sq_km": 8.1, "boundary_source": "LGD Revenue Village Centroids + Block-Bounded Voronoi Tessellation", "boundary_quality": "DERIVED"}, "geometry": {"type": "Polygon", "coordinates": [[[80.09385, 21.68104], [80.09403, 21.68563], [80.09074, 21.68905], [80.08641, 21.69049], [80.08235, 21.69136], [80.07353, 21.68985], [80.0704, 21.68631], [80.07019, 21.68176], [80.07504, 21.67531], [80.07692, 21.67093], [80.08155, 21.6685], [80.08629, 21.67075], [80.08863, 21.67478], [80.09385, 21.68104]]]}}, {"type": "Feature", "properties": {"state": "Madhya Pradesh", "district": "Balaghat", "block": "Waraseoni", "gp_name": "Waraseoni Gram Panchayat", "state_code": 23, "district_code": 392, "block_code": 3365, "gp_code": 133037, "centroid_lat": 21.6614, "centroid_lon": 80.278, "area_sq_km": 8.2, "boundary_source": "LGD Revenue Village Centroids + Block-Bounded Voronoi Tessellation", "boundary_quality": "DERIVED"}, "geometry": {"type": "Polygon", "coordinates": [[[80.28994, 21.66102], [80.29051, 21.66578], [80.28698, 21.66924], [80.28247, 21.67059], [80.27405, 21.67126], [80.26985, 21.66955], [80.26627, 21.66639], [80.2658, 21.66179], [80.2709, 21.6552], [80.27306, 21.65125], [80.27752, 21.64825], [80.28236, 21.65052], [80.28483, 21.65457], [80.28994, 21.66102]]]}}, {"type": "Feature", "properties": {"state": "Madhya Pradesh", "district": "Balaghat", "block": "Waraseoni", "gp_name": "Waraseoni Rural", "state_code": 23, "district_code": 392, "block_code": 3365, "gp_code": 133038, "centroid_lat": 21.6814, "centroid_lon": 80.258, "area_sq_km": 8.3, "boundary_source": "LGD Revenue Village Centroids + Block-Bounded Voronoi Tessellation", "boundary_quality": "DERIVED"}, "geometry": {"type": "Polygon", "coordinates": [[[80.26979, 21.68102], [80.27005, 21.68562], [80.26701, 21.68927], [80.25837, 21.69144], [80.24966, 21.68974], [80.24599, 21.6865], [80.24561, 21.68179], [80.24852, 21.67808], [80.25297, 21.67106], [80.25753, 21.66842], [80.26219, 21.67095], [80.26463, 21.67476], [80.26728, 21.67746], [80.26979, 21.68102]]]}}, {"type": "Feature", "properties": {"state": "Madhya Pradesh", "district": "Barwani", "block": "Barwani", "gp_name": "Barwani Gram Panchayat", "state_code": 23, "district_code": 441, "block_code": 3380, "gp_code": 133039, "centroid_lat": 22.02, "centroid_lon": 75.086, "area_sq_km": 8.4, "boundary_source": "LGD Revenue Village Centroids + Block-Bounded Voronoi Tessellation", "boundary_quality": "DERIVED"}, "geometry": {"type": "Polygon", "coordinates": [[[75.09806, 22.01999], [75.09829, 22.02474], [75.09471, 22.02811], [75.09023, 22.0295], [75.08601, 22.02982], [75.0819, 22.02923], [75.07746, 22.02797], [75.07355, 22.02481], [75.07408, 22.02001], [75.08123, 22.00927], [75.08599, 22.00736], [75.09058, 22.00968], [75.09806, 22.01999]]]}}, {"type": "Feature", "properties": {"state": "Madhya Pradesh", "district": "Barwani", "block": "Barwani", "gp_name": "Barwani Rural", "state_code": 23, "district_code": 441, "block_code": 3380, "gp_code": 133040, "centroid_lat": 22.04, "centroid_lon": 75.066, "area_sq_km": 8.5, "boundary_source": "LGD Revenue Village Centroids + Block-Bounded Voronoi Tessellation", "boundary_quality": "DERIVED"}, "geometry": {"type": "Polygon", "coordinates": [[[75.07845, 22.03999], [75.07804, 22.04464], [75.07461, 22.04802], [75.07031, 22.04969], [75.06182, 22.04942], [75.0574, 22.04802], [75.0538, 22.04471], [75.05349, 22.04], [75.05892, 22.03341], [75.06138, 22.02962], [75.06599, 22.02699], [75.07079, 22.0292], [75.07284, 22.03361], [75.07845, 22.03999]]]}}, {"type": "Feature", "properties": {"state": "Madhya Pradesh", "district": "Barwani", "block": "Anjad", "gp_name": "Anjad Gram Panchayat", "state_code": 23, "district_code": 441, "block_code": 3381, "gp_code": 133041, "centroid_lat": 22.1586, "centroid_lon": 74.998, "area_sq_km": 8.6, "boundary_source": "LGD Revenue Village Centroids + Block-Bounded Voronoi Tessellation", "boundary_quality": "DERIVED"}, "geometry": {"type": "Polygon", "coordinates": [[[75.01004, 22.1586], [75.0099, 22.16319], [75.00659, 22.1666], [75.00234, 22.16836], [74.99381, 22.16801], [74.98961, 22.16641], [74.98584, 22.16329], [74.98593, 22.1586], [74.99342, 22.14829], [74.998, 22.14584], [75.00269, 22.14806], [75.00503, 22.15205], [75.01004, 22.1586]]]}}, {"type": "Feature", "properties": {"state": "Madhya Pradesh", "district": "Barwani", "block": "Anjad", "gp_name": "Anjad Rural", "state_code": 23, "district_code": 441, "block_code": 3381, "gp_code": 133042, "centroid_lat": 22.1786, "centroid_lon": 74.978, "area_sq_km": 8.7, "boundary_source": "LGD Revenue Village Centroids + Block-Bounded Voronoi Tessellation", "boundary_quality": "DERIVED"}, "geometry": {"type": "Polygon", "coordinates": [[[74.99022, 22.1786], [74.99003, 22.18324], [74.98688, 22.18687], [74.98225, 22.18816], [74.978, 22.18869], [74.97369, 22.18829], [74.96921, 22.18678], [74.96601, 22.18322], [74.96581, 22.1786], [74.9684, 22.1749], [74.97114, 22.17221], [74.97329, 22.16801], [74.978, 22.16581], [74.98274, 22.16795], [74.98492, 22.17216], [74.99022, 22.1786]]]}}, {"type": "Feature", "properties": {"state": "Madhya Pradesh", "district": "Barwani", "block": "Pansemal", "gp_name": "Pansemal Gram Panchayat", "state_code": 23, "district_code": 441, "block_code": 3382, "gp_code": 133043, "centroid_lat": 22.1586, "centroid_lon": 74.822, "area_sq_km": 8.8, "boundary_source": "LGD Revenue Village Centroids + Block-Bounded Voronoi Tessellation", "boundary_quality": "DERIVED"}, "geometry": {"type": "Polygon", "coordinates": [[[74.83434, 22.15861], [74.83434, 22.16338], [74.83078, 22.1668], [74.82633, 22.16837], [74.82199, 22.16876], [74.81768, 22.16828], [74.81359, 22.16642], [74.81002, 22.16321], [74.81008, 22.15859], [74.81736, 22.14813], [74.82202, 22.14589], [74.82677, 22.14792], [74.82891, 22.15218], [74.83434, 22.15861]]]}}, {"type": "Feature", "properties": {"state": "Madhya Pradesh", "district": "Barwani", "block": "Pansemal", "gp_name": "Pansemal Rural", "state_code": 23, "district_code": 441, "block_code": 3382, "gp_code": 133044, "centroid_lat": 22.1786, "centroid_lon": 74.802, "area_sq_km": 8.9, "boundary_source": "LGD Revenue Village Centroids + Block-Bounded Voronoi Tessellation", "boundary_quality": "DERIVED"}, "geometry": {"type": "Polygon", "coordinates": [[[74.81421, 22.17861], [74.81397, 22.18323], [74.81055, 22.18658], [74.80621, 22.18811], [74.80199, 22.18865], [74.79317, 22.1868], [74.78989, 22.18325], [74.78994, 22.17858], [74.7974, 22.16823], [74.80202, 22.16555], [74.80659, 22.16831], [74.80887, 22.17221], [74.81421, 22.17861]]]}}, {"type": "Feature", "properties": {"state": "Madhya Pradesh", "district": "Barwani", "block": "Rajpur", "gp_name": "Rajpur Gram Panchayat", "state_code": 23, "district_code": 441, "block_code": 3383, "gp_code": 133045, "centroid_lat": 22.02, "centroid_lon": 74.734, "area_sq_km": 9.0, "boundary_source": "LGD Revenue Village Centroids + Block-Bounded Voronoi Tessellation", "boundary_quality": "DERIVED"}, "geometry": {"type": "Polygon", "coordinates": [[[74.74654, 22.02002], [74.7464, 22.02481], [74.74254, 22.02799], [74.73816, 22.02941], [74.73398, 22.03005], [74.72965, 22.02973], [74.72558, 22.02782], [74.72171, 22.02472], [74.72173, 22.01998], [74.727, 22.01345], [74.72933, 22.00944], [74.73402, 22.00732], [74.73875, 22.00936], [74.74304, 22.01653], [74.74654, 22.02002]]]}}, {"type": "Feature", "properties": {"state": "Madhya Pradesh", "district": "Barwani", "block": "Rajpur", "gp_name": "Rajpur Rural", "state_code": 23, "district_code": 441, "block_code": 3383, "gp_code": 133046, "centroid_lat": 22.04, "centroid_lon": 74.714, "area_sq_km": 9.1, "boundary_source": "LGD Revenue Village Centroids + Block-Bounded Voronoi Tessellation", "boundary_quality": "DERIVED"}, "geometry": {"type": "Polygon", "coordinates": [[[74.72588, 22.04002], [74.7264, 22.04481], [74.72265, 22.0481], [74.71818, 22.04946], [74.71398, 22.04992], [74.70985, 22.04929], [74.7054, 22.04798], [74.70171, 22.04472], [74.70198, 22.03998], [74.7072, 22.03363], [74.7093, 22.02938], [74.71403, 22.02692], [74.7187, 22.02948], [74.72078, 22.0337], [74.72588, 22.04002]]]}}, {"type": "Feature", "properties": {"state": "Madhya Pradesh", "district": "Barwani", "block": "Sendhwa", "gp_name": "Sendhwa Gram Panchayat", "state_code": 23, "district_code": 441, "block_code": 3384, "gp_code": 133047, "centroid_lat": 21.8814, "centroid_lon": 74.822, "area_sq_km": 9.2, "boundary_source": "LGD Revenue Village Centroids + Block-Bounded Voronoi Tessellation", "boundary_quality": "DERIVED"}, "geometry": {"type": "Polygon", "coordinates": [[[74.83425, 21.88141], [74.83394, 21.88603], [74.83063, 21.88947], [74.82616, 21.89081], [74.81773, 21.89099], [74.81358, 21.88924], [74.80998, 21.88603], [74.80988, 21.88139], [74.81511, 21.87495], [74.81739, 21.87098], [74.82202, 21.86879], [74.82658, 21.87111], [74.83425, 21.88141]]]}}, {"type": "Feature", "properties": {"state": "Madhya Pradesh", "district": "Barwani", "block": "Sendhwa", "gp_name": "Sendhwa Rural", "state_code": 23, "district_code": 441, "block_code": 3384, "gp_code": 133048, "centroid_lat": 21.9014, "centroid_lon": 74.802, "area_sq_km": 9.3, "boundary_source": "LGD Revenue Village Centroids + Block-Bounded Voronoi Tessellation", "boundary_quality": "DERIVED"}, "geometry": {"type": "Polygon", "coordinates": [[[74.81392, 21.90141], [74.81387, 21.906], [74.81085, 21.90968], [74.80616, 21.91082], [74.80199, 21.91135], [74.7933, 21.9095], [74.79017, 21.90596], [74.78993, 21.90139], [74.79731, 21.89079], [74.80202, 21.88855], [74.80682, 21.89058], [74.81392, 21.90141]]]}}, {"type": "Feature", "properties": {"state": "Madhya Pradesh", "district": "Barwani", "block": "Thikri", "gp_name": "Thikri Gram Panchayat", "state_code": 23, "district_code": 441, "block_code": 3385, "gp_code": 133049, "centroid_lat": 21.8814, "centroid_lon": 74.998, "area_sq_km": 9.4, "boundary_source": "LGD Revenue Village Centroids + Block-Bounded Voronoi Tessellation", "boundary_quality": "DERIVED"}, "geometry": {"type": "Polygon", "coordinates": [[[75.01031, 21.8814], [75.01016, 21.8861], [75.00648, 21.88932], [75.00226, 21.891], [74.99384, 21.89077], [74.98926, 21.88956], [74.9859, 21.88608], [74.98571, 21.8814], [74.98836, 21.87767], [74.99106, 21.87492], [74.99339, 21.87102], [74.998, 21.86824], [75.00259, 21.87105], [75.00494, 21.87492], [75.01031, 21.8814]]]}}, {"type": "Feature", "properties": {"state": "Madhya Pradesh", "district": "Barwani", "block": "Thikri", "gp_name": "Thikri Rural", "state_code": 23, "district_code": 441, "block_code": 3385, "gp_code": 133050, "centroid_lat": 21.9014, "centroid_lon": 74.978, "area_sq_km": 4.5, "boundary_source": "LGD Revenue Village Centroids + Block-Bounded Voronoi Tessellation", "boundary_quality": "DERIVED"}, "geometry": {"type": "Polygon", "coordinates": [[[74.99004, 21.9014], [74.99031, 21.90616], [74.98672, 21.90954], [74.9822, 21.91086], [74.978, 21.91129], [74.97374, 21.911], [74.9693, 21.90952], [74.96572, 21.90614], [74.96551, 21.9014], [74.97091, 21.89478], [74.9733, 21.89081], [74.978, 21.88855], [74.98256, 21.89112], [74.99004, 21.9014]]]}}, {"type": "Feature", "properties": {"state": "Madhya Pradesh", "district": "Betul", "block": "Betul", "gp_name": "Betul Gram Panchayat", "state_code": 23, "district_code": 391, "block_code": 3400, "gp_code": 133051, "centroid_lat": 21.89, "centroid_lon": 78.086, "area_sq_km": 4.6, "boundary_source": "LGD Revenue Village Centroids + Block-Bounded Voronoi Tessellation", "boundary_quality": "DERIVED"}, "geometry": {"type": "Polygon", "coordinates": [[[78.0985, 21.88976], [78.0983, 21.89449], [78.09496, 21.89803], [78.09046, 21.89951], [78.08622, 21.90015], [78.08206, 21.8994], [78.0777, 21.89807], [78.07427, 21.89479], [78.07414, 21.89022], [78.07898, 21.88371], [78.08096, 21.87926], [78.08573, 21.8774], [78.09057, 21.8791], [78.09306, 21.88314], [78.0985, 21.88976]]]}}, {"type": "Feature", "properties": {"state": "Madhya Pradesh", "district": "Betul", "block": "Betul", "gp_name": "Betul Rural", "state_code": 23, "district_code": 391, "block_code": 3400, "gp_code": 133052, "centroid_lat": 21.91, "centroid_lon": 78.066, "area_sq_km": 4.7, "boundary_source": "LGD Revenue Village Centroids + Block-Bounded Voronoi Tessellation", "boundary_quality": "DERIVED"}, "geometry": {"type": "Polygon", "coordinates": [[[78.07853, 21.90977], [78.07835, 21.91451], [78.07496, 21.91804], [78.07042, 21.91942], [78.0619, 21.9198], [78.05757, 21.91819], [78.05417, 21.91483], [78.05355, 21.91023], [78.06119, 21.89975], [78.06572, 21.89691], [78.07048, 21.8993], [78.07278, 21.90341], [78.07853, 21.90977]]]}}, {"type": "Feature", "properties": {"state": "Madhya Pradesh", "district": "Betul", "block": "Amla", "gp_name": "Amla Gram Panchayat", "state_code": 23, "district_code": 391, "block_code": 3401, "gp_code": 133053, "centroid_lat": 22.0286, "centroid_lon": 77.998, "area_sq_km": 4.8, "boundary_source": "LGD Revenue Village Centroids + Block-Bounded Voronoi Tessellation", "boundary_quality": "DERIVED"}, "geometry": {"type": "Polygon", "coordinates": [[[78.01031, 22.02837], [78.00993, 22.03295], [78.00667, 22.03637], [78.00236, 22.0379], [77.99821, 22.03842], [77.99397, 22.0382], [77.9894, 22.03694], [77.98615, 22.03343], [77.98574, 22.02882], [77.99111, 22.02242], [77.99317, 22.01831], [77.99773, 22.01588], [78.00243, 22.01804], [78.01031, 22.02837]]]}}, {"type": "Feature", "properties": {"state": "Madhya Pradesh", "district": "Betul", "block": "Amla", "gp_name": "Amla Rural", "state_code": 23, "district_code": 391, "block_code": 3401, "gp_code": 133054, "centroid_lat": 22.0486, "centroid_lon": 77.978, "area_sq_km": 4.9, "boundary_source": "LGD Revenue Village Centroids + Block-Bounded Voronoi Tessellation", "boundary_quality": "DERIVED"}, "geometry": {"type": "Polygon", "coordinates": [[[77.99047, 22.04837], [77.99001, 22.05298], [77.98689, 22.05657], [77.98239, 22.05795], [77.97405, 22.058], [77.96966, 22.05668], [77.96581, 22.05357], [77.96558, 22.04883], [77.97314, 22.03823], [77.97773, 22.0355], [77.98248, 22.03793], [77.98733, 22.0448], [77.99047, 22.04837]]]}}, {"type": "Feature", "properties": {"state": "Madhya Pradesh", "district": "Betul", "block": "Bhainsdehi", "gp_name": "Bhainsdehi Gram Panchayat", "state_code": 23, "district_code": 391, "block_code": 3402, "gp_code": 133055, "centroid_lat": 22.0286, "centroid_lon": 77.822, "area_sq_km": 5.0, "boundary_source": "LGD Revenue Village Centroids + Block-Bounded Voronoi Tessellation", "boundary_quality": "DERIVED"}, "geometry": {"type": "Polygon", "coordinates": [[[77.83432, 22.02839], [77.83439, 22.03314], [77.83078, 22.03649], [77.82633, 22.03786], [77.81798, 22.03815], [77.81374, 22.03659], [77.81021, 22.03339], [77.80998, 22.02881], [77.81282, 22.02524], [77.81709, 22.01811], [77.82175, 22.01593], [77.82657, 22.01775], [77.82901, 22.02182], [77.83432, 22.02839]]]}}, {"type": "Feature", "properties": {"state": "Madhya Pradesh", "district": "Betul", "block": "Bhainsdehi", "gp_name": "Bhainsdehi Rural", "state_code": 23, "district_code": 391, "block_code": 3402, "gp_code": 133056, "centroid_lat": 22.0486, "centroid_lon": 77.802, "area_sq_km": 5.1, "boundary_source": "LGD Revenue Village Centroids + Block-Bounded Voronoi Tessellation", "boundary_quality": "DERIVED"}, "geometry": {"type": "Polygon", "coordinates": [[[77.81452, 22.04839], [77.81395, 22.05298], [77.81054, 22.05627], [77.80653, 22.05828], [77.8022, 22.05869], [77.79348, 22.05684], [77.7902, 22.0534], [77.78949, 22.04881], [77.79273, 22.0452], [77.797, 22.0379], [77.80174, 22.03554], [77.80642, 22.03812], [77.81452, 22.04839]]]}}, {"type": "Feature", "properties": {"state": "Madhya Pradesh", "district": "Betul", "block": "Chicholi", "gp_name": "Chicholi Gram Panchayat", "state_code": 23, "district_code": 391, "block_code": 3403, "gp_code": 133057, "centroid_lat": 21.89, "centroid_lon": 77.734, "area_sq_km": 5.2, "boundary_source": "LGD Revenue Village Centroids + Block-Bounded Voronoi Tessellation", "boundary_quality": "DERIVED"}, "geometry": {"type": "Polygon", "coordinates": [[[77.74608, 21.8898], [77.74607, 21.89443], [77.74282, 21.89795], [77.73829, 21.89919], [77.73419, 21.9], [77.72987, 21.8998], [77.72565, 21.89807], [77.72222, 21.89478], [77.72197, 21.8902], [77.72432, 21.88644], [77.72923, 21.87977], [77.73376, 21.87716], [77.73843, 21.8795], [77.74083, 21.88339], [77.74608, 21.8898]]]}}, {"type": "Feature", "properties": {"state": "Madhya Pradesh", "district": "Betul", "block": "Chicholi", "gp_name": "Chicholi Rural", "state_code": 23, "district_code": 391, "block_code": 3403, "gp_code": 133058, "centroid_lat": 21.91, "centroid_lon": 77.714, "area_sq_km": 5.3, "boundary_source": "LGD Revenue Village Centroids + Block-Bounded Voronoi Tessellation", "boundary_quality": "DERIVED"}, "geometry": {"type": "Polygon", "coordinates": [[[77.72598, 21.9098], [77.72616, 21.91447], [77.72263, 21.91777], [77.7183, 21.91923], [77.71418, 21.91975], [77.70999, 21.91952], [77.7057, 21.91802], [77.70207, 21.91484], [77.70195, 21.9102], [77.70694, 21.90364], [77.70923, 21.89978], [77.71376, 21.8971], [77.71848, 21.89937], [77.72084, 21.90339], [77.72355, 21.90612], [77.72598, 21.9098]]]}}, {"type": "Feature", "properties": {"state": "Madhya Pradesh", "district": "Betul", "block": "Multai", "gp_name": "Multai Gram Panchayat", "state_code": 23, "district_code": 391, "block_code": 3404, "gp_code": 133059, "centroid_lat": 21.7514, "centroid_lon": 77.822, "area_sq_km": 5.4, "boundary_source": "LGD Revenue Village Centroids + Block-Bounded Voronoi Tessellation", "boundary_quality": "DERIVED"}, "geometry": {"type": "Polygon", "coordinates": [[[77.8345, 21.75119], [77.83436, 21.75594], [77.83082, 21.75934], [77.8265, 21.76105], [77.81789, 21.76118], [77.81338, 21.75975], [77.81024, 21.75619], [77.8095, 21.75161], [77.81285, 21.74804], [77.81717, 21.74104], [77.82175, 21.73854], [77.82654, 21.7406], [77.82872, 21.74488], [77.8345, 21.75119]]]}}, {"type": "Feature", "properties": {"state": "Madhya Pradesh", "district": "Betul", "block": "Multai", "gp_name": "Multai Rural", "state_code": 23, "district_code": 391, "block_code": 3404, "gp_code": 133060, "centroid_lat": 21.7714, "centroid_lon": 77.802, "area_sq_km": 5.5, "boundary_source": "LGD Revenue Village Centroids + Block-Bounded Voronoi Tessellation", "boundary_quality": "DERIVED"}, "geometry": {"type": "Polygon", "coordinates": [[[77.8145, 21.77119], [77.81402, 21.77581], [77.8106, 21.77915], [77.80634, 21.7807], [77.79788, 21.7812], [77.79368, 21.77946], [77.78976, 21.77638], [77.79003, 21.7716], [77.79717, 21.76105], [77.80175, 21.75853], [77.80657, 21.76054], [77.80863, 21.76497], [77.8145, 21.77119]]]}}, {"type": "Feature", "properties": {"state": "Madhya Pradesh", "district": "Betul", "block": "Shahpur", "gp_name": "Shahpur Gram Panchayat", "state_code": 23, "district_code": 391, "block_code": 3405, "gp_code": 133061, "centroid_lat": 21.7514, "centroid_lon": 77.998, "area_sq_km": 5.6, "boundary_source": "LGD Revenue Village Centroids + Block-Bounded Voronoi Tessellation", "boundary_quality": "DERIVED"}, "geometry": {"type": "Polygon", "coordinates": [[[78.01027, 21.75118], [78.0102, 21.75586], [78.00666, 21.75918], [77.99821, 21.76157], [77.99399, 21.76097], [77.98972, 21.75944], [77.98585, 21.75636], [77.98592, 21.75162], [77.99094, 21.74505], [77.99298, 21.74067], [77.99774, 21.73868], [78.00238, 21.74095], [78.01027, 21.75118]]]}}, {"type": "Feature", "properties": {"state": "Madhya Pradesh", "district": "Betul", "block": "Shahpur", "gp_name": "Shahpur Rural", "state_code": 23, "district_code": 391, "block_code": 3405, "gp_code": 133062, "centroid_lat": 21.7714, "centroid_lon": 77.978, "area_sq_km": 5.7, "boundary_source": "LGD Revenue Village Centroids + Block-Bounded Voronoi Tessellation", "boundary_quality": "DERIVED"}, "geometry": {"type": "Polygon", "coordinates": [[[77.98992, 21.77118], [77.98999, 21.77579], [77.98687, 21.77937], [77.98251, 21.78105], [77.97391, 21.78114], [77.96977, 21.77939], [77.96593, 21.77632], [77.96589, 21.77162], [77.97104, 21.76515], [77.97321, 21.76116], [77.97773, 21.75829], [77.98257, 21.7605], [77.985, 21.7646], [77.98992, 21.77118]]]}}, {"type": "Feature", "properties": {"state": "Madhya Pradesh", "district": "Bhind", "block": "Bhind", "gp_name": "Bhind Gram Panchayat", "state_code": 23, "district_code": 394, "block_code": 3420, "gp_code": 133063, "centroid_lat": 26.55, "centroid_lon": 78.966, "area_sq_km": 5.8, "boundary_source": "LGD Revenue Village Centroids + Block-Bounded Voronoi Tessellation", "boundary_quality": "DERIVED"}, "geometry": {"type": "Polygon", "coordinates": [[[78.97837, 26.54965], [78.97837, 26.55421], [78.97536, 26.55791], [78.9708, 26.55957], [78.96634, 26.55982], [78.95718, 26.55844], [78.9533, 26.55515], [78.95347, 26.55035], [78.95879, 26.54391], [78.96085, 26.53973], [78.96555, 26.53686], [78.97041, 26.53952], [78.97297, 26.54333], [78.97837, 26.54965]]]}}, {"type": "Feature", "properties": {"state": "Madhya Pradesh", "district": "Bhind", "block": "Bhind", "gp_name": "Bhind Rural", "state_code": 23, "district_code": 394, "block_code": 3420, "gp_code": 133064, "centroid_lat": 26.57, "centroid_lon": 78.946, "area_sq_km": 5.9, "boundary_source": "LGD Revenue Village Centroids + Block-Bounded Voronoi Tessellation", "boundary_quality": "DERIVED"}, "geometry": {"type": "Polygon", "coordinates": [[[78.95882, 26.56964], [78.95861, 26.57429], [78.9551, 26.57769], [78.95082, 26.57962], [78.94196, 26.57959], [78.93712, 26.57849], [78.93346, 26.57508], [78.93358, 26.57034], [78.93859, 26.56374], [78.94065, 26.55934], [78.94555, 26.55694], [78.95049, 26.55933], [78.95293, 26.56337], [78.95882, 26.56964]]]}}, {"type": "Feature", "properties": {"state": "Madhya Pradesh", "district": "Bhind", "block": "Ater", "gp_name": "Ater Gram Panchayat", "state_code": 23, "district_code": 394, "block_code": 3421, "gp_code": 133065, "centroid_lat": 26.6886, "centroid_lon": 78.878, "area_sq_km": 6.0, "boundary_source": "LGD Revenue Village Centroids + Block-Bounded Voronoi Tessellation", "boundary_quality": "DERIVED"}, "geometry": {"type": "Polygon", "coordinates": [[[78.89033, 26.68826], [78.89069, 26.69292], [78.8872, 26.69638], [78.88273, 26.69803], [78.87834, 26.6985], [78.87395, 26.69819], [78.86941, 26.6968], [78.86527, 26.69375], [78.86545, 26.68894], [78.87062, 26.68237], [78.87293, 26.67848], [78.87757, 26.6758], [78.88244, 26.67808], [78.89033, 26.68826]]]}}, {"type": "Feature", "properties": {"state": "Madhya Pradesh", "district": "Bhind", "block": "Ater", "gp_name": "Ater Rural", "state_code": 23, "district_code": 394, "block_code": 3421, "gp_code": 133066, "centroid_lat": 26.7086, "centroid_lon": 78.858, "area_sq_km": 6.1, "boundary_source": "LGD Revenue Village Centroids + Block-Bounded Voronoi Tessellation", "boundary_quality": "DERIVED"}, "geometry": {"type": "Polygon", "coordinates": [[[78.87082, 26.70825], [78.8707, 26.71292], [78.8673, 26.71646], [78.85834, 26.71876], [78.85399, 26.71809], [78.84946, 26.71675], [78.84531, 26.71373], [78.84569, 26.70893], [78.8507, 26.70243], [78.85282, 26.69826], [78.85757, 26.69594], [78.86242, 26.69812], [78.86489, 26.70202], [78.87082, 26.70825]]]}}, {"type": "Feature", "properties": {"state": "Madhya Pradesh", "district": "Bhind", "block": "Gohad", "gp_name": "Gohad Gram Panchayat", "state_code": 23, "district_code": 394, "block_code": 3422, "gp_code": 133067, "centroid_lat": 26.6886, "centroid_lon": 78.702, "area_sq_km": 6.2, "boundary_source": "LGD Revenue Village Centroids + Block-Bounded Voronoi Tessellation", "boundary_quality": "DERIVED"}, "geometry": {"type": "Polygon", "coordinates": [[[78.71486, 26.68826], [78.71442, 26.69284], [78.71122, 26.69641], [78.7068, 26.69822], [78.698, 26.69804], [78.69347, 26.69672], [78.68987, 26.69349], [78.6896, 26.68892], [78.69467, 26.68239], [78.69681, 26.67821], [78.70159, 26.6758], [78.70648, 26.67802], [78.70905, 26.68189], [78.71486, 26.68826]]]}}, {"type": "Feature", "properties": {"state": "Madhya Pradesh", "district": "Bhind", "block": "Gohad", "gp_name": "Gohad Rural", "state_code": 23, "district_code": 394, "block_code": 3422, "gp_code": 133068, "centroid_lat": 26.7086, "centroid_lon": 78.682, "area_sq_km": 6.3, "boundary_source": "LGD Revenue Village Centroids + Block-Bounded Voronoi Tessellation", "boundary_quality": "DERIVED"}, "geometry": {"type": "Polygon", "coordinates": [[[78.69447, 26.70828], [78.69486, 26.713], [78.69108, 26.7163], [78.68669, 26.71799], [78.68232, 26.7186], [78.67783, 26.71844], [78.67351, 26.71668], [78.66991, 26.71347], [78.66951, 26.70892], [78.67459, 26.70232], [78.67679, 26.69816], [78.68158, 26.69557], [78.68649, 26.69802], [78.69447, 26.70828]]]}}, {"type": "Feature", "properties": {"state": "Madhya Pradesh", "district": "Bhind", "block": "Lahar", "gp_name": "Lahar Gram Panchayat", "state_code": 23, "district_code": 394, "block_code": 3423, "gp_code": 133069, "centroid_lat": 26.55, "centroid_lon": 78.614, "area_sq_km": 6.4, "boundary_source": "LGD Revenue Village Centroids + Block-Bounded Voronoi Tessellation", "boundary_quality": "DERIVED"}, "geometry": {"type": "Polygon", "coordinates": [[[78.62671, 26.54968], [78.62677, 26.55438], [78.62326, 26.55787], [78.61856, 26.55917], [78.61431, 26.55991], [78.61, 26.55944], [78.60548, 26.55811], [78.60137, 26.55508], [78.60146, 26.55032], [78.60442, 26.54671], [78.60875, 26.53945], [78.6136, 26.53739], [78.61859, 26.53919], [78.62086, 26.54347], [78.62671, 26.54968]]]}}, {"type": "Feature", "properties": {"state": "Madhya Pradesh", "district": "Bhind", "block": "Lahar", "gp_name": "Lahar Rural", "state_code": 23, "district_code": 394, "block_code": 3423, "gp_code": 133070, "centroid_lat": 26.57, "centroid_lon": 78.594, "area_sq_km": 6.5, "boundary_source": "LGD Revenue Village Centroids + Block-Bounded Voronoi Tessellation", "boundary_quality": "DERIVED"}, "geometry": {"type": "Polygon", "coordinates": [[[78.60697, 26.56967], [78.60697, 26.57445], [78.60304, 26.57768], [78.5987, 26.57944], [78.5943, 26.57975], [78.58524, 26.57833], [78.58181, 26.5749], [78.58107, 26.57033], [78.58662, 26.56373], [78.58889, 26.55973], [78.59359, 26.55703], [78.59863, 26.55909], [78.60095, 26.56339], [78.60697, 26.56967]]]}}, {"type": "Feature", "properties": {"state": "Madhya Pradesh", "district": "Bhind", "block": "Mehgaon", "gp_name": "Mehgaon Gram Panchayat", "state_code": 23, "district_code": 394, "block_code": 3424, "gp_code": 133071, "centroid_lat": 26.4114, "centroid_lon": 78.702, "area_sq_km": 6.6, "boundary_source": "LGD Revenue Village Centroids + Block-Bounded Voronoi Tessellation", "boundary_quality": "DERIVED"}, "geometry": {"type": "Polygon", "coordinates": [[[78.7145, 26.41108], [78.71435, 26.41563], [78.71102, 26.41907], [78.70673, 26.42091], [78.70232, 26.42143], [78.6979, 26.4211], [78.69341, 26.41959], [78.68974, 26.41635], [78.68914, 26.41173], [78.69256, 26.40816], [78.69672, 26.40079], [78.70159, 26.39852], [78.70642, 26.40096], [78.70889, 26.40483], [78.7145, 26.41108]]]}}, {"type": "Feature", "properties": {"state": "Madhya Pradesh", "district": "Bhind", "block": "Mehgaon", "gp_name": "Mehgaon Rural", "state_code": 23, "district_code": 394, "block_code": 3424, "gp_code": 133072, "centroid_lat": 26.4314, "centroid_lon": 78.682, "area_sq_km": 6.7, "boundary_source": "LGD Revenue Village Centroids + Block-Bounded Voronoi Tessellation", "boundary_quality": "DERIVED"}, "geometry": {"type": "Polygon", "coordinates": [[[78.69464, 26.43107], [78.69458, 26.43572], [78.69097, 26.43903], [78.68677, 26.44099], [78.68231, 26.44128], [78.67798, 26.44091], [78.67328, 26.43971], [78.66989, 26.43629], [78.66953, 26.43172], [78.67202, 26.42798], [78.67468, 26.42518], [78.6769, 26.42115], [78.68159, 26.41847], [78.68649, 26.4208], [78.68891, 26.42481], [78.69464, 26.43107]]]}}, {"type": "Feature", "properties": {"state": "Madhya Pradesh", "district": "Bhind", "block": "Ron", "gp_name": "Ron Gram Panchayat", "state_code": 23, "district_code": 394, "block_code": 3425, "gp_code": 133073, "centroid_lat": 26.4114, "centroid_lon": 78.878, "area_sq_km": 6.8, "boundary_source": "LGD Revenue Village Centroids + Block-Bounded Voronoi Tessellation", "boundary_quality": "DERIVED"}, "geometry": {"type": "Polygon", "coordinates": [[[78.89054, 26.41106], [78.89038, 26.41563], [78.88707, 26.41909], [78.88254, 26.42049], [78.87832, 26.42103], [78.87408, 26.4207], [78.86939, 26.41963], [78.86588, 26.41631], [78.86533, 26.41174], [78.87063, 26.40515], [78.87282, 26.40102], [78.87757, 26.39868], [78.88237, 26.40102], [78.88482, 26.40487], [78.89054, 26.41106]]]}}, {"type": "Feature", "properties": {"state": "Madhya Pradesh", "district": "Bhind", "block": "Ron", "gp_name": "Ron Rural", "state_code": 23, "district_code": 394, "block_code": 3425, "gp_code": 133074, "centroid_lat": 26.4314, "centroid_lon": 78.858, "area_sq_km": 6.9, "boundary_source": "LGD Revenue Village Centroids + Block-Bounded Voronoi Tessellation", "boundary_quality": "DERIVED"}, "geometry": {"type": "Polygon", "coordinates": [[[78.87034, 26.43107], [78.8704, 26.43563], [78.86734, 26.43932], [78.85834, 26.44156], [78.8493, 26.43972], [78.84582, 26.43633], [78.84506, 26.43175], [78.85055, 26.42508], [78.85289, 26.42116], [78.85757, 26.41855], [78.86259, 26.4205], [78.86476, 26.42493], [78.87034, 26.43107]]]}}, {"type": "Feature", "properties": {"state": "Madhya Pradesh", "district": "Bhopal", "block": "Berasia", "gp_name": "Berasia Gram Panchayat", "state_code": 23, "district_code": 393, "block_code": 3440, "gp_code": 133075, "centroid_lat": 23.24, "centroid_lon": 77.552, "area_sq_km": 7.0, "boundary_source": "LGD Revenue Village Centroids + Block-Bounded Voronoi Tessellation", "boundary_quality": "DERIVED"}, "geometry": {"type": "Polygon", "coordinates": [[[77.56427, 23.2398], [77.56454, 23.24456], [77.56064, 23.24771], [77.55648, 23.24952], [77.548, 23.24939], [77.54343, 23.2482], [77.54017, 23.24475], [77.54004, 23.24019], [77.54503, 23.23379], [77.54708, 23.22955], [77.55176, 23.22726], [77.55647, 23.2295], [77.55897, 23.23333], [77.56427, 23.2398]]]}}, {"type": "Feature", "properties": {"state": "Madhya Pradesh", "district": "Bhopal", "block": "Berasia", "gp_name": "Berasia Rural", "state_code": 23, "district_code": 393, "block_code": 3440, "gp_code": 133076, "centroid_lat": 23.26, "centroid_lon": 77.532, "area_sq_km": 7.1, "boundary_source": "LGD Revenue Village Centroids + Block-Bounded Voronoi Tessellation", "boundary_quality": "DERIVED"}, "geometry": {"type": "Polygon", "coordinates": [[[77.54404, 23.25981], [77.54422, 23.26445], [77.54063, 23.2677], [77.53646, 23.26947], [77.53219, 23.26997], [77.52805, 23.26927], [77.52363, 23.26801], [77.5199, 23.26486], [77.52001, 23.26019], [77.52483, 23.2536], [77.527, 23.24938], [77.53175, 23.24686], [77.53661, 23.24919], [77.53872, 23.25357], [77.54404, 23.25981]]]}}, {"type": "Feature", "properties": {"state": "Madhya Pradesh", "district": "Bhopal", "block": "Phanda", "gp_name": "Phanda Gram Panchayat", "state_code": 23, "district_code": 393, "block_code": 3441, "gp_code": 133077, "centroid_lat": 23.24, "centroid_lon": 77.288, "area_sq_km": 7.2, "boundary_source": "LGD Revenue Village Centroids + Block-Bounded Voronoi Tessellation", "boundary_quality": "DERIVED"}, "geometry": {"type": "Polygon", "coordinates": [[[77.30006, 23.23982], [77.30021, 23.24447], [77.29673, 23.24782], [77.29253, 23.24968], [77.28392, 23.24951], [77.27938, 23.24822], [77.27558, 23.24497], [77.2758, 23.24018], [77.27823, 23.23642], [77.2808, 23.23355], [77.28321, 23.22977], [77.28778, 23.22736], [77.29251, 23.22946], [77.29481, 23.2335], [77.29767, 23.23613], [77.30006, 23.23982]]]}}, {"type": "Feature", "properties": {"state": "Madhya Pradesh", "district": "Bhopal", "block": "Phanda", "gp_name": "Phanda Rural", "state_code": 23, "district_code": 393, "block_code": 3441, "gp_code": 133078, "centroid_lat": 23.26, "centroid_lon": 77.268, "area_sq_km": 7.3, "boundary_source": "LGD Revenue Village Centroids + Block-Bounded Voronoi Tessellation", "boundary_quality": "DERIVED"}, "geometry": {"type": "Polygon", "coordinates": [[[77.27996, 23.25983], [77.28057, 23.2646], [77.2767, 23.26779], [77.26817, 23.26978], [77.26396, 23.26941], [77.25954, 23.26807], [77.25613, 23.26474], [77.25561, 23.26018], [77.26083, 23.25358], [77.26314, 23.24961], [77.26778, 23.24719], [77.27248, 23.24954], [77.27477, 23.25355], [77.27996, 23.25983]]]}}, {"type": "Feature", "properties": {"state": "Madhya Pradesh", "district": "Burhanpur", "block": "Burhanpur", "gp_name": "Burhanpur Gram Panchayat", "state_code": 23, "district_code": 442, "block_code": 3460, "gp_code": 133079, "centroid_lat": 21.3, "centroid_lon": 76.362, "area_sq_km": 7.4, "boundary_source": "LGD Revenue Village Centroids + Block-Bounded Voronoi Tessellation", "boundary_quality": "DERIVED"}, "geometry": {"type": "Polygon", "coordinates": [[[76.37399, 21.2999], [76.37437, 21.30468], [76.37063, 21.30795], [76.36625, 21.30938], [76.36209, 21.30983], [76.35789, 21.30953], [76.35372, 21.30789], [76.35004, 21.30476], [76.34979, 21.3001], [76.35517, 21.29371], [76.35722, 21.28944], [76.36188, 21.28679], [76.3665, 21.28956], [76.37399, 21.2999]]]}}, {"type": "Feature", "properties": {"state": "Madhya Pradesh", "district": "Burhanpur", "block": "Burhanpur", "gp_name": "Burhanpur Rural", "state_code": 23, "district_code": 442, "block_code": 3460, "gp_code": 133080, "centroid_lat": 21.32, "centroid_lon": 76.342, "area_sq_km": 7.5, "boundary_source": "LGD Revenue Village Centroids + Block-Bounded Voronoi Tessellation", "boundary_quality": "DERIVED"}, "geometry": {"type": "Polygon", "coordinates": [[[76.35384, 21.31991], [76.35383, 21.32448], [76.35062, 21.32794], [76.34622, 21.32932], [76.34209, 21.33], [76.33785, 21.32962], [76.33327, 21.32832], [76.33023, 21.32468], [76.32959, 21.3201], [76.3329, 21.31655], [76.33722, 21.30944], [76.34188, 21.30709], [76.34665, 21.30921], [76.34903, 21.3133], [76.35384, 21.31991]]]}}, {"type": "Feature", "properties": {"state": "Madhya Pradesh", "district": "Burhanpur", "block": "Kharkalan", "gp_name": "Kharkalan Gram Panchayat", "state_code": 23, "district_code": 442, "block_code": 3461, "gp_code": 133081, "centroid_lat": 21.3, "centroid_lon": 76.098, "area_sq_km": 7.6, "boundary_source": "LGD Revenue Village Centroids + Block-Bounded Voronoi Tessellation", "boundary_quality": "DERIVED"}, "geometry": {"type": "Polygon", "coordinates": [[[76.11032, 21.29992], [76.10988, 21.30452], [76.10671, 21.30805], [76.10218, 21.30928], [76.09389, 21.30948], [76.08936, 21.30821], [76.08591, 21.30478], [76.08602, 21.30008], [76.09118, 21.2937], [76.09316, 21.28926], [76.0979, 21.28684], [76.10259, 21.28941], [76.10474, 21.29359], [76.10751, 21.29624], [76.11032, 21.29992]]]}}, {"type": "Feature", "properties": {"state": "Madhya Pradesh", "district": "Burhanpur", "block": "Kharkalan", "gp_name": "Kharkalan Rural", "state_code": 23, "district_code": 442, "block_code": 3461, "gp_code": 133082, "centroid_lat": 21.32, "centroid_lon": 76.078, "area_sq_km": 7.7, "boundary_source": "LGD Revenue Village Centroids + Block-Bounded Voronoi Tessellation", "boundary_quality": "DERIVED"}, "geometry": {"type": "Polygon", "coordinates": [[[76.09043, 21.31992], [76.09022, 21.32465], [76.0866, 21.32795], [76.08219, 21.32929], [76.07807, 21.32961], [76.07398, 21.32928], [76.0694, 21.32817], [76.06595, 21.32477], [76.06613, 21.32008], [76.07104, 21.31357], [76.07322, 21.30938], [76.07791, 21.30707], [76.08255, 21.3095], [76.08715, 21.31638], [76.09043, 21.31992]]]}}, {"type": "Feature", "properties": {"state": "Madhya Pradesh", "district": "Chhatarpur", "block": "Chhatarpur", "gp_name": "Chhatarpur Gram Panchayat", "state_code": 23, "district_code": 396, "block_code": 3480, "gp_code": 133083, "centroid_lat": 24.9, "centroid_lon": 79.766, "area_sq_km": 7.8, "boundary_source": "LGD Revenue Village Centroids + Block-Bounded Voronoi Tessellation", "boundary_quality": "DERIVED"}, "geometry": {"type": "Polygon", "coordinates": [[[79.77848, 24.8996], [79.77839, 24.90422], [79.77489, 24.90756], [79.77062, 24.90924], [79.762, 24.90976], [79.75754, 24.90827], [79.75409, 24.90495], [79.75379, 24.90039], [79.76083, 24.88966], [79.76551, 24.88718], [79.77034, 24.88942], [79.77296, 24.89319], [79.77848, 24.8996]]]}}, {"type": "Feature", "properties": {"state": "Madhya Pradesh", "district": "Chhatarpur", "block": "Chhatarpur", "gp_name": "Chhatarpur Rural", "state_code": 23, "district_code": 396, "block_code": 3480, "gp_code": 133084, "centroid_lat": 24.92, "centroid_lon": 79.746, "area_sq_km": 7.9, "boundary_source": "LGD Revenue Village Centroids + Block-Bounded Voronoi Tessellation", "boundary_quality": "DERIVED"}, "geometry": {"type": "Polygon", "coordinates": [[[79.75821, 24.91961], [79.75886, 24.92438], [79.75491, 24.92758], [79.75072, 24.92943], [79.74203, 24.92968], [79.73729, 24.92851], [79.73361, 24.92515], [79.73358, 24.9204], [79.73845, 24.91358], [79.74071, 24.90941], [79.74551, 24.90719], [79.75036, 24.90936], [79.75279, 24.91336], [79.75821, 24.91961]]]}}, {"type": "Feature", "properties": {"state": "Madhya Pradesh", "district": "Chhatarpur", "block": "Bakswaha", "gp_name": "Bakswaha Gram Panchayat", "state_code": 23, "district_code": 396, "block_code": 3481, "gp_code": 133085, "centroid_lat": 25.0386, "centroid_lon": 79.678, "area_sq_km": 8.0, "boundary_source": "LGD Revenue Village Centroids + Block-Bounded Voronoi Tessellation", "boundary_quality": "DERIVED"}, "geometry": {"type": "Polygon", "coordinates": [[[79.69037, 25.03821], [79.69036, 25.04281], [79.68697, 25.04622], [79.68266, 25.04792], [79.67839, 25.04874], [79.67417, 25.04791], [79.66968, 25.04672], [79.66554, 25.04377], [79.66572, 25.03899], [79.67085, 25.03252], [79.67275, 25.02809], [79.67751, 25.02574], [79.68227, 25.02821], [79.68483, 25.03193], [79.69037, 25.03821]]]}}, {"type": "Feature", "properties": {"state": "Madhya Pradesh", "district": "Chhatarpur", "block": "Bakswaha", "gp_name": "Bakswaha Rural", "state_code": 23, "district_code": 396, "block_code": 3481, "gp_code": 133086, "centroid_lat": 25.0586, "centroid_lon": 79.658, "area_sq_km": 8.1, "boundary_source": "LGD Revenue Village Centroids + Block-Bounded Voronoi Tessellation", "boundary_quality": "DERIVED"}, "geometry": {"type": "Polygon", "coordinates": [[[79.6705, 25.05821], [79.67056, 25.06288], [79.66689, 25.06616], [79.66268, 25.06796], [79.6541, 25.06809], [79.64935, 25.06704], [79.64572, 25.06369], [79.64584, 25.05898], [79.65079, 25.05247], [79.65285, 25.0483], [79.65752, 25.04605], [79.66244, 25.0478], [79.66482, 25.05194], [79.6705, 25.05821]]]}}, {"type": "Feature", "properties": {"state": "Madhya Pradesh", "district": "Chhatarpur", "block": "Bijawar", "gp_name": "Bijawar Gram Panchayat", "state_code": 23, "district_code": 396, "block_code": 3482, "gp_code": 133087, "centroid_lat": 25.0386, "centroid_lon": 79.502, "area_sq_km": 8.2, "boundary_source": "LGD Revenue Village Centroids + Block-Bounded Voronoi Tessellation", "boundary_quality": "DERIVED"}, "geometry": {"type": "Polygon", "coordinates": [[[79.51425, 25.03823], [79.5146, 25.04291], [79.51114, 25.04639], [79.50676, 25.04816], [79.49793, 25.04846], [79.49351, 25.04686], [79.49005, 25.04354], [79.48978, 25.03897], [79.49488, 25.03253], [79.49684, 25.02824], [79.50154, 25.02598], [79.50649, 25.02771], [79.50887, 25.03191], [79.51425, 25.03823]]]}}, {"type": "Feature", "properties": {"state": "Madhya Pradesh", "district": "Chhatarpur", "block": "Bijawar", "gp_name": "Bijawar Rural", "state_code": 23, "district_code": 396, "block_code": 3482, "gp_code": 133088, "centroid_lat": 25.0586, "centroid_lon": 79.482, "area_sq_km": 8.3, "boundary_source": "LGD Revenue Village Centroids + Block-Bounded Voronoi Tessellation", "boundary_quality": "DERIVED"}, "geometry": {"type": "Polygon", "coordinates": [[[79.4941, 25.05823], [79.49486, 25.063], [79.49109, 25.06635], [79.48653, 25.0677], [79.48235, 25.06824], [79.47807, 25.06813], [79.47335, 25.06702], [79.46957, 25.06374], [79.46943, 25.05898], [79.47483, 25.05249], [79.47675, 25.04806], [79.48154, 25.04593], [79.48645, 25.04781], [79.4941, 25.05823]]]}}, {"type": "Feature", "properties": {"state": "Madhya Pradesh", "district": "Chhatarpur", "block": "Laundi", "gp_name": "Laundi Gram Panchayat", "state_code": 23, "district_code": 396, "block_code": 3483, "gp_code": 133089, "centroid_lat": 24.9, "centroid_lon": 79.414, "area_sq_km": 8.4, "boundary_source": "LGD Revenue Village Centroids + Block-Bounded Voronoi Tessellation", "boundary_quality": "DERIVED"}, "geometry": {"type": "Polygon", "coordinates": [[[79.42647, 24.89963], [79.42669, 24.90436], [79.42284, 24.90756], [79.41873, 24.90952], [79.41015, 24.90932], [79.40573, 24.90805], [79.40167, 24.90509], [79.40148, 24.90037], [79.4065, 24.89359], [79.40872, 24.88936], [79.41355, 24.8873], [79.41833, 24.88952], [79.42075, 24.89343], [79.42647, 24.89963]]]}}, {"type": "Feature", "properties": {"state": "Madhya Pradesh", "district": "Chhatarpur", "block": "Laundi", "gp_name": "Laundi Rural", "state_code": 23, "district_code": 396, "block_code": 3483, "gp_code": 133090, "centroid_lat": 24.92, "centroid_lon": 79.394, "area_sq_km": 8.5, "boundary_source": "LGD Revenue Village Centroids + Block-Bounded Voronoi Tessellation", "boundary_quality": "DERIVED"}, "geometry": {"type": "Polygon", "coordinates": [[[79.40664, 24.91963], [79.40669, 24.92436], [79.40324, 24.92789], [79.39869, 24.92945], [79.39007, 24.92952], [79.38555, 24.92822], [79.38194, 24.92498], [79.38159, 24.92037], [79.38443, 24.91671], [79.38881, 24.90954], [79.39353, 24.90686], [79.39846, 24.9092], [79.40089, 24.9133], [79.40664, 24.91963]]]}}, {"type": "Feature", "properties": {"state": "Madhya Pradesh", "district": "Chhatarpur", "block": "Nowgong", "gp_name": "Nowgong Gram Panchayat", "state_code": 23, "district_code": 396, "block_code": 3484, "gp_code": 133091, "centroid_lat": 24.7614, "centroid_lon": 79.502, "area_sq_km": 8.6, "boundary_source": "LGD Revenue Village Centroids + Block-Bounded Voronoi Tessellation", "boundary_quality": "DERIVED"}, "geometry": {"type": "Polygon", "coordinates": [[[79.51473, 24.76102], [79.51464, 24.76574], [79.51107, 24.76915], [79.50657, 24.7706], [79.50236, 24.77124], [79.49798, 24.77116], [79.49358, 24.76961], [79.49, 24.76637], [79.48991, 24.76176], [79.49208, 24.75799], [79.49475, 24.7552], [79.49681, 24.75095], [79.50153, 24.74835], [79.50639, 24.75073], [79.50887, 24.7547], [79.51473, 24.76102]]]}}, {"type": "Feature", "properties": {"state": "Madhya Pradesh", "district": "Chhatarpur", "block": "Nowgong", "gp_name": "Nowgong Rural", "state_code": 23, "district_code": 396, "block_code": 3484, "gp_code": 133092, "centroid_lat": 24.7814, "centroid_lon": 79.482, "area_sq_km": 8.7, "boundary_source": "LGD Revenue Village Centroids + Block-Bounded Voronoi Tessellation", "boundary_quality": "DERIVED"}, "geometry": {"type": "Polygon", "coordinates": [[[79.49443, 24.78103], [79.49449, 24.78569], [79.49112, 24.7892], [79.48663, 24.79073], [79.47807, 24.79094], [79.47356, 24.78963], [79.46985, 24.78643], [79.46992, 24.78176], [79.47469, 24.77515], [79.47683, 24.77098], [79.48153, 24.76827], [79.48638, 24.77078], [79.49109, 24.77764], [79.49443, 24.78103]]]}}, {"type": "Feature", "properties": {"state": "Madhya Pradesh", "district": "Chhatarpur", "block": "Rajnagar", "gp_name": "Rajnagar Gram Panchayat", "state_code": 23, "district_code": 396, "block_code": 3485, "gp_code": 133093, "centroid_lat": 24.7614, "centroid_lon": 79.678, "area_sq_km": 8.8, "boundary_source": "LGD Revenue Village Centroids + Block-Bounded Voronoi Tessellation", "boundary_quality": "DERIVED"}, "geometry": {"type": "Polygon", "coordinates": [[[79.6902, 24.76102], [79.6907, 24.76574], [79.6871, 24.76916], [79.68253, 24.77048], [79.67837, 24.77131], [79.66943, 24.76978], [79.66577, 24.76648], [79.66533, 24.7618], [79.67064, 24.75513], [79.67282, 24.75101], [79.67753, 24.74875], [79.68237, 24.75074], [79.6902, 24.76102]]]}}, {"type": "Feature", "properties": {"state": "Madhya Pradesh", "district": "Chhatarpur", "block": "Rajnagar", "gp_name": "Rajnagar Rural", "state_code": 23, "district_code": 396, "block_code": 3485, "gp_code": 133094, "centroid_lat": 24.7814, "centroid_lon": 79.658, "area_sq_km": 8.9, "boundary_source": "LGD Revenue Village Centroids + Block-Bounded Voronoi Tessellation", "boundary_quality": "DERIVED"}, "geometry": {"type": "Polygon", "coordinates": [[[79.67014, 24.78102], [79.67062, 24.78572], [79.66685, 24.78894], [79.66256, 24.79054], [79.65837, 24.7912], [79.65397, 24.79123], [79.64963, 24.78958], [79.64604, 24.78637], [79.64552, 24.78179], [79.65278, 24.77091], [79.65751, 24.76831], [79.66243, 24.77062], [79.6648, 24.77475], [79.67014, 24.78102]]]}}, {"type": "Feature", "properties": {"state": "Madhya Pradesh", "district": "Chhindwara", "block": "Chhindwara", "gp_name": "Chhindwara Gram Panchayat", "state_code": 23, "district_code": 395, "block_code": 3500, "gp_code": 133095, "centroid_lat": 22.04, "centroid_lon": 79.116, "area_sq_km": 9.0, "boundary_source": "LGD Revenue Village Centroids + Block-Bounded Voronoi Tessellation", "boundary_quality": "DERIVED"}, "geometry": {"type": "Polygon", "coordinates": [[[79.12815, 22.03969], [79.12838, 22.04442], [79.12472, 22.0477], [79.12049, 22.04938], [79.11629, 22.05016], [79.11203, 22.04966], [79.10764, 22.04823], [79.10398, 22.045], [79.10406, 22.0403], [79.109, 22.03382], [79.11101, 22.02958], [79.11563, 22.02727], [79.12028, 22.02958], [79.12815, 22.03969]]]}}, {"type": "Feature", "properties": {"state": "Madhya Pradesh", "district": "Chhindwara", "block": "Chhindwara", "gp_name": "Chhindwara Rural", "state_code": 23, "district_code": 395, "block_code": 3500, "gp_code": 133096, "centroid_lat": 22.06, "centroid_lon": 79.096, "area_sq_km": 9.1, "boundary_source": "LGD Revenue Village Centroids + Block-Bounded Voronoi Tessellation", "boundary_quality": "DERIVED"}, "geometry": {"type": "Polygon", "coordinates": [[[79.10851, 22.05969], [79.10826, 22.06438], [79.10473, 22.06771], [79.10044, 22.06927], [79.09629, 22.07001], [79.09219, 22.06928], [79.0878, 22.06806], [79.08399, 22.06499], [79.08385, 22.0603], [79.08685, 22.05673], [79.0911, 22.04977], [79.09562, 22.04694], [79.10027, 22.0496], [79.10497, 22.05627], [79.10851, 22.05969]]]}}, {"type": "Feature", "properties": {"state": "Madhya Pradesh", "district": "Chhindwara", "block": "Amarwara", "gp_name": "Amarwara Gram Panchayat", "state_code": 23, "district_code": 395, "block_code": 3501, "gp_code": 133097, "centroid_lat": 22.1786, "centroid_lon": 79.028, "area_sq_km": 9.2, "boundary_source": "LGD Revenue Village Centroids + Block-Bounded Voronoi Tessellation", "boundary_quality": "DERIVED"}, "geometry": {"type": "Polygon", "coordinates": [[[79.03993, 22.1783], [79.03993, 22.18286], [79.03706, 22.1866], [79.03241, 22.18782], [79.02829, 22.18867], [79.024, 22.18831], [79.01952, 22.18693], [79.0158, 22.18366], [79.01603, 22.1789], [79.02302, 22.1682], [79.02763, 22.16548], [79.03234, 22.16806], [79.03469, 22.17203], [79.03742, 22.17469], [79.03993, 22.1783]]]}}, {"type": "Feature", "properties": {"state": "Madhya Pradesh", "district": "Chhindwara", "block": "Amarwara", "gp_name": "Amarwara Rural", "state_code": 23, "district_code": 395, "block_code": 3501, "gp_code": 133098, "centroid_lat": 22.1986, "centroid_lon": 79.008, "area_sq_km": 9.3, "boundary_source": "LGD Revenue Village Centroids + Block-Bounded Voronoi Tessellation", "boundary_quality": "DERIVED"}, "geometry": {"type": "Polygon", "coordinates": [[[79.02035, 22.1983], [79.02006, 22.20291], [79.01667, 22.20626], [79.0126, 22.20821], [79.00829, 22.20862], [79.00407, 22.20815], [78.99982, 22.20663], [78.99586, 22.20364], [78.99586, 22.1989], [79.0031, 22.18837], [79.00764, 22.186], [79.01245, 22.18781], [79.01467, 22.19205], [79.02035, 22.1983]]]}}, {"type": "Feature", "properties": {"state": "Madhya Pradesh", "district": "Chhindwara", "block": "Chaurai", "gp_name": "Chaurai Gram Panchayat", "state_code": 23, "district_code": 395, "block_code": 3502, "gp_code": 133099, "centroid_lat": 22.1786, "centroid_lon": 78.852, "area_sq_km": 9.4, "boundary_source": "LGD Revenue Village Centroids + Block-Bounded Voronoi Tessellation", "boundary_quality": "DERIVED"}, "geometry": {"type": "Polygon", "coordinates": [[[78.86428, 22.17831], [78.86416, 22.18296], [78.86073, 22.18633], [78.85639, 22.1878], [78.84795, 22.1884], [78.84379, 22.18664], [78.83979, 22.18365], [78.83987, 22.17889], [78.8449, 22.17232], [78.84717, 22.16848], [78.85165, 22.16579], [78.85647, 22.16777], [78.85862, 22.17211], [78.86151, 22.17467], [78.86428, 22.17831]]]}}, {"type": "Feature", "properties": {"state": "Madhya Pradesh", "district": "Chhindwara", "block": "Chaurai", "gp_name": "Chaurai Rural", "state_code": 23, "district_code": 395, "block_code": 3502, "gp_code": 133100, "centroid_lat": 22.1986, "centroid_lon": 78.832, "area_sq_km": 4.5, "boundary_source": "LGD Revenue Village Centroids + Block-Bounded Voronoi Tessellation", "boundary_quality": "DERIVED"}, "geometry": {"type": "Polygon", "coordinates": [[[78.84402, 22.19832], [78.84432, 22.20302], [78.84103, 22.20659], [78.83655, 22.20814], [78.83227, 22.20867], [78.82797, 22.20835], [78.82356, 22.20686], [78.81974, 22.20367], [78.81946, 22.1989], [78.82506, 22.19246], [78.82691, 22.18794], [78.83164, 22.18551], [78.83637, 22.18803], [78.83885, 22.19189], [78.84402, 22.19832]]]}}, {"type": "Feature", "properties": {"state": "Madhya Pradesh", "district": "Chhindwara", "block": "Jamai", "gp_name": "Jamai Gram Panchayat", "state_code": 23, "district_code": 395, "block_code": 3503, "gp_code": 133101, "centroid_lat": 22.04, "centroid_lon": 78.764, "area_sq_km": 4.6, "boundary_source": "LGD Revenue Village Centroids + Block-Bounded Voronoi Tessellation", "boundary_quality": "DERIVED"}, "geometry": {"type": "Polygon", "coordinates": [[[78.77635, 22.03972], [78.77591, 22.04428], [78.77265, 22.04767], [78.76858, 22.04962], [78.76427, 22.05002], [78.75567, 22.04815], [78.75231, 22.04483], [78.75208, 22.04027], [78.75706, 22.03384], [78.75899, 22.02947], [78.76366, 22.02734], [78.76839, 22.02938], [78.7707, 22.03344], [78.77352, 22.03607], [78.77635, 22.03972]]]}}, {"type": "Feature", "properties": {"state": "Madhya Pradesh", "district": "Chhindwara", "block": "Jamai", "gp_name": "Jamai Rural", "state_code": 23, "district_code": 395, "block_code": 3503, "gp_code": 133102, "centroid_lat": 22.06, "centroid_lon": 78.744, "area_sq_km": 4.7, "boundary_source": "LGD Revenue Village Centroids + Block-Bounded Voronoi Tessellation", "boundary_quality": "DERIVED"}, "geometry": {"type": "Polygon", "coordinates": [[[78.75612, 22.05972], [78.7564, 22.06446], [78.75293, 22.06792], [78.74839, 22.06922], [78.74006, 22.06952], [78.73577, 22.06806], [78.7322, 22.06488], [78.73206, 22.06027], [78.73479, 22.05669], [78.739, 22.04949], [78.74366, 22.04715], [78.74834, 22.04951], [78.7506, 22.05354], [78.75338, 22.05612], [78.75612, 22.05972]]]}}, {"type": "Feature", "properties": {"state": "Madhya Pradesh", "district": "Chhindwara", "block": "Parasia", "gp_name": "Parasia Gram Panchayat", "state_code": 23, "district_code": 395, "block_code": 3504, "gp_code": 133103, "centroid_lat": 21.9014, "centroid_lon": 78.852, "area_sq_km": 4.8, "boundary_source": "LGD Revenue Village Centroids + Block-Bounded Voronoi Tessellation", "boundary_quality": "DERIVED"}, "geometry": {"type": "Polygon", "coordinates": [[[78.86384, 21.90112], [78.86408, 21.90574], [78.86065, 21.90908], [78.85654, 21.91094], [78.84797, 21.91115], [78.84378, 21.90947], [78.83987, 21.90643], [78.83968, 21.90169], [78.84486, 21.89507], [78.84701, 21.89091], [78.85166, 21.88874], [78.8563, 21.89099], [78.86384, 21.90112]]]}}, {"type": "Feature", "properties": {"state": "Madhya Pradesh", "district": "Chhindwara", "block": "Parasia", "gp_name": "Parasia Rural", "state_code": 23, "district_code": 395, "block_code": 3504, "gp_code": 133104, "centroid_lat": 21.9214, "centroid_lon": 78.832, "area_sq_km": 4.9, "boundary_source": "LGD Revenue Village Centroids + Block-Bounded Voronoi Tessellation", "boundary_quality": "DERIVED"}, "geometry": {"type": "Polygon", "coordinates": [[[78.84449, 21.92111], [78.8443, 21.92582], [78.84098, 21.92937], [78.83227, 21.93139], [78.82379, 21.92945], [78.82022, 21.92628], [78.81963, 21.92169], [78.8227, 21.91806], [78.82715, 21.9112], [78.83166, 21.90868], [78.83629, 21.91101], [78.83882, 21.91471], [78.84449, 21.92111]]]}}, {"type": "Feature", "properties": {"state": "Madhya Pradesh", "district": "Chhindwara", "block": "Sausar", "gp_name": "Sausar Gram Panchayat", "state_code": 23, "district_code": 395, "block_code": 3505, "gp_code": 133105, "centroid_lat": 21.9014, "centroid_lon": 79.028, "area_sq_km": 5.0, "boundary_source": "LGD Revenue Village Centroids + Block-Bounded Voronoi Tessellation", "boundary_quality": "DERIVED"}, "geometry": {"type": "Polygon", "coordinates": [[[79.03995, 21.90111], [79.0405, 21.90588], [79.03697, 21.90934], [79.03253, 21.91089], [79.02829, 21.91157], [79.0241, 21.91089], [79.01964, 21.90962], [79.01583, 21.90646], [79.01596, 21.90169], [79.02093, 21.89514], [79.02302, 21.89097], [79.02764, 21.88853], [79.03232, 21.89088], [79.0348, 21.89471], [79.03746, 21.89747], [79.03995, 21.90111]]]}}, {"type": "Feature", "properties": {"state": "Madhya Pradesh", "district": "Chhindwara", "block": "Sausar", "gp_name": "Sausar Rural", "state_code": 23, "district_code": 395, "block_code": 3505, "gp_code": 133106, "centroid_lat": 21.9214, "centroid_lon": 79.008, "area_sq_km": 5.1, "boundary_source": "LGD Revenue Village Centroids + Block-Bounded Voronoi Tessellation", "boundary_quality": "DERIVED"}, "geometry": {"type": "Polygon", "coordinates": [[[79.02029, 21.9211], [79.02054, 21.92589], [79.01707, 21.92943], [79.01245, 21.93072], [79.00827, 21.93111], [79.0041, 21.93088], [78.99975, 21.92951], [78.99632, 21.92625], [78.9957, 21.9217], [79.00085, 21.91507], [79.00295, 21.91081], [79.00765, 21.90877], [79.0123, 21.91096], [79.02029, 21.9211]]]}}, {"type": "Feature", "properties": {"state": "Madhya Pradesh", "district": "Damoh", "block": "Damoh", "gp_name": "Damoh Gram Panchayat", "state_code": 23, "district_code": 397, "block_code": 3520, "gp_code": 133107, "centroid_lat": 23.82, "centroid_lon": 79.626, "area_sq_km": 5.2, "boundary_source": "LGD Revenue Village Centroids + Block-Bounded Voronoi Tessellation", "boundary_quality": "DERIVED"}, "geometry": {"type": "Polygon", "coordinates": [[[79.6385, 23.81962], [79.6386, 23.82436], [79.6349, 23.82767], [79.63063, 23.82941], [79.62206, 23.82962], [79.61738, 23.82846], [79.61377, 23.8251], [79.61367, 23.82037], [79.62092, 23.80968], [79.62554, 23.80708], [79.63025, 23.80961], [79.63503, 23.81624], [79.6385, 23.81962]]]}}, {"type": "Feature", "properties": {"state": "Madhya Pradesh", "district": "Damoh", "block": "Damoh", "gp_name": "Damoh Rural", "state_code": 23, "district_code": 397, "block_code": 3520, "gp_code": 133108, "centroid_lat": 23.84, "centroid_lon": 79.606, "area_sq_km": 5.3, "boundary_source": "LGD Revenue Village Centroids + Block-Bounded Voronoi Tessellation", "boundary_quality": "DERIVED"}, "geometry": {"type": "Polygon", "coordinates": [[[79.61819, 23.83963], [79.61835, 23.84428], [79.61521, 23.84794], [79.61053, 23.84921], [79.60636, 23.85012], [79.60204, 23.84968], [79.59778, 23.84807], [79.59368, 23.84513], [79.59361, 23.84037], [79.59881, 23.8338], [79.60082, 23.82947], [79.60555, 23.82728], [79.61027, 23.82956], [79.61819, 23.83963]]]}}, {"type": "Feature", "properties": {"state": "Madhya Pradesh", "district": "Damoh", "block": "Batiyagarh", "gp_name": "Batiyagarh Gram Panchayat", "state_code": 23, "district_code": 397, "block_code": 3521, "gp_code": 133109, "centroid_lat": 23.9586, "centroid_lon": 79.538, "area_sq_km": 5.4, "boundary_source": "LGD Revenue Village Centroids + Block-Bounded Voronoi Tessellation", "boundary_quality": "DERIVED"}, "geometry": {"type": "Polygon", "coordinates": [[[79.55054, 23.95823], [79.55015, 23.96281], [79.54686, 23.96624], [79.54268, 23.96811], [79.53834, 23.96839], [79.53412, 23.96806], [79.5296, 23.96683], [79.52605, 23.96357], [79.52564, 23.95897], [79.53067, 23.95228], [79.53293, 23.9483], [79.53754, 23.94559], [79.54232, 23.94807], [79.5472, 23.95477], [79.55054, 23.95823]]]}}, {"type": "Feature", "properties": {"state": "Madhya Pradesh", "district": "Damoh", "block": "Batiyagarh", "gp_name": "Batiyagarh Rural", "state_code": 23, "district_code": 397, "block_code": 3521, "gp_code": 133110, "centroid_lat": 23.9786, "centroid_lon": 79.518, "area_sq_km": 5.5, "boundary_source": "LGD Revenue Village Centroids + Block-Bounded Voronoi Tessellation", "boundary_quality": "DERIVED"}, "geometry": {"type": "Polygon", "coordinates": [[[79.53051, 23.97823], [79.53052, 23.98294], [79.52721, 23.98654], [79.52254, 23.98783], [79.51835, 23.98874], [79.50943, 23.987], [79.50561, 23.98375], [79.50569, 23.97896], [79.51056, 23.97219], [79.51276, 23.96795], [79.51754, 23.96556], [79.52239, 23.9679], [79.53051, 23.97823]]]}}, {"type": "Feature", "properties": {"state": "Madhya Pradesh", "district": "Damoh", "block": "Hatta", "gp_name": "Hatta Gram Panchayat", "state_code": 23, "district_code": 397, "block_code": 3522, "gp_code": 133111, "centroid_lat": 23.9586, "centroid_lon": 79.362, "area_sq_km": 5.6, "boundary_source": "LGD Revenue Village Centroids + Block-Bounded Voronoi Tessellation", "boundary_quality": "DERIVED"}, "geometry": {"type": "Polygon", "coordinates": [[[79.37442, 23.95825], [79.37417, 23.96283], [79.37096, 23.96634], [79.36667, 23.96811], [79.36234, 23.96855], [79.35347, 23.96694], [79.34984, 23.96364], [79.34956, 23.95895], [79.35218, 23.95518], [79.35487, 23.95244], [79.35701, 23.94843], [79.36157, 23.9457], [79.3664, 23.94791], [79.36872, 23.95203], [79.37442, 23.95825]]]}}, {"type": "Feature", "properties": {"state": "Madhya Pradesh", "district": "Damoh", "block": "Hatta", "gp_name": "Hatta Rural", "state_code": 23, "district_code": 397, "block_code": 3522, "gp_code": 133112, "centroid_lat": 23.9786, "centroid_lon": 79.342, "area_sq_km": 5.7, "boundary_source": "LGD Revenue Village Centroids + Block-Bounded Voronoi Tessellation", "boundary_quality": "DERIVED"}, "geometry": {"type": "Polygon", "coordinates": [[[79.3546, 23.97824], [79.35471, 23.98302], [79.3508, 23.9862], [79.34667, 23.98813], [79.34234, 23.98871], [79.33341, 23.987], [79.3301, 23.98353], [79.32963, 23.97895], [79.33466, 23.97226], [79.3369, 23.9682], [79.34156, 23.96547], [79.34628, 23.96822], [79.34867, 23.97208], [79.3546, 23.97824]]]}}, {"type": "Feature", "properties": {"state": "Madhya Pradesh", "district": "Damoh", "block": "Jabera", "gp_name": "Jabera Gram Panchayat", "state_code": 23, "district_code": 397, "block_code": 3523, "gp_code": 133113, "centroid_lat": 23.82, "centroid_lon": 79.274, "area_sq_km": 5.8, "boundary_source": "LGD Revenue Village Centroids + Block-Bounded Voronoi Tessellation", "boundary_quality": "DERIVED"}, "geometry": {"type": "Polygon", "coordinates": [[[79.28652, 23.81965], [79.28653, 23.82437], [79.28319, 23.82796], [79.27859, 23.82938], [79.26999, 23.82972], [79.26567, 23.82814], [79.26171, 23.82509], [79.26148, 23.82035], [79.26695, 23.81389], [79.26901, 23.80979], [79.27358, 23.80729], [79.27828, 23.80962], [79.28065, 23.8135], [79.28652, 23.81965]]]}}, {"type": "Feature", "properties": {"state": "Madhya Pradesh", "district": "Damoh", "block": "Jabera", "gp_name": "Jabera Rural", "state_code": 23, "district_code": 397, "block_code": 3523, "gp_code": 133114, "centroid_lat": 23.84, "centroid_lon": 79.254, "area_sq_km": 5.9, "boundary_source": "LGD Revenue Village Centroids + Block-Bounded Voronoi Tessellation", "boundary_quality": "DERIVED"}, "geometry": {"type": "Polygon", "coordinates": [[[79.26613, 23.83966], [79.26616, 23.84424], [79.26321, 23.84798], [79.25853, 23.84926], [79.25432, 23.84974], [79.2501, 23.84945], [79.24546, 23.84834], [79.24207, 23.84494], [79.2416, 23.84034], [79.24693, 23.83387], [79.2488, 23.82937], [79.25357, 23.82699], [79.25847, 23.82916], [79.26098, 23.83318], [79.26613, 23.83966]]]}}, {"type": "Feature", "properties": {"state": "Madhya Pradesh", "district": "Damoh", "block": "Patera", "gp_name": "Patera Gram Panchayat", "state_code": 23, "district_code": 397, "block_code": 3524, "gp_code": 133115, "centroid_lat": 23.6814, "centroid_lon": 79.362, "area_sq_km": 6.0, "boundary_source": "LGD Revenue Village Centroids + Block-Bounded Voronoi Tessellation", "boundary_quality": "DERIVED"}, "geometry": {"type": "Polygon", "coordinates": [[[79.37426, 23.68105], [79.37421, 23.68566], [79.37083, 23.68905], [79.36658, 23.69076], [79.36234, 23.6915], [79.35348, 23.68974], [79.3496, 23.68654], [79.34952, 23.68175], [79.35485, 23.67521], [79.3568, 23.67077], [79.36158, 23.66885], [79.36628, 23.67099], [79.36873, 23.67481], [79.37426, 23.68105]]]}}, {"type": "Feature", "properties": {"state": "Madhya Pradesh", "district": "Damoh", "block": "Patera", "gp_name": "Patera Rural", "state_code": 23, "district_code": 397, "block_code": 3524, "gp_code": 133116, "centroid_lat": 23.7014, "centroid_lon": 79.342, "area_sq_km": 6.1, "boundary_source": "LGD Revenue Village Centroids + Block-Bounded Voronoi Tessellation", "boundary_quality": "DERIVED"}, "geometry": {"type": "Polygon", "coordinates": [[[79.35409, 23.70106], [79.35424, 23.70567], [79.3511, 23.70928], [79.34665, 23.71091], [79.34232, 23.71112], [79.33818, 23.71068], [79.33368, 23.70955], [79.33019, 23.7063], [79.32938, 23.70175], [79.33477, 23.69514], [79.33691, 23.69098], [79.34157, 23.68828], [79.34634, 23.69086], [79.35409, 23.70106]]]}}, {"type": "Feature", "properties": {"state": "Madhya Pradesh", "district": "Damoh", "block": "Tendukheda", "gp_name": "Tendukheda Gram Panchayat", "state_code": 23, "district_code": 397, "block_code": 3525, "gp_code": 133117, "centroid_lat": 23.6814, "centroid_lon": 79.538, "area_sq_km": 6.2, "boundary_source": "LGD Revenue Village Centroids + Block-Bounded Voronoi Tessellation", "boundary_quality": "DERIVED"}, "geometry": {"type": "Polygon", "coordinates": [[[79.55048, 23.68103], [79.55043, 23.68572], [79.54675, 23.68896], [79.54264, 23.69084], [79.53835, 23.69144], [79.52946, 23.68978], [79.52622, 23.6863], [79.52547, 23.68177], [79.52855, 23.67812], [79.53291, 23.67103], [79.53755, 23.66832], [79.54238, 23.6707], [79.54471, 23.67482], [79.55048, 23.68103]]]}}, {"type": "Feature", "properties": {"state": "Madhya Pradesh", "district": "Damoh", "block": "Tendukheda", "gp_name": "Tendukheda Rural", "state_code": 23, "district_code": 397, "block_code": 3525, "gp_code": 133118, "centroid_lat": 23.7014, "centroid_lon": 79.518, "area_sq_km": 6.3, "boundary_source": "LGD Revenue Village Centroids + Block-Bounded Voronoi Tessellation", "boundary_quality": "DERIVED"}, "geometry": {"type": "Polygon", "coordinates": [[[79.53048, 23.70103], [79.53008, 23.7056], [79.52702, 23.70919], [79.52256, 23.71068], [79.51404, 23.71106], [79.50944, 23.7098], [79.50583, 23.70646], [79.50566, 23.70176], [79.51084, 23.69521], [79.51291, 23.69103], [79.51755, 23.68837], [79.52241, 23.69063], [79.52495, 23.69458], [79.53048, 23.70103]]]}}, {"type": "Feature", "properties": {"state": "Madhya Pradesh", "district": "Datia", "block": "Datia", "gp_name": "Datia Gram Panchayat", "state_code": 23, "district_code": 398, "block_code": 3540, "gp_code": 133119, "centroid_lat": 25.65, "centroid_lon": 78.602, "area_sq_km": 6.4, "boundary_source": "LGD Revenue Village Centroids + Block-Bounded Voronoi Tessellation", "boundary_quality": "DERIVED"}, "geometry": {"type": "Polygon", "coordinates": [[[78.61476, 25.64968], [78.61442, 25.65431], [78.61091, 25.65764], [78.60659, 25.65932], [78.59789, 25.65974], [78.59339, 25.65824], [78.58986, 25.65491], [78.58975, 25.6503], [78.59208, 25.64656], [78.5946, 25.64365], [78.59674, 25.63932], [78.60161, 25.63711], [78.60656, 25.6392], [78.60881, 25.64348], [78.61476, 25.64968]]]}}, {"type": "Feature", "properties": {"state": "Madhya Pradesh", "district": "Datia", "block": "Datia", "gp_name": "Datia Rural", "state_code": 23, "district_code": 398, "block_code": 3540, "gp_code": 133120, "centroid_lat": 25.67, "centroid_lon": 78.582, "area_sq_km": 6.5, "boundary_source": "LGD Revenue Village Centroids + Block-Bounded Voronoi Tessellation", "boundary_quality": "DERIVED"}, "geometry": {"type": "Polygon", "coordinates": [[[78.59466, 25.66969], [78.59471, 25.67441], [78.59092, 25.67765], [78.58665, 25.67945], [78.57787, 25.67977], [78.57332, 25.6783], [78.56948, 25.67507], [78.56945, 25.67031], [78.57694, 25.65972], [78.58162, 25.65745], [78.58645, 25.65946], [78.59466, 25.66969]]]}}, {"type": "Feature", "properties": {"state": "Madhya Pradesh", "district": "Datia", "block": "Bhander", "gp_name": "Bhander Gram Panchayat", "state_code": 23, "district_code": 398, "block_code": 3541, "gp_code": 133121, "centroid_lat": 25.7539, "centroid_lon": 78.404, "area_sq_km": 6.6, "boundary_source": "LGD Revenue Village Centroids + Block-Bounded Voronoi Tessellation", "boundary_quality": "DERIVED"}, "geometry": {"type": "Polygon", "coordinates": [[[78.41656, 25.75361], [78.41687, 25.75838], [78.41331, 25.76191], [78.40858, 25.76322], [78.40428, 25.76366], [78.39995, 25.76345], [78.3955, 25.762], [78.39198, 25.75874], [78.39165, 25.75419], [78.39401, 25.75042], [78.39888, 25.74347], [78.40364, 25.74135], [78.40864, 25.74297], [78.41109, 25.74714], [78.41656, 25.75361]]]}}, {"type": "Feature", "properties": {"state": "Madhya Pradesh", "district": "Datia", "block": "Bhander", "gp_name": "Bhander Rural", "state_code": 23, "district_code": 398, "block_code": 3541, "gp_code": 133122, "centroid_lat": 25.7739, "centroid_lon": 78.384, "area_sq_km": 6.7, "boundary_source": "LGD Revenue Village Centroids + Block-Bounded Voronoi Tessellation", "boundary_quality": "DERIVED"}, "geometry": {"type": "Polygon", "coordinates": [[[78.3962, 25.77362], [78.39666, 25.77831], [78.39322, 25.78183], [78.38862, 25.7833], [78.38428, 25.78389], [78.3799, 25.78356], [78.37548, 25.78202], [78.3715, 25.77893], [78.37154, 25.77419], [78.37679, 25.7677], [78.37892, 25.76355], [78.38363, 25.76096], [78.38861, 25.76305], [78.39109, 25.76714], [78.3962, 25.77362]]]}}, {"type": "Feature", "properties": {"state": "Madhya Pradesh", "district": "Datia", "block": "Seondha", "gp_name": "Seondha Gram Panchayat", "state_code": 23, "district_code": 398, "block_code": 3542, "gp_code": 133123, "centroid_lat": 25.5461, "centroid_lon": 78.404, "area_sq_km": 6.8, "boundary_source": "LGD Revenue Village Centroids + Block-Bounded Voronoi Tessellation", "boundary_quality": "DERIVED"}, "geometry": {"type": "Polygon", "coordinates": [[[78.41665, 25.5458], [78.41637, 25.55042], [78.41305, 25.5539], [78.40853, 25.55534], [78.40427, 25.55574], [78.40004, 25.55544], [78.39558, 25.55414], [78.39179, 25.55102], [78.39156, 25.54639], [78.39686, 25.53995], [78.39897, 25.53584], [78.40363, 25.53305], [78.40862, 25.53521], [78.41109, 25.53933], [78.41665, 25.5458]]]}}, {"type": "Feature", "properties": {"state": "Madhya Pradesh", "district": "Datia", "block": "Seondha", "gp_name": "Seondha Rural", "state_code": 23, "district_code": 398, "block_code": 3542, "gp_code": 133124, "centroid_lat": 25.5661, "centroid_lon": 78.384, "area_sq_km": 6.9, "boundary_source": "LGD Revenue Village Centroids + Block-Bounded Voronoi Tessellation", "boundary_quality": "DERIVED"}, "geometry": {"type": "Polygon", "coordinates": [[[78.39619, 25.56582], [78.39651, 25.57046], [78.39303, 25.57388], [78.38428, 25.57613], [78.37983, 25.57593], [78.37558, 25.57414], [78.372, 25.57094], [78.37165, 25.56639], [78.37679, 25.55989], [78.37888, 25.55564], [78.38363, 25.55295], [78.38853, 25.55542], [78.39104, 25.55938], [78.39619, 25.56582]]]}}, {"type": "Feature", "properties": {"state": "Madhya Pradesh", "district": "Dewas", "block": "Dewas", "gp_name": "Dewas Gram Panchayat", "state_code": 23, "district_code": 434, "block_code": 3560, "gp_code": 133125, "centroid_lat": 22.95, "centroid_lon": 76.236, "area_sq_km": 7.0, "boundary_source": "LGD Revenue Village Centroids + Block-Bounded Voronoi Tessellation", "boundary_quality": "DERIVED"}, "geometry": {"type": "Polygon", "coordinates": [[[76.24796, 22.94991], [76.24836, 22.95463], [76.2449, 22.95811], [76.24035, 22.9595], [76.23181, 22.9596], [76.22744, 22.95806], [76.22352, 22.9549], [76.2236, 22.9501], [76.22902, 22.94364], [76.23111, 22.93932], [76.23589, 22.93739], [76.2407, 22.93923], [76.24796, 22.94991]]]}}, {"type": "Feature", "properties": {"state": "Madhya Pradesh", "district": "Dewas", "block": "Dewas", "gp_name": "Dewas Rural", "state_code": 23, "district_code": 434, "block_code": 3560, "gp_code": 133126, "centroid_lat": 22.97, "centroid_lon": 76.216, "area_sq_km": 7.1, "boundary_source": "LGD Revenue Village Centroids + Block-Bounded Voronoi Tessellation", "boundary_quality": "DERIVED"}, "geometry": {"type": "Polygon", "coordinates": [[[76.22811, 22.96991], [76.22821, 22.97457], [76.22454, 22.97778], [76.22035, 22.97951], [76.21609, 22.97968], [76.21193, 22.97931], [76.20755, 22.97796], [76.20393, 22.97474], [76.2034, 22.9701], [76.20665, 22.9665], [76.21108, 22.95925], [76.21589, 22.95741], [76.2207, 22.95925], [76.22279, 22.96361], [76.22563, 22.96622], [76.22811, 22.96991]]]}}, {"type": "Feature", "properties": {"state": "Madhya Pradesh", "district": "Dewas", "block": "Bagli", "gp_name": "Bagli Gram Panchayat", "state_code": 23, "district_code": 434, "block_code": 3561, "gp_code": 133127, "centroid_lat": 23.0886, "centroid_lon": 76.148, "area_sq_km": 7.2, "boundary_source": "LGD Revenue Village Centroids + Block-Bounded Voronoi Tessellation", "boundary_quality": "DERIVED"}, "geometry": {"type": "Polygon", "coordinates": [[[76.16002, 23.08851], [76.16058, 23.09331], [76.15678, 23.0966], [76.14809, 23.09874], [76.14379, 23.09821], [76.1394, 23.09668], [76.13593, 23.09333], [76.1355, 23.08869], [76.14114, 23.08235], [76.14319, 23.07808], [76.14789, 23.07551], [76.1526, 23.07809], [76.15494, 23.08207], [76.16002, 23.08851]]]}}, {"type": "Feature", "properties": {"state": "Madhya Pradesh", "district": "Dewas", "block": "Bagli", "gp_name": "Bagli Rural", "state_code": 23, "district_code": 434, "block_code": 3561, "gp_code": 133128, "centroid_lat": 23.1086, "centroid_lon": 76.128, "area_sq_km": 7.3, "boundary_source": "LGD Revenue Village Centroids + Block-Bounded Voronoi Tessellation", "boundary_quality": "DERIVED"}, "geometry": {"type": "Polygon", "coordinates": [[[76.14063, 23.10851], [76.14057, 23.11331], [76.13653, 23.11637], [76.13226, 23.1179], [76.12808, 23.1185], [76.12371, 23.11839], [76.11959, 23.1165], [76.11595, 23.11332], [76.11593, 23.10869], [76.12332, 23.09838], [76.12789, 23.09548], [76.13267, 23.09794], [76.14063, 23.10851]]]}}, {"type": "Feature", "properties": {"state": "Madhya Pradesh", "district": "Dewas", "block": "Kannod", "gp_name": "Kannod Gram Panchayat", "state_code": 23, "district_code": 434, "block_code": 3562, "gp_code": 133129, "centroid_lat": 23.0886, "centroid_lon": 75.972, "area_sq_km": 7.4, "boundary_source": "LGD Revenue Village Centroids + Block-Bounded Voronoi Tessellation", "boundary_quality": "DERIVED"}, "geometry": {"type": "Polygon", "coordinates": [[[75.98398, 23.08853], [75.98428, 23.09322], [75.98087, 23.0967], [75.97623, 23.09788], [75.97207, 23.09833], [75.96323, 23.09682], [75.95961, 23.09344], [75.96004, 23.08867], [75.96732, 23.07833], [75.97191, 23.07561], [75.97663, 23.07806], [75.98398, 23.08853]]]}}, {"type": "Feature", "properties": {"state": "Madhya Pradesh", "district": "Dewas", "block": "Kannod", "gp_name": "Kannod Rural", "state_code": 23, "district_code": 434, "block_code": 3562, "gp_code": 133130, "centroid_lat": 23.1086, "centroid_lon": 75.952, "area_sq_km": 7.5, "boundary_source": "LGD Revenue Village Centroids + Block-Bounded Voronoi Tessellation", "boundary_quality": "DERIVED"}, "geometry": {"type": "Polygon", "coordinates": [[[75.96401, 23.10853], [75.9641, 23.11315], [75.96078, 23.11661], [75.95638, 23.11821], [75.95207, 23.11862], [75.94771, 23.11835], [75.94341, 23.11665], [75.93957, 23.11345], [75.93955, 23.10867], [75.94494, 23.10215], [75.94729, 23.09828], [75.95191, 23.09582], [75.95656, 23.09822], [75.95896, 23.10208], [75.96401, 23.10853]]]}}, {"type": "Feature", "properties": {"state": "Madhya Pradesh", "district": "Dewas", "block": "Khategaon", "gp_name": "Khategaon Gram Panchayat", "state_code": 23, "district_code": 434, "block_code": 3563, "gp_code": 133131, "centroid_lat": 22.95, "centroid_lon": 75.884, "area_sq_km": 7.6, "boundary_source": "LGD Revenue Village Centroids + Block-Bounded Voronoi Tessellation", "boundary_quality": "DERIVED"}, "geometry": {"type": "Polygon", "coordinates": [[[75.89595, 22.94993], [75.89611, 22.95457], [75.8927, 22.95796], [75.88842, 22.95971], [75.8799, 22.95932], [75.87528, 22.95817], [75.87168, 22.95481], [75.87181, 22.95007], [75.87429, 22.94634], [75.87698, 22.94357], [75.87915, 22.93934], [75.88392, 22.93728], [75.88878, 22.93913], [75.8911, 22.94334], [75.89595, 22.94993]]]}}, {"type": "Feature", "properties": {"state": "Madhya Pradesh", "district": "Dewas", "block": "Khategaon", "gp_name": "Khategaon Rural", "state_code": 23, "district_code": 434, "block_code": 3563, "gp_code": 133132, "centroid_lat": 22.97, "centroid_lon": 75.864, "area_sq_km": 7.7, "boundary_source": "LGD Revenue Village Centroids + Block-Bounded Voronoi Tessellation", "boundary_quality": "DERIVED"}, "geometry": {"type": "Polygon", "coordinates": [[[75.87623, 22.96993], [75.87623, 22.97461], [75.87296, 22.9782], [75.8683, 22.97946], [75.86406, 22.97996], [75.85522, 22.97823], [75.85183, 22.97474], [75.85152, 22.97007], [75.85488, 22.96656], [75.85924, 22.95953], [75.86392, 22.95701], [75.86854, 22.95968], [75.87321, 22.96641], [75.87623, 22.96993]]]}}, {"type": "Feature", "properties": {"state": "Madhya Pradesh", "district": "Dewas", "block": "Sonkatch", "gp_name": "Sonkatch Gram Panchayat", "state_code": 23, "district_code": 434, "block_code": 3564, "gp_code": 133133, "centroid_lat": 22.8114, "centroid_lon": 75.972, "area_sq_km": 7.8, "boundary_source": "LGD Revenue Village Centroids + Block-Bounded Voronoi Tessellation", "boundary_quality": "DERIVED"}, "geometry": {"type": "Polygon", "coordinates": [[[75.98435, 22.81132], [75.98403, 22.81593], [75.9807, 22.81936], [75.97634, 22.82094], [75.96789, 22.82078], [75.96336, 22.81952], [75.96005, 22.81607], [75.95997, 22.81147], [75.96507, 22.80506], [75.96718, 22.80081], [75.97191, 22.79821], [75.97665, 22.8008], [75.98117, 22.80781], [75.98435, 22.81132]]]}}, {"type": "Feature", "properties": {"state": "Madhya Pradesh", "district": "Dewas", "block": "Sonkatch", "gp_name": "Sonkatch Rural", "state_code": 23, "district_code": 434, "block_code": 3564, "gp_code": 133134, "centroid_lat": 22.8314, "centroid_lon": 75.952, "area_sq_km": 7.9, "boundary_source": "LGD Revenue Village Centroids + Block-Bounded Voronoi Tessellation", "boundary_quality": "DERIVED"}, "geometry": {"type": "Polygon", "coordinates": [[[75.96437, 22.83133], [75.96424, 22.83601], [75.96097, 22.83961], [75.9562, 22.84064], [75.95207, 22.84144], [75.9478, 22.84097], [75.94315, 22.83971], [75.93958, 22.83626], [75.94003, 22.83147], [75.94243, 22.82779], [75.9473, 22.82107], [75.95191, 22.81881], [75.95667, 22.82076], [75.95905, 22.82478], [75.96437, 22.83133]]]}}, {"type": "Feature", "properties": {"state": "Madhya Pradesh", "district": "Dewas", "block": "Tonk Khurd", "gp_name": "Tonk Khurd Gram Panchayat", "state_code": 23, "district_code": 434, "block_code": 3565, "gp_code": 133135, "centroid_lat": 22.8114, "centroid_lon": 76.148, "area_sq_km": 8.0, "boundary_source": "LGD Revenue Village Centroids + Block-Bounded Voronoi Tessellation", "boundary_quality": "DERIVED"}, "geometry": {"type": "Polygon", "coordinates": [[[76.1604, 22.81131], [76.16003, 22.81592], [76.15686, 22.81949], [76.14808, 22.82154], [76.14387, 22.82084], [76.13948, 22.81942], [76.13615, 22.81605], [76.13565, 22.81149], [76.13885, 22.80796], [76.1432, 22.80088], [76.14789, 22.79851], [76.15269, 22.80066], [76.15719, 22.80779], [76.1604, 22.81131]]]}}, {"type": "Feature", "properties": {"state": "Madhya Pradesh", "district": "Dewas", "block": "Tonk Khurd", "gp_name": "Tonk Khurd Rural", "state_code": 23, "district_code": 434, "block_code": 3565, "gp_code": 133136, "centroid_lat": 22.8314, "centroid_lon": 76.128, "area_sq_km": 8.1, "boundary_source": "LGD Revenue Village Centroids + Block-Bounded Voronoi Tessellation", "boundary_quality": "DERIVED"}, "geometry": {"type": "Polygon", "coordinates": [[[76.14002, 22.83131], [76.14039, 22.83606], [76.13653, 22.83919], [76.13219, 22.84058], [76.12808, 22.84111], [76.12395, 22.84066], [76.1194, 22.83949], [76.11601, 22.8361], [76.11561, 22.83149], [76.121, 22.82501], [76.1231, 22.82067], [76.1279, 22.8188], [76.1327, 22.82065], [76.13511, 22.82471], [76.14002, 22.83131]]]}}, {"type": "Feature", "properties": {"state": "Madhya Pradesh", "district": "Dhar", "block": "Dhar", "gp_name": "Dhar Gram Panchayat", "state_code": 23, "district_code": 399, "block_code": 3580, "gp_code": 133137, "centroid_lat": 22.58, "centroid_lon": 75.486, "area_sq_km": 8.2, "boundary_source": "LGD Revenue Village Centroids + Block-Bounded Voronoi Tessellation", "boundary_quality": "DERIVED"}, "geometry": {"type": "Polygon", "coordinates": [[[75.49819, 22.57996], [75.49797, 22.58456], [75.49455, 22.58789], [75.49025, 22.58944], [75.48603, 22.5899], [75.47754, 22.58791], [75.47406, 22.58463], [75.47378, 22.58004], [75.48119, 22.5693], [75.48595, 22.56694], [75.49068, 22.56941], [75.49819, 22.57996]]]}}, {"type": "Feature", "properties": {"state": "Madhya Pradesh", "district": "Dhar", "block": "Dhar", "gp_name": "Dhar Rural", "state_code": 23, "district_code": 399, "block_code": 3580, "gp_code": 133138, "centroid_lat": 22.6, "centroid_lon": 75.466, "area_sq_km": 8.3, "boundary_source": "LGD Revenue Village Centroids + Block-Bounded Voronoi Tessellation", "boundary_quality": "DERIVED"}, "geometry": {"type": "Polygon", "coordinates": [[[75.4784, 22.59996], [75.47791, 22.60454], [75.47493, 22.60823], [75.46603, 22.61013], [75.45735, 22.60808], [75.4541, 22.60462], [75.45375, 22.60004], [75.45886, 22.59341], [75.46122, 22.58938], [75.46596, 22.58712], [75.47072, 22.58931], [75.47287, 22.59358], [75.4784, 22.59996]]]}}, {"type": "Feature", "properties": {"state": "Madhya Pradesh", "district": "Dhar", "block": "Badnawar", "gp_name": "Badnawar Gram Panchayat", "state_code": 23, "district_code": 399, "block_code": 3581, "gp_code": 133139, "centroid_lat": 22.7051, "centroid_lon": 75.4197, "area_sq_km": 8.4, "boundary_source": "LGD Revenue Village Centroids + Block-Bounded Voronoi Tessellation", "boundary_quality": "DERIVED"}, "geometry": {"type": "Polygon", "coordinates": [[[75.43183, 22.70507], [75.43179, 22.70971], [75.4282, 22.71294], [75.42401, 22.71467], [75.41547, 22.71465], [75.41089, 22.71332], [75.40742, 22.70986], [75.40773, 22.70513], [75.41278, 22.69871], [75.41486, 22.69435], [75.41966, 22.69227], [75.42437, 22.69456], [75.43183, 22.70507]]]}}, {"type": "Feature", "properties": {"state": "Madhya Pradesh", "district": "Dhar", "block": "Badnawar", "gp_name": "Badnawar Rural", "state_code": 23, "district_code": 399, "block_code": 3581, "gp_code": 133140, "centroid_lat": 22.7251, "centroid_lon": 75.3997, "area_sq_km": 8.5, "boundary_source": "LGD Revenue Village Centroids + Block-Bounded Voronoi Tessellation", "boundary_quality": "DERIVED"}, "geometry": {"type": "Polygon", "coordinates": [[[75.41213, 22.72507], [75.41167, 22.72966], [75.40843, 22.73315], [75.40407, 22.73481], [75.39543, 22.73474], [75.3911, 22.73312], [75.38774, 22.72973], [75.38733, 22.72513], [75.39262, 22.71856], [75.39505, 22.71476], [75.39966, 22.7123], [75.40445, 22.71438], [75.40685, 22.71843], [75.41213, 22.72507]]]}}, {"type": "Feature", "properties": {"state": "Madhya Pradesh", "district": "Dhar", "block": "Dharampuri", "gp_name": "Dharampuri Gram Panchayat", "state_code": 23, "district_code": 399, "block_code": 3582, "gp_code": 133141, "centroid_lat": 22.736, "centroid_lon": 75.2708, "area_sq_km": 8.6, "boundary_source": "LGD Revenue Village Centroids + Block-Bounded Voronoi Tessellation", "boundary_quality": "DERIVED"}, "geometry": {"type": "Polygon", "coordinates": [[[75.28332, 22.73598], [75.28276, 22.74057], [75.27971, 22.74424], [75.27512, 22.74562], [75.27082, 22.74617], [75.26668, 22.74527], [75.26238, 22.74383], [75.25874, 22.74066], [75.25862, 22.73602], [75.26609, 22.72549], [75.27077, 22.72325], [75.27559, 22.72523], [75.28025, 22.73235], [75.28332, 22.73598]]]}}, {"type": "Feature", "properties": {"state": "Madhya Pradesh", "district": "Dhar", "block": "Dharampuri", "gp_name": "Dharampuri Rural", "state_code": 23, "district_code": 399, "block_code": 3582, "gp_code": 133142, "centroid_lat": 22.756, "centroid_lon": 75.2508, "area_sq_km": 8.7, "boundary_source": "LGD Revenue Village Centroids + Block-Bounded Voronoi Tessellation", "boundary_quality": "DERIVED"}, "geometry": {"type": "Polygon", "coordinates": [[[75.26285, 22.75598], [75.26282, 22.7606], [75.25972, 22.76424], [75.25503, 22.76543], [75.24653, 22.7656], [75.24218, 22.76402], [75.23878, 22.76064], [75.23866, 22.75602], [75.2417, 22.75252], [75.24607, 22.74547], [75.25078, 22.74297], [75.2555, 22.74543], [75.26285, 22.75598]]]}}, {"type": "Feature", "properties": {"state": "Madhya Pradesh", "district": "Dhar", "block": "Gandhwani", "gp_name": "Gandhwani Gram Panchayat", "state_code": 23, "district_code": 399, "block_code": 3583, "gp_code": 133143, "centroid_lat": 22.6494, "centroid_lon": 75.1514, "area_sq_km": 8.8, "boundary_source": "LGD Revenue Village Centroids + Block-Bounded Voronoi Tessellation", "boundary_quality": "DERIVED"}, "geometry": {"type": "Polygon", "coordinates": [[[75.16352, 22.64939], [75.16384, 22.65417], [75.1602, 22.65755], [75.15559, 22.65876], [75.14705, 22.65916], [75.14273, 22.65746], [75.13894, 22.6542], [75.13902, 22.64941], [75.14458, 22.64308], [75.14656, 22.63859], [75.15139, 22.63663], [75.15601, 22.63903], [75.15822, 22.64306], [75.16352, 22.64939]]]}}, {"type": "Feature", "properties": {"state": "Madhya Pradesh", "district": "Dhar", "block": "Gandhwani", "gp_name": "Gandhwani Rural", "state_code": 23, "district_code": 399, "block_code": 3583, "gp_code": 133144, "centroid_lat": 22.6694, "centroid_lon": 75.1314, "area_sq_km": 8.9, "boundary_source": "LGD Revenue Village Centroids + Block-Bounded Voronoi Tessellation", "boundary_quality": "DERIVED"}, "geometry": {"type": "Polygon", "coordinates": [[[75.14356, 22.66939], [75.14386, 22.67418], [75.13984, 22.67722], [75.13555, 22.67868], [75.12715, 22.67894], [75.1228, 22.6774], [75.11908, 22.67415], [75.11885, 22.66941], [75.12673, 22.65896], [75.13139, 22.65679], [75.13609, 22.65886], [75.14356, 22.66939]]]}}, {"type": "Feature", "properties": {"state": "Madhya Pradesh", "district": "Dhar", "block": "Kukshi", "gp_name": "Kukshi Gram Panchayat", "state_code": 23, "district_code": 399, "block_code": 3584, "gp_code": 133145, "centroid_lat": 22.5106, "centroid_lon": 75.1514, "area_sq_km": 9.0, "boundary_source": "LGD Revenue Village Centroids + Block-Bounded Voronoi Tessellation", "boundary_quality": "DERIVED"}, "geometry": {"type": "Polygon", "coordinates": [[[75.16395, 22.51059], [75.16382, 22.51536], [75.16013, 22.5187], [75.15576, 22.52034], [75.14719, 22.52008], [75.14298, 22.51843], [75.13953, 22.51518], [75.13949, 22.51061], [75.1423, 22.50711], [75.1466, 22.49985], [75.15139, 22.49749], [75.15603, 22.50018], [75.1584, 22.50409], [75.16395, 22.51059]]]}}, {"type": "Feature", "properties": {"state": "Madhya Pradesh", "district": "Dhar", "block": "Kukshi", "gp_name": "Kukshi Rural", "state_code": 23, "district_code": 399, "block_code": 3584, "gp_code": 133146, "centroid_lat": 22.5306, "centroid_lon": 75.1314, "area_sq_km": 9.1, "boundary_source": "LGD Revenue Village Centroids + Block-Bounded Voronoi Tessellation", "boundary_quality": "DERIVED"}, "geometry": {"type": "Polygon", "coordinates": [[[75.14373, 22.53059], [75.14326, 22.53515], [75.13996, 22.53854], [75.13565, 22.5401], [75.13141, 22.54062], [75.12717, 22.54011], [75.12278, 22.53862], [75.11901, 22.53538], [75.11887, 22.53061], [75.12443, 22.52414], [75.12663, 22.51993], [75.13139, 22.51748], [75.13612, 22.51999], [75.13821, 22.52427], [75.14373, 22.53059]]]}}, {"type": "Feature", "properties": {"state": "Madhya Pradesh", "district": "Dhar", "block": "Manawar", "gp_name": "Manawar Gram Panchayat", "state_code": 23, "district_code": 399, "block_code": 3585, "gp_code": 133147, "centroid_lat": 22.424, "centroid_lon": 75.2708, "area_sq_km": 9.2, "boundary_source": "LGD Revenue Village Centroids + Block-Bounded Voronoi Tessellation", "boundary_quality": "DERIVED"}, "geometry": {"type": "Polygon", "coordinates": [[[75.28309, 22.42398], [75.28271, 22.42856], [75.27958, 22.43213], [75.27509, 22.43357], [75.27082, 22.43389], [75.26668, 22.43329], [75.26232, 22.43191], [75.25886, 22.42862], [75.25886, 22.42402], [75.26129, 22.42036], [75.26621, 22.41374], [75.27077, 22.41102], [75.27553, 22.41333], [75.2776, 22.41766], [75.28309, 22.42398]]]}}, {"type": "Feature", "properties": {"state": "Madhya Pradesh", "district": "Dhar", "block": "Manawar", "gp_name": "Manawar Rural", "state_code": 23, "district_code": 399, "block_code": 3585, "gp_code": 133148, "centroid_lat": 22.444, "centroid_lon": 75.2508, "area_sq_km": 9.3, "boundary_source": "LGD Revenue Village Centroids + Block-Bounded Voronoi Tessellation", "boundary_quality": "DERIVED"}, "geometry": {"type": "Polygon", "coordinates": [[[75.26323, 22.44398], [75.26273, 22.44857], [75.25926, 22.45184], [75.25508, 22.45357], [75.25082, 22.45413], [75.24668, 22.45328], [75.24229, 22.45194], [75.23849, 22.44876], [75.23838, 22.44402], [75.24614, 22.43358], [75.25078, 22.43122], [75.25549, 22.43343], [75.25765, 22.43761], [75.26323, 22.44398]]]}}, {"type": "Feature", "properties": {"state": "Madhya Pradesh", "district": "Dhar", "block": "Sardarpur", "gp_name": "Sardarpur Gram Panchayat", "state_code": 23, "district_code": 399, "block_code": 3586, "gp_code": 133149, "centroid_lat": 22.4549, "centroid_lon": 75.4197, "area_sq_km": 9.4, "boundary_source": "LGD Revenue Village Centroids + Block-Bounded Voronoi Tessellation", "boundary_quality": "DERIVED"}, "geometry": {"type": "Polygon", "coordinates": [[[75.43193, 22.45487], [75.43193, 22.45957], [75.42847, 22.463], [75.42393, 22.46432], [75.41973, 22.46488], [75.4154, 22.46463], [75.41131, 22.46274], [75.40756, 22.45961], [75.40714, 22.45493], [75.41054, 22.4514], [75.41507, 22.44459], [75.41966, 22.44168], [75.42437, 22.44433], [75.42654, 22.44851], [75.43193, 22.45487]]]}}, {"type": "Feature", "properties": {"state": "Madhya Pradesh", "district": "Dhar", "block": "Sardarpur", "gp_name": "Sardarpur Rural", "state_code": 23, "district_code": 399, "block_code": 3586, "gp_code": 133150, "centroid_lat": 22.4749, "centroid_lon": 75.3997, "area_sq_km": 4.5, "boundary_source": "LGD Revenue Village Centroids + Block-Bounded Voronoi Tessellation", "boundary_quality": "DERIVED"}, "geometry": {"type": "Polygon", "coordinates": [[[75.41204, 22.47487], [75.41187, 22.47955], [75.40854, 22.48307], [75.40408, 22.48465], [75.39549, 22.48442], [75.39092, 22.4831], [75.3876, 22.47959], [75.38767, 22.47493], [75.39063, 22.47143], [75.39495, 22.46433], [75.39966, 22.46212], [75.40426, 22.4646], [75.40893, 22.47132], [75.41204, 22.47487]]]}}, {"type": "Feature", "properties": {"state": "Madhya Pradesh", "district": "Dindori", "block": "Dindori", "gp_name": "Dindori Gram Panchayat", "state_code": 23, "district_code": 443, "block_code": 3600, "gp_code": 133151, "centroid_lat": 22.94, "centroid_lon": 81.266, "area_sq_km": 4.6, "boundary_source": "LGD Revenue Village Centroids + Block-Bounded Voronoi Tessellation", "boundary_quality": "DERIVED"}, "geometry": {"type": "Polygon", "coordinates": [[[81.27815, 22.93952], [81.27827, 22.94415], [81.27499, 22.94764], [81.26646, 22.9499], [81.26227, 22.94947], [81.25792, 22.94816], [81.25422, 22.94507], [81.25357, 22.94049], [81.25615, 22.93667], [81.25892, 22.93398], [81.26074, 22.92953], [81.2654, 22.927], [81.27024, 22.92923], [81.27247, 22.93347], [81.27815, 22.93952]]]}}, {"type": "Feature", "properties": {"state": "Madhya Pradesh", "district": "Dindori", "block": "Dindori", "gp_name": "Dindori Rural", "state_code": 23, "district_code": 443, "block_code": 3600, "gp_code": 133152, "centroid_lat": 22.96, "centroid_lon": 81.246, "area_sq_km": 4.7, "boundary_source": "LGD Revenue Village Centroids + Block-Bounded Voronoi Tessellation", "boundary_quality": "DERIVED"}, "geometry": {"type": "Polygon", "coordinates": [[[81.25792, 22.95953], [81.25836, 22.96418], [81.25485, 22.96752], [81.2507, 22.96935], [81.24646, 22.96995], [81.23785, 22.96822], [81.23402, 22.96516], [81.23372, 22.96049], [81.23662, 22.95683], [81.24089, 22.94983], [81.24541, 22.94729], [81.2503, 22.94908], [81.2525, 22.95344], [81.25792, 22.95953]]]}}, {"type": "Feature", "properties": {"state": "Madhya Pradesh", "district": "Dindori", "block": "Amarpur", "gp_name": "Amarpur Gram Panchayat", "state_code": 23, "district_code": 443, "block_code": 3601, "gp_code": 133153, "centroid_lat": 23.0786, "centroid_lon": 81.178, "area_sq_km": 4.8, "boundary_source": "LGD Revenue Village Centroids + Block-Bounded Voronoi Tessellation", "boundary_quality": "DERIVED"}, "geometry": {"type": "Polygon", "coordinates": [[[81.1899, 23.07813], [81.19032, 23.08276], [81.18684, 23.08611], [81.18278, 23.08811], [81.17846, 23.08854], [81.16965, 23.08701], [81.166, 23.08376], [81.16583, 23.07908], [81.16866, 23.07544], [81.17288, 23.06841], [81.17741, 23.06573], [81.18211, 23.06819], [81.1899, 23.07813]]]}}, {"type": "Feature", "properties": {"state": "Madhya Pradesh", "district": "Dindori", "block": "Amarpur", "gp_name": "Amarpur Rural", "state_code": 23, "district_code": 443, "block_code": 3601, "gp_code": 133154, "centroid_lat": 23.0986, "centroid_lon": 81.158, "area_sq_km": 4.9, "boundary_source": "LGD Revenue Village Centroids + Block-Bounded Voronoi Tessellation", "boundary_quality": "DERIVED"}, "geometry": {"type": "Polygon", "coordinates": [[[81.16994, 23.09813], [81.17019, 23.10272], [81.16708, 23.10631], [81.1628, 23.10815], [81.15846, 23.10865], [81.15414, 23.10836], [81.14995, 23.1067], [81.14601, 23.10376], [81.14554, 23.09909], [81.15279, 23.08822], [81.15742, 23.08589], [81.16234, 23.08763], [81.16468, 23.09187], [81.16994, 23.09813]]]}}, {"type": "Feature", "properties": {"state": "Madhya Pradesh", "district": "Dindori", "block": "Bajag", "gp_name": "Bajag Gram Panchayat", "state_code": 23, "district_code": 443, "block_code": 3602, "gp_code": 133155, "centroid_lat": 23.0786, "centroid_lon": 81.002, "area_sq_km": 5.0, "boundary_source": "LGD Revenue Village Centroids + Block-Bounded Voronoi Tessellation", "boundary_quality": "DERIVED"}, "geometry": {"type": "Polygon", "coordinates": [[[81.01443, 23.07813], [81.01435, 23.08279], [81.01101, 23.08627], [81.00667, 23.08792], [81.00244, 23.08842], [80.99354, 23.0871], [80.99022, 23.08365], [80.98988, 23.07906], [80.99218, 23.07527], [80.99458, 23.07228], [80.99686, 23.06834], [81.00142, 23.06566], [81.0062, 23.06802], [81.00859, 23.07198], [81.01443, 23.07813]]]}}, {"type": "Feature", "properties": {"state": "Madhya Pradesh", "district": "Dindori", "block": "Bajag", "gp_name": "Bajag Rural", "state_code": 23, "district_code": 443, "block_code": 3602, "gp_code": 133156, "centroid_lat": 23.0986, "centroid_lon": 80.982, "area_sq_km": 5.1, "boundary_source": "LGD Revenue Village Centroids + Block-Bounded Voronoi Tessellation", "boundary_quality": "DERIVED"}, "geometry": {"type": "Polygon", "coordinates": [[[80.99414, 23.09814], [80.99455, 23.10286], [80.99089, 23.10618], [80.98657, 23.10773], [80.98243, 23.10823], [80.97824, 23.10808], [80.97388, 23.10675], [80.97034, 23.1036], [80.96987, 23.09906], [80.97475, 23.09242], [80.9769, 23.08842], [80.98144, 23.08608], [80.98613, 23.08817], [80.98867, 23.0919], [80.99414, 23.09814]]]}}, {"type": "Feature", "properties": {"state": "Madhya Pradesh", "district": "Dindori", "block": "Karanjia", "gp_name": "Karanjia Gram Panchayat", "state_code": 23, "district_code": 443, "block_code": 3603, "gp_code": 133157, "centroid_lat": 22.94, "centroid_lon": 80.914, "area_sq_km": 5.2, "boundary_source": "LGD Revenue Village Centroids + Block-Bounded Voronoi Tessellation", "boundary_quality": "DERIVED"}, "geometry": {"type": "Polygon", "coordinates": [[[80.92647, 22.93953], [80.92656, 22.94428], [80.92305, 22.94773], [80.91852, 22.94905], [80.91443, 22.94991], [80.91013, 22.94975], [80.90558, 22.94846], [80.90181, 22.94522], [80.90174, 22.94046], [80.90696, 22.93398], [80.90875, 22.92948], [80.91343, 22.92695], [80.91815, 22.92956], [80.92056, 22.93341], [80.92647, 22.93953]]]}}, {"type": "Feature", "properties": {"state": "Madhya Pradesh", "district": "Dindori", "block": "Karanjia", "gp_name": "Karanjia Rural", "state_code": 23, "district_code": 443, "block_code": 3603, "gp_code": 133158, "centroid_lat": 22.96, "centroid_lon": 80.894, "area_sq_km": 5.3, "boundary_source": "LGD Revenue Village Centroids + Block-Bounded Voronoi Tessellation", "boundary_quality": "DERIVED"}, "geometry": {"type": "Polygon", "coordinates": [[[80.90654, 22.95953], [80.90605, 22.96411], [80.90298, 22.96767], [80.8986, 22.96921], [80.89444, 22.97001], [80.89018, 22.96962], [80.88571, 22.96832], [80.88219, 22.96505], [80.88159, 22.96046], [80.8869, 22.95393], [80.88888, 22.94975], [80.89345, 22.94736], [80.89822, 22.94937], [80.90297, 22.95616], [80.90654, 22.95953]]]}}, {"type": "Feature", "properties": {"state": "Madhya Pradesh", "district": "Dindori", "block": "Mehandwani", "gp_name": "Mehandwani Gram Panchayat", "state_code": 23, "district_code": 443, "block_code": 3604, "gp_code": 133159, "centroid_lat": 22.8014, "centroid_lon": 81.002, "area_sq_km": 5.4, "boundary_source": "LGD Revenue Village Centroids + Block-Bounded Voronoi Tessellation", "boundary_quality": "DERIVED"}, "geometry": {"type": "Polygon", "coordinates": [[[81.01428, 22.80094], [81.01441, 22.80562], [81.01076, 22.80888], [81.00654, 22.8105], [81.00243, 22.81107], [80.99828, 22.81078], [80.99372, 22.80973], [80.9901, 22.80651], [80.98968, 22.80187], [80.99469, 22.79515], [80.99679, 22.79097], [81.00142, 22.78827], [81.00612, 22.79099], [81.01089, 22.79759], [81.01428, 22.80094]]]}}, {"type": "Feature", "properties": {"state": "Madhya Pradesh", "district": "Dindori", "block": "Mehandwani", "gp_name": "Mehandwani Rural", "state_code": 23, "district_code": 443, "block_code": 3604, "gp_code": 133160, "centroid_lat": 22.8214, "centroid_lon": 80.982, "area_sq_km": 5.5, "boundary_source": "LGD Revenue Village Centroids + Block-Bounded Voronoi Tessellation", "boundary_quality": "DERIVED"}, "geometry": {"type": "Polygon", "coordinates": [[[80.99435, 22.82093], [80.99434, 22.8256], [80.99077, 22.82889], [80.98673, 22.83087], [80.98244, 22.83148], [80.97821, 22.83095], [80.97374, 22.82971], [80.97027, 22.82643], [80.9698, 22.82186], [80.97477, 22.81522], [80.97672, 22.81083], [80.98143, 22.80838], [80.98626, 22.81065], [80.98876, 22.8146], [80.99435, 22.82093]]]}}, {"type": "Feature", "properties": {"state": "Madhya Pradesh", "district": "Dindori", "block": "Samnapur", "gp_name": "Samnapur Gram Panchayat", "state_code": 23, "district_code": 443, "block_code": 3605, "gp_code": 133161, "centroid_lat": 22.8014, "centroid_lon": 81.178, "area_sq_km": 5.6, "boundary_source": "LGD Revenue Village Centroids + Block-Bounded Voronoi Tessellation", "boundary_quality": "DERIVED"}, "geometry": {"type": "Polygon", "coordinates": [[[81.19005, 22.80093], [81.19028, 22.80557], [81.18713, 22.80918], [81.18269, 22.81076], [81.17845, 22.8114], [81.16959, 22.80988], [81.16605, 22.80654], [81.16571, 22.80188], [81.16823, 22.79809], [81.17085, 22.7953], [81.17297, 22.79136], [81.17741, 22.78839], [81.18209, 22.79103], [81.18456, 22.79478], [81.19005, 22.80093]]]}}, {"type": "Feature", "properties": {"state": "Madhya Pradesh", "district": "Dindori", "block": "Samnapur", "gp_name": "Samnapur Rural", "state_code": 23, "district_code": 443, "block_code": 3605, "gp_code": 133162, "centroid_lat": 22.8214, "centroid_lon": 81.158, "area_sq_km": 5.7, "boundary_source": "LGD Revenue Village Centroids + Block-Bounded Voronoi Tessellation", "boundary_quality": "DERIVED"}, "geometry": {"type": "Polygon", "coordinates": [[[81.16994, 22.82094], [81.17022, 22.82554], [81.16707, 22.82913], [81.16276, 22.83091], [81.15426, 22.83088], [81.14974, 22.82972], [81.1459, 22.82661], [81.14562, 22.82188], [81.15292, 22.81126], [81.15741, 22.80843], [81.16225, 22.81063], [81.16468, 22.81466], [81.16994, 22.82094]]]}}, {"type": "Feature", "properties": {"state": "Madhya Pradesh", "district": "Guna", "block": "Guna", "gp_name": "Guna Gram Panchayat", "state_code": 23, "district_code": 400, "block_code": 3620, "gp_code": 133163, "centroid_lat": 24.63, "centroid_lon": 77.452, "area_sq_km": 5.8, "boundary_source": "LGD Revenue Village Centroids + Block-Bounded Voronoi Tessellation", "boundary_quality": "DERIVED"}, "geometry": {"type": "Polygon", "coordinates": [[[77.46468, 24.62979], [77.46439, 24.63446], [77.46076, 24.63772], [77.45643, 24.6393], [77.45219, 24.63994], [77.44779, 24.63977], [77.44341, 24.63814], [77.43997, 24.63478], [77.43951, 24.6302], [77.44475, 24.62361], [77.44712, 24.61975], [77.45175, 24.61727], [77.45662, 24.61928], [77.45884, 24.62352], [77.46468, 24.62979]]]}}, {"type": "Feature", "properties": {"state": "Madhya Pradesh", "district": "Guna", "block": "Guna", "gp_name": "Guna Rural", "state_code": 23, "district_code": 400, "block_code": 3620, "gp_code": 133164, "centroid_lat": 24.65, "centroid_lon": 77.432, "area_sq_km": 5.9, "boundary_source": "LGD Revenue Village Centroids + Block-Bounded Voronoi Tessellation", "boundary_quality": "DERIVED"}, "geometry": {"type": "Polygon", "coordinates": [[[77.44475, 24.64979], [77.44473, 24.65458], [77.44104, 24.65797], [77.43654, 24.65953], [77.42779, 24.65977], [77.42331, 24.65823], [77.41989, 24.65482], [77.41943, 24.6502], [77.42475, 24.64361], [77.42697, 24.63943], [77.43175, 24.63712], [77.43669, 24.6391], [77.43918, 24.6432], [77.44475, 24.64979]]]}}, {"type": "Feature", "properties": {"state": "Madhya Pradesh", "district": "Guna", "block": "Aron", "gp_name": "Aron Gram Panchayat", "state_code": 23, "district_code": 400, "block_code": 3621, "gp_code": 133165, "centroid_lat": 24.7441, "centroid_lon": 77.3608, "area_sq_km": 6.0, "boundary_source": "LGD Revenue Village Centroids + Block-Bounded Voronoi Tessellation", "boundary_quality": "DERIVED"}, "geometry": {"type": "Polygon", "coordinates": [[[77.37315, 24.7439], [77.37339, 24.74863], [77.36976, 24.75201], [77.36533, 24.75361], [77.3567, 24.7536], [77.3522, 24.75223], [77.34829, 24.74906], [77.34818, 24.7443], [77.35376, 24.73789], [77.35581, 24.73361], [77.36055, 24.7311], [77.3654, 24.73344], [77.36787, 24.73742], [77.37315, 24.7439]]]}}, {"type": "Feature", "properties": {"state": "Madhya Pradesh", "district": "Guna", "block": "Aron", "gp_name": "Aron Rural", "state_code": 23, "district_code": 400, "block_code": 3621, "gp_code": 133166, "centroid_lat": 24.7641, "centroid_lon": 77.3408, "area_sq_km": 6.1, "boundary_source": "LGD Revenue Village Centroids + Block-Bounded Voronoi Tessellation", "boundary_quality": "DERIVED"}, "geometry": {"type": "Polygon", "coordinates": [[[77.35323, 24.76391], [77.35326, 24.76858], [77.34961, 24.77188], [77.34534, 24.77364], [77.34099, 24.77403], [77.33198, 24.77244], [77.32831, 24.76905], [77.32867, 24.76429], [77.33087, 24.76052], [77.33377, 24.75789], [77.33592, 24.75383], [77.34056, 24.75149], [77.34545, 24.75333], [77.35022, 24.76036], [77.35323, 24.76391]]]}}, {"type": "Feature", "properties": {"state": "Madhya Pradesh", "district": "Guna", "block": "Bamori", "gp_name": "Bamori Gram Panchayat", "state_code": 23, "district_code": 400, "block_code": 3622, "gp_code": 133167, "centroid_lat": 24.7005, "centroid_lon": 77.2132, "area_sq_km": 6.2, "boundary_source": "LGD Revenue Village Centroids + Block-Bounded Voronoi Tessellation", "boundary_quality": "DERIVED"}, "geometry": {"type": "Polygon", "coordinates": [[[77.2259, 24.70031], [77.22542, 24.70491], [77.22202, 24.7083], [77.21758, 24.70974], [77.21338, 24.71058], [77.20897, 24.71028], [77.20454, 24.70867], [77.20095, 24.70535], [77.20066, 24.70068], [77.20608, 24.6942], [77.20831, 24.69019], [77.21297, 24.68749], [77.21782, 24.68982], [77.2259, 24.70031]]]}}, {"type": "Feature", "properties": {"state": "Madhya Pradesh", "district": "Guna", "block": "Bamori", "gp_name": "Bamori Rural", "state_code": 23, "district_code": 400, "block_code": 3622, "gp_code": 133168, "centroid_lat": 24.7205, "centroid_lon": 77.1932, "area_sq_km": 6.3, "boundary_source": "LGD Revenue Village Centroids + Block-Bounded Voronoi Tessellation", "boundary_quality": "DERIVED"}, "geometry": {"type": "Polygon", "coordinates": [[[77.2055, 24.72032], [77.20557, 24.72497], [77.20225, 24.7285], [77.19765, 24.72987], [77.19337, 24.73022], [77.18916, 24.72983], [77.18464, 24.72857], [77.18091, 24.72536], [77.18074, 24.72068], [77.1833, 24.71692], [77.18606, 24.71418], [77.18837, 24.71031], [77.19298, 24.7077], [77.19784, 24.70977], [77.2055, 24.72032]]]}}, {"type": "Feature", "properties": {"state": "Madhya Pradesh", "district": "Guna", "block": "Chachoda", "gp_name": "Chachoda Gram Panchayat", "state_code": 23, "district_code": 400, "block_code": 3623, "gp_code": 133169, "centroid_lat": 24.5595, "centroid_lon": 77.2132, "area_sq_km": 6.4, "boundary_source": "LGD Revenue Village Centroids + Block-Bounded Voronoi Tessellation", "boundary_quality": "DERIVED"}, "geometry": {"type": "Polygon", "coordinates": [[[77.22596, 24.55931], [77.22577, 24.56405], [77.22189, 24.56719], [77.21777, 24.56914], [77.20904, 24.56912], [77.20478, 24.56745], [77.20107, 24.56431], [77.201, 24.55968], [77.20391, 24.55614], [77.20819, 24.54893], [77.21297, 24.54658], [77.21767, 24.54916], [77.22596, 24.55931]]]}}, {"type": "Feature", "properties": {"state": "Madhya Pradesh", "district": "Guna", "block": "Chachoda", "gp_name": "Chachoda Rural", "state_code": 23, "district_code": 400, "block_code": 3623, "gp_code": 133170, "centroid_lat": 24.5795, "centroid_lon": 77.1932, "area_sq_km": 6.5, "boundary_source": "LGD Revenue Village Centroids + Block-Bounded Voronoi Tessellation", "boundary_quality": "DERIVED"}, "geometry": {"type": "Polygon", "coordinates": [[[77.20533, 24.57932], [77.20535, 24.5839], [77.20198, 24.58728], [77.19338, 24.58962], [77.18901, 24.58918], [77.18437, 24.58783], [77.18098, 24.58434], [77.18106, 24.57968], [77.18351, 24.57599], [77.18621, 24.5733], [77.18835, 24.56927], [77.19298, 24.56691], [77.19779, 24.5689], [77.20023, 24.57286], [77.20533, 24.57932]]]}}, {"type": "Feature", "properties": {"state": "Madhya Pradesh", "district": "Guna", "block": "Raghogarh", "gp_name": "Raghogarh Gram Panchayat", "state_code": 23, "district_code": 400, "block_code": 3624, "gp_code": 133171, "centroid_lat": 24.5159, "centroid_lon": 77.3608, "area_sq_km": 6.6, "boundary_source": "LGD Revenue Village Centroids + Block-Bounded Voronoi Tessellation", "boundary_quality": "DERIVED"}, "geometry": {"type": "Polygon", "coordinates": [[[77.3735, 24.5157], [77.37341, 24.52045], [77.3697, 24.52377], [77.36529, 24.52535], [77.35674, 24.52533], [77.35236, 24.52389], [77.34851, 24.52078], [77.34825, 24.5161], [77.35364, 24.50957], [77.35578, 24.50532], [77.36056, 24.50332], [77.36537, 24.5053], [77.36764, 24.50942], [77.3735, 24.5157]]]}}, {"type": "Feature", "properties": {"state": "Madhya Pradesh", "district": "Guna", "block": "Raghogarh", "gp_name": "Raghogarh Rural", "state_code": 23, "district_code": 400, "block_code": 3624, "gp_code": 133172, "centroid_lat": 24.5359, "centroid_lon": 77.3408, "area_sq_km": 6.7, "boundary_source": "LGD Revenue Village Centroids + Block-Bounded Voronoi Tessellation", "boundary_quality": "DERIVED"}, "geometry": {"type": "Polygon", "coordinates": [[[77.35326, 24.53571], [77.35306, 24.54032], [77.34962, 24.54369], [77.34525, 24.54527], [77.34098, 24.5458], [77.33663, 24.54556], [77.33241, 24.54384], [77.3286, 24.54075], [77.32846, 24.53609], [77.33088, 24.53232], [77.33341, 24.52937], [77.33577, 24.5253], [77.34056, 24.52289], [77.34529, 24.52549], [77.34778, 24.5293], [77.35326, 24.53571]]]}}, {"type": "Feature", "properties": {"state": "Madhya Pradesh", "district": "Gwalior", "block": "Morar", "gp_name": "Morar Gram Panchayat", "state_code": 23, "district_code": 401, "block_code": 3640, "gp_code": 133173, "centroid_lat": 26.21, "centroid_lon": 78.322, "area_sq_km": 6.8, "boundary_source": "LGD Revenue Village Centroids + Block-Bounded Voronoi Tessellation", "boundary_quality": "DERIVED"}, "geometry": {"type": "Polygon", "coordinates": [[[78.33431, 26.20971], [78.33497, 26.2145], [78.33102, 26.21773], [78.32649, 26.21911], [78.32228, 26.21997], [78.3178, 26.21985], [78.31322, 26.21833], [78.30988, 26.21486], [78.30951, 26.21029], [78.31472, 26.20376], [78.31688, 26.19961], [78.32164, 26.19716], [78.32659, 26.19923], [78.32885, 26.2035], [78.33431, 26.20971]]]}}, {"type": "Feature", "properties": {"state": "Madhya Pradesh", "district": "Gwalior", "block": "Morar", "gp_name": "Morar Rural", "state_code": 23, "district_code": 401, "block_code": 3640, "gp_code": 133174, "centroid_lat": 26.23, "centroid_lon": 78.302, "area_sq_km": 6.9, "boundary_source": "LGD Revenue Village Centroids + Block-Bounded Voronoi Tessellation", "boundary_quality": "DERIVED"}, "geometry": {"type": "Polygon", "coordinates": [[[78.3147, 26.22971], [78.31456, 26.23436], [78.31092, 26.23765], [78.30669, 26.23951], [78.30228, 26.23993], [78.29321, 26.23835], [78.28965, 26.23495], [78.28915, 26.23029], [78.29443, 26.22351], [78.29673, 26.2193], [78.30163, 26.21706], [78.3065, 26.21944], [78.31125, 26.22629], [78.3147, 26.22971]]]}}, {"type": "Feature", "properties": {"state": "Madhya Pradesh", "district": "Gwalior", "block": "Ghatigaon", "gp_name": "Ghatigaon Gram Panchayat", "state_code": 23, "district_code": 401, "block_code": 3641, "gp_code": 133175, "centroid_lat": 26.33, "centroid_lon": 78.19, "area_sq_km": 7.0, "boundary_source": "LGD Revenue Village Centroids + Block-Bounded Voronoi Tessellation", "boundary_quality": "DERIVED"}, "geometry": {"type": "Polygon", "coordinates": [[[78.20275, 26.32972], [78.20299, 26.33451], [78.19909, 26.33779], [78.19469, 26.33953], [78.18584, 26.33972], [78.18149, 26.33806], [78.17781, 26.33487], [78.17766, 26.33027], [78.18494, 26.31972], [78.18964, 26.31692], [78.19448, 26.31954], [78.19938, 26.32625], [78.20275, 26.32972]]]}}, {"type": "Feature", "properties": {"state": "Madhya Pradesh", "district": "Gwalior", "block": "Ghatigaon", "gp_name": "Ghatigaon Rural", "state_code": 23, "district_code": 401, "block_code": 3641, "gp_code": 133176, "centroid_lat": 26.35, "centroid_lon": 78.17, "area_sq_km": 7.1, "boundary_source": "LGD Revenue Village Centroids + Block-Bounded Voronoi Tessellation", "boundary_quality": "DERIVED"}, "geometry": {"type": "Polygon", "coordinates": [[[78.18247, 26.34972], [78.18293, 26.35449], [78.17892, 26.35765], [78.17474, 26.35963], [78.1658, 26.35981], [78.16111, 26.35841], [78.15791, 26.35483], [78.15728, 26.35028], [78.16044, 26.34668], [78.16499, 26.33983], [78.16965, 26.3373], [78.17465, 26.33913], [78.17697, 26.3434], [78.18247, 26.34972]]]}}, {"type": "Feature", "properties": {"state": "Madhya Pradesh", "district": "Gwalior", "block": "Dabra", "gp_name": "Dabra Gram Panchayat", "state_code": 23, "district_code": 401, "block_code": 3642, "gp_code": 133177, "centroid_lat": 26.21, "centroid_lon": 78.058, "area_sq_km": 7.2, "boundary_source": "LGD Revenue Village Centroids + Block-Bounded Voronoi Tessellation", "boundary_quality": "DERIVED"}, "geometry": {"type": "Polygon", "coordinates": [[[78.07061, 26.20973], [78.07097, 26.21453], [78.06691, 26.21767], [78.05826, 26.21998], [78.0491, 26.21842], [78.04583, 26.21485], [78.04576, 26.21026], [78.04816, 26.20657], [78.05074, 26.20375], [78.05289, 26.19957], [78.05766, 26.19685], [78.06243, 26.19966], [78.065, 26.20338], [78.07061, 26.20973]]]}}, {"type": "Feature", "properties": {"state": "Madhya Pradesh", "district": "Gwalior", "block": "Dabra", "gp_name": "Dabra Rural", "state_code": 23, "district_code": 401, "block_code": 3642, "gp_code": 133178, "centroid_lat": 26.23, "centroid_lon": 78.038, "area_sq_km": 7.3, "boundary_source": "LGD Revenue Village Centroids + Block-Bounded Voronoi Tessellation", "boundary_quality": "DERIVED"}, "geometry": {"type": "Polygon", "coordinates": [[[78.05095, 26.22973], [78.05063, 26.23441], [78.04721, 26.23792], [78.04264, 26.23947], [78.03826, 26.24015], [78.02915, 26.23836], [78.02587, 26.23483], [78.02565, 26.23026], [78.02856, 26.22671], [78.033, 26.2198], [78.03766, 26.21704], [78.04263, 26.21921], [78.04487, 26.22351], [78.04782, 26.22608], [78.05095, 26.22973]]]}}, {"type": "Feature", "properties": {"state": "Madhya Pradesh", "district": "Gwalior", "block": "Bhitarwar", "gp_name": "Bhitarwar Gram Panchayat", "state_code": 23, "district_code": 401, "block_code": 3643, "gp_code": 133179, "centroid_lat": 26.09, "centroid_lon": 78.19, "area_sq_km": 7.4, "boundary_source": "LGD Revenue Village Centroids + Block-Bounded Voronoi Tessellation", "boundary_quality": "DERIVED"}, "geometry": {"type": "Polygon", "coordinates": [[[78.2025, 26.08972], [78.20285, 26.09448], [78.19921, 26.09791], [78.19451, 26.09918], [78.18588, 26.09965], [78.18142, 26.09813], [78.17785, 26.09486], [78.17758, 26.09027], [78.18268, 26.0837], [78.18474, 26.07928], [78.18966, 26.0773], [78.19459, 26.07925], [78.19709, 26.08328], [78.2025, 26.08972]]]}}, {"type": "Feature", "properties": {"state": "Madhya Pradesh", "district": "Gwalior", "block": "Bhitarwar", "gp_name": "Bhitarwar Rural", "state_code": 23, "district_code": 401, "block_code": 3643, "gp_code": 133180, "centroid_lat": 26.11, "centroid_lon": 78.17, "area_sq_km": 7.5, "boundary_source": "LGD Revenue Village Centroids + Block-Bounded Voronoi Tessellation", "boundary_quality": "DERIVED"}, "geometry": {"type": "Polygon", "coordinates": [[[78.18242, 26.10973], [78.18233, 26.1143], [78.17911, 26.11783], [78.17447, 26.11911], [78.17027, 26.11986], [78.16585, 26.11971], [78.16139, 26.11816], [78.15793, 26.11483], [78.1575, 26.11027], [78.16253, 26.10357], [78.16485, 26.0995], [78.16965, 26.09701], [78.17449, 26.09949], [78.18242, 26.10973]]]}}, {"type": "Feature", "properties": {"state": "Madhya Pradesh", "district": "Harda", "block": "Harda", "gp_name": "Harda Gram Panchayat", "state_code": 23, "district_code": 444, "block_code": 3660, "gp_code": 133181, "centroid_lat": 22.33, "centroid_lon": 77.232, "area_sq_km": 7.6, "boundary_source": "LGD Revenue Village Centroids + Block-Bounded Voronoi Tessellation", "boundary_quality": "DERIVED"}, "geometry": {"type": "Polygon", "coordinates": [[[77.24388, 22.32984], [77.24393, 22.3344], [77.24066, 22.33782], [77.23648, 22.33966], [77.22784, 22.33974], [77.22359, 22.33806], [77.21986, 22.33487], [77.22003, 22.33016], [77.22484, 22.32353], [77.22705, 22.31932], [77.2318, 22.31723], [77.2365, 22.31946], [77.24388, 22.32984]]]}}, {"type": "Feature", "properties": {"state": "Madhya Pradesh", "district": "Harda", "block": "Harda", "gp_name": "Harda Rural", "state_code": 23, "district_code": 444, "block_code": 3660, "gp_code": 133182, "centroid_lat": 22.35, "centroid_lon": 77.212, "area_sq_km": 7.7, "boundary_source": "LGD Revenue Village Centroids + Block-Bounded Voronoi Tessellation", "boundary_quality": "DERIVED"}, "geometry": {"type": "Polygon", "coordinates": [[[77.22437, 22.34983], [77.22423, 22.35452], [77.22077, 22.35792], [77.21638, 22.35944], [77.20788, 22.35966], [77.20344, 22.3582], [77.20011, 22.35477], [77.20006, 22.35016], [77.20505, 22.34372], [77.20714, 22.33951], [77.21179, 22.33698], [77.21659, 22.33926], [77.21875, 22.34353], [77.22437, 22.34983]]]}}, {"type": "Feature", "properties": {"state": "Madhya Pradesh", "district": "Harda", "block": "Khirkiya", "gp_name": "Khirkiya Gram Panchayat", "state_code": 23, "district_code": 444, "block_code": 3661, "gp_code": 133183, "centroid_lat": 22.4339, "centroid_lon": 77.034, "area_sq_km": 7.8, "boundary_source": "LGD Revenue Village Centroids + Block-Bounded Voronoi Tessellation", "boundary_quality": "DERIVED"}, "geometry": {"type": "Polygon", "coordinates": [[[77.04656, 22.43374], [77.04633, 22.43847], [77.04289, 22.44194], [77.03415, 22.44393], [77.02561, 22.44191], [77.02196, 22.43871], [77.02195, 22.43405], [77.02713, 22.42769], [77.02928, 22.4237], [77.03381, 22.42095], [77.03862, 22.42311], [77.04089, 22.42732], [77.04656, 22.43374]]]}}, {"type": "Feature", "properties": {"state": "Madhya Pradesh", "district": "Harda", "block": "Khirkiya", "gp_name": "Khirkiya Rural", "state_code": 23, "district_code": 444, "block_code": 3661, "gp_code": 133184, "centroid_lat": 22.4539, "centroid_lon": 77.014, "area_sq_km": 7.9, "boundary_source": "LGD Revenue Village Centroids + Block-Bounded Voronoi Tessellation", "boundary_quality": "DERIVED"}, "geometry": {"type": "Polygon", "coordinates": [[[77.02613, 22.45375], [77.02628, 22.45845], [77.02284, 22.4619], [77.01828, 22.46316], [77.01414, 22.46369], [77.00556, 22.46195], [77.00196, 22.45871], [77.00163, 22.45405], [77.00918, 22.44349], [77.01381, 22.4409], [77.01855, 22.44328], [77.02086, 22.44735], [77.02356, 22.45008], [77.02613, 22.45375]]]}}, {"type": "Feature", "properties": {"state": "Madhya Pradesh", "district": "Harda", "block": "Timarni", "gp_name": "Timarni Gram Panchayat", "state_code": 23, "district_code": 444, "block_code": 3662, "gp_code": 133185, "centroid_lat": 22.2261, "centroid_lon": 77.034, "area_sq_km": 8.0, "boundary_source": "LGD Revenue Village Centroids + Block-Bounded Voronoi Tessellation", "boundary_quality": "DERIVED"}, "geometry": {"type": "Polygon", "coordinates": [[[77.04615, 22.22595], [77.04631, 22.23067], [77.04273, 22.23401], [77.03833, 22.23546], [77.03415, 22.23615], [77.02982, 22.23586], [77.02532, 22.23441], [77.0217, 22.23102], [77.02163, 22.22625], [77.02482, 22.22269], [77.02905, 22.21538], [77.03382, 22.21346], [77.03854, 22.2155], [77.04069, 22.2197], [77.04361, 22.22225], [77.04615, 22.22595]]]}}, {"type": "Feature", "properties": {"state": "Madhya Pradesh", "district": "Harda", "block": "Timarni", "gp_name": "Timarni Rural", "state_code": 23, "district_code": 444, "block_code": 3662, "gp_code": 133186, "centroid_lat": 22.2461, "centroid_lon": 77.014, "area_sq_km": 8.1, "boundary_source": "LGD Revenue Village Centroids + Block-Bounded Voronoi Tessellation", "boundary_quality": "DERIVED"}, "geometry": {"type": "Polygon", "coordinates": [[[77.02624, 22.24595], [77.02625, 22.25065], [77.02258, 22.25388], [77.01414, 22.25611], [77.00986, 22.25576], [77.0055, 22.25422], [77.00188, 22.25095], [77.00178, 22.24625], [77.00908, 22.23546], [77.01381, 22.23311], [77.01846, 22.23568], [77.0207, 22.2397], [77.02624, 22.24595]]]}}, {"type": "Feature", "properties": {"state": "Madhya Pradesh", "district": "Narmadapuram", "block": "Hoshangabad", "gp_name": "Hoshangabad Gram Panchayat", "state_code": 23, "district_code": 402, "block_code": 3680, "gp_code": 133187, "centroid_lat": 22.74, "centroid_lon": 77.906, "area_sq_km": 8.2, "boundary_source": "LGD Revenue Village Centroids + Block-Bounded Voronoi Tessellation", "boundary_quality": "DERIVED"}, "geometry": {"type": "Polygon", "coordinates": [[[77.91823, 22.73978], [77.91809, 22.74439], [77.9146, 22.74767], [77.91048, 22.74949], [77.9062, 22.74969], [77.90208, 22.74928], [77.89759, 22.74812], [77.8938, 22.74495], [77.89345, 22.74023], [77.89624, 22.73646], [77.89899, 22.73374], [77.90093, 22.72926], [77.90573, 22.72715], [77.91048, 22.72938], [77.91501, 22.73635], [77.91823, 22.73978]]]}}, {"type": "Feature", "properties": {"state": "Madhya Pradesh", "district": "Narmadapuram", "block": "Hoshangabad", "gp_name": "Hoshangabad Rural", "state_code": 23, "district_code": 402, "block_code": 3680, "gp_code": 133188, "centroid_lat": 22.76, "centroid_lon": 77.886, "area_sq_km": 8.3, "boundary_source": "LGD Revenue Village Centroids + Block-Bounded Voronoi Tessellation", "boundary_quality": "DERIVED"}, "geometry": {"type": "Polygon", "coordinates": [[[77.898, 22.75978], [77.89854, 22.76455], [77.8948, 22.76785], [77.8905, 22.76954], [77.88621, 22.77016], [77.87748, 22.76821], [77.87409, 22.76483], [77.87379, 22.76022], [77.87883, 22.75361], [77.88095, 22.74929], [77.88573, 22.74714], [77.89052, 22.74929], [77.89513, 22.7563], [77.898, 22.75978]]]}}, {"type": "Feature", "properties": {"state": "Madhya Pradesh", "district": "Narmadapuram", "block": "Babai", "gp_name": "Babai Gram Panchayat", "state_code": 23, "district_code": 402, "block_code": 3681, "gp_code": 133189, "centroid_lat": 22.8786, "centroid_lon": 77.818, "area_sq_km": 8.4, "boundary_source": "LGD Revenue Village Centroids + Block-Bounded Voronoi Tessellation", "boundary_quality": "DERIVED"}, "geometry": {"type": "Polygon", "coordinates": [[[77.8305, 22.87838], [77.83029, 22.88306], [77.82661, 22.88628], [77.82255, 22.88826], [77.81821, 22.88874], [77.80927, 22.887], [77.80594, 22.88348], [77.80564, 22.87882], [77.8109, 22.87227], [77.813, 22.868], [77.81773, 22.86562], [77.82261, 22.86771], [77.82469, 22.87216], [77.8305, 22.87838]]]}}, {"type": "Feature", "properties": {"state": "Madhya Pradesh", "district": "Narmadapuram", "block": "Babai", "gp_name": "Babai Rural", "state_code": 23, "district_code": 402, "block_code": 3681, "gp_code": 133190, "centroid_lat": 22.8986, "centroid_lon": 77.798, "area_sq_km": 8.5, "boundary_source": "LGD Revenue Village Centroids + Block-Bounded Voronoi Tessellation", "boundary_quality": "DERIVED"}, "geometry": {"type": "Polygon", "coordinates": [[[77.81055, 22.89838], [77.81016, 22.90302], [77.80692, 22.90656], [77.80251, 22.90817], [77.7982, 22.90852], [77.79392, 22.90824], [77.78955, 22.90673], [77.78578, 22.90354], [77.78573, 22.89882], [77.79321, 22.88843], [77.79773, 22.88545], [77.8024, 22.88821], [77.80726, 22.89485], [77.81055, 22.89838]]]}}, {"type": "Feature", "properties": {"state": "Madhya Pradesh", "district": "Narmadapuram", "block": "Bankhedi", "gp_name": "Bankhedi Gram Panchayat", "state_code": 23, "district_code": 402, "block_code": 3682, "gp_code": 133191, "centroid_lat": 22.8786, "centroid_lon": 77.642, "area_sq_km": 8.6, "boundary_source": "LGD Revenue Village Centroids + Block-Bounded Voronoi Tessellation", "boundary_quality": "DERIVED"}, "geometry": {"type": "Polygon", "coordinates": [[[77.65438, 22.87839], [77.6543, 22.88308], [77.65058, 22.88627], [77.6464, 22.88796], [77.64219, 22.88842], [77.63807, 22.88786], [77.63365, 22.88662], [77.62991, 22.88348], [77.62978, 22.8788], [77.63483, 22.87219], [77.63715, 22.86828], [77.64175, 22.86568], [77.64659, 22.86778], [77.64869, 22.87217], [77.65438, 22.87839]]]}}, {"type": "Feature", "properties": {"state": "Madhya Pradesh", "district": "Narmadapuram", "block": "Bankhedi", "gp_name": "Bankhedi Rural", "state_code": 23, "district_code": 402, "block_code": 3682, "gp_code": 133192, "centroid_lat": 22.8986, "centroid_lon": 77.622, "area_sq_km": 8.7, "boundary_source": "LGD Revenue Village Centroids + Block-Bounded Voronoi Tessellation", "boundary_quality": "DERIVED"}, "geometry": {"type": "Polygon", "coordinates": [[[77.63393, 22.8984], [77.63426, 22.90307], [77.63061, 22.9063], [77.62654, 22.90826], [77.62219, 22.90851], [77.61786, 22.90835], [77.6137, 22.90657], [77.61019, 22.90336], [77.60944, 22.89881], [77.61277, 22.89524], [77.61702, 22.888], [77.62175, 22.8857], [77.62661, 22.88775], [77.62895, 22.89192], [77.63161, 22.89473], [77.63393, 22.8984]]]}}, {"type": "Feature", "properties": {"state": "Madhya Pradesh", "district": "Narmadapuram", "block": "Pipariya", "gp_name": "Pipariya Gram Panchayat", "state_code": 23, "district_code": 402, "block_code": 3683, "gp_code": 133193, "centroid_lat": 22.74, "centroid_lon": 77.554, "area_sq_km": 8.8, "boundary_source": "LGD Revenue Village Centroids + Block-Bounded Voronoi Tessellation", "boundary_quality": "DERIVED"}, "geometry": {"type": "Polygon", "coordinates": [[[77.56595, 22.73981], [77.56601, 22.74439], [77.56263, 22.74773], [77.55836, 22.7493], [77.55419, 22.75004], [77.55001, 22.74939], [77.5455, 22.74816], [77.54165, 22.74498], [77.54176, 22.7402], [77.54911, 22.72957], [77.55377, 22.72742], [77.5586, 22.72919], [77.56101, 22.73327], [77.56595, 22.73981]]]}}, {"type": "Feature", "properties": {"state": "Madhya Pradesh", "district": "Narmadapuram", "block": "Pipariya", "gp_name": "Pipariya Rural", "state_code": 23, "district_code": 402, "block_code": 3683, "gp_code": 133194, "centroid_lat": 22.76, "centroid_lon": 77.534, "area_sq_km": 8.9, "boundary_source": "LGD Revenue Village Centroids + Block-Bounded Voronoi Tessellation", "boundary_quality": "DERIVED"}, "geometry": {"type": "Polygon", "coordinates": [[[77.54612, 22.75981], [77.54634, 22.76451], [77.54262, 22.76772], [77.53839, 22.76937], [77.53418, 22.76997], [77.52983, 22.7698], [77.52534, 22.76831], [77.52197, 22.76485], [77.5217, 22.76019], [77.52919, 22.74974], [77.53376, 22.74717], [77.53858, 22.74922], [77.54307, 22.75634], [77.54612, 22.75981]]]}}, {"type": "Feature", "properties": {"state": "Madhya Pradesh", "district": "Narmadapuram", "block": "Sohagpur", "gp_name": "Sohagpur Gram Panchayat", "state_code": 23, "district_code": 402, "block_code": 3684, "gp_code": 133195, "centroid_lat": 22.6014, "centroid_lon": 77.642, "area_sq_km": 9.0, "boundary_source": "LGD Revenue Village Centroids + Block-Bounded Voronoi Tessellation", "boundary_quality": "DERIVED"}, "geometry": {"type": "Polygon", "coordinates": [[[77.65442, 22.6012], [77.65456, 22.60599], [77.65083, 22.60931], [77.6465, 22.61099], [77.63786, 22.61116], [77.63356, 22.60952], [77.62978, 22.60634], [77.62965, 22.6016], [77.63233, 22.59786], [77.63511, 22.59522], [77.63717, 22.5911], [77.64176, 22.58876], [77.64657, 22.59063], [77.64869, 22.59497], [77.65442, 22.6012]]]}}, {"type": "Feature", "properties": {"state": "Madhya Pradesh", "district": "Narmadapuram", "block": "Sohagpur", "gp_name": "Sohagpur Rural", "state_code": 23, "district_code": 402, "block_code": 3684, "gp_code": 133196, "centroid_lat": 22.6214, "centroid_lon": 77.622, "area_sq_km": 9.1, "boundary_source": "LGD Revenue Village Centroids + Block-Bounded Voronoi Tessellation", "boundary_quality": "DERIVED"}, "geometry": {"type": "Polygon", "coordinates": [[[77.63411, 22.6212], [77.63447, 22.62596], [77.63061, 22.62911], [77.62635, 22.63069], [77.62219, 22.63147], [77.61792, 22.63103], [77.61352, 22.62955], [77.61021, 22.62616], [77.61009, 22.62159], [77.61723, 22.61121], [77.62175, 22.6083], [77.62658, 22.6106], [77.6288, 22.61486], [77.63411, 22.6212]]]}}, {"type": "Feature", "properties": {"state": "Madhya Pradesh", "district": "Narmadapuram", "block": "Seoni Malwa", "gp_name": "Seoni Malwa Gram Panchayat", "state_code": 23, "district_code": 402, "block_code": 3685, "gp_code": 133197, "centroid_lat": 22.6014, "centroid_lon": 77.818, "area_sq_km": 9.2, "boundary_source": "LGD Revenue Village Centroids + Block-Bounded Voronoi Tessellation", "boundary_quality": "DERIVED"}, "geometry": {"type": "Polygon", "coordinates": [[[77.83036, 22.60118], [77.83045, 22.60593], [77.82678, 22.60925], [77.82249, 22.61095], [77.81821, 22.6115], [77.81387, 22.61117], [77.80939, 22.60971], [77.80624, 22.60617], [77.80566, 22.60162], [77.80876, 22.59803], [77.81319, 22.59116], [77.81774, 22.58847], [77.82247, 22.59083], [77.82472, 22.59492], [77.83036, 22.60118]]]}}, {"type": "Feature", "properties": {"state": "Madhya Pradesh", "district": "Narmadapuram", "block": "Seoni Malwa", "gp_name": "Seoni Malwa Rural", "state_code": 23, "district_code": 402, "block_code": 3685, "gp_code": 133198, "centroid_lat": 22.6214, "centroid_lon": 77.798, "area_sq_km": 9.3, "boundary_source": "LGD Revenue Village Centroids + Block-Bounded Voronoi Tessellation", "boundary_quality": "DERIVED"}, "geometry": {"type": "Polygon", "coordinates": [[[77.8103, 22.62118], [77.81007, 22.6258], [77.80689, 22.62935], [77.80246, 22.63089], [77.7982, 22.63124], [77.79398, 22.63091], [77.78968, 22.62942], [77.78614, 22.6262], [77.78588, 22.62161], [77.79105, 22.61519], [77.79316, 22.61111], [77.79774, 22.60853], [77.80259, 22.61054], [77.80467, 22.61497], [77.8103, 22.62118]]]}}, {"type": "Feature", "properties": {"state": "Madhya Pradesh", "district": "Indore", "block": "Indore", "gp_name": "Indore Gram Panchayat", "state_code": 23, "district_code": 407, "block_code": 3700, "gp_code": 133199, "centroid_lat": 22.71, "centroid_lon": 76.002, "area_sq_km": 9.4, "boundary_source": "LGD Revenue Village Centroids + Block-Bounded Voronoi Tessellation", "boundary_quality": "DERIVED"}, "geometry": {"type": "Polygon", "coordinates": [[[76.01442, 22.70992], [76.01432, 22.71464], [76.01063, 22.7179], [76.00631, 22.71946], [75.99781, 22.71957], [75.99347, 22.71802], [75.98955, 22.71488], [75.98969, 22.71008], [75.99507, 22.70366], [75.99732, 22.69971], [76.00191, 22.69726], [76.00658, 22.69954], [76.00898, 22.70343], [76.01442, 22.70992]]]}}, {"type": "Feature", "properties": {"state": "Madhya Pradesh", "district": "Indore", "block": "Indore", "gp_name": "Indore Rural", "state_code": 23, "district_code": 407, "block_code": 3700, "gp_code": 133200, "centroid_lat": 22.73, "centroid_lon": 75.982, "area_sq_km": 4.5, "boundary_source": "LGD Revenue Village Centroids + Block-Bounded Voronoi Tessellation", "boundary_quality": "DERIVED"}, "geometry": {"type": "Polygon", "coordinates": [[[75.99429, 22.72992], [75.99426, 22.73462], [75.99071, 22.73797], [75.98636, 22.73959], [75.98207, 22.73988], [75.97784, 22.7395], [75.97324, 22.73823], [75.96967, 22.73482], [75.96978, 22.73007], [75.97731, 22.71968], [75.98191, 22.71736], [75.98661, 22.71947], [75.98888, 22.72353], [75.99429, 22.72992]]]}}, {"type": "Feature", "properties": {"state": "Madhya Pradesh", "district": "Indore", "block": "Depalpur", "gp_name": "Depalpur Gram Panchayat", "state_code": 23, "district_code": 407, "block_code": 3701, "gp_code": 133201, "centroid_lat": 22.83, "centroid_lon": 75.87, "area_sq_km": 4.6, "boundary_source": "LGD Revenue Village Centroids + Block-Bounded Voronoi Tessellation", "boundary_quality": "DERIVED"}, "geometry": {"type": "Polygon", "coordinates": [[[75.88219, 22.82993], [75.88201, 22.83453], [75.87892, 22.83817], [75.87441, 22.8397], [75.87006, 22.83992], [75.8613, 22.83816], [75.85808, 22.83465], [75.85788, 22.83007], [75.86529, 22.81963], [75.86992, 22.81709], [75.87467, 22.81938], [75.87698, 22.82345], [75.88219, 22.82993]]]}}, {"type": "Feature", "properties": {"state": "Madhya Pradesh", "district": "Indore", "block": "Depalpur", "gp_name": "Depalpur Rural", "state_code": 23, "district_code": 407, "block_code": 3701, "gp_code": 133202, "centroid_lat": 22.85, "centroid_lon": 75.85, "area_sq_km": 4.7, "boundary_source": "LGD Revenue Village Centroids + Block-Bounded Voronoi Tessellation", "boundary_quality": "DERIVED"}, "geometry": {"type": "Polygon", "coordinates": [[[75.86207, 22.84994], [75.86238, 22.85467], [75.85848, 22.85777], [75.85416, 22.85916], [75.8457, 22.85978], [75.84142, 22.85805], [75.83773, 22.85479], [75.83754, 22.85007], [75.84298, 22.84357], [75.8453, 22.83965], [75.84992, 22.83679], [75.85461, 22.83951], [75.85687, 22.84356], [75.86207, 22.84994]]]}}, {"type": "Feature", "properties": {"state": "Madhya Pradesh", "district": "Indore", "block": "Sanwer", "gp_name": "Sanwer Gram Panchayat", "state_code": 23, "district_code": 407, "block_code": 3702, "gp_code": 133203, "centroid_lat": 22.71, "centroid_lon": 75.738, "area_sq_km": 4.8, "boundary_source": "LGD Revenue Village Centroids + Block-Bounded Voronoi Tessellation", "boundary_quality": "DERIVED"}, "geometry": {"type": "Polygon", "coordinates": [[[75.75032, 22.70994], [75.75038, 22.71469], [75.74655, 22.71785], [75.74233, 22.71955], [75.73805, 22.71997], [75.73381, 22.71953], [75.72948, 22.71799], [75.72557, 22.71484], [75.72562, 22.71006], [75.73333, 22.69968], [75.73793, 22.69717], [75.7427, 22.69931], [75.74479, 22.70364], [75.75032, 22.70994]]]}}, {"type": "Feature", "properties": {"state": "Madhya Pradesh", "district": "Indore", "block": "Sanwer", "gp_name": "Sanwer Rural", "state_code": 23, "district_code": 407, "block_code": 3702, "gp_code": 133204, "centroid_lat": 22.73, "centroid_lon": 75.718, "area_sq_km": 4.9, "boundary_source": "LGD Revenue Village Centroids + Block-Bounded Voronoi Tessellation", "boundary_quality": "DERIVED"}, "geometry": {"type": "Polygon", "coordinates": [[[75.73041, 22.72994], [75.73034, 22.73468], [75.72687, 22.73815], [75.72219, 22.73926], [75.71805, 22.74005], [75.70916, 22.73828], [75.70553, 22.73485], [75.70545, 22.73006], [75.70891, 22.72655], [75.71331, 22.71964], [75.71793, 22.71706], [75.72258, 22.7196], [75.73041, 22.72994]]]}}, {"type": "Feature", "properties": {"state": "Madhya Pradesh", "district": "Indore", "block": "Mhow", "gp_name": "Mhow Gram Panchayat", "state_code": 23, "district_code": 407, "block_code": 3703, "gp_code": 133205, "centroid_lat": 22.59, "centroid_lon": 75.87, "area_sq_km": 5.0, "boundary_source": "LGD Revenue Village Centroids + Block-Bounded Voronoi Tessellation", "boundary_quality": "DERIVED"}, "geometry": {"type": "Polygon", "coordinates": [[[75.88222, 22.58993], [75.88206, 22.59456], [75.87861, 22.5979], [75.87431, 22.59951], [75.87006, 22.5998], [75.86585, 22.59947], [75.86147, 22.59801], [75.85789, 22.59474], [75.85799, 22.59006], [75.86296, 22.58354], [75.86526, 22.57954], [75.86992, 22.57719], [75.87472, 22.57924], [75.87707, 22.58335], [75.88222, 22.58993]]]}}, {"type": "Feature", "properties": {"state": "Madhya Pradesh", "district": "Indore", "block": "Mhow", "gp_name": "Mhow Rural", "state_code": 23, "district_code": 407, "block_code": 3703, "gp_code": 133206, "centroid_lat": 22.61, "centroid_lon": 75.85, "area_sq_km": 5.1, "boundary_source": "LGD Revenue Village Centroids + Block-Bounded Voronoi Tessellation", "boundary_quality": "DERIVED"}, "geometry": {"type": "Polygon", "coordinates": [[[75.86195, 22.60994], [75.86243, 22.6147], [75.85871, 22.61799], [75.85425, 22.61938], [75.85006, 22.61998], [75.84592, 22.61929], [75.84161, 22.61787], [75.83771, 22.6148], [75.83796, 22.61006], [75.84036, 22.60635], [75.84305, 22.60362], [75.84532, 22.59967], [75.84992, 22.59705], [75.85452, 22.59971], [75.86195, 22.60994]]]}}, {"type": "Feature", "properties": {"state": "Madhya Pradesh", "district": "Jabalpur", "block": "Jabalpur", "gp_name": "Jabalpur Gram Panchayat", "state_code": 23, "district_code": 408, "block_code": 3720, "gp_code": 133207, "centroid_lat": 23.17, "centroid_lon": 80.166, "area_sq_km": 5.2, "boundary_source": "LGD Revenue Village Centroids + Block-Bounded Voronoi Tessellation", "boundary_quality": "DERIVED"}, "geometry": {"type": "Polygon", "coordinates": [[[80.17855, 23.16959], [80.17809, 23.17417], [80.1752, 23.17792], [80.17047, 23.17906], [80.16638, 23.17981], [80.16205, 23.17979], [80.15745, 23.17848], [80.15421, 23.17498], [80.15384, 23.1704], [80.15621, 23.16662], [80.16103, 23.15992], [80.16551, 23.1573], [80.17034, 23.15926], [80.17275, 23.1633], [80.17855, 23.16959]]]}}, {"type": "Feature", "properties": {"state": "Madhya Pradesh", "district": "Jabalpur", "block": "Jabalpur", "gp_name": "Jabalpur Rural", "state_code": 23, "district_code": 408, "block_code": 3720, "gp_code": 133208, "centroid_lat": 23.19, "centroid_lon": 80.146, "area_sq_km": 5.3, "boundary_source": "LGD Revenue Village Centroids + Block-Bounded Voronoi Tessellation", "boundary_quality": "DERIVED"}, "geometry": {"type": "Polygon", "coordinates": [[[80.15841, 23.18959], [80.15858, 23.19434], [80.15493, 23.19769], [80.15063, 23.19938], [80.14639, 23.20009], [80.14218, 23.19945], [80.13787, 23.19807], [80.13384, 23.19513], [80.13379, 23.1904], [80.13668, 23.18678], [80.14081, 23.17949], [80.14551, 23.17718], [80.15032, 23.1793], [80.15284, 23.18321], [80.15841, 23.18959]]]}}, {"type": "Feature", "properties": {"state": "Madhya Pradesh", "district": "Jabalpur", "block": "Kundam", "gp_name": "Kundam Gram Panchayat", "state_code": 23, "district_code": 408, "block_code": 3721, "gp_code": 133209, "centroid_lat": 23.2951, "centroid_lon": 80.0997, "area_sq_km": 5.4, "boundary_source": "LGD Revenue Village Centroids + Block-Bounded Voronoi Tessellation", "boundary_quality": "DERIVED"}, "geometry": {"type": "Polygon", "coordinates": [[[80.11211, 23.2947], [80.11237, 23.29947], [80.10853, 23.3027], [80.10431, 23.30443], [80.10008, 23.30495], [80.0913, 23.30342], [80.0879, 23.30007], [80.08754, 23.2955], [80.09456, 23.28469], [80.0992, 23.28205], [80.10408, 23.28425], [80.1064, 23.28846], [80.11211, 23.2947]]]}}, {"type": "Feature", "properties": {"state": "Madhya Pradesh", "district": "Jabalpur", "block": "Kundam", "gp_name": "Kundam Rural", "state_code": 23, "district_code": 408, "block_code": 3721, "gp_code": 133210, "centroid_lat": 23.3151, "centroid_lon": 80.0797, "area_sq_km": 5.5, "boundary_source": "LGD Revenue Village Centroids + Block-Bounded Voronoi Tessellation", "boundary_quality": "DERIVED"}, "geometry": {"type": "Polygon", "coordinates": [[[80.09212, 23.3147], [80.09182, 23.31928], [80.08859, 23.32275], [80.08439, 23.32459], [80.08008, 23.32507], [80.07577, 23.3248], [80.07147, 23.32325], [80.06785, 23.32009], [80.06726, 23.3155], [80.07259, 23.30898], [80.0747, 23.30498], [80.07922, 23.30242], [80.08407, 23.30429], [80.08867, 23.31132], [80.09212, 23.3147]]]}}, {"type": "Feature", "properties": {"state": "Madhya Pradesh", "district": "Jabalpur", "block": "Majholi", "gp_name": "Majholi Gram Panchayat", "state_code": 23, "district_code": 408, "block_code": 3722, "gp_code": 133211, "centroid_lat": 23.326, "centroid_lon": 79.9508, "area_sq_km": 5.6, "boundary_source": "LGD Revenue Village Centroids + Block-Bounded Voronoi Tessellation", "boundary_quality": "DERIVED"}, "geometry": {"type": "Polygon", "coordinates": [[[79.96297, 23.32561], [79.96285, 23.33017], [79.95987, 23.33382], [79.95532, 23.33518], [79.95116, 23.33572], [79.94696, 23.33546], [79.94254, 23.33417], [79.93862, 23.33112], [79.93875, 23.32638], [79.94098, 23.3226], [79.94578, 23.31581], [79.95033, 23.31323], [79.95504, 23.31555], [79.95746, 23.31941], [79.96297, 23.32561]]]}}, {"type": "Feature", "properties": {"state": "Madhya Pradesh", "district": "Jabalpur", "block": "Majholi", "gp_name": "Majholi Rural", "state_code": 23, "district_code": 408, "block_code": 3722, "gp_code": 133212, "centroid_lat": 23.346, "centroid_lon": 79.9308, "area_sq_km": 5.7, "boundary_source": "LGD Revenue Village Centroids + Block-Bounded Voronoi Tessellation", "boundary_quality": "DERIVED"}, "geometry": {"type": "Polygon", "coordinates": [[[79.943, 23.34561], [79.94304, 23.35023], [79.93999, 23.35393], [79.9354, 23.35534], [79.93117, 23.35602], [79.92688, 23.35565], [79.92263, 23.35407], [79.91904, 23.35094], [79.91837, 23.34639], [79.92138, 23.34274], [79.9257, 23.33565], [79.93032, 23.33299], [79.93522, 23.3351], [79.93778, 23.3391], [79.943, 23.34561]]]}}, {"type": "Feature", "properties": {"state": "Madhya Pradesh", "district": "Jabalpur", "block": "Panagar", "gp_name": "Panagar Gram Panchayat", "state_code": 23, "district_code": 408, "block_code": 3723, "gp_code": 133213, "centroid_lat": 23.2394, "centroid_lon": 79.8314, "area_sq_km": 5.8, "boundary_source": "LGD Revenue Village Centroids + Block-Bounded Voronoi Tessellation", "boundary_quality": "DERIVED"}, "geometry": {"type": "Polygon", "coordinates": [[[79.84389, 23.23901], [79.84372, 23.24368], [79.84014, 23.24695], [79.8361, 23.24897], [79.83176, 23.24945], [79.82746, 23.2491], [79.82324, 23.24746], [79.8192, 23.24452], [79.81915, 23.23978], [79.82414, 23.23312], [79.82643, 23.22928], [79.83094, 23.22675], [79.83562, 23.22902], [79.83818, 23.23271], [79.84389, 23.23901]]]}}, {"type": "Feature", "properties": {"state": "Madhya Pradesh", "district": "Jabalpur", "block": "Panagar", "gp_name": "Panagar Rural", "state_code": 23, "district_code": 408, "block_code": 3723, "gp_code": 133214, "centroid_lat": 23.2594, "centroid_lon": 79.8114, "area_sq_km": 5.9, "boundary_source": "LGD Revenue Village Centroids + Block-Bounded Voronoi Tessellation", "boundary_quality": "DERIVED"}, "geometry": {"type": "Polygon", "coordinates": [[[79.82393, 23.25901], [79.82394, 23.26375], [79.82061, 23.26736], [79.81589, 23.26854], [79.81176, 23.26933], [79.80753, 23.26891], [79.80322, 23.26748], [79.7996, 23.26435], [79.79943, 23.25977], [79.80418, 23.25316], [79.80623, 23.24886], [79.81094, 23.24668], [79.81563, 23.24899], [79.82393, 23.25901]]]}}, {"type": "Feature", "properties": {"state": "Madhya Pradesh", "district": "Jabalpur", "block": "Patan", "gp_name": "Patan Gram Panchayat", "state_code": 23, "district_code": 408, "block_code": 3724, "gp_code": 133215, "centroid_lat": 23.1006, "centroid_lon": 79.8314, "area_sq_km": 6.0, "boundary_source": "LGD Revenue Village Centroids + Block-Bounded Voronoi Tessellation", "boundary_quality": "DERIVED"}, "geometry": {"type": "Polygon", "coordinates": [[[79.84379, 23.10022], [79.84349, 23.1048], [79.84051, 23.10849], [79.83597, 23.10992], [79.83175, 23.11033], [79.82753, 23.11012], [79.82317, 23.10873], [79.81937, 23.10565], [79.81928, 23.10097], [79.8222, 23.0974], [79.8262, 23.08999], [79.83094, 23.08776], [79.8358, 23.08978], [79.83833, 23.09375], [79.84379, 23.10022]]]}}, {"type": "Feature", "properties": {"state": "Madhya Pradesh", "district": "Jabalpur", "block": "Patan", "gp_name": "Patan Rural", "state_code": 23, "district_code": 408, "block_code": 3724, "gp_code": 133216, "centroid_lat": 23.1206, "centroid_lon": 79.8114, "area_sq_km": 6.1, "boundary_source": "LGD Revenue Village Centroids + Block-Bounded Voronoi Tessellation", "boundary_quality": "DERIVED"}, "geometry": {"type": "Polygon", "coordinates": [[[79.82344, 23.12023], [79.82348, 23.1248], [79.82053, 23.1285], [79.81175, 23.13034], [79.80755, 23.13007], [79.80313, 23.12877], [79.79962, 23.12554], [79.79896, 23.12098], [79.80422, 23.11438], [79.80631, 23.11022], [79.81095, 23.10794], [79.81562, 23.11022], [79.82344, 23.12023]]]}}, {"type": "Feature", "properties": {"state": "Madhya Pradesh", "district": "Jabalpur", "block": "Shahpura", "gp_name": "Shahpura Gram Panchayat", "state_code": 23, "district_code": 408, "block_code": 3725, "gp_code": 133217, "centroid_lat": 23.014, "centroid_lon": 79.9508, "area_sq_km": 6.2, "boundary_source": "LGD Revenue Village Centroids + Block-Bounded Voronoi Tessellation", "boundary_quality": "DERIVED"}, "geometry": {"type": "Polygon", "coordinates": [[[79.963, 23.01362], [79.96324, 23.01832], [79.95976, 23.02175], [79.95528, 23.02312], [79.9468, 23.02386], [79.94245, 23.02227], [79.93909, 23.01892], [79.93833, 23.01439], [79.94373, 23.00789], [79.94559, 23.00339], [79.95032, 23.00097], [79.95513, 23.00332], [79.95976, 23.01023], [79.963, 23.01362]]]}}, {"type": "Feature", "properties": {"state": "Madhya Pradesh", "district": "Jabalpur", "block": "Shahpura", "gp_name": "Shahpura Rural", "state_code": 23, "district_code": 408, "block_code": 3725, "gp_code": 133218, "centroid_lat": 23.034, "centroid_lon": 79.9308, "area_sq_km": 6.3, "boundary_source": "LGD Revenue Village Centroids + Block-Bounded Voronoi Tessellation", "boundary_quality": "DERIVED"}, "geometry": {"type": "Polygon", "coordinates": [[[79.94319, 23.03361], [79.94289, 23.0382], [79.93992, 23.04189], [79.93544, 23.04344], [79.93116, 23.04384], [79.92694, 23.04351], [79.92245, 23.04226], [79.9185, 23.03917], [79.9187, 23.03438], [79.92148, 23.03076], [79.92567, 23.02355], [79.93033, 23.02099], [79.93504, 23.02354], [79.94319, 23.03361]]]}}, {"type": "Feature", "properties": {"state": "Madhya Pradesh", "district": "Jabalpur", "block": "Sihora", "gp_name": "Sihora Gram Panchayat", "state_code": 23, "district_code": 408, "block_code": 3726, "gp_code": 133219, "centroid_lat": 23.0449, "centroid_lon": 80.0997, "area_sq_km": 6.4, "boundary_source": "LGD Revenue Village Centroids + Block-Bounded Voronoi Tessellation", "boundary_quality": "DERIVED"}, "geometry": {"type": "Polygon", "coordinates": [[[80.11174, 23.04451], [80.11199, 23.04915], [80.10864, 23.05262], [80.10421, 23.05406], [80.10007, 23.05467], [80.09579, 23.05457], [80.09112, 23.05342], [80.0877, 23.04996], [80.08758, 23.04529], [80.09042, 23.04169], [80.0945, 23.03434], [80.09921, 23.03191], [80.10402, 23.03419], [80.10638, 23.03827], [80.11174, 23.04451]]]}}, {"type": "Feature", "properties": {"state": "Madhya Pradesh", "district": "Jabalpur", "block": "Sihora", "gp_name": "Sihora Rural", "state_code": 23, "district_code": 408, "block_code": 3726, "gp_code": 133220, "centroid_lat": 23.0649, "centroid_lon": 80.0797, "area_sq_km": 6.5, "boundary_source": "LGD Revenue Village Centroids + Block-Bounded Voronoi Tessellation", "boundary_quality": "DERIVED"}, "geometry": {"type": "Polygon", "coordinates": [[[80.09167, 23.06451], [80.09193, 23.06913], [80.08869, 23.07266], [80.08415, 23.07393], [80.07582, 23.07449], [80.07133, 23.07321], [80.0675, 23.07004], [80.06743, 23.0653], [80.07232, 23.05853], [80.0745, 23.05433], [80.07922, 23.05218], [80.08391, 23.05447], [80.09167, 23.06451]]]}}, {"type": "Feature", "properties": {"state": "Madhya Pradesh", "district": "Jhabua", "block": "Jhabua", "gp_name": "Jhabua Gram Panchayat", "state_code": 23, "district_code": 409, "block_code": 3740, "gp_code": 133221, "centroid_lat": 22.75, "centroid_lon": 74.776, "area_sq_km": 6.6, "boundary_source": "LGD Revenue Village Centroids + Block-Bounded Voronoi Tessellation", "boundary_quality": "DERIVED"}, "geometry": {"type": "Polygon", "coordinates": [[[74.78824, 22.75002], [74.78813, 22.75468], [74.78449, 22.7579], [74.78031, 22.75968], [74.77164, 22.75972], [74.76741, 22.75795], [74.76375, 22.75469], [74.76371, 22.74998], [74.76894, 22.74344], [74.77138, 22.73961], [74.77602, 22.73704], [74.78062, 22.7397], [74.78299, 22.74354], [74.78824, 22.75002]]]}}, {"type": "Feature", "properties": {"state": "Madhya Pradesh", "district": "Jhabua", "block": "Jhabua", "gp_name": "Jhabua Rural", "state_code": 23, "district_code": 409, "block_code": 3740, "gp_code": 133222, "centroid_lat": 22.77, "centroid_lon": 74.756, "area_sq_km": 6.7, "boundary_source": "LGD Revenue Village Centroids + Block-Bounded Voronoi Tessellation", "boundary_quality": "DERIVED"}, "geometry": {"type": "Polygon", "coordinates": [[[74.76857, 22.77002], [74.76798, 22.77462], [74.76483, 22.77821], [74.75598, 22.78012], [74.74728, 22.77806], [74.74355, 22.77476], [74.74342, 22.76998], [74.75138, 22.75961], [74.75602, 22.75742], [74.7608, 22.7593], [74.76282, 22.76369], [74.76857, 22.77002]]]}}, {"type": "Feature", "properties": {"state": "Madhya Pradesh", "district": "Jhabua", "block": "Meghnagar", "gp_name": "Meghnagar Gram Panchayat", "state_code": 23, "district_code": 409, "block_code": 3741, "gp_code": 133223, "centroid_lat": 22.8886, "centroid_lon": 74.688, "area_sq_km": 6.8, "boundary_source": "LGD Revenue Village Centroids + Block-Bounded Voronoi Tessellation", "boundary_quality": "DERIVED"}, "geometry": {"type": "Polygon", "coordinates": [[[74.70048, 22.88862], [74.70029, 22.89334], [74.69677, 22.89676], [74.69216, 22.89796], [74.68798, 22.89874], [74.67924, 22.89668], [74.67561, 22.89333], [74.67588, 22.88858], [74.68103, 22.88211], [74.68333, 22.87808], [74.68803, 22.87585], [74.69264, 22.87829], [74.69509, 22.88206], [74.70048, 22.88862]]]}}, {"type": "Feature", "properties": {"state": "Madhya Pradesh", "district": "Jhabua", "block": "Meghnagar", "gp_name": "Meghnagar Rural", "state_code": 23, "district_code": 409, "block_code": 3741, "gp_code": 133224, "centroid_lat": 22.9086, "centroid_lon": 74.668, "area_sq_km": 6.9, "boundary_source": "LGD Revenue Village Centroids + Block-Bounded Voronoi Tessellation", "boundary_quality": "DERIVED"}, "geometry": {"type": "Polygon", "coordinates": [[[74.68021, 22.90863], [74.6804, 22.91339], [74.67656, 22.91657], [74.67222, 22.91809], [74.66379, 22.91796], [74.65909, 22.91682], [74.65569, 22.91329], [74.65573, 22.90857], [74.66098, 22.90207], [74.66338, 22.89821], [74.66803, 22.89596], [74.67279, 22.89796], [74.67497, 22.90217], [74.67772, 22.90489], [74.68021, 22.90863]]]}}, {"type": "Feature", "properties": {"state": "Madhya Pradesh", "district": "Jhabua", "block": "Petlawad", "gp_name": "Petlawad Gram Panchayat", "state_code": 23, "district_code": 409, "block_code": 3742, "gp_code": 133225, "centroid_lat": 22.8886, "centroid_lon": 74.512, "area_sq_km": 7.0, "boundary_source": "LGD Revenue Village Centroids + Block-Bounded Voronoi Tessellation", "boundary_quality": "DERIVED"}, "geometry": {"type": "Polygon", "coordinates": [[[74.5241, 22.88864], [74.52389, 22.89321], [74.52041, 22.89644], [74.51623, 22.89814], [74.51196, 22.89867], [74.50766, 22.89821], [74.50326, 22.89665], [74.49991, 22.89319], [74.49963, 22.88856], [74.50275, 22.88502], [74.5073, 22.878], [74.51205, 22.87574], [74.51684, 22.87788], [74.51904, 22.88212], [74.5241, 22.88864]]]}}, {"type": "Feature", "properties": {"state": "Madhya Pradesh", "district": "Jhabua", "block": "Petlawad", "gp_name": "Petlawad Rural", "state_code": 23, "district_code": 409, "block_code": 3742, "gp_code": 133226, "centroid_lat": 22.9086, "centroid_lon": 74.492, "area_sq_km": 7.1, "boundary_source": "LGD Revenue Village Centroids + Block-Bounded Voronoi Tessellation", "boundary_quality": "DERIVED"}, "geometry": {"type": "Polygon", "coordinates": [[[74.50434, 22.90864], [74.50451, 22.91345], [74.50055, 22.91657], [74.49612, 22.9179], [74.48771, 22.91811], [74.48312, 22.91677], [74.48003, 22.91315], [74.47966, 22.90856], [74.48737, 22.89814], [74.49205, 22.89548], [74.49684, 22.89788], [74.49898, 22.90218], [74.50434, 22.90864]]]}}, {"type": "Feature", "properties": {"state": "Madhya Pradesh", "district": "Jhabua", "block": "Ranapur", "gp_name": "Ranapur Gram Panchayat", "state_code": 23, "district_code": 409, "block_code": 3743, "gp_code": 133227, "centroid_lat": 22.75, "centroid_lon": 74.424, "area_sq_km": 7.2, "boundary_source": "LGD Revenue Village Centroids + Block-Bounded Voronoi Tessellation", "boundary_quality": "DERIVED"}, "geometry": {"type": "Polygon", "coordinates": [[[74.43615, 22.75004], [74.43589, 22.75462], [74.43278, 22.75821], [74.42808, 22.75924], [74.41965, 22.75963], [74.41546, 22.75786], [74.41197, 22.75457], [74.41186, 22.74996], [74.41443, 22.74628], [74.41711, 22.74356], [74.41939, 22.73957], [74.42405, 22.7374], [74.42878, 22.7394], [74.43615, 22.75004]]]}}, {"type": "Feature", "properties": {"state": "Madhya Pradesh", "district": "Jhabua", "block": "Ranapur", "gp_name": "Ranapur Rural", "state_code": 23, "district_code": 409, "block_code": 3743, "gp_code": 133228, "centroid_lat": 22.77, "centroid_lon": 74.404, "area_sq_km": 7.3, "boundary_source": "LGD Revenue Village Centroids + Block-Bounded Voronoi Tessellation", "boundary_quality": "DERIVED"}, "geometry": {"type": "Polygon", "coordinates": [[[74.41632, 22.77005], [74.41617, 22.77473], [74.41246, 22.77791], [74.40828, 22.7797], [74.40396, 22.78017], [74.39972, 22.77948], [74.39538, 22.77793], [74.39184, 22.77462], [74.39151, 22.76995], [74.39475, 22.76641], [74.39946, 22.75971], [74.40406, 22.75681], [74.40872, 22.75955], [74.41632, 22.77005]]]}}, {"type": "Feature", "properties": {"state": "Madhya Pradesh", "district": "Jhabua", "block": "Rama", "gp_name": "Rama Gram Panchayat", "state_code": 23, "district_code": 409, "block_code": 3744, "gp_code": 133229, "centroid_lat": 22.6114, "centroid_lon": 74.512, "area_sq_km": 7.4, "boundary_source": "LGD Revenue Village Centroids + Block-Bounded Voronoi Tessellation", "boundary_quality": "DERIVED"}, "geometry": {"type": "Polygon", "coordinates": [[[74.52401, 22.61144], [74.52399, 22.61605], [74.52044, 22.61929], [74.51626, 22.62105], [74.51197, 22.62131], [74.50783, 22.62067], [74.50341, 22.61933], [74.49965, 22.61611], [74.49976, 22.61136], [74.50521, 22.60505], [74.50743, 22.60106], [74.51205, 22.59832], [74.51668, 22.60101], [74.51892, 22.60501], [74.52401, 22.61144]]]}}, {"type": "Feature", "properties": {"state": "Madhya Pradesh", "district": "Jhabua", "block": "Rama", "gp_name": "Rama Rural", "state_code": 23, "district_code": 409, "block_code": 3744, "gp_code": 133230, "centroid_lat": 22.6314, "centroid_lon": 74.492, "area_sq_km": 7.5, "boundary_source": "LGD Revenue Village Centroids + Block-Bounded Voronoi Tessellation", "boundary_quality": "DERIVED"}, "geometry": {"type": "Polygon", "coordinates": [[[74.50401, 22.63144], [74.5041, 22.6361], [74.50046, 22.63931], [74.49611, 22.64071], [74.49196, 22.64136], [74.48778, 22.64076], [74.48326, 22.63945], [74.47959, 22.63613], [74.47999, 22.63136], [74.48237, 22.62766], [74.48504, 22.62489], [74.4872, 22.62054], [74.49205, 22.61856], [74.49672, 22.62091], [74.49882, 22.62511], [74.50401, 22.63144]]]}}, {"type": "Feature", "properties": {"state": "Madhya Pradesh", "district": "Jhabua", "block": "Thandla", "gp_name": "Thandla Gram Panchayat", "state_code": 23, "district_code": 409, "block_code": 3745, "gp_code": 133231, "centroid_lat": 22.6114, "centroid_lon": 74.688, "area_sq_km": 7.6, "boundary_source": "LGD Revenue Village Centroids + Block-Bounded Voronoi Tessellation", "boundary_quality": "DERIVED"}, "geometry": {"type": "Polygon", "coordinates": [[[74.70045, 22.61142], [74.70015, 22.6161], [74.6966, 22.61942], [74.69222, 22.62091], [74.68798, 22.62154], [74.68363, 22.62114], [74.67928, 22.61946], [74.67574, 22.61609], [74.67585, 22.61138], [74.67893, 22.60789], [74.68325, 22.60069], [74.68803, 22.59874], [74.69262, 22.6011], [74.69483, 22.60509], [74.70045, 22.61142]]]}}, {"type": "Feature", "properties": {"state": "Madhya Pradesh", "district": "Jhabua", "block": "Thandla", "gp_name": "Thandla Rural", "state_code": 23, "district_code": 409, "block_code": 3745, "gp_code": 133232, "centroid_lat": 22.6314, "centroid_lon": 74.668, "area_sq_km": 7.7, "boundary_source": "LGD Revenue Village Centroids + Block-Bounded Voronoi Tessellation", "boundary_quality": "DERIVED"}, "geometry": {"type": "Polygon", "coordinates": [[[74.68009, 22.63142], [74.68021, 22.63613], [74.67685, 22.63965], [74.67217, 22.64079], [74.66798, 22.64135], [74.65915, 22.63957], [74.65561, 22.63613], [74.65597, 22.63137], [74.66123, 22.62509], [74.66339, 22.62101], [74.66803, 22.61831], [74.67279, 22.62072], [74.68009, 22.63142]]]}}, {"type": "Feature", "properties": {"state": "Madhya Pradesh", "district": "Katni", "block": "Katni", "gp_name": "Katni Gram Panchayat", "state_code": 23, "district_code": 445, "block_code": 3760, "gp_code": 133233, "centroid_lat": 23.82, "centroid_lon": 80.586, "area_sq_km": 7.8, "boundary_source": "LGD Revenue Village Centroids + Block-Bounded Voronoi Tessellation", "boundary_quality": "DERIVED"}, "geometry": {"type": "Polygon", "coordinates": [[[80.59828, 23.81955], [80.59844, 23.82422], [80.59504, 23.82768], [80.59062, 23.82922], [80.58205, 23.82984], [80.57786, 23.8281], [80.57409, 23.82505], [80.57379, 23.82044], [80.57874, 23.81383], [80.5807, 23.80943], [80.58546, 23.80741], [80.59031, 23.80924], [80.59507, 23.81615], [80.59828, 23.81955]]]}}, {"type": "Feature", "properties": {"state": "Madhya Pradesh", "district": "Katni", "block": "Katni", "gp_name": "Katni Rural", "state_code": 23, "district_code": 445, "block_code": 3760, "gp_code": 133234, "centroid_lat": 23.84, "centroid_lon": 80.566, "area_sq_km": 7.9, "boundary_source": "LGD Revenue Village Centroids + Block-Bounded Voronoi Tessellation", "boundary_quality": "DERIVED"}, "geometry": {"type": "Polygon", "coordinates": [[[80.57815, 23.83956], [80.57841, 23.84421], [80.57499, 23.84764], [80.57058, 23.84914], [80.56643, 23.85006], [80.56209, 23.84974], [80.55749, 23.84847], [80.55393, 23.84512], [80.554, 23.84043], [80.56086, 23.82975], [80.56546, 23.82738], [80.57038, 23.82909], [80.575, 23.83618], [80.57815, 23.83956]]]}}, {"type": "Feature", "properties": {"state": "Madhya Pradesh", "district": "Katni", "block": "Badwara", "gp_name": "Badwara Gram Panchayat", "state_code": 23, "district_code": 445, "block_code": 3761, "gp_code": 133235, "centroid_lat": 23.9586, "centroid_lon": 80.498, "area_sq_km": 8.0, "boundary_source": "LGD Revenue Village Centroids + Block-Bounded Voronoi Tessellation", "boundary_quality": "DERIVED"}, "geometry": {"type": "Polygon", "coordinates": [[[80.5103, 23.95816], [80.51028, 23.96276], [80.50687, 23.96614], [80.50267, 23.96791], [80.49843, 23.96863], [80.4942, 23.96806], [80.48971, 23.96683], [80.4862, 23.9636], [80.4859, 23.95903], [80.4929, 23.94843], [80.49746, 23.9459], [80.50224, 23.94806], [80.5103, 23.95816]]]}}, {"type": "Feature", "properties": {"state": "Madhya Pradesh", "district": "Katni", "block": "Badwara", "gp_name": "Badwara Rural", "state_code": 23, "district_code": 445, "block_code": 3761, "gp_code": 133236, "centroid_lat": 23.9786, "centroid_lon": 80.478, "area_sq_km": 8.1, "boundary_source": "LGD Revenue Village Centroids + Block-Bounded Voronoi Tessellation", "boundary_quality": "DERIVED"}, "geometry": {"type": "Polygon", "coordinates": [[[80.49021, 23.97816], [80.49071, 23.98291], [80.48709, 23.98632], [80.48266, 23.98789], [80.47843, 23.9887], [80.46945, 23.9871], [80.46577, 23.98377], [80.46539, 23.97905], [80.47087, 23.97254], [80.47296, 23.96854], [80.47745, 23.96565], [80.48234, 23.96781], [80.48483, 23.97181], [80.49021, 23.97816]]]}}, {"type": "Feature", "properties": {"state": "Madhya Pradesh", "district": "Katni", "block": "Bahoriband", "gp_name": "Bahoriband Gram Panchayat", "state_code": 23, "district_code": 445, "block_code": 3762, "gp_code": 133237, "centroid_lat": 23.9586, "centroid_lon": 80.322, "area_sq_km": 8.2, "boundary_source": "LGD Revenue Village Centroids + Block-Bounded Voronoi Tessellation", "boundary_quality": "DERIVED"}, "geometry": {"type": "Polygon", "coordinates": [[[80.33455, 23.95816], [80.33461, 23.96289], [80.33109, 23.96635], [80.32664, 23.96788], [80.31804, 23.96842], [80.31341, 23.96712], [80.31003, 23.96365], [80.30961, 23.95903], [80.31474, 23.95242], [80.3168, 23.94819], [80.32148, 23.946], [80.3262, 23.94819], [80.3312, 23.95472], [80.33455, 23.95816]]]}}, {"type": "Feature", "properties": {"state": "Madhya Pradesh", "district": "Katni", "block": "Bahoriband", "gp_name": "Bahoriband Rural", "state_code": 23, "district_code": 445, "block_code": 3762, "gp_code": 133238, "centroid_lat": 23.9786, "centroid_lon": 80.302, "area_sq_km": 8.3, "boundary_source": "LGD Revenue Village Centroids + Block-Bounded Voronoi Tessellation", "boundary_quality": "DERIVED"}, "geometry": {"type": "Polygon", "coordinates": [[[80.31462, 23.97816], [80.31417, 23.98274], [80.31104, 23.9863], [80.30669, 23.98799], [80.30241, 23.9886], [80.29812, 23.98822], [80.29347, 23.98705], [80.29008, 23.98363], [80.28964, 23.97903], [80.29482, 23.97248], [80.29688, 23.96835], [80.30148, 23.96589], [80.30632, 23.9679], [80.30886, 23.97181], [80.31462, 23.97816]]]}}, {"type": "Feature", "properties": {"state": "Madhya Pradesh", "district": "Katni", "block": "Dheemerkheda", "gp_name": "Dheemerkheda Gram Panchayat", "state_code": 23, "district_code": 445, "block_code": 3763, "gp_code": 133239, "centroid_lat": 23.82, "centroid_lon": 80.234, "area_sq_km": 8.4, "boundary_source": "LGD Revenue Village Centroids + Block-Bounded Voronoi Tessellation", "boundary_quality": "DERIVED"}, "geometry": {"type": "Polygon", "coordinates": [[[80.24627, 23.81958], [80.24623, 23.82418], [80.24288, 23.82759], [80.23876, 23.82955], [80.23012, 23.8296], [80.22574, 23.82818], [80.22199, 23.82506], [80.22164, 23.82042], [80.2289, 23.80976], [80.23347, 23.80684], [80.23821, 23.80957], [80.24071, 23.81336], [80.24627, 23.81958]]]}}, {"type": "Feature", "properties": {"state": "Madhya Pradesh", "district": "Katni", "block": "Dheemerkheda", "gp_name": "Dheemerkheda Rural", "state_code": 23, "district_code": 445, "block_code": 3763, "gp_code": 133240, "centroid_lat": 23.84, "centroid_lon": 80.214, "area_sq_km": 8.5, "boundary_source": "LGD Revenue Village Centroids + Block-Bounded Voronoi Tessellation", "boundary_quality": "DERIVED"}, "geometry": {"type": "Polygon", "coordinates": [[[80.22606, 23.83959], [80.22674, 23.84436], [80.22322, 23.84788], [80.21858, 23.84919], [80.21439, 23.8496], [80.21021, 23.84938], [80.20572, 23.8482], [80.20216, 23.84499], [80.20191, 23.84041], [80.20661, 23.83368], [80.20871, 23.82937], [80.21348, 23.82709], [80.21827, 23.82942], [80.22606, 23.83959]]]}}, {"type": "Feature", "properties": {"state": "Madhya Pradesh", "district": "Katni", "block": "Rithi", "gp_name": "Rithi Gram Panchayat", "state_code": 23, "district_code": 445, "block_code": 3764, "gp_code": 133241, "centroid_lat": 23.6814, "centroid_lon": 80.322, "area_sq_km": 8.6, "boundary_source": "LGD Revenue Village Centroids + Block-Bounded Voronoi Tessellation", "boundary_quality": "DERIVED"}, "geometry": {"type": "Polygon", "coordinates": [[[80.33456, 23.68097], [80.33434, 23.68562], [80.33088, 23.68899], [80.32668, 23.69079], [80.3224, 23.69128], [80.31355, 23.68979], [80.30969, 23.6866], [80.30989, 23.68182], [80.31472, 23.67518], [80.31671, 23.67079], [80.32149, 23.66884], [80.32623, 23.6709], [80.32855, 23.67489], [80.33456, 23.68097]]]}}, {"type": "Feature", "properties": {"state": "Madhya Pradesh", "district": "Katni", "block": "Rithi", "gp_name": "Rithi Rural", "state_code": 23, "district_code": 445, "block_code": 3764, "gp_code": 133242, "centroid_lat": 23.7014, "centroid_lon": 80.302, "area_sq_km": 8.7, "boundary_source": "LGD Revenue Village Centroids + Block-Bounded Voronoi Tessellation", "boundary_quality": "DERIVED"}, "geometry": {"type": "Polygon", "coordinates": [[[80.31432, 23.70098], [80.31451, 23.70567], [80.31102, 23.70911], [80.30241, 23.71143], [80.29382, 23.70951], [80.29024, 23.70636], [80.28944, 23.70183], [80.29457, 23.69505], [80.29677, 23.69089], [80.30149, 23.68874], [80.3063, 23.69072], [80.30855, 23.6949], [80.3114, 23.69743], [80.31432, 23.70098]]]}}, {"type": "Feature", "properties": {"state": "Madhya Pradesh", "district": "Katni", "block": "Vijayraghavgarh", "gp_name": "Vijayraghavgarh Gram Panchayat", "state_code": 23, "district_code": 445, "block_code": 3765, "gp_code": 133243, "centroid_lat": 23.6814, "centroid_lon": 80.498, "area_sq_km": 8.8, "boundary_source": "LGD Revenue Village Centroids + Block-Bounded Voronoi Tessellation", "boundary_quality": "DERIVED"}, "geometry": {"type": "Polygon", "coordinates": [[[80.51038, 23.68096], [80.51054, 23.68567], [80.50711, 23.68917], [80.49842, 23.69146], [80.48946, 23.6899], [80.48607, 23.68646], [80.48593, 23.68183], [80.49296, 23.67132], [80.49747, 23.66881], [80.50222, 23.67089], [80.51038, 23.68096]]]}}, {"type": "Feature", "properties": {"state": "Madhya Pradesh", "district": "Katni", "block": "Vijayraghavgarh", "gp_name": "Vijayraghavgarh Rural", "state_code": 23, "district_code": 445, "block_code": 3765, "gp_code": 133244, "centroid_lat": 23.7014, "centroid_lon": 80.478, "area_sq_km": 8.9, "boundary_source": "LGD Revenue Village Centroids + Block-Bounded Voronoi Tessellation", "boundary_quality": "DERIVED"}, "geometry": {"type": "Polygon", "coordinates": [[[80.49018, 23.70097], [80.4906, 23.70569], [80.48677, 23.70888], [80.48268, 23.71077], [80.47842, 23.71148], [80.46955, 23.7098], [80.46592, 23.70652], [80.46587, 23.70183], [80.46866, 23.69822], [80.47286, 23.69112], [80.47747, 23.68883], [80.4823, 23.69068], [80.49018, 23.70097]]]}}, {"type": "Feature", "properties": {"state": "Madhya Pradesh", "district": "Khandwa", "block": "Khandwa", "gp_name": "Khandwa Gram Panchayat", "state_code": 23, "district_code": 406, "block_code": 3780, "gp_code": 133245, "centroid_lat": 21.82, "centroid_lon": 76.536, "area_sq_km": 9.0, "boundary_source": "LGD Revenue Village Centroids + Block-Bounded Voronoi Tessellation", "boundary_quality": "DERIVED"}, "geometry": {"type": "Polygon", "coordinates": [[[76.54785, 21.81989], [76.54809, 21.82454], [76.5449, 21.82815], [76.54027, 21.82936], [76.53191, 21.8295], [76.52746, 21.82814], [76.52406, 21.82475], [76.5237, 21.82011], [76.52632, 21.81636], [76.52912, 21.8137], [76.53108, 21.8092], [76.53587, 21.80741], [76.54059, 21.80936], [76.54294, 21.81339], [76.54785, 21.81989]]]}}, {"type": "Feature", "properties": {"state": "Madhya Pradesh", "district": "Khandwa", "block": "Khandwa", "gp_name": "Khandwa Rural", "state_code": 23, "district_code": 406, "block_code": 3780, "gp_code": 133246, "centroid_lat": 21.84, "centroid_lon": 76.516, "area_sq_km": 9.1, "boundary_source": "LGD Revenue Village Centroids + Block-Bounded Voronoi Tessellation", "boundary_quality": "DERIVED"}, "geometry": {"type": "Polygon", "coordinates": [[[76.52813, 21.83989], [76.52811, 21.84455], [76.52468, 21.84794], [76.52039, 21.84961], [76.5161, 21.84988], [76.51187, 21.84956], [76.50745, 21.84814], [76.50405, 21.84475], [76.50353, 21.84011], [76.50631, 21.83635], [76.50903, 21.83362], [76.51108, 21.82921], [76.51587, 21.82727], [76.52045, 21.82969], [76.52267, 21.83365], [76.52537, 21.83627], [76.52813, 21.83989]]]}}, {"type": "Feature", "properties": {"state": "Madhya Pradesh", "district": "Khandwa", "block": "Baladi", "gp_name": "Baladi Gram Panchayat", "state_code": 23, "district_code": 406, "block_code": 3781, "gp_code": 133247, "centroid_lat": 21.9451, "centroid_lon": 76.4697, "area_sq_km": 9.2, "boundary_source": "LGD Revenue Village Centroids + Block-Bounded Voronoi Tessellation", "boundary_quality": "DERIVED"}, "geometry": {"type": "Polygon", "coordinates": [[[76.48189, 21.94499], [76.48206, 21.94975], [76.47825, 21.95292], [76.47402, 21.95457], [76.4698, 21.9549], [76.46562, 21.95454], [76.46137, 21.95303], [76.45758, 21.94991], [76.45783, 21.94521], [76.46024, 21.94154], [76.46288, 21.93886], [76.46492, 21.93461], [76.46957, 21.93253], [76.47428, 21.93449], [76.47886, 21.94146], [76.48189, 21.94499]]]}}, {"type": "Feature", "properties": {"state": "Madhya Pradesh", "district": "Khandwa", "block": "Baladi", "gp_name": "Baladi Rural", "state_code": 23, "district_code": 406, "block_code": 3781, "gp_code": 133248, "centroid_lat": 21.9651, "centroid_lon": 76.4497, "area_sq_km": 9.3, "boundary_source": "LGD Revenue Village Centroids + Block-Bounded Voronoi Tessellation", "boundary_quality": "DERIVED"}, "geometry": {"type": "Polygon", "coordinates": [[[76.46203, 21.96499], [76.46201, 21.96973], [76.45831, 21.97298], [76.45396, 21.97445], [76.44548, 21.97487], [76.44135, 21.97304], [76.43735, 21.97], [76.43725, 21.96521], [76.44264, 21.95863], [76.44479, 21.95432], [76.44957, 21.95225], [76.45428, 21.9545], [76.45872, 21.96152], [76.46203, 21.96499]]]}}, {"type": "Feature", "properties": {"state": "Madhya Pradesh", "district": "Khandwa", "block": "Chhegaon Makhan", "gp_name": "Chhegaon Makhan Gram Panchayat", "state_code": 23, "district_code": 406, "block_code": 3782, "gp_code": 133249, "centroid_lat": 21.976, "centroid_lon": 76.3208, "area_sq_km": 9.4, "boundary_source": "LGD Revenue Village Centroids + Block-Bounded Voronoi Tessellation", "boundary_quality": "DERIVED"}, "geometry": {"type": "Polygon", "coordinates": [[[76.33324, 21.9759], [76.33277, 21.98051], [76.32931, 21.9838], [76.32519, 21.98565], [76.32089, 21.98597], [76.31214, 21.98422], [76.3087, 21.98079], [76.30841, 21.9761], [76.31159, 21.97253], [76.31605, 21.96556], [76.32068, 21.96337], [76.3255, 21.96516], [76.32762, 21.96953], [76.33324, 21.9759]]]}}, {"type": "Feature", "properties": {"state": "Madhya Pradesh", "district": "Khandwa", "block": "Chhegaon Makhan", "gp_name": "Chhegaon Makhan Rural", "state_code": 23, "district_code": 406, "block_code": 3782, "gp_code": 133250, "centroid_lat": 21.996, "centroid_lon": 76.3008, "area_sq_km": 4.5, "boundary_source": "LGD Revenue Village Centroids + Block-Bounded Voronoi Tessellation", "boundary_quality": "DERIVED"}, "geometry": {"type": "Polygon", "coordinates": [[[76.31289, 21.9959], [76.31301, 22.0006], [76.30963, 22.00409], [76.30502, 22.00528], [76.30089, 22.00608], [76.29657, 22.00576], [76.29206, 22.00429], [76.28861, 22.00082], [76.28883, 21.99609], [76.29392, 21.98969], [76.29614, 21.98575], [76.30068, 21.98286], [76.30529, 21.98565], [76.31289, 21.9959]]]}}, {"type": "Feature", "properties": {"state": "Madhya Pradesh", "district": "Khandwa", "block": "Harsud", "gp_name": "Harsud Gram Panchayat", "state_code": 23, "district_code": 406, "block_code": 3783, "gp_code": 133251, "centroid_lat": 21.8894, "centroid_lon": 76.2014, "area_sq_km": 4.6, "boundary_source": "LGD Revenue Village Centroids + Block-Bounded Voronoi Tessellation", "boundary_quality": "DERIVED"}, "geometry": {"type": "Polygon", "coordinates": [[[76.21357, 21.88931], [76.21341, 21.89394], [76.2101, 21.89739], [76.20575, 21.899], [76.20148, 21.89944], [76.19728, 21.89889], [76.19309, 21.89728], [76.18963, 21.89405], [76.18932, 21.88949], [76.19429, 21.88286], [76.19654, 21.87868], [76.20129, 21.87667], [76.20602, 21.87876], [76.20818, 21.88297], [76.21088, 21.88565], [76.21357, 21.88931]]]}}, {"type": "Feature", "properties": {"state": "Madhya Pradesh", "district": "Khandwa", "block": "Harsud", "gp_name": "Harsud Rural", "state_code": 23, "district_code": 406, "block_code": 3783, "gp_code": 133252, "centroid_lat": 21.9094, "centroid_lon": 76.1814, "area_sq_km": 4.7, "boundary_source": "LGD Revenue Village Centroids + Block-Bounded Voronoi Tessellation", "boundary_quality": "DERIVED"}, "geometry": {"type": "Polygon", "coordinates": [[[76.19362, 21.90931], [76.19359, 21.91401], [76.18999, 21.91729], [76.18576, 21.91901], [76.17729, 21.91887], [76.17275, 21.9176], [76.1693, 21.91418], [76.16952, 21.90948], [76.1743, 21.90288], [76.17654, 21.89869], [76.1813, 21.8967], [76.1861, 21.89858], [76.18849, 21.90268], [76.19362, 21.90931]]]}}, {"type": "Feature", "properties": {"state": "Madhya Pradesh", "district": "Khandwa", "block": "Khalwa", "gp_name": "Khalwa Gram Panchayat", "state_code": 23, "district_code": 406, "block_code": 3784, "gp_code": 133253, "centroid_lat": 21.7506, "centroid_lon": 76.2014, "area_sq_km": 4.8, "boundary_source": "LGD Revenue Village Centroids + Block-Bounded Voronoi Tessellation", "boundary_quality": "DERIVED"}, "geometry": {"type": "Polygon", "coordinates": [[[76.2139, 21.75051], [76.21371, 21.75526], [76.20987, 21.75839], [76.20572, 21.76013], [76.20148, 21.76058], [76.19717, 21.76035], [76.19282, 21.75874], [76.1892, 21.75542], [76.18902, 21.75069], [76.19449, 21.74424], [76.1966, 21.74002], [76.20129, 21.7375], [76.206, 21.73999], [76.20835, 21.74401], [76.2139, 21.75051]]]}}, {"type": "Feature", "properties": {"state": "Madhya Pradesh", "district": "Khandwa", "block": "Khalwa", "gp_name": "Khalwa Rural", "state_code": 23, "district_code": 406, "block_code": 3784, "gp_code": 133254, "centroid_lat": 21.7706, "centroid_lon": 76.1814, "area_sq_km": 4.9, "boundary_source": "LGD Revenue Village Centroids + Block-Bounded Voronoi Tessellation", "boundary_quality": "DERIVED"}, "geometry": {"type": "Polygon", "coordinates": [[[76.19384, 21.77051], [76.19383, 21.7753], [76.19013, 21.77863], [76.18572, 21.78014], [76.18148, 21.78049], [76.17724, 21.78018], [76.17278, 21.77877], [76.16956, 21.77528], [76.16898, 21.77069], [76.17453, 21.76428], [76.17667, 21.76015], [76.18129, 21.75746], [76.18603, 21.75992], [76.18828, 21.76407], [76.19384, 21.77051]]]}}, {"type": "Feature", "properties": {"state": "Madhya Pradesh", "district": "Khandwa", "block": "Pandhana", "gp_name": "Pandhana Gram Panchayat", "state_code": 23, "district_code": 406, "block_code": 3785, "gp_code": 133255, "centroid_lat": 21.664, "centroid_lon": 76.3208, "area_sq_km": 5.0, "boundary_source": "LGD Revenue Village Centroids + Block-Bounded Voronoi Tessellation", "boundary_quality": "DERIVED"}, "geometry": {"type": "Polygon", "coordinates": [[[76.33294, 21.6639], [76.33324, 21.6687], [76.32939, 21.67189], [76.32508, 21.67344], [76.32089, 21.67406], [76.31676, 21.67335], [76.31251, 21.67188], [76.30849, 21.66888], [76.30893, 21.66409], [76.31167, 21.66055], [76.31596, 21.65334], [76.32068, 21.65111], [76.32541, 21.65334], [76.32979, 21.66043], [76.33294, 21.6639]]]}}, {"type": "Feature", "properties": {"state": "Madhya Pradesh", "district": "Khandwa", "block": "Pandhana", "gp_name": "Pandhana Rural", "state_code": 23, "district_code": 406, "block_code": 3785, "gp_code": 133256, "centroid_lat": 21.684, "centroid_lon": 76.3008, "area_sq_km": 5.1, "boundary_source": "LGD Revenue Village Centroids + Block-Bounded Voronoi Tessellation", "boundary_quality": "DERIVED"}, "geometry": {"type": "Polygon", "coordinates": [[[76.31319, 21.6839], [76.31326, 21.68871], [76.30943, 21.69193], [76.30498, 21.69322], [76.30089, 21.6938], [76.29676, 21.69335], [76.29243, 21.69195], [76.28906, 21.68865], [76.28892, 21.68409], [76.29123, 21.68038], [76.2939, 21.67766], [76.29606, 21.67355], [76.30068, 21.67104], [76.30549, 21.67316], [76.30988, 21.6804], [76.31319, 21.6839]]]}}, {"type": "Feature", "properties": {"state": "Madhya Pradesh", "district": "Khandwa", "block": "Punasa", "gp_name": "Punasa Gram Panchayat", "state_code": 23, "district_code": 406, "block_code": 3786, "gp_code": 133257, "centroid_lat": 21.6949, "centroid_lon": 76.4697, "area_sq_km": 5.2, "boundary_source": "LGD Revenue Village Centroids + Block-Bounded Voronoi Tessellation", "boundary_quality": "DERIVED"}, "geometry": {"type": "Polygon", "coordinates": [[[76.48206, 21.69479], [76.48179, 21.69946], [76.47841, 21.70289], [76.47403, 21.7044], [76.4698, 21.70471], [76.4656, 21.7044], [76.46135, 21.70285], [76.45771, 21.69967], [76.45772, 21.69501], [76.46487, 21.68428], [76.46957, 21.68196], [76.47436, 21.6841], [76.4766, 21.68832], [76.48206, 21.69479]]]}}, {"type": "Feature", "properties": {"state": "Madhya Pradesh", "district": "Khandwa", "block": "Punasa", "gp_name": "Punasa Rural", "state_code": 23, "district_code": 406, "block_code": 3786, "gp_code": 133258, "centroid_lat": 21.7149, "centroid_lon": 76.4497, "area_sq_km": 5.3, "boundary_source": "LGD Revenue Village Centroids + Block-Bounded Voronoi Tessellation", "boundary_quality": "DERIVED"}, "geometry": {"type": "Polygon", "coordinates": [[[76.46209, 21.71479], [76.46161, 21.71939], [76.4582, 21.7227], [76.45413, 21.72463], [76.44564, 21.7243], [76.44141, 21.72279], [76.43737, 21.7198], [76.4378, 21.715], [76.44019, 21.71132], [76.44285, 21.70862], [76.44501, 21.70459], [76.44957, 21.70176], [76.45425, 21.70435], [76.45644, 21.70848], [76.46209, 21.71479]]]}}, {"type": "Feature", "properties": {"state": "Madhya Pradesh", "district": "Khargone", "block": "Khargone", "gp_name": "Khargone Gram Panchayat", "state_code": 23, "district_code": 412, "block_code": 3800, "gp_code": 133259, "centroid_lat": 21.81, "centroid_lon": 75.796, "area_sq_km": 5.4, "boundary_source": "LGD Revenue Village Centroids + Block-Bounded Voronoi Tessellation", "boundary_quality": "DERIVED"}, "geometry": {"type": "Polygon", "coordinates": [[[75.8083, 21.80994], [75.80803, 21.81458], [75.80457, 21.81792], [75.80022, 21.81939], [75.79188, 21.81942], [75.78749, 21.81803], [75.7842, 21.81463], [75.78406, 21.81006], [75.789, 21.80353], [75.79128, 21.7995], [75.79593, 21.79717], [75.80067, 21.79932], [75.80309, 21.80331], [75.8083, 21.80994]]]}}, {"type": "Feature", "properties": {"state": "Madhya Pradesh", "district": "Khargone", "block": "Khargone", "gp_name": "Khargone Rural", "state_code": 23, "district_code": 412, "block_code": 3800, "gp_code": 133260, "centroid_lat": 21.83, "centroid_lon": 75.776, "area_sq_km": 5.5, "boundary_source": "LGD Revenue Village Centroids + Block-Bounded Voronoi Tessellation", "boundary_quality": "DERIVED"}, "geometry": {"type": "Polygon", "coordinates": [[[75.7883, 21.82994], [75.78831, 21.83469], [75.78482, 21.83815], [75.78018, 21.83929], [75.77175, 21.83971], [75.7673, 21.83821], [75.7638, 21.83478], [75.76383, 21.83006], [75.76885, 21.8234], [75.77123, 21.81939], [75.77593, 21.81682], [75.78075, 21.81914], [75.78526, 21.82637], [75.7883, 21.82994]]]}}, {"type": "Feature", "properties": {"state": "Madhya Pradesh", "district": "Khargone", "block": "Barwaha", "gp_name": "Barwaha Gram Panchayat", "state_code": 23, "district_code": 412, "block_code": 3801, "gp_code": 133261, "centroid_lat": 21.9351, "centroid_lon": 75.7297, "area_sq_km": 5.6, "boundary_source": "LGD Revenue Village Centroids + Block-Bounded Voronoi Tessellation", "boundary_quality": "DERIVED"}, "geometry": {"type": "Polygon", "coordinates": [[[75.7418, 21.93505], [75.74181, 21.93972], [75.7383, 21.94304], [75.73404, 21.94474], [75.7255, 21.94469], [75.72137, 21.94295], [75.71756, 21.93985], [75.71735, 21.93515], [75.72279, 21.92871], [75.72489, 21.92442], [75.72964, 21.92235], [75.73441, 21.92435], [75.73671, 21.9285], [75.7418, 21.93505]]]}}, {"type": "Feature", "properties": {"state": "Madhya Pradesh", "district": "Khargone", "block": "Barwaha", "gp_name": "Barwaha Rural", "state_code": 23, "district_code": 412, "block_code": 3801, "gp_code": 133262, "centroid_lat": 21.9551, "centroid_lon": 75.7097, "area_sq_km": 5.7, "boundary_source": "LGD Revenue Village Centroids + Block-Bounded Voronoi Tessellation", "boundary_quality": "DERIVED"}, "geometry": {"type": "Polygon", "coordinates": [[[75.72202, 21.95505], [75.72165, 21.95966], [75.7184, 21.96314], [75.71409, 21.96485], [75.70558, 21.96451], [75.70092, 21.96336], [75.69739, 21.95992], [75.69776, 21.95515], [75.70292, 21.94883], [75.70483, 21.94427], [75.70964, 21.94223], [75.71436, 21.94447], [75.71888, 21.95151], [75.72202, 21.95505]]]}}, {"type": "Feature", "properties": {"state": "Madhya Pradesh", "district": "Khargone", "block": "Bhagwanpura", "gp_name": "Bhagwanpura Gram Panchayat", "state_code": 23, "district_code": 412, "block_code": 3802, "gp_code": 133263, "centroid_lat": 21.966, "centroid_lon": 75.5808, "area_sq_km": 5.8, "boundary_source": "LGD Revenue Village Centroids + Block-Bounded Voronoi Tessellation", "boundary_quality": "DERIVED"}, "geometry": {"type": "Polygon", "coordinates": [[[75.59279, 21.96596], [75.59271, 21.97055], [75.58951, 21.97406], [75.585, 21.97537], [75.58084, 21.97619], [75.57208, 21.9742], [75.56868, 21.97073], [75.56868, 21.96604], [75.57618, 21.95572], [75.58075, 21.95291], [75.58539, 21.95555], [75.59279, 21.96596]]]}}, {"type": "Feature", "properties": {"state": "Madhya Pradesh", "district": "Khargone", "block": "Bhagwanpura", "gp_name": "Bhagwanpura Rural", "state_code": 23, "district_code": 412, "block_code": 3802, "gp_code": 133264, "centroid_lat": 21.986, "centroid_lon": 75.5608, "area_sq_km": 5.9, "boundary_source": "LGD Revenue Village Centroids + Block-Bounded Voronoi Tessellation", "boundary_quality": "DERIVED"}, "geometry": {"type": "Polygon", "coordinates": [[[75.57269, 21.98596], [75.57281, 21.99059], [75.5693, 21.99387], [75.56516, 21.99571], [75.56084, 21.99613], [75.55651, 21.99575], [75.5521, 21.99418], [75.5487, 21.99072], [75.54826, 21.98604], [75.55615, 21.97565], [75.56075, 21.9731], [75.56549, 21.97533], [75.56775, 21.97947], [75.57269, 21.98596]]]}}, {"type": "Feature", "properties": {"state": "Madhya Pradesh", "district": "Khargone", "block": "Gogawan", "gp_name": "Gogawan Gram Panchayat", "state_code": 23, "district_code": 412, "block_code": 3803, "gp_code": 133265, "centroid_lat": 21.8794, "centroid_lon": 75.4614, "area_sq_km": 6.0, "boundary_source": "LGD Revenue Village Centroids + Block-Bounded Voronoi Tessellation", "boundary_quality": "DERIVED"}, "geometry": {"type": "Polygon", "coordinates": [[[75.47367, 21.87937], [75.47355, 21.88406], [75.4699, 21.88728], [75.46574, 21.8891], [75.46143, 21.88952], [75.45725, 21.88883], [75.45299, 21.8873], [75.44961, 21.884], [75.4493, 21.87943], [75.45677, 21.86906], [75.46136, 21.86632], [75.46616, 21.86859], [75.46825, 21.87297], [75.47367, 21.87937]]]}}, {"type": "Feature", "properties": {"state": "Madhya Pradesh", "district": "Khargone", "block": "Gogawan", "gp_name": "Gogawan Rural", "state_code": 23, "district_code": 412, "block_code": 3803, "gp_code": 133266, "centroid_lat": 21.8994, "centroid_lon": 75.4414, "area_sq_km": 6.1, "boundary_source": "LGD Revenue Village Centroids + Block-Bounded Voronoi Tessellation", "boundary_quality": "DERIVED"}, "geometry": {"type": "Polygon", "coordinates": [[[75.45394, 21.89937], [75.45322, 21.90393], [75.45014, 21.90751], [75.44143, 21.90907], [75.43719, 21.90895], [75.43291, 21.90736], [75.42957, 21.90401], [75.42889, 21.89943], [75.43218, 21.89586], [75.43664, 21.88876], [75.44136, 21.88639], [75.44604, 21.88885], [75.45076, 21.89575], [75.45394, 21.89937]]]}}, {"type": "Feature", "properties": {"state": "Madhya Pradesh", "district": "Khargone", "block": "Kasrawad", "gp_name": "Kasrawad Gram Panchayat", "state_code": 23, "district_code": 412, "block_code": 3804, "gp_code": 133267, "centroid_lat": 21.7406, "centroid_lon": 75.4614, "area_sq_km": 6.2, "boundary_source": "LGD Revenue Village Centroids + Block-Bounded Voronoi Tessellation", "boundary_quality": "DERIVED"}, "geometry": {"type": "Polygon", "coordinates": [[[75.47382, 21.74056], [75.4735, 21.74524], [75.47005, 21.74863], [75.46572, 21.75026], [75.45715, 21.75027], [75.45306, 21.74844], [75.44899, 21.74544], [75.44944, 21.74063], [75.45455, 21.73423], [75.45669, 21.73007], [75.46136, 21.72792], [75.46595, 21.73025], [75.47382, 21.74056]]]}}, {"type": "Feature", "properties": {"state": "Madhya Pradesh", "district": "Khargone", "block": "Kasrawad", "gp_name": "Kasrawad Rural", "state_code": 23, "district_code": 412, "block_code": 3804, "gp_code": 133268, "centroid_lat": 21.7606, "centroid_lon": 75.4414, "area_sq_km": 6.3, "boundary_source": "LGD Revenue Village Centroids + Block-Bounded Voronoi Tessellation", "boundary_quality": "DERIVED"}, "geometry": {"type": "Polygon", "coordinates": [[[75.45392, 21.76057], [75.45339, 21.7652], [75.45007, 21.76865], [75.44574, 21.77031], [75.44143, 21.77072], [75.43274, 21.76873], [75.42934, 21.7653], [75.42951, 21.76063], [75.43185, 21.75693], [75.43664, 21.74994], [75.44136, 21.74762], [75.44606, 21.75], [75.45078, 21.75694], [75.45392, 21.76057]]]}}, {"type": "Feature", "properties": {"state": "Madhya Pradesh", "district": "Khargone", "block": "Maheshwar", "gp_name": "Maheshwar Gram Panchayat", "state_code": 23, "district_code": 412, "block_code": 3805, "gp_code": 133269, "centroid_lat": 21.654, "centroid_lon": 75.5808, "area_sq_km": 6.4, "boundary_source": "LGD Revenue Village Centroids + Block-Bounded Voronoi Tessellation", "boundary_quality": "DERIVED"}, "geometry": {"type": "Polygon", "coordinates": [[[75.59321, 21.65396], [75.59298, 21.65867], [75.58936, 21.66195], [75.58509, 21.66358], [75.57662, 21.66353], [75.57235, 21.66196], [75.56843, 21.65884], [75.56865, 21.65404], [75.5762, 21.64374], [75.58075, 21.64109], [75.5853, 21.64373], [75.58757, 21.64762], [75.59041, 21.65024], [75.59321, 21.65396]]]}}, {"type": "Feature", "properties": {"state": "Madhya Pradesh", "district": "Khargone", "block": "Maheshwar", "gp_name": "Maheshwar Rural", "state_code": 23, "district_code": 412, "block_code": 3805, "gp_code": 133270, "centroid_lat": 21.674, "centroid_lon": 75.5608, "area_sq_km": 6.5, "boundary_source": "LGD Revenue Village Centroids + Block-Bounded Voronoi Tessellation", "boundary_quality": "DERIVED"}, "geometry": {"type": "Polygon", "coordinates": [[[75.57264, 21.67396], [75.57279, 21.67859], [75.56963, 21.68219], [75.5651, 21.68361], [75.55654, 21.68371], [75.55247, 21.68184], [75.54884, 21.67868], [75.54886, 21.67404], [75.55393, 21.66763], [75.55599, 21.66325], [75.56075, 21.66116], [75.5655, 21.66327], [75.56753, 21.66766], [75.57029, 21.67029], [75.57264, 21.67396]]]}}, {"type": "Feature", "properties": {"state": "Madhya Pradesh", "district": "Khargone", "block": "Segaon", "gp_name": "Segaon Gram Panchayat", "state_code": 23, "district_code": 412, "block_code": 3806, "gp_code": 133271, "centroid_lat": 21.6849, "centroid_lon": 75.7297, "area_sq_km": 6.6, "boundary_source": "LGD Revenue Village Centroids + Block-Bounded Voronoi Tessellation", "boundary_quality": "DERIVED"}, "geometry": {"type": "Polygon", "coordinates": [[[75.74186, 21.68485], [75.74194, 21.68957], [75.7385, 21.69305], [75.73393, 21.69431], [75.72975, 21.69491], [75.72545, 21.69462], [75.72121, 21.69291], [75.71733, 21.68975], [75.71727, 21.68495], [75.72266, 21.67838], [75.72497, 21.67436], [75.72963, 21.6717], [75.73428, 21.67444], [75.7366, 21.67839], [75.74186, 21.68485]]]}}, {"type": "Feature", "properties": {"state": "Madhya Pradesh", "district": "Khargone", "block": "Segaon", "gp_name": "Segaon Rural", "state_code": 23, "district_code": 412, "block_code": 3806, "gp_code": 133272, "centroid_lat": 21.7049, "centroid_lon": 75.7097, "area_sq_km": 6.7, "boundary_source": "LGD Revenue Village Centroids + Block-Bounded Voronoi Tessellation", "boundary_quality": "DERIVED"}, "geometry": {"type": "Polygon", "coordinates": [[[75.72202, 21.70485], [75.72185, 21.70954], [75.71849, 21.71304], [75.71388, 21.71422], [75.70975, 21.71494], [75.70562, 21.71422], [75.7013, 21.71282], [75.6975, 21.70968], [75.6976, 21.70495], [75.70506, 21.69456], [75.70964, 21.69209], [75.71441, 21.69413], [75.71662, 21.69838], [75.72202, 21.70485]]]}}, {"type": "Feature", "properties": {"state": "Madhya Pradesh", "district": "Mandla", "block": "Mandla", "gp_name": "Mandla Gram Panchayat", "state_code": 23, "district_code": 411, "block_code": 3820, "gp_code": 133273, "centroid_lat": 22.59, "centroid_lon": 80.556, "area_sq_km": 6.8, "boundary_source": "LGD Revenue Village Centroids + Block-Bounded Voronoi Tessellation", "boundary_quality": "DERIVED"}, "geometry": {"type": "Polygon", "coordinates": [[[80.56792, 22.58959], [80.56808, 22.59416], [80.56507, 22.59782], [80.56066, 22.59944], [80.5564, 22.59998], [80.5521, 22.59977], [80.54767, 22.59833], [80.54394, 22.59513], [80.54382, 22.59042], [80.54899, 22.58396], [80.55086, 22.57959], [80.55547, 22.57688], [80.56015, 22.57962], [80.56251, 22.58348], [80.56546, 22.58597], [80.56792, 22.58959]]]}}, {"type": "Feature", "properties": {"state": "Madhya Pradesh", "district": "Mandla", "block": "Mandla", "gp_name": "Mandla Rural", "state_code": 23, "district_code": 411, "block_code": 3820, "gp_code": 133274, "centroid_lat": 22.61, "centroid_lon": 80.536, "area_sq_km": 6.9, "boundary_source": "LGD Revenue Village Centroids + Block-Bounded Voronoi Tessellation", "boundary_quality": "DERIVED"}, "geometry": {"type": "Polygon", "coordinates": [[[80.5482, 22.60958], [80.54831, 22.61424], [80.54512, 22.61786], [80.54059, 22.6193], [80.53208, 22.6198], [80.52758, 22.61842], [80.52377, 22.61521], [80.52355, 22.61043], [80.5289, 22.60388], [80.53096, 22.59978], [80.5355, 22.59744], [80.54023, 22.59943], [80.5482, 22.60958]]]}}, {"type": "Feature", "properties": {"state": "Madhya Pradesh", "district": "Mandla", "block": "Bichhiya", "gp_name": "Bichhiya Gram Panchayat", "state_code": 23, "district_code": 411, "block_code": 3821, "gp_code": 133275, "centroid_lat": 22.7151, "centroid_lon": 80.4897, "area_sq_km": 7.0, "boundary_source": "LGD Revenue Village Centroids + Block-Bounded Voronoi Tessellation", "boundary_quality": "DERIVED"}, "geometry": {"type": "Polygon", "coordinates": [[[80.50159, 22.71469], [80.50219, 22.7194], [80.49845, 22.72263], [80.49439, 22.72459], [80.48586, 22.72469], [80.48137, 22.72342], [80.47788, 22.72013], [80.47766, 22.71551], [80.47995, 22.71174], [80.48261, 22.70899], [80.48468, 22.70493], [80.48917, 22.70195], [80.49386, 22.7047], [80.50159, 22.71469]]]}}, {"type": "Feature", "properties": {"state": "Madhya Pradesh", "district": "Mandla", "block": "Bichhiya", "gp_name": "Bichhiya Rural", "state_code": 23, "district_code": 411, "block_code": 3821, "gp_code": 133276, "centroid_lat": 22.7351, "centroid_lon": 80.4697, "area_sq_km": 7.1, "boundary_source": "LGD Revenue Village Centroids + Block-Bounded Voronoi Tessellation", "boundary_quality": "DERIVED"}, "geometry": {"type": "Polygon", "coordinates": [[[80.48164, 22.73469], [80.4823, 22.73944], [80.47852, 22.7427], [80.47439, 22.74459], [80.4658, 22.74484], [80.46139, 22.7434], [80.45755, 22.74027], [80.45753, 22.73552], [80.46253, 22.72892], [80.46471, 22.72499], [80.46919, 22.72243], [80.47394, 22.72451], [80.47623, 22.72857], [80.48164, 22.73469]]]}}, {"type": "Feature", "properties": {"state": "Madhya Pradesh", "district": "Mandla", "block": "Ghughri", "gp_name": "Ghughri Gram Panchayat", "state_code": 23, "district_code": 411, "block_code": 3822, "gp_code": 133277, "centroid_lat": 22.746, "centroid_lon": 80.3408, "area_sq_km": 7.2, "boundary_source": "LGD Revenue Village Centroids + Block-Bounded Voronoi Tessellation", "boundary_quality": "DERIVED"}, "geometry": {"type": "Polygon", "coordinates": [[[80.35273, 22.7456], [80.35323, 22.75029], [80.34974, 22.75371], [80.34534, 22.7552], [80.34118, 22.75582], [80.33245, 22.75432], [80.32883, 22.75107], [80.32858, 22.74641], [80.33361, 22.73979], [80.33569, 22.73564], [80.34031, 22.73333], [80.34506, 22.7354], [80.34755, 22.73927], [80.35273, 22.7456]]]}}, {"type": "Feature", "properties": {"state": "Madhya Pradesh", "district": "Mandla", "block": "Ghughri", "gp_name": "Ghughri Rural", "state_code": 23, "district_code": 411, "block_code": 3822, "gp_code": 133278, "centroid_lat": 22.766, "centroid_lon": 80.3208, "area_sq_km": 7.3, "boundary_source": "LGD Revenue Village Centroids + Block-Bounded Voronoi Tessellation", "boundary_quality": "DERIVED"}, "geometry": {"type": "Polygon", "coordinates": [[[80.33274, 22.7656], [80.33311, 22.77025], [80.32975, 22.77372], [80.32535, 22.77523], [80.31686, 22.77581], [80.31225, 22.77452], [80.30866, 22.77115], [80.30843, 22.76641], [80.3135, 22.7597], [80.31577, 22.75579], [80.3203, 22.75311], [80.32507, 22.75538], [80.33274, 22.7656]]]}}, {"type": "Feature", "properties": {"state": "Madhya Pradesh", "district": "Mandla", "block": "Mohgaon", "gp_name": "Mohgaon Gram Panchayat", "state_code": 23, "district_code": 411, "block_code": 3823, "gp_code": 133279, "centroid_lat": 22.6594, "centroid_lon": 80.2214, "area_sq_km": 7.4, "boundary_source": "LGD Revenue Village Centroids + Block-Bounded Voronoi Tessellation", "boundary_quality": "DERIVED"}, "geometry": {"type": "Polygon", "coordinates": [[[80.23358, 22.659], [80.23391, 22.66374], [80.23022, 22.66703], [80.22586, 22.66848], [80.21754, 22.669], [80.21304, 22.66772], [80.20942, 22.66447], [80.20932, 22.65979], [80.21636, 22.64915], [80.2209, 22.64628], [80.22572, 22.64866], [80.22803, 22.6528], [80.23086, 22.65539], [80.23358, 22.659]]]}}, {"type": "Feature", "properties": {"state": "Madhya Pradesh", "district": "Mandla", "block": "Mohgaon", "gp_name": "Mohgaon Rural", "state_code": 23, "district_code": 411, "block_code": 3823, "gp_code": 133280, "centroid_lat": 22.6794, "centroid_lon": 80.2014, "area_sq_km": 7.5, "boundary_source": "LGD Revenue Village Centroids + Block-Bounded Voronoi Tessellation", "boundary_quality": "DERIVED"}, "geometry": {"type": "Polygon", "coordinates": [[[80.21394, 22.67899], [80.21395, 22.68375], [80.21033, 22.68713], [80.20603, 22.68882], [80.20178, 22.68935], [80.1932, 22.68756], [80.1893, 22.68452], [80.18896, 22.6798], [80.19424, 22.67321], [80.19639, 22.6692], [80.20091, 22.66657], [80.20581, 22.66845], [80.20825, 22.67258], [80.21394, 22.67899]]]}}, {"type": "Feature", "properties": {"state": "Madhya Pradesh", "district": "Mandla", "block": "Nainpur", "gp_name": "Nainpur Gram Panchayat", "state_code": 23, "district_code": 411, "block_code": 3824, "gp_code": 133281, "centroid_lat": 22.5206, "centroid_lon": 80.2214, "area_sq_km": 7.6, "boundary_source": "LGD Revenue Village Centroids + Block-Bounded Voronoi Tessellation", "boundary_quality": "DERIVED"}, "geometry": {"type": "Polygon", "coordinates": [[[80.2335, 22.52021], [80.23381, 22.52491], [80.2301, 22.52814], [80.22611, 22.53019], [80.21748, 22.53034], [80.2129, 22.52907], [80.20953, 22.52563], [80.20922, 22.521], [80.21411, 22.51429], [80.21626, 22.51011], [80.22091, 22.50763], [80.22575, 22.50978], [80.22799, 22.51404], [80.2335, 22.52021]]]}}, {"type": "Feature", "properties": {"state": "Madhya Pradesh", "district": "Mandla", "block": "Nainpur", "gp_name": "Nainpur Rural", "state_code": 23, "district_code": 411, "block_code": 3824, "gp_code": 133282, "centroid_lat": 22.5406, "centroid_lon": 80.2014, "area_sq_km": 7.7, "boundary_source": "LGD Revenue Village Centroids + Block-Bounded Voronoi Tessellation", "boundary_quality": "DERIVED"}, "geometry": {"type": "Polygon", "coordinates": [[[80.21343, 22.54021], [80.21403, 22.54499], [80.21056, 22.54854], [80.206, 22.54997], [80.19755, 22.55015], [80.19308, 22.54889], [80.18968, 22.54556], [80.18925, 22.54099], [80.19643, 22.53046], [80.20091, 22.52765], [80.20564, 22.53008], [80.21343, 22.54021]]]}}, {"type": "Feature", "properties": {"state": "Madhya Pradesh", "district": "Mandla", "block": "Narayanganj", "gp_name": "Narayanganj Gram Panchayat", "state_code": 23, "district_code": 411, "block_code": 3825, "gp_code": 133283, "centroid_lat": 22.434, "centroid_lon": 80.3408, "area_sq_km": 7.8, "boundary_source": "LGD Revenue Village Centroids + Block-Bounded Voronoi Tessellation", "boundary_quality": "DERIVED"}, "geometry": {"type": "Polygon", "coordinates": [[[80.35299, 22.4336], [80.35298, 22.43822], [80.34948, 22.44151], [80.34527, 22.4431], [80.34118, 22.44382], [80.33704, 22.44336], [80.33256, 22.44223], [80.32862, 22.43917], [80.32878, 22.4344], [80.3335, 22.42768], [80.33572, 22.42365], [80.34031, 22.42127], [80.34514, 22.42319], [80.35299, 22.4336]]]}}, {"type": "Feature", "properties": {"state": "Madhya Pradesh", "district": "Mandla", "block": "Narayanganj", "gp_name": "Narayanganj Rural", "state_code": 23, "district_code": 411, "block_code": 3825, "gp_code": 133284, "centroid_lat": 22.454, "centroid_lon": 80.3208, "area_sq_km": 7.9, "boundary_source": "LGD Revenue Village Centroids + Block-Bounded Voronoi Tessellation", "boundary_quality": "DERIVED"}, "geometry": {"type": "Polygon", "coordinates": [[[80.33276, 22.4536], [80.33292, 22.4582], [80.32995, 22.46192], [80.32526, 22.46309], [80.31696, 22.46356], [80.31249, 22.4623], [80.30858, 22.45918], [80.30893, 22.45439], [80.31116, 22.45066], [80.31356, 22.44773], [80.31576, 22.44373], [80.3203, 22.44103], [80.32501, 22.44351], [80.32734, 22.44747], [80.33276, 22.4536]]]}}, {"type": "Feature", "properties": {"state": "Madhya Pradesh", "district": "Mandla", "block": "Niwas", "gp_name": "Niwas Gram Panchayat", "state_code": 23, "district_code": 411, "block_code": 3826, "gp_code": 133285, "centroid_lat": 22.4649, "centroid_lon": 80.4897, "area_sq_km": 8.0, "boundary_source": "LGD Revenue Village Centroids + Block-Bounded Voronoi Tessellation", "boundary_quality": "DERIVED"}, "geometry": {"type": "Polygon", "coordinates": [[[80.50197, 22.46448], [80.50209, 22.46918], [80.49863, 22.47261], [80.49414, 22.47392], [80.49009, 22.47465], [80.48575, 22.47476], [80.48156, 22.47304], [80.4779, 22.46992], [80.4777, 22.46531], [80.48006, 22.46157], [80.48462, 22.45459], [80.4892, 22.45235], [80.49392, 22.45435], [80.50197, 22.46448]]]}}, {"type": "Feature", "properties": {"state": "Madhya Pradesh", "district": "Mandla", "block": "Niwas", "gp_name": "Niwas Rural", "state_code": 23, "district_code": 411, "block_code": 3826, "gp_code": 133286, "centroid_lat": 22.4849, "centroid_lon": 80.4697, "area_sq_km": 8.1, "boundary_source": "LGD Revenue Village Centroids + Block-Bounded Voronoi Tessellation", "boundary_quality": "DERIVED"}, "geometry": {"type": "Polygon", "coordinates": [[[80.4819, 22.48448], [80.48206, 22.48917], [80.47855, 22.49254], [80.4744, 22.49444], [80.46582, 22.49459], [80.46143, 22.49317], [80.45757, 22.49006], [80.45729, 22.48532], [80.46271, 22.47886], [80.46468, 22.4747], [80.4692, 22.47215], [80.47405, 22.47403], [80.4763, 22.4783], [80.4819, 22.48448]]]}}, {"type": "Feature", "properties": {"state": "Madhya Pradesh", "district": "Mandsaur", "block": "Mandsaur", "gp_name": "Mandsaur Gram Panchayat", "state_code": 23, "district_code": 410, "block_code": 3840, "gp_code": 133287, "centroid_lat": 24.06, "centroid_lon": 75.246, "area_sq_km": 8.2, "boundary_source": "LGD Revenue Village Centroids + Block-Bounded Voronoi Tessellation", "boundary_quality": "DERIVED"}, "geometry": {"type": "Polygon", "coordinates": [[[75.25807, 24.05998], [75.25852, 24.06474], [75.25494, 24.06818], [75.25032, 24.06954], [75.24602, 24.06977], [75.23712, 24.06818], [75.23368, 24.06471], [75.23379, 24.06002], [75.23895, 24.05355], [75.24117, 24.04935], [75.24597, 24.04685], [75.25069, 24.04954], [75.25299, 24.05356], [75.25807, 24.05998]]]}}, {"type": "Feature", "properties": {"state": "Madhya Pradesh", "district": "Mandsaur", "block": "Mandsaur", "gp_name": "Mandsaur Rural", "state_code": 23, "district_code": 410, "block_code": 3840, "gp_code": 133288, "centroid_lat": 24.08, "centroid_lon": 75.226, "area_sq_km": 8.3, "boundary_source": "LGD Revenue Village Centroids + Block-Bounded Voronoi Tessellation", "boundary_quality": "DERIVED"}, "geometry": {"type": "Polygon", "coordinates": [[[75.23836, 24.07998], [75.23807, 24.08457], [75.23477, 24.08802], [75.23042, 24.08974], [75.22602, 24.08993], [75.2174, 24.08792], [75.21397, 24.08459], [75.21345, 24.08002], [75.21676, 24.0765], [75.22129, 24.06961], [75.22598, 24.06698], [75.23079, 24.06933], [75.23301, 24.07354], [75.23836, 24.07998]]]}}, {"type": "Feature", "properties": {"state": "Madhya Pradesh", "district": "Mandsaur", "block": "Bhanpura", "gp_name": "Bhanpura Gram Panchayat", "state_code": 23, "district_code": 410, "block_code": 3841, "gp_code": 133289, "centroid_lat": 24.1986, "centroid_lon": 75.158, "area_sq_km": 8.4, "boundary_source": "LGD Revenue Village Centroids + Block-Bounded Voronoi Tessellation", "boundary_quality": "DERIVED"}, "geometry": {"type": "Polygon", "coordinates": [[[75.17041, 24.19859], [75.17059, 24.20337], [75.16661, 24.20648], [75.1622, 24.20788], [75.15801, 24.20826], [75.15377, 24.20799], [75.14926, 24.20663], [75.14554, 24.20335], [75.1455, 24.19861], [75.15098, 24.19217], [75.15325, 24.18811], [75.15798, 24.18562], [75.16262, 24.18833], [75.16494, 24.19222], [75.16779, 24.19487], [75.17041, 24.19859]]]}}, {"type": "Feature", "properties": {"state": "Madhya Pradesh", "district": "Mandsaur", "block": "Bhanpura", "gp_name": "Bhanpura Rural", "state_code": 23, "district_code": 410, "block_code": 3841, "gp_code": 133290, "centroid_lat": 24.2186, "centroid_lon": 75.138, "area_sq_km": 8.5, "boundary_source": "LGD Revenue Village Centroids + Block-Bounded Voronoi Tessellation", "boundary_quality": "DERIVED"}, "geometry": {"type": "Polygon", "coordinates": [[[75.15042, 24.21859], [75.15053, 24.22335], [75.14691, 24.22675], [75.14238, 24.22827], [75.13801, 24.2285], [75.13377, 24.228], [75.12908, 24.22679], [75.12572, 24.22328], [75.12568, 24.21861], [75.12861, 24.21504], [75.13317, 24.20793], [75.13799, 24.20543], [75.14288, 24.20776], [75.14495, 24.21221], [75.15042, 24.21859]]]}}, {"type": "Feature", "properties": {"state": "Madhya Pradesh", "district": "Mandsaur", "block": "Daloda", "gp_name": "Daloda Gram Panchayat", "state_code": 23, "district_code": 410, "block_code": 3842, "gp_code": 133291, "centroid_lat": 24.1986, "centroid_lon": 74.982, "area_sq_km": 8.6, "boundary_source": "LGD Revenue Village Centroids + Block-Bounded Voronoi Tessellation", "boundary_quality": "DERIVED"}, "geometry": {"type": "Polygon", "coordinates": [[[74.99427, 24.1986], [74.99438, 24.2033], [74.99083, 24.2067], [74.98636, 24.20825], [74.97784, 24.20781], [74.97328, 24.2066], [74.9696, 24.20331], [74.9695, 24.1986], [74.97494, 24.19212], [74.9772, 24.18798], [74.982, 24.18597], [74.98669, 24.18821], [74.99427, 24.1986]]]}}, {"type": "Feature", "properties": {"state": "Madhya Pradesh", "district": "Mandsaur", "block": "Daloda", "gp_name": "Daloda Rural", "state_code": 23, "district_code": 410, "block_code": 3842, "gp_code": 133292, "centroid_lat": 24.2186, "centroid_lon": 74.962, "area_sq_km": 8.7, "boundary_source": "LGD Revenue Village Centroids + Block-Bounded Voronoi Tessellation", "boundary_quality": "DERIVED"}, "geometry": {"type": "Polygon", "coordinates": [[[74.97447, 24.2186], [74.97404, 24.22318], [74.97056, 24.22646], [74.96639, 24.22832], [74.962, 24.22856], [74.953, 24.22685], [74.94967, 24.22328], [74.94941, 24.2186], [74.95505, 24.21222], [74.95721, 24.20799], [74.962, 24.20564], [74.96675, 24.20808], [74.96917, 24.21202], [74.97447, 24.2186]]]}}, {"type": "Feature", "properties": {"state": "Madhya Pradesh", "district": "Mandsaur", "block": "Garoth", "gp_name": "Garoth Gram Panchayat", "state_code": 23, "district_code": 410, "block_code": 3843, "gp_code": 133293, "centroid_lat": 24.06, "centroid_lon": 74.894, "area_sq_km": 8.8, "boundary_source": "LGD Revenue Village Centroids + Block-Bounded Voronoi Tessellation", "boundary_quality": "DERIVED"}, "geometry": {"type": "Polygon", "coordinates": [[[74.90635, 24.06001], [74.90614, 24.06463], [74.90291, 24.06819], [74.89823, 24.06941], [74.88959, 24.06975], [74.88517, 24.06809], [74.88184, 24.06461], [74.88159, 24.05999], [74.88703, 24.05359], [74.88933, 24.04961], [74.89401, 24.04721], [74.89887, 24.04922], [74.90108, 24.05351], [74.90635, 24.06001]]]}}, {"type": "Feature", "properties": {"state": "Madhya Pradesh", "district": "Mandsaur", "block": "Garoth", "gp_name": "Garoth Rural", "state_code": 23, "district_code": 410, "block_code": 3843, "gp_code": 133294, "centroid_lat": 24.08, "centroid_lon": 74.874, "area_sq_km": 8.9, "boundary_source": "LGD Revenue Village Centroids + Block-Bounded Voronoi Tessellation", "boundary_quality": "DERIVED"}, "geometry": {"type": "Polygon", "coordinates": [[[74.88675, 24.08001], [74.8866, 24.0848], [74.883, 24.08827], [74.87817, 24.08928], [74.86961, 24.0897], [74.86515, 24.08811], [74.86173, 24.08465], [74.86141, 24.07999], [74.86938, 24.06974], [74.87401, 24.06722], [74.87883, 24.06931], [74.88332, 24.07646], [74.88675, 24.08001]]]}}, {"type": "Feature", "properties": {"state": "Madhya Pradesh", "district": "Mandsaur", "block": "Malhargarh", "gp_name": "Malhargarh Gram Panchayat", "state_code": 23, "district_code": 410, "block_code": 3844, "gp_code": 133295, "centroid_lat": 23.9214, "centroid_lon": 74.982, "area_sq_km": 9.0, "boundary_source": "LGD Revenue Village Centroids + Block-Bounded Voronoi Tessellation", "boundary_quality": "DERIVED"}, "geometry": {"type": "Polygon", "coordinates": [[[74.99469, 23.9214], [74.9945, 23.92616], [74.99089, 23.92957], [74.98627, 23.93087], [74.982, 23.93119], [74.97774, 23.93085], [74.97334, 23.92936], [74.96945, 23.92617], [74.96984, 23.9214], [74.975, 23.91496], [74.97736, 23.91111], [74.982, 23.90821], [74.98669, 23.911], [74.98893, 23.91503], [74.99177, 23.91768], [74.99469, 23.9214]]]}}, {"type": "Feature", "properties": {"state": "Madhya Pradesh", "district": "Mandsaur", "block": "Malhargarh", "gp_name": "Malhargarh Rural", "state_code": 23, "district_code": 410, "block_code": 3844, "gp_code": 133296, "centroid_lat": 23.9414, "centroid_lon": 74.962, "area_sq_km": 9.1, "boundary_source": "LGD Revenue Village Centroids + Block-Bounded Voronoi Tessellation", "boundary_quality": "DERIVED"}, "geometry": {"type": "Polygon", "coordinates": [[[74.97461, 23.9414], [74.97428, 23.94608], [74.97076, 23.94945], [74.96634, 23.95103], [74.95785, 23.95061], [74.9534, 23.9493], [74.94945, 23.94617], [74.94965, 23.9414], [74.95507, 23.93502], [74.95734, 23.93106], [74.962, 23.92822], [74.96681, 23.93073], [74.96892, 23.93504], [74.97461, 23.9414]]]}}, {"type": "Feature", "properties": {"state": "Madhya Pradesh", "district": "Mandsaur", "block": "Sitamau", "gp_name": "Sitamau Gram Panchayat", "state_code": 23, "district_code": 410, "block_code": 3845, "gp_code": 133297, "centroid_lat": 23.9214, "centroid_lon": 75.158, "area_sq_km": 9.2, "boundary_source": "LGD Revenue Village Centroids + Block-Bounded Voronoi Tessellation", "boundary_quality": "DERIVED"}, "geometry": {"type": "Polygon", "coordinates": [[[75.17059, 23.92139], [75.17037, 23.92609], [75.16656, 23.92925], [75.16226, 23.93083], [75.15362, 23.93115], [75.14919, 23.92952], [75.14563, 23.92612], [75.14577, 23.92141], [75.14823, 23.91769], [75.15101, 23.91498], [75.15333, 23.91107], [75.15798, 23.90831], [75.16271, 23.9109], [75.16505, 23.9149], [75.17059, 23.92139]]]}}, {"type": "Feature", "properties": {"state": "Madhya Pradesh", "district": "Mandsaur", "block": "Sitamau", "gp_name": "Sitamau Rural", "state_code": 23, "district_code": 410, "block_code": 3845, "gp_code": 133298, "centroid_lat": 23.9414, "centroid_lon": 75.138, "area_sq_km": 9.3, "boundary_source": "LGD Revenue Village Centroids + Block-Bounded Voronoi Tessellation", "boundary_quality": "DERIVED"}, "geometry": {"type": "Polygon", "coordinates": [[[75.15066, 23.94139], [75.15058, 23.94617], [75.1467, 23.94938], [75.14216, 23.9506], [75.13801, 23.95116], [75.13363, 23.95113], [75.12926, 23.94945], [75.12541, 23.94621], [75.12579, 23.94141], [75.13103, 23.93501], [75.13335, 23.93111], [75.13799, 23.9284], [75.14279, 23.93073], [75.14735, 23.93783], [75.15066, 23.94139]]]}}, {"type": "Feature", "properties": {"state": "Madhya Pradesh", "district": "Morena", "block": "Morena", "gp_name": "Morena Gram Panchayat", "state_code": 23, "district_code": 413, "block_code": 3860, "gp_code": 133299, "centroid_lat": 26.49, "centroid_lon": 78.176, "area_sq_km": 9.4, "boundary_source": "LGD Revenue Village Centroids + Block-Bounded Voronoi Tessellation", "boundary_quality": "DERIVED"}, "geometry": {"type": "Polygon", "coordinates": [[[78.1887, 26.48972], [78.18874, 26.49442], [78.18534, 26.498], [78.1806, 26.49933], [78.17628, 26.50001], [78.17192, 26.49952], [78.16755, 26.49799], [78.16345, 26.49501], [78.16366, 26.49027], [78.16603, 26.48654], [78.171, 26.47986], [78.17564, 26.477], [78.18056, 26.47936], [78.1887, 26.48972]]]}}, {"type": "Feature", "properties": {"state": "Madhya Pradesh", "district": "Morena", "block": "Morena", "gp_name": "Morena Rural", "state_code": 23, "district_code": 413, "block_code": 3860, "gp_code": 133300, "centroid_lat": 26.51, "centroid_lon": 78.156, "area_sq_km": 4.5, "boundary_source": "LGD Revenue Village Centroids + Block-Bounded Voronoi Tessellation", "boundary_quality": "DERIVED"}, "geometry": {"type": "Polygon", "coordinates": [[[78.16872, 26.50972], [78.16889, 26.51447], [78.16538, 26.51803], [78.15628, 26.52012], [78.14725, 26.51827], [78.14345, 26.515], [78.14305, 26.51029], [78.14863, 26.50369], [78.15076, 26.49937], [78.15565, 26.49716], [78.16057, 26.49935], [78.16307, 26.50331], [78.16872, 26.50972]]]}}, {"type": "Feature", "properties": {"state": "Madhya Pradesh", "district": "Morena", "block": "Ambah", "gp_name": "Ambah Gram Panchayat", "state_code": 23, "district_code": 413, "block_code": 3861, "gp_code": 133301, "centroid_lat": 26.6151, "centroid_lon": 78.1097, "area_sq_km": 4.6, "boundary_source": "LGD Revenue Village Centroids + Block-Bounded Voronoi Tessellation", "boundary_quality": "DERIVED"}, "geometry": {"type": "Polygon", "coordinates": [[[78.1224, 26.61482], [78.12243, 26.61952], [78.1189, 26.62298], [78.11443, 26.6247], [78.10562, 26.6246], [78.10092, 26.62339], [78.09708, 26.62013], [78.09682, 26.61538], [78.10245, 26.6089], [78.10453, 26.6046], [78.10936, 26.60238], [78.11419, 26.60465], [78.1224, 26.61482]]]}}, {"type": "Feature", "properties": {"state": "Madhya Pradesh", "district": "Morena", "block": "Ambah", "gp_name": "Ambah Rural", "state_code": 23, "district_code": 413, "block_code": 3861, "gp_code": 133302, "centroid_lat": 26.6351, "centroid_lon": 78.0897, "area_sq_km": 4.7, "boundary_source": "LGD Revenue Village Centroids + Block-Bounded Voronoi Tessellation", "boundary_quality": "DERIVED"}, "geometry": {"type": "Polygon", "coordinates": [[[78.10245, 26.63482], [78.10223, 26.63945], [78.0987, 26.64281], [78.09445, 26.64473], [78.08548, 26.64492], [78.08098, 26.64333], [78.07722, 26.64007], [78.07735, 26.63537], [78.08235, 26.62881], [78.08455, 26.62464], [78.08935, 26.62193], [78.09436, 26.62424], [78.09663, 26.62856], [78.09961, 26.63115], [78.10245, 26.63482]]]}}, {"type": "Feature", "properties": {"state": "Madhya Pradesh", "district": "Morena", "block": "Joras", "gp_name": "Joras Gram Panchayat", "state_code": 23, "district_code": 413, "block_code": 3862, "gp_code": 133303, "centroid_lat": 26.646, "centroid_lon": 77.9608, "area_sq_km": 4.8, "boundary_source": "LGD Revenue Village Centroids + Block-Bounded Voronoi Tessellation", "boundary_quality": "DERIVED"}, "geometry": {"type": "Polygon", "coordinates": [[[77.97336, 26.64574], [77.97332, 26.65036], [77.96994, 26.65384], [77.96546, 26.65549], [77.96106, 26.65612], [77.95206, 26.65422], [77.94858, 26.65085], [77.94792, 26.64627], [77.95084, 26.64253], [77.95363, 26.63985], [77.95558, 26.63538], [77.96046, 26.63287], [77.96539, 26.63535], [77.96791, 26.63931], [77.97336, 26.64574]]]}}, {"type": "Feature", "properties": {"state": "Madhya Pradesh", "district": "Morena", "block": "Joras", "gp_name": "Joras Rural", "state_code": 23, "district_code": 413, "block_code": 3862, "gp_code": 133304, "centroid_lat": 26.666, "centroid_lon": 77.9408, "area_sq_km": 4.9, "boundary_source": "LGD Revenue Village Centroids + Block-Bounded Voronoi Tessellation", "boundary_quality": "DERIVED"}, "geometry": {"type": "Polygon", "coordinates": [[[77.95339, 26.66574], [77.9537, 26.67049], [77.9497, 26.67364], [77.9455, 26.67556], [77.93673, 26.67544], [77.93224, 26.67405], [77.9283, 26.67096], [77.92837, 26.66626], [77.93079, 26.66251], [77.93354, 26.65977], [77.9358, 26.65583], [77.94047, 26.65329], [77.94538, 26.65537], [77.95021, 26.66227], [77.95339, 26.66574]]]}}, {"type": "Feature", "properties": {"state": "Madhya Pradesh", "district": "Morena", "block": "Kailaras", "gp_name": "Kailaras Gram Panchayat", "state_code": 23, "district_code": 413, "block_code": 3863, "gp_code": 133305, "centroid_lat": 26.5594, "centroid_lon": 77.8414, "area_sq_km": 5.0, "boundary_source": "LGD Revenue Village Centroids + Block-Bounded Voronoi Tessellation", "boundary_quality": "DERIVED"}, "geometry": {"type": "Polygon", "coordinates": [[[77.85378, 26.55915], [77.85397, 26.56379], [77.85027, 26.56703], [77.84609, 26.56898], [77.83718, 26.56917], [77.83271, 26.56757], [77.8289, 26.56435], [77.82866, 26.55965], [77.83406, 26.55308], [77.83624, 26.54886], [77.84108, 26.54663], [77.84593, 26.54892], [77.84836, 26.55286], [77.85111, 26.55556], [77.85378, 26.55915]]]}}, {"type": "Feature", "properties": {"state": "Madhya Pradesh", "district": "Morena", "block": "Kailaras", "gp_name": "Kailaras Rural", "state_code": 23, "district_code": 413, "block_code": 3863, "gp_code": 133306, "centroid_lat": 26.5794, "centroid_lon": 77.8214, "area_sq_km": 5.1, "boundary_source": "LGD Revenue Village Centroids + Block-Bounded Voronoi Tessellation", "boundary_quality": "DERIVED"}, "geometry": {"type": "Polygon", "coordinates": [[[77.83422, 26.57915], [77.83435, 26.58392], [77.83055, 26.58727], [77.82594, 26.58866], [77.82164, 26.58903], [77.81254, 26.58773], [77.80906, 26.58429], [77.80905, 26.57964], [77.81135, 26.57589], [77.81415, 26.57317], [77.81627, 26.56891], [77.82108, 26.56654], [77.8261, 26.56853], [77.82847, 26.57276], [77.83422, 26.57915]]]}}, {"type": "Feature", "properties": {"state": "Madhya Pradesh", "district": "Morena", "block": "Paharhgarh", "gp_name": "Paharhgarh Gram Panchayat", "state_code": 23, "district_code": 413, "block_code": 3864, "gp_code": 133307, "centroid_lat": 26.4206, "centroid_lon": 77.8414, "area_sq_km": 5.2, "boundary_source": "LGD Revenue Village Centroids + Block-Bounded Voronoi Tessellation", "boundary_quality": "DERIVED"}, "geometry": {"type": "Polygon", "coordinates": [[[77.85402, 26.42035], [77.85375, 26.42492], [77.85076, 26.42867], [77.8459, 26.42979], [77.83721, 26.43031], [77.83264, 26.42885], [77.82925, 26.42542], [77.82892, 26.42085], [77.83411, 26.41432], [77.83623, 26.41004], [77.84109, 26.40799], [77.84592, 26.41012], [77.8483, 26.4141], [77.85402, 26.42035]]]}}, {"type": "Feature", "properties": {"state": "Madhya Pradesh", "district": "Morena", "block": "Paharhgarh", "gp_name": "Paharhgarh Rural", "state_code": 23, "district_code": 413, "block_code": 3864, "gp_code": 133308, "centroid_lat": 26.4406, "centroid_lon": 77.8214, "area_sq_km": 5.3, "boundary_source": "LGD Revenue Village Centroids + Block-Bounded Voronoi Tessellation", "boundary_quality": "DERIVED"}, "geometry": {"type": "Polygon", "coordinates": [[[77.8337, 26.44036], [77.83432, 26.44512], [77.83029, 26.44826], [77.82597, 26.44994], [77.82164, 26.45056], [77.81254, 26.44894], [77.80888, 26.44556], [77.80907, 26.44084], [77.81198, 26.4373], [77.81638, 26.43032], [77.82108, 26.42758], [77.82611, 26.42968], [77.82834, 26.43407], [77.8337, 26.44036]]]}}, {"type": "Feature", "properties": {"state": "Madhya Pradesh", "district": "Morena", "block": "Porsa", "gp_name": "Porsa Gram Panchayat", "state_code": 23, "district_code": 413, "block_code": 3865, "gp_code": 133309, "centroid_lat": 26.334, "centroid_lon": 77.9608, "area_sq_km": 5.4, "boundary_source": "LGD Revenue Village Centroids + Block-Bounded Voronoi Tessellation", "boundary_quality": "DERIVED"}, "geometry": {"type": "Polygon", "coordinates": [[[77.97316, 26.33374], [77.97341, 26.3384], [77.96966, 26.34162], [77.96543, 26.34346], [77.95668, 26.34357], [77.95199, 26.34231], [77.94834, 26.33895], [77.94817, 26.33426], [77.95339, 26.32762], [77.95555, 26.32327], [77.96047, 26.32102], [77.96539, 26.32332], [77.9679, 26.32731], [77.97316, 26.33374]]]}}, {"type": "Feature", "properties": {"state": "Madhya Pradesh", "district": "Morena", "block": "Porsa", "gp_name": "Porsa Rural", "state_code": 23, "district_code": 413, "block_code": 3865, "gp_code": 133310, "centroid_lat": 26.354, "centroid_lon": 77.9408, "area_sq_km": 5.5, "boundary_source": "LGD Revenue Village Centroids + Block-Bounded Voronoi Tessellation", "boundary_quality": "DERIVED"}, "geometry": {"type": "Polygon", "coordinates": [[[77.9534, 26.35374], [77.9536, 26.35847], [77.94996, 26.36188], [77.94526, 26.36312], [77.94105, 26.36382], [77.93677, 26.36336], [77.93233, 26.36198], [77.92813, 26.35903], [77.92804, 26.35426], [77.93364, 26.34783], [77.93579, 26.34376], [77.94047, 26.34111], [77.94545, 26.3432], [77.94772, 26.34748], [77.9534, 26.35374]]]}}, {"type": "Feature", "properties": {"state": "Madhya Pradesh", "district": "Morena", "block": "Sabalgarh", "gp_name": "Sabalgarh Gram Panchayat", "state_code": 23, "district_code": 413, "block_code": 3866, "gp_code": 133311, "centroid_lat": 26.3649, "centroid_lon": 78.1097, "area_sq_km": 5.6, "boundary_source": "LGD Revenue Village Centroids + Block-Bounded Voronoi Tessellation", "boundary_quality": "DERIVED"}, "geometry": {"type": "Polygon", "coordinates": [[[78.12254, 26.36462], [78.12265, 26.3694], [78.11885, 26.37275], [78.11426, 26.37419], [78.10549, 26.37472], [78.10121, 26.37292], [78.09699, 26.36997], [78.09702, 26.36518], [78.10016, 26.36158], [78.10447, 26.35426], [78.10936, 26.35218], [78.11428, 26.35421], [78.11652, 26.35845], [78.12254, 26.36462]]]}}, {"type": "Feature", "properties": {"state": "Madhya Pradesh", "district": "Morena", "block": "Sabalgarh", "gp_name": "Sabalgarh Rural", "state_code": 23, "district_code": 413, "block_code": 3866, "gp_code": 133312, "centroid_lat": 26.3849, "centroid_lon": 78.0897, "area_sq_km": 5.7, "boundary_source": "LGD Revenue Village Centroids + Block-Bounded Voronoi Tessellation", "boundary_quality": "DERIVED"}, "geometry": {"type": "Polygon", "coordinates": [[[78.1025, 26.38462], [78.10214, 26.38923], [78.09907, 26.39294], [78.09425, 26.39417], [78.08997, 26.39498], [78.08097, 26.39315], [78.07741, 26.3898], [78.07691, 26.38518], [78.08468, 26.37469], [78.08935, 26.37189], [78.09427, 26.37423], [78.09652, 26.37845], [78.1025, 26.38462]]]}}, {"type": "Feature", "properties": {"state": "Madhya Pradesh", "district": "Narsinghpur", "block": "Narsinghpur", "gp_name": "Narsinghpur Gram Panchayat", "state_code": 23, "district_code": 414, "block_code": 3880, "gp_code": 133313, "centroid_lat": 22.94, "centroid_lon": 79.376, "area_sq_km": 5.8, "boundary_source": "LGD Revenue Village Centroids + Block-Bounded Voronoi Tessellation", "boundary_quality": "DERIVED"}, "geometry": {"type": "Polygon", "coordinates": [[[79.38832, 22.93966], [79.38855, 22.94441], [79.38513, 22.94796], [79.38062, 22.94952], [79.37633, 22.95009], [79.36754, 22.94832], [79.36419, 22.94492], [79.36345, 22.94035], [79.36654, 22.93667], [79.37098, 22.92966], [79.37559, 22.92719], [79.38031, 22.92949], [79.38275, 22.93336], [79.38832, 22.93966]]]}}, {"type": "Feature", "properties": {"state": "Madhya Pradesh", "district": "Narsinghpur", "block": "Narsinghpur", "gp_name": "Narsinghpur Rural", "state_code": 23, "district_code": 414, "block_code": 3880, "gp_code": 133314, "centroid_lat": 22.96, "centroid_lon": 79.356, "area_sq_km": 5.9, "boundary_source": "LGD Revenue Village Centroids + Block-Bounded Voronoi Tessellation", "boundary_quality": "DERIVED"}, "geometry": {"type": "Polygon", "coordinates": [[[79.368, 22.95967], [79.36821, 22.96429], [79.36499, 22.96784], [79.3605, 22.96928], [79.35197, 22.96983], [79.34747, 22.96838], [79.34365, 22.96514], [79.34357, 22.96034], [79.34873, 22.95366], [79.3509, 22.94948], [79.35559, 22.94712], [79.36033, 22.94945], [79.368, 22.95967]]]}}, {"type": "Feature", "properties": {"state": "Madhya Pradesh", "district": "Narsinghpur", "block": "Babai Chichali", "gp_name": "Babai Chichali Gram Panchayat", "state_code": 23, "district_code": 414, "block_code": 3881, "gp_code": 133315, "centroid_lat": 23.0786, "centroid_lon": 79.288, "area_sq_km": 6.0, "boundary_source": "LGD Revenue Village Centroids + Block-Bounded Voronoi Tessellation", "boundary_quality": "DERIVED"}, "geometry": {"type": "Polygon", "coordinates": [[[79.30017, 23.07827], [79.30012, 23.08286], [79.29709, 23.08653], [79.29247, 23.08782], [79.28416, 23.08794], [79.27961, 23.08684], [79.27601, 23.08358], [79.27568, 23.07893], [79.28087, 23.07238], [79.28302, 23.06833], [79.28759, 23.06582], [79.29244, 23.06778], [79.29468, 23.07205], [79.30017, 23.07827]]]}}, {"type": "Feature", "properties": {"state": "Madhya Pradesh", "district": "Narsinghpur", "block": "Babai Chichali", "gp_name": "Babai Chichali Rural", "state_code": 23, "district_code": 414, "block_code": 3881, "gp_code": 133316, "centroid_lat": 23.0986, "centroid_lon": 79.268, "area_sq_km": 6.1, "boundary_source": "LGD Revenue Village Centroids + Block-Bounded Voronoi Tessellation", "boundary_quality": "DERIVED"}, "geometry": {"type": "Polygon", "coordinates": [[[79.28018, 23.09827], [79.28042, 23.10297], [79.27673, 23.10622], [79.27267, 23.10822], [79.26399, 23.10836], [79.25974, 23.1067], [79.25608, 23.10355], [79.25599, 23.09892], [79.25878, 23.09536], [79.26283, 23.08795], [79.26759, 23.08579], [79.27236, 23.08799], [79.2746, 23.09213], [79.28018, 23.09827]]]}}, {"type": "Feature", "properties": {"state": "Madhya Pradesh", "district": "Narsinghpur", "block": "Chawarpatha", "gp_name": "Chawarpatha Gram Panchayat", "state_code": 23, "district_code": 414, "block_code": 3882, "gp_code": 133317, "centroid_lat": 23.0786, "centroid_lon": 79.112, "area_sq_km": 6.2, "boundary_source": "LGD Revenue Village Centroids + Block-Bounded Voronoi Tessellation", "boundary_quality": "DERIVED"}, "geometry": {"type": "Polygon", "coordinates": [[[79.12414, 23.07828], [79.12436, 23.08296], [79.12079, 23.08629], [79.11658, 23.08806], [79.1123, 23.08859], [79.10802, 23.08825], [79.10339, 23.08703], [79.10012, 23.08352], [79.0994, 23.07893], [79.1022, 23.07514], [79.10496, 23.07245], [79.10686, 23.06797], [79.11161, 23.06578], [79.11641, 23.0679], [79.11884, 23.0719], [79.12414, 23.07828]]]}}, {"type": "Feature", "properties": {"state": "Madhya Pradesh", "district": "Narsinghpur", "block": "Chawarpatha", "gp_name": "Chawarpatha Rural", "state_code": 23, "district_code": 414, "block_code": 3882, "gp_code": 133318, "centroid_lat": 23.0986, "centroid_lon": 79.092, "area_sq_km": 6.3, "boundary_source": "LGD Revenue Village Centroids + Block-Bounded Voronoi Tessellation", "boundary_quality": "DERIVED"}, "geometry": {"type": "Polygon", "coordinates": [[[79.10452, 23.09827], [79.10402, 23.10284], [79.10075, 23.10625], [79.09649, 23.10787], [79.0923, 23.10846], [79.08808, 23.10811], [79.08337, 23.10704], [79.07981, 23.10365], [79.08001, 23.09891], [79.08486, 23.09236], [79.08708, 23.08842], [79.09162, 23.08604], [79.09636, 23.08804], [79.09882, 23.09192], [79.10452, 23.09827]]]}}, {"type": "Feature", "properties": {"state": "Madhya Pradesh", "district": "Narsinghpur", "block": "Gotegaon", "gp_name": "Gotegaon Gram Panchayat", "state_code": 23, "district_code": 414, "block_code": 3883, "gp_code": 133319, "centroid_lat": 22.94, "centroid_lon": 79.024, "area_sq_km": 6.4, "boundary_source": "LGD Revenue Village Centroids + Block-Bounded Voronoi Tessellation", "boundary_quality": "DERIVED"}, "geometry": {"type": "Polygon", "coordinates": [[[79.03661, 22.93968], [79.03609, 22.94428], [79.03286, 22.94777], [79.02865, 22.94964], [79.02015, 22.94932], [79.01571, 22.94811], [79.01212, 22.94491], [79.01143, 22.94032], [79.01667, 22.93357], [79.0189, 22.92943], [79.02362, 22.92701], [79.0285, 22.9291], [79.03314, 22.93622], [79.03661, 22.93968]]]}}, {"type": "Feature", "properties": {"state": "Madhya Pradesh", "district": "Narsinghpur", "block": "Gotegaon", "gp_name": "Gotegaon Rural", "state_code": 23, "district_code": 414, "block_code": 3883, "gp_code": 133320, "centroid_lat": 22.96, "centroid_lon": 79.004, "area_sq_km": 6.5, "boundary_source": "LGD Revenue Village Centroids + Block-Bounded Voronoi Tessellation", "boundary_quality": "DERIVED"}, "geometry": {"type": "Polygon", "coordinates": [[[79.01642, 22.95969], [79.01663, 22.96447], [79.01315, 22.96802], [79.00845, 22.96922], [79.00429, 22.96982], [79.00013, 22.96936], [78.99562, 22.96819], [78.99222, 22.96487], [78.99177, 22.96031], [78.99691, 22.95378], [78.99897, 22.94957], [79.00363, 22.94744], [79.0084, 22.94935], [79.01081, 22.95334], [79.01642, 22.95969]]]}}, {"type": "Feature", "properties": {"state": "Madhya Pradesh", "district": "Narsinghpur", "block": "Kareli", "gp_name": "Kareli Gram Panchayat", "state_code": 23, "district_code": 414, "block_code": 3884, "gp_code": 133321, "centroid_lat": 22.8014, "centroid_lon": 79.112, "area_sq_km": 6.6, "boundary_source": "LGD Revenue Village Centroids + Block-Bounded Voronoi Tessellation", "boundary_quality": "DERIVED"}, "geometry": {"type": "Polygon", "coordinates": [[[79.12421, 22.80108], [79.12459, 22.80586], [79.12109, 22.80937], [79.11655, 22.81083], [79.1123, 22.81154], [79.10812, 22.81081], [79.10379, 22.80944], [79.10004, 22.80636], [79.10008, 22.80171], [79.10493, 22.7952], [79.10691, 22.79084], [79.11162, 22.78883], [79.11633, 22.79088], [79.12111, 22.79762], [79.12421, 22.80108]]]}}, {"type": "Feature", "properties": {"state": "Madhya Pradesh", "district": "Narsinghpur", "block": "Kareli", "gp_name": "Kareli Rural", "state_code": 23, "district_code": 414, "block_code": 3884, "gp_code": 133322, "centroid_lat": 22.8214, "centroid_lon": 79.092, "area_sq_km": 6.7, "boundary_source": "LGD Revenue Village Centroids + Block-Bounded Voronoi Tessellation", "boundary_quality": "DERIVED"}, "geometry": {"type": "Polygon", "coordinates": [[[79.10441, 22.82108], [79.10399, 22.82565], [79.10067, 22.82901], [79.09661, 22.83096], [79.08799, 22.83113], [79.0835, 22.82973], [79.08004, 22.82636], [79.07982, 22.82171], [79.08685, 22.81073], [79.09161, 22.80842], [79.09646, 22.81057], [79.0987, 22.81483], [79.10441, 22.82108]]]}}, {"type": "Feature", "properties": {"state": "Madhya Pradesh", "district": "Narsinghpur", "block": "Sainkheda", "gp_name": "Sainkheda Gram Panchayat", "state_code": 23, "district_code": 414, "block_code": 3885, "gp_code": 133323, "centroid_lat": 22.8014, "centroid_lon": 79.288, "area_sq_km": 6.8, "boundary_source": "LGD Revenue Village Centroids + Block-Bounded Voronoi Tessellation", "boundary_quality": "DERIVED"}, "geometry": {"type": "Polygon", "coordinates": [[[79.30016, 22.80107], [79.3003, 22.80574], [79.29665, 22.80896], [79.29261, 22.81092], [79.28413, 22.81082], [79.2794, 22.80985], [79.27599, 22.80639], [79.27542, 22.80174], [79.28079, 22.79509], [79.28307, 22.79122], [79.28759, 22.78844], [79.29238, 22.79074], [79.30016, 22.80107]]]}}, {"type": "Feature", "properties": {"state": "Madhya Pradesh", "district": "Narsinghpur", "block": "Sainkheda", "gp_name": "Sainkheda Rural", "state_code": 23, "district_code": 414, "block_code": 3885, "gp_code": 133324, "centroid_lat": 22.8214, "centroid_lon": 79.268, "area_sq_km": 6.9, "boundary_source": "LGD Revenue Village Centroids + Block-Bounded Voronoi Tessellation", "boundary_quality": "DERIVED"}, "geometry": {"type": "Polygon", "coordinates": [[[79.2803, 22.82107], [79.28045, 22.82579], [79.27708, 22.82935], [79.27253, 22.83077], [79.26401, 22.83111], [79.25942, 22.82983], [79.25626, 22.82628], [79.25559, 22.82173], [79.26076, 22.81507], [79.26296, 22.81099], [79.26759, 22.80829], [79.27246, 22.81053], [79.27469, 22.81483], [79.2803, 22.82107]]]}}, {"type": "Feature", "properties": {"state": "Madhya Pradesh", "district": "Neemuch", "block": "Neemuch", "gp_name": "Neemuch Gram Panchayat", "state_code": 23, "district_code": 446, "block_code": 3900, "gp_code": 133325, "centroid_lat": 24.46, "centroid_lon": 75.012, "area_sq_km": 7.0, "boundary_source": "LGD Revenue Village Centroids + Block-Bounded Voronoi Tessellation", "boundary_quality": "DERIVED"}, "geometry": {"type": "Polygon", "coordinates": [[[75.02476, 24.46], [75.02419, 24.46462], [75.02073, 24.46798], [75.0164, 24.46972], [75.00761, 24.4697], [75.00323, 24.46803], [74.9994, 24.46478], [74.99972, 24.46], [75.00225, 24.4563], [75.00483, 24.45344], [75.0072, 24.4494], [75.012, 24.44719], [75.01685, 24.44928], [75.01899, 24.4536], [75.02476, 24.46]]]}}, {"type": "Feature", "properties": {"state": "Madhya Pradesh", "district": "Neemuch", "block": "Neemuch", "gp_name": "Neemuch Rural", "state_code": 23, "district_code": 446, "block_code": 3900, "gp_code": 133326, "centroid_lat": 24.48, "centroid_lon": 74.992, "area_sq_km": 7.1, "boundary_source": "LGD Revenue Village Centroids + Block-Bounded Voronoi Tessellation", "boundary_quality": "DERIVED"}, "geometry": {"type": "Polygon", "coordinates": [[[75.00458, 24.48], [75.00441, 24.4847], [75.00092, 24.48816], [74.99623, 24.48934], [74.992, 24.49003], [74.98299, 24.48825], [74.97956, 24.48471], [74.97939, 24.48], [74.98507, 24.47366], [74.98712, 24.46923], [74.992, 24.46717], [74.99673, 24.46954], [75.00129, 24.47648], [75.00458, 24.48]]]}}, {"type": "Feature", "properties": {"state": "Madhya Pradesh", "district": "Neemuch", "block": "Jawad", "gp_name": "Jawad Gram Panchayat", "state_code": 23, "district_code": 446, "block_code": 3901, "gp_code": 133327, "centroid_lat": 24.5639, "centroid_lon": 74.814, "area_sq_km": 7.2, "boundary_source": "LGD Revenue Village Centroids + Block-Bounded Voronoi Tessellation", "boundary_quality": "DERIVED"}, "geometry": {"type": "Polygon", "coordinates": [[[74.82655, 24.56391], [74.82658, 24.56868], [74.823, 24.57216], [74.81837, 24.57359], [74.80973, 24.5733], [74.80543, 24.57171], [74.80186, 24.56848], [74.80157, 24.56388], [74.80478, 24.5604], [74.80922, 24.5533], [74.81402, 24.55096], [74.8188, 24.55334], [74.82127, 24.55726], [74.82655, 24.56391]]]}}, {"type": "Feature", "properties": {"state": "Madhya Pradesh", "district": "Neemuch", "block": "Jawad", "gp_name": "Jawad Rural", "state_code": 23, "district_code": 446, "block_code": 3901, "gp_code": 133328, "centroid_lat": 24.5839, "centroid_lon": 74.794, "area_sq_km": 7.3, "boundary_source": "LGD Revenue Village Centroids + Block-Bounded Voronoi Tessellation", "boundary_quality": "DERIVED"}, "geometry": {"type": "Polygon", "coordinates": [[[74.80624, 24.58392], [74.8066, 24.58869], [74.80266, 24.59184], [74.79827, 24.59337], [74.79398, 24.59393], [74.78501, 24.59209], [74.78173, 24.58853], [74.78142, 24.58388], [74.787, 24.57748], [74.78918, 24.57322], [74.79402, 24.57093], [74.79883, 24.57329], [74.80122, 24.57732], [74.80624, 24.58392]]]}}, {"type": "Feature", "properties": {"state": "Madhya Pradesh", "district": "Neemuch", "block": "Manasa", "gp_name": "Manasa Gram Panchayat", "state_code": 23, "district_code": 446, "block_code": 3902, "gp_code": 133329, "centroid_lat": 24.3561, "centroid_lon": 74.814, "area_sq_km": 7.4, "boundary_source": "LGD Revenue Village Centroids + Block-Bounded Voronoi Tessellation", "boundary_quality": "DERIVED"}, "geometry": {"type": "Polygon", "coordinates": [[[74.82636, 24.35611], [74.82608, 24.3607], [74.82295, 24.36432], [74.81827, 24.36558], [74.80961, 24.36576], [74.80524, 24.3641], [74.8018, 24.36071], [74.80155, 24.35608], [74.80924, 24.34554], [74.81402, 24.34318], [74.81883, 24.34546], [74.82118, 24.34954], [74.82385, 24.35238], [74.82636, 24.35611]]]}}, {"type": "Feature", "properties": {"state": "Madhya Pradesh", "district": "Neemuch", "block": "Manasa", "gp_name": "Manasa Rural", "state_code": 23, "district_code": 446, "block_code": 3902, "gp_code": 133330, "centroid_lat": 24.3761, "centroid_lon": 74.794, "area_sq_km": 7.5, "boundary_source": "LGD Revenue Village Centroids + Block-Bounded Voronoi Tessellation", "boundary_quality": "DERIVED"}, "geometry": {"type": "Polygon", "coordinates": [[[74.80629, 24.37612], [74.80614, 24.38073], [74.80267, 24.38406], [74.79835, 24.38575], [74.78976, 24.38543], [74.78502, 24.3843], [74.78136, 24.38088], [74.78136, 24.37608], [74.78473, 24.37257], [74.7892, 24.36544], [74.79402, 24.36334], [74.79887, 24.36538], [74.80088, 24.36982], [74.80373, 24.37242], [74.80629, 24.37612]]]}}, {"type": "Feature", "properties": {"state": "Madhya Pradesh", "district": "Niwari", "block": "Niwari", "gp_name": "Niwari Gram Panchayat", "state_code": 23, "district_code": 720, "block_code": 3920, "gp_code": 133331, "centroid_lat": 25.34, "centroid_lon": 78.942, "area_sq_km": 7.6, "boundary_source": "LGD Revenue Village Centroids + Block-Bounded Voronoi Tessellation", "boundary_quality": "DERIVED"}, "geometry": {"type": "Polygon", "coordinates": [[[78.9548, 25.33966], [78.95438, 25.34427], [78.95105, 25.34775], [78.94655, 25.34921], [78.94232, 25.35001], [78.93794, 25.3497], [78.93338, 25.34831], [78.92947, 25.34512], [78.92949, 25.34033], [78.93212, 25.33659], [78.93479, 25.33382], [78.93696, 25.3298], [78.94159, 25.32742], [78.94646, 25.32933], [78.9488, 25.33345], [78.9548, 25.33966]]]}}, {"type": "Feature", "properties": {"state": "Madhya Pradesh", "district": "Niwari", "block": "Niwari", "gp_name": "Niwari Rural", "state_code": 23, "district_code": 720, "block_code": 3920, "gp_code": 133332, "centroid_lat": 25.36, "centroid_lon": 78.922, "area_sq_km": 7.7, "boundary_source": "LGD Revenue Village Centroids + Block-Bounded Voronoi Tessellation", "boundary_quality": "DERIVED"}, "geometry": {"type": "Polygon", "coordinates": [[[78.93462, 25.35966], [78.93452, 25.36433], [78.93089, 25.36761], [78.92653, 25.36916], [78.92232, 25.36997], [78.91798, 25.36961], [78.91328, 25.3684], [78.90947, 25.36511], [78.90924, 25.36034], [78.91458, 25.35364], [78.91691, 25.3497], [78.92158, 25.34697], [78.92647, 25.34931], [78.92893, 25.35332], [78.93462, 25.35966]]]}}, {"type": "Feature", "properties": {"state": "Madhya Pradesh", "district": "Niwari", "block": "Prithvipur", "gp_name": "Prithvipur Gram Panchayat", "state_code": 23, "district_code": 720, "block_code": 3921, "gp_code": 133333, "centroid_lat": 25.4439, "centroid_lon": 78.744, "area_sq_km": 7.8, "boundary_source": "LGD Revenue Village Centroids + Block-Bounded Voronoi Tessellation", "boundary_quality": "DERIVED"}, "geometry": {"type": "Polygon", "coordinates": [[[78.75654, 25.44358], [78.75664, 25.44828], [78.75297, 25.4516], [78.74854, 25.4531], [78.74431, 25.45392], [78.7399, 25.45364], [78.73539, 25.45217], [78.73172, 25.44889], [78.73173, 25.44421], [78.73897, 25.43369], [78.74359, 25.43072], [78.74857, 25.43304], [78.75094, 25.43723], [78.75654, 25.44358]]]}}, {"type": "Feature", "properties": {"state": "Madhya Pradesh", "district": "Niwari", "block": "Prithvipur", "gp_name": "Prithvipur Rural", "state_code": 23, "district_code": 720, "block_code": 3921, "gp_code": 133334, "centroid_lat": 25.4639, "centroid_lon": 78.724, "area_sq_km": 7.9, "boundary_source": "LGD Revenue Village Centroids + Block-Bounded Voronoi Tessellation", "boundary_quality": "DERIVED"}, "geometry": {"type": "Polygon", "coordinates": [[[78.73644, 25.46358], [78.73635, 25.46818], [78.73325, 25.47184], [78.72852, 25.47307], [78.72431, 25.47383], [78.71524, 25.47231], [78.71186, 25.46883], [78.71179, 25.46421], [78.71462, 25.46065], [78.71886, 25.45348], [78.72359, 25.45074], [78.72847, 25.45328], [78.7333, 25.46012], [78.73644, 25.46358]]]}}, {"type": "Feature", "properties": {"state": "Madhya Pradesh", "district": "Niwari", "block": "Orchha", "gp_name": "Orchha Gram Panchayat", "state_code": 23, "district_code": 720, "block_code": 3922, "gp_code": 133335, "centroid_lat": 25.2361, "centroid_lon": 78.744, "area_sq_km": 8.0, "boundary_source": "LGD Revenue Village Centroids + Block-Bounded Voronoi Tessellation", "boundary_quality": "DERIVED"}, "geometry": {"type": "Polygon", "coordinates": [[[78.75616, 25.23579], [78.75667, 25.2405], [78.75289, 25.24375], [78.74868, 25.24561], [78.74431, 25.24626], [78.74002, 25.24557], [78.73557, 25.2442], [78.73182, 25.24105], [78.73166, 25.23641], [78.73683, 25.22993], [78.7389, 25.22573], [78.7436, 25.22316], [78.74849, 25.2254], [78.75616, 25.23579]]]}}, {"type": "Feature", "properties": {"state": "Madhya Pradesh", "district": "Niwari", "block": "Orchha", "gp_name": "Orchha Rural", "state_code": 23, "district_code": 720, "block_code": 3922, "gp_code": 133336, "centroid_lat": 25.2561, "centroid_lon": 78.724, "area_sq_km": 8.1, "boundary_source": "LGD Revenue Village Centroids + Block-Bounded Voronoi Tessellation", "boundary_quality": "DERIVED"}, "geometry": {"type": "Polygon", "coordinates": [[[78.73655, 25.25578], [78.73622, 25.26034], [78.73318, 25.264], [78.72866, 25.26558], [78.72429, 25.26573], [78.71998, 25.26567], [78.71537, 25.26439], [78.71196, 25.26099], [78.71119, 25.25642], [78.71688, 25.24997], [78.71876, 25.24545], [78.72362, 25.24354], [78.72852, 25.24534], [78.73316, 25.25238], [78.73655, 25.25578]]]}}, {"type": "Feature", "properties": {"state": "Madhya Pradesh", "district": "Panna", "block": "Panna", "gp_name": "Panna Gram Panchayat", "state_code": 23, "district_code": 415, "block_code": 3940, "gp_code": 133337, "centroid_lat": 24.71, "centroid_lon": 80.332, "area_sq_km": 8.2, "boundary_source": "LGD Revenue Village Centroids + Block-Bounded Voronoi Tessellation", "boundary_quality": "DERIVED"}, "geometry": {"type": "Polygon", "coordinates": [[[80.34432, 24.70956], [80.34466, 24.71427], [80.34115, 24.71773], [80.33667, 24.71926], [80.3281, 24.71966], [80.32347, 24.71842], [80.32005, 24.71503], [80.31959, 24.71044], [80.32691, 24.6999], [80.33145, 24.69708], [80.33633, 24.69929], [80.33866, 24.70342], [80.34432, 24.70956]]]}}, {"type": "Feature", "properties": {"state": "Madhya Pradesh", "district": "Panna", "block": "Panna", "gp_name": "Panna Rural", "state_code": 23, "district_code": 415, "block_code": 3940, "gp_code": 133338, "centroid_lat": 24.73, "centroid_lon": 80.312, "area_sq_km": 8.3, "boundary_source": "LGD Revenue Village Centroids + Block-Bounded Voronoi Tessellation", "boundary_quality": "DERIVED"}, "geometry": {"type": "Polygon", "coordinates": [[[80.32418, 24.72957], [80.32474, 24.7343], [80.32095, 24.73756], [80.31663, 24.73917], [80.31242, 24.73978], [80.30345, 24.73844], [80.30015, 24.73498], [80.29961, 24.73044], [80.30201, 24.72663], [80.30469, 24.72382], [80.30687, 24.71983], [80.31144, 24.7169], [80.31619, 24.71963], [80.32418, 24.72957]]]}}, {"type": "Feature", "properties": {"state": "Madhya Pradesh", "district": "Panna", "block": "Ajaygarh", "gp_name": "Ajaygarh Gram Panchayat", "state_code": 23, "district_code": 415, "block_code": 3941, "gp_code": 133339, "centroid_lat": 24.8241, "centroid_lon": 80.2408, "area_sq_km": 8.4, "boundary_source": "LGD Revenue Village Centroids + Block-Bounded Voronoi Tessellation", "boundary_quality": "DERIVED"}, "geometry": {"type": "Polygon", "coordinates": [[[80.25353, 24.82365], [80.25305, 24.82823], [80.2499, 24.83179], [80.24562, 24.83366], [80.24123, 24.83422], [80.23213, 24.83265], [80.22853, 24.82925], [80.22804, 24.82455], [80.23129, 24.82089], [80.23569, 24.81395], [80.24025, 24.81114], [80.24517, 24.8133], [80.24987, 24.82029], [80.25353, 24.82365]]]}}, {"type": "Feature", "properties": {"state": "Madhya Pradesh", "district": "Panna", "block": "Ajaygarh", "gp_name": "Ajaygarh Rural", "state_code": 23, "district_code": 415, "block_code": 3941, "gp_code": 133340, "centroid_lat": 24.8441, "centroid_lon": 80.2208, "area_sq_km": 8.5, "boundary_source": "LGD Revenue Village Centroids + Block-Bounded Voronoi Tessellation", "boundary_quality": "DERIVED"}, "geometry": {"type": "Polygon", "coordinates": [[[80.23336, 24.84366], [80.23321, 24.84829], [80.23004, 24.85191], [80.22551, 24.85345], [80.22121, 24.85389], [80.2169, 24.85371], [80.21248, 24.85229], [80.20837, 24.84932], [80.2086, 24.84453], [80.21343, 24.83787], [80.21564, 24.83385], [80.22026, 24.83121], [80.22507, 24.83357], [80.23336, 24.84366]]]}}, {"type": "Feature", "properties": {"state": "Madhya Pradesh", "district": "Panna", "block": "Gunnor", "gp_name": "Gunnor Gram Panchayat", "state_code": 23, "district_code": 415, "block_code": 3942, "gp_code": 133341, "centroid_lat": 24.7805, "centroid_lon": 80.0932, "area_sq_km": 8.6, "boundary_source": "LGD Revenue Village Centroids + Block-Bounded Voronoi Tessellation", "boundary_quality": "DERIVED"}, "geometry": {"type": "Polygon", "coordinates": [[[80.10574, 24.78007], [80.1057, 24.78473], [80.10236, 24.78826], [80.09361, 24.79049], [80.08454, 24.78902], [80.08117, 24.78554], [80.08047, 24.78093], [80.08586, 24.77428], [80.08803, 24.77021], [80.09269, 24.76795], [80.09751, 24.76989], [80.10013, 24.77369], [80.10574, 24.78007]]]}}, {"type": "Feature", "properties": {"state": "Madhya Pradesh", "district": "Panna", "block": "Gunnor", "gp_name": "Gunnor Rural", "state_code": 23, "district_code": 415, "block_code": 3942, "gp_code": 133342, "centroid_lat": 24.8005, "centroid_lon": 80.0732, "area_sq_km": 8.7, "boundary_source": "LGD Revenue Village Centroids + Block-Bounded Voronoi Tessellation", "boundary_quality": "DERIVED"}, "geometry": {"type": "Polygon", "coordinates": [[[80.08529, 24.80009], [80.08544, 24.80465], [80.08205, 24.808], [80.07779, 24.80963], [80.07361, 24.81051], [80.06939, 24.80986], [80.0649, 24.80866], [80.06074, 24.80571], [80.06088, 24.80092], [80.06329, 24.79714], [80.06606, 24.79445], [80.0681, 24.79035], [80.07268, 24.78768], [80.07757, 24.78976], [80.08008, 24.79374], [80.08283, 24.79647], [80.08529, 24.80009]]]}}, {"type": "Feature", "properties": {"state": "Madhya Pradesh", "district": "Panna", "block": "Pawai", "gp_name": "Pawai Gram Panchayat", "state_code": 23, "district_code": 415, "block_code": 3943, "gp_code": 133343, "centroid_lat": 24.6395, "centroid_lon": 80.0932, "area_sq_km": 8.8, "boundary_source": "LGD Revenue Village Centroids + Block-Bounded Voronoi Tessellation", "boundary_quality": "DERIVED"}, "geometry": {"type": "Polygon", "coordinates": [[[80.10592, 24.63907], [80.10576, 24.64376], [80.1024, 24.64731], [80.09794, 24.64895], [80.09359, 24.64919], [80.08926, 24.6492], [80.08491, 24.64766], [80.08134, 24.64447], [80.0807, 24.63992], [80.08804, 24.62921], [80.09267, 24.62655], [80.09741, 24.62913], [80.09993, 24.63287], [80.10592, 24.63907]]]}}, {"type": "Feature", "properties": {"state": "Madhya Pradesh", "district": "Panna", "block": "Pawai", "gp_name": "Pawai Rural", "state_code": 23, "district_code": 415, "block_code": 3943, "gp_code": 133344, "centroid_lat": 24.6595, "centroid_lon": 80.0732, "area_sq_km": 8.9, "boundary_source": "LGD Revenue Village Centroids + Block-Bounded Voronoi Tessellation", "boundary_quality": "DERIVED"}, "geometry": {"type": "Polygon", "coordinates": [[[80.08588, 24.65907], [80.08558, 24.6637], [80.08247, 24.66736], [80.078, 24.66907], [80.0736, 24.66946], [80.06919, 24.66937], [80.06492, 24.66765], [80.06137, 24.66445], [80.06052, 24.65993], [80.06813, 24.64939], [80.07267, 24.64641], [80.07757, 24.64874], [80.08001, 24.6528], [80.08588, 24.65907]]]}}, {"type": "Feature", "properties": {"state": "Madhya Pradesh", "district": "Panna", "block": "Shahnagar", "gp_name": "Shahnagar Gram Panchayat", "state_code": 23, "district_code": 415, "block_code": 3944, "gp_code": 133345, "centroid_lat": 24.5959, "centroid_lon": 80.2408, "area_sq_km": 9.0, "boundary_source": "LGD Revenue Village Centroids + Block-Bounded Voronoi Tessellation", "boundary_quality": "DERIVED"}, "geometry": {"type": "Polygon", "coordinates": [[[80.25293, 24.59548], [80.25357, 24.60022], [80.2497, 24.60344], [80.24557, 24.6054], [80.24122, 24.60584], [80.23686, 24.60563], [80.23242, 24.60417], [80.22853, 24.60105], [80.22826, 24.59634], [80.23352, 24.58973], [80.23556, 24.58548], [80.24028, 24.58335], [80.24508, 24.58534], [80.25293, 24.59548]]]}}, {"type": "Feature", "properties": {"state": "Madhya Pradesh", "district": "Panna", "block": "Shahnagar", "gp_name": "Shahnagar Rural", "state_code": 23, "district_code": 415, "block_code": 3944, "gp_code": 133346, "centroid_lat": 24.6159, "centroid_lon": 80.2208, "area_sq_km": 9.1, "boundary_source": "LGD Revenue Village Centroids + Block-Bounded Voronoi Tessellation", "boundary_quality": "DERIVED"}, "geometry": {"type": "Polygon", "coordinates": [[[80.23339, 24.61546], [80.23333, 24.62014], [80.23004, 24.62373], [80.22558, 24.6254], [80.21689, 24.62556], [80.2123, 24.62428], [80.20855, 24.62105], [80.20826, 24.61634], [80.21146, 24.61274], [80.21558, 24.60551], [80.22027, 24.60318], [80.22509, 24.60532], [80.22747, 24.60932], [80.23045, 24.61184], [80.23339, 24.61546]]]}}, {"type": "Feature", "properties": {"state": "Madhya Pradesh", "district": "Raisen", "block": "Raisen", "gp_name": "Raisen Gram Panchayat", "state_code": 23, "district_code": 416, "block_code": 3960, "gp_code": 133347, "centroid_lat": 23.32, "centroid_lon": 77.966, "area_sq_km": 9.2, "boundary_source": "LGD Revenue Village Centroids + Block-Bounded Voronoi Tessellation", "boundary_quality": "DERIVED"}, "geometry": {"type": "Polygon", "coordinates": [[[77.97818, 23.31977], [77.97807, 23.32435], [77.97484, 23.32783], [77.97039, 23.32924], [77.96622, 23.32988], [77.95757, 23.32811], [77.95379, 23.32494], [77.95403, 23.32023], [77.95865, 23.31348], [77.96092, 23.3093], [77.96572, 23.30728], [77.97056, 23.30922], [77.97291, 23.31335], [77.97818, 23.31977]]]}}, {"type": "Feature", "properties": {"state": "Madhya Pradesh", "district": "Raisen", "block": "Raisen", "gp_name": "Raisen Rural", "state_code": 23, "district_code": 416, "block_code": 3960, "gp_code": 133348, "centroid_lat": 23.34, "centroid_lon": 77.946, "area_sq_km": 9.3, "boundary_source": "LGD Revenue Village Centroids + Block-Bounded Voronoi Tessellation", "boundary_quality": "DERIVED"}, "geometry": {"type": "Polygon", "coordinates": [[[77.95825, 23.33977], [77.95852, 23.34451], [77.95474, 23.34775], [77.9504, 23.34927], [77.94621, 23.34958], [77.94205, 23.34933], [77.93758, 23.3481], [77.93419, 23.34478], [77.93352, 23.34023], [77.9389, 23.33371], [77.94106, 23.32958], [77.94572, 23.3271], [77.9505, 23.32937], [77.95506, 23.33633], [77.95825, 23.33977]]]}}, {"type": "Feature", "properties": {"state": "Madhya Pradesh", "district": "Raisen", "block": "Badi", "gp_name": "Badi Gram Panchayat", "state_code": 23, "district_code": 416, "block_code": 3961, "gp_code": 133349, "centroid_lat": 23.4451, "centroid_lon": 77.8997, "area_sq_km": 9.4, "boundary_source": "LGD Revenue Village Centroids + Block-Bounded Voronoi Tessellation", "boundary_quality": "DERIVED"}, "geometry": {"type": "Polygon", "coordinates": [[[77.912, 23.44487], [77.91211, 23.44957], [77.9086, 23.45299], [77.90404, 23.45423], [77.89991, 23.4547], [77.89562, 23.45472], [77.89125, 23.45322], [77.88778, 23.44992], [77.88718, 23.44533], [77.89229, 23.43854], [77.89462, 23.43441], [77.89942, 23.43205], [77.90417, 23.43454], [77.90668, 23.4384], [77.912, 23.44487]]]}}, {"type": "Feature", "properties": {"state": "Madhya Pradesh", "district": "Raisen", "block": "Badi", "gp_name": "Badi Rural", "state_code": 23, "district_code": 416, "block_code": 3961, "gp_code": 133350, "centroid_lat": 23.4651, "centroid_lon": 77.8797, "area_sq_km": 4.5, "boundary_source": "LGD Revenue Village Centroids + Block-Bounded Voronoi Tessellation", "boundary_quality": "DERIVED"}, "geometry": {"type": "Polygon", "coordinates": [[[77.89234, 23.46487], [77.8922, 23.46961], [77.88873, 23.4731], [77.8842, 23.47458], [77.87991, 23.47482], [77.87109, 23.47336], [77.86724, 23.47013], [77.86765, 23.46532], [77.87484, 23.45486], [77.87942, 23.45225], [77.88412, 23.45468], [77.88658, 23.45849], [77.89234, 23.46487]]]}}, {"type": "Feature", "properties": {"state": "Madhya Pradesh", "district": "Raisen", "block": "Begamganj", "gp_name": "Begamganj Gram Panchayat", "state_code": 23, "district_code": 416, "block_code": 3962, "gp_code": 133351, "centroid_lat": 23.476, "centroid_lon": 77.7508, "area_sq_km": 4.6, "boundary_source": "LGD Revenue Village Centroids + Block-Bounded Voronoi Tessellation", "boundary_quality": "DERIVED"}, "geometry": {"type": "Polygon", "coordinates": [[[77.76318, 23.47578], [77.76319, 23.48048], [77.75962, 23.48383], [77.75524, 23.48538], [77.75101, 23.48616], [77.74228, 23.48416], [77.73882, 23.48083], [77.73876, 23.47621], [77.74359, 23.46959], [77.74586, 23.46556], [77.75053, 23.46322], [77.75534, 23.46531], [77.75774, 23.46935], [77.76318, 23.47578]]]}}, {"type": "Feature", "properties": {"state": "Madhya Pradesh", "district": "Raisen", "block": "Begamganj", "gp_name": "Begamganj Rural", "state_code": 23, "district_code": 416, "block_code": 3962, "gp_code": 133352, "centroid_lat": 23.496, "centroid_lon": 77.7308, "area_sq_km": 4.7, "boundary_source": "LGD Revenue Village Centroids + Block-Bounded Voronoi Tessellation", "boundary_quality": "DERIVED"}, "geometry": {"type": "Polygon", "coordinates": [[[77.74286, 23.49579], [77.74339, 23.50055], [77.73985, 23.50403], [77.73521, 23.50532], [77.731, 23.5058], [77.72678, 23.50547], [77.72248, 23.50397], [77.71876, 23.50085], [77.71823, 23.49622], [77.72142, 23.49261], [77.72583, 23.4855], [77.73053, 23.483], [77.73531, 23.48538], [77.74286, 23.49579]]]}}, {"type": "Feature", "properties": {"state": "Madhya Pradesh", "district": "Raisen", "block": "Gairatganj", "gp_name": "Gairatganj Gram Panchayat", "state_code": 23, "district_code": 416, "block_code": 3963, "gp_code": 133353, "centroid_lat": 23.3894, "centroid_lon": 77.6314, "area_sq_km": 4.8, "boundary_source": "LGD Revenue Village Centroids + Block-Bounded Voronoi Tessellation", "boundary_quality": "DERIVED"}, "geometry": {"type": "Polygon", "coordinates": [[[77.64406, 23.38919], [77.64379, 23.3939], [77.64003, 23.39708], [77.63596, 23.39906], [77.62734, 23.39894], [77.62278, 23.39765], [77.61917, 23.39432], [77.61885, 23.38961], [77.62411, 23.38291], [77.62638, 23.37876], [77.63115, 23.37661], [77.63586, 23.37893], [77.63833, 23.38277], [77.64406, 23.38919]]]}}, {"type": "Feature", "properties": {"state": "Madhya Pradesh", "district": "Raisen", "block": "Gairatganj", "gp_name": "Gairatganj Rural", "state_code": 23, "district_code": 416, "block_code": 3963, "gp_code": 133354, "centroid_lat": 23.4094, "centroid_lon": 77.6114, "area_sq_km": 4.9, "boundary_source": "LGD Revenue Village Centroids + Block-Bounded Voronoi Tessellation", "boundary_quality": "DERIVED"}, "geometry": {"type": "Polygon", "coordinates": [[[77.62404, 23.40919], [77.62348, 23.41378], [77.62021, 23.41724], [77.61594, 23.41901], [77.60721, 23.41922], [77.6029, 23.41753], [77.59905, 23.41437], [77.59875, 23.40961], [77.60412, 23.40292], [77.60654, 23.39911], [77.61115, 23.39682], [77.61596, 23.39871], [77.61833, 23.40277], [77.62404, 23.40919]]]}}, {"type": "Feature", "properties": {"state": "Madhya Pradesh", "district": "Raisen", "block": "Obedullaganj", "gp_name": "Obedullaganj Gram Panchayat", "state_code": 23, "district_code": 416, "block_code": 3964, "gp_code": 133355, "centroid_lat": 23.2506, "centroid_lon": 77.6314, "area_sq_km": 5.0, "boundary_source": "LGD Revenue Village Centroids + Block-Bounded Voronoi Tessellation", "boundary_quality": "DERIVED"}, "geometry": {"type": "Polygon", "coordinates": [[[77.64361, 23.25039], [77.6434, 23.25496], [77.64017, 23.25841], [77.63571, 23.25973], [77.63159, 23.26035], [77.62737, 23.26007], [77.6229, 23.25874], [77.61947, 23.2554], [77.6191, 23.25081], [77.62158, 23.24703], [77.6243, 23.24427], [77.62659, 23.2404], [77.63115, 23.23801], [77.63592, 23.23998], [77.63814, 23.24415], [77.64361, 23.25039]]]}}, {"type": "Feature", "properties": {"state": "Madhya Pradesh", "district": "Raisen", "block": "Obedullaganj", "gp_name": "Obedullaganj Rural", "state_code": 23, "district_code": 416, "block_code": 3964, "gp_code": 133356, "centroid_lat": 23.2706, "centroid_lon": 77.6114, "area_sq_km": 5.1, "boundary_source": "LGD Revenue Village Centroids + Block-Bounded Voronoi Tessellation", "boundary_quality": "DERIVED"}, "geometry": {"type": "Polygon", "coordinates": [[[77.62361, 23.2704], [77.62366, 23.27505], [77.62031, 23.27854], [77.61575, 23.27982], [77.61159, 23.28053], [77.60745, 23.27989], [77.60302, 23.27863], [77.59921, 23.2755], [77.59897, 23.27081], [77.60433, 23.2643], [77.60659, 23.26039], [77.61115, 23.25756], [77.61604, 23.25969], [77.61846, 23.26384], [77.62361, 23.2704]]]}}, {"type": "Feature", "properties": {"state": "Madhya Pradesh", "district": "Raisen", "block": "Silwani", "gp_name": "Silwani Gram Panchayat", "state_code": 23, "district_code": 416, "block_code": 3965, "gp_code": 133357, "centroid_lat": 23.164, "centroid_lon": 77.7508, "area_sq_km": 5.2, "boundary_source": "LGD Revenue Village Centroids + Block-Bounded Voronoi Tessellation", "boundary_quality": "DERIVED"}, "geometry": {"type": "Polygon", "coordinates": [[[77.76295, 23.16379], [77.76341, 23.16857], [77.75951, 23.17176], [77.75101, 23.17413], [77.74674, 23.17357], [77.74223, 23.17223], [77.73851, 23.16896], [77.73881, 23.16421], [77.74372, 23.15769], [77.74574, 23.15329], [77.75054, 23.1512], [77.75531, 23.15337], [77.75996, 23.1603], [77.76295, 23.16379]]]}}, {"type": "Feature", "properties": {"state": "Madhya Pradesh", "district": "Raisen", "block": "Silwani", "gp_name": "Silwani Rural", "state_code": 23, "district_code": 416, "block_code": 3965, "gp_code": 133358, "centroid_lat": 23.184, "centroid_lon": 77.7308, "area_sq_km": 5.3, "boundary_source": "LGD Revenue Village Centroids + Block-Bounded Voronoi Tessellation", "boundary_quality": "DERIVED"}, "geometry": {"type": "Polygon", "coordinates": [[[77.74292, 23.18379], [77.74281, 23.18835], [77.73954, 23.19178], [77.73526, 23.19345], [77.72675, 23.19355], [77.72243, 23.19204], [77.71878, 23.18885], [77.71855, 23.18421], [77.72372, 23.17769], [77.72586, 23.17353], [77.73054, 23.17115], [77.73539, 23.17318], [77.73773, 23.17735], [77.74292, 23.18379]]]}}, {"type": "Feature", "properties": {"state": "Madhya Pradesh", "district": "Raisen", "block": "Udaipura", "gp_name": "Udaipura Gram Panchayat", "state_code": 23, "district_code": 416, "block_code": 3966, "gp_code": 133359, "centroid_lat": 23.1949, "centroid_lon": 77.8997, "area_sq_km": 5.4, "boundary_source": "LGD Revenue Village Centroids + Block-Bounded Voronoi Tessellation", "boundary_quality": "DERIVED"}, "geometry": {"type": "Polygon", "coordinates": [[[77.91231, 23.19467], [77.91171, 23.19924], [77.90869, 23.20288], [77.90417, 23.20434], [77.89565, 23.20448], [77.891, 23.20327], [77.88741, 23.19987], [77.88734, 23.19513], [77.89265, 23.18864], [77.89483, 23.18462], [77.89943, 23.18233], [77.9041, 23.1845], [77.90649, 23.18837], [77.91231, 23.19467]]]}}, {"type": "Feature", "properties": {"state": "Madhya Pradesh", "district": "Raisen", "block": "Udaipura", "gp_name": "Udaipura Rural", "state_code": 23, "district_code": 416, "block_code": 3966, "gp_code": 133360, "centroid_lat": 23.2149, "centroid_lon": 77.8797, "area_sq_km": 5.5, "boundary_source": "LGD Revenue Village Centroids + Block-Bounded Voronoi Tessellation", "boundary_quality": "DERIVED"}, "geometry": {"type": "Polygon", "coordinates": [[[77.89196, 23.21467], [77.89201, 23.21935], [77.88862, 23.22283], [77.88422, 23.22444], [77.87991, 23.22477], [77.87567, 23.22442], [77.87131, 23.22297], [77.86756, 23.21981], [77.86767, 23.21512], [77.8699, 23.21136], [77.87235, 23.20837], [77.87469, 23.20431], [77.87942, 23.20184], [77.88431, 23.204], [77.88883, 23.21121], [77.89196, 23.21467]]]}}, {"type": "Feature", "properties": {"state": "Madhya Pradesh", "district": "Rajgarh", "block": "Rajgarh", "gp_name": "Rajgarh Gram Panchayat", "state_code": 23, "district_code": 417, "block_code": 3980, "gp_code": 133361, "centroid_lat": 24.0, "centroid_lon": 76.906, "area_sq_km": 5.6, "boundary_source": "LGD Revenue Village Centroids + Block-Bounded Voronoi Tessellation", "boundary_quality": "DERIVED"}, "geometry": {"type": "Polygon", "coordinates": [[[76.91865, 23.99984], [76.91841, 24.00454], [76.9148, 24.00787], [76.91044, 24.00948], [76.90189, 24.00948], [76.89761, 24.00792], [76.89355, 24.00492], [76.89351, 24.00015], [76.89878, 23.99354], [76.9012, 23.98974], [76.90581, 23.98735], [76.91061, 23.98937], [76.91286, 23.99352], [76.91865, 23.99984]]]}}, {"type": "Feature", "properties": {"state": "Madhya Pradesh", "district": "Rajgarh", "block": "Rajgarh", "gp_name": "Rajgarh Rural", "state_code": 23, "district_code": 417, "block_code": 3980, "gp_code": 133362, "centroid_lat": 24.02, "centroid_lon": 76.886, "area_sq_km": 5.7, "boundary_source": "LGD Revenue Village Centroids + Block-Bounded Voronoi Tessellation", "boundary_quality": "DERIVED"}, "geometry": {"type": "Polygon", "coordinates": [[[76.89873, 24.01984], [76.89819, 24.02446], [76.8951, 24.02814], [76.89044, 24.02948], [76.88614, 24.02988], [76.8818, 24.02968], [76.87742, 24.02809], [76.87357, 24.02491], [76.87387, 24.02015], [76.87856, 24.01335], [76.88123, 24.0098], [76.88582, 24.00733], [76.89066, 24.00925], [76.89514, 24.01639], [76.89873, 24.01984]]]}}, {"type": "Feature", "properties": {"state": "Madhya Pradesh", "district": "Rajgarh", "block": "Biaora", "gp_name": "Biaora Gram Panchayat", "state_code": 23, "district_code": 417, "block_code": 3981, "gp_code": 133363, "centroid_lat": 24.1386, "centroid_lon": 76.818, "area_sq_km": 5.8, "boundary_source": "LGD Revenue Village Centroids + Block-Bounded Voronoi Tessellation", "boundary_quality": "DERIVED"}, "geometry": {"type": "Polygon", "coordinates": [[[76.83013, 24.13845], [76.83026, 24.14309], [76.82684, 24.1465], [76.82239, 24.14798], [76.81814, 24.14846], [76.80919, 24.1469], [76.80583, 24.1434], [76.80541, 24.13875], [76.8107, 24.13207], [76.81296, 24.12783], [76.81781, 24.12548], [76.82271, 24.12776], [76.82485, 24.13215], [76.8277, 24.13478], [76.83013, 24.13845]]]}}, {"type": "Feature", "properties": {"state": "Madhya Pradesh", "district": "Rajgarh", "block": "Biaora", "gp_name": "Biaora Rural", "state_code": 23, "district_code": 417, "block_code": 3981, "gp_code": 133364, "centroid_lat": 24.1586, "centroid_lon": 76.798, "area_sq_km": 5.9, "boundary_source": "LGD Revenue Village Centroids + Block-Bounded Voronoi Tessellation", "boundary_quality": "DERIVED"}, "geometry": {"type": "Polygon", "coordinates": [[[76.81027, 24.15845], [76.81063, 24.16323], [76.80676, 24.16643], [76.80251, 24.16824], [76.79374, 24.16839], [76.78915, 24.16693], [76.78594, 24.16335], [76.78559, 24.15875], [76.78847, 24.15511], [76.79301, 24.14794], [76.79782, 24.1456], [76.80263, 24.14797], [76.81027, 24.15845]]]}}, {"type": "Feature", "properties": {"state": "Madhya Pradesh", "district": "Rajgarh", "block": "Khilchipur", "gp_name": "Khilchipur Gram Panchayat", "state_code": 23, "district_code": 417, "block_code": 3982, "gp_code": 133365, "centroid_lat": 24.1386, "centroid_lon": 76.642, "area_sq_km": 6.0, "boundary_source": "LGD Revenue Village Centroids + Block-Bounded Voronoi Tessellation", "boundary_quality": "DERIVED"}, "geometry": {"type": "Polygon", "coordinates": [[[76.65408, 24.13847], [76.65416, 24.14307], [76.65065, 24.14636], [76.64627, 24.14774], [76.64213, 24.14841], [76.63789, 24.14801], [76.63352, 24.14657], [76.6298, 24.14339], [76.62975, 24.13873], [76.63711, 24.12812], [76.64184, 24.12572], [76.64667, 24.12789], [76.64886, 24.13216], [76.65408, 24.13847]]]}}, {"type": "Feature", "properties": {"state": "Madhya Pradesh", "district": "Rajgarh", "block": "Khilchipur", "gp_name": "Khilchipur Rural", "state_code": 23, "district_code": 417, "block_code": 3982, "gp_code": 133366, "centroid_lat": 24.1586, "centroid_lon": 76.622, "area_sq_km": 6.1, "boundary_source": "LGD Revenue Village Centroids + Block-Bounded Voronoi Tessellation", "boundary_quality": "DERIVED"}, "geometry": {"type": "Polygon", "coordinates": [[[76.63475, 24.15846], [76.63433, 24.16313], [76.63083, 24.16652], [76.62631, 24.16784], [76.61786, 24.16808], [76.61326, 24.16681], [76.60962, 24.16346], [76.60992, 24.15873], [76.61484, 24.15218], [76.61716, 24.14822], [76.62184, 24.14594], [76.62664, 24.14798], [76.63121, 24.15499], [76.63475, 24.15846]]]}}, {"type": "Feature", "properties": {"state": "Madhya Pradesh", "district": "Rajgarh", "block": "Narsinghgarh", "gp_name": "Narsinghgarh Gram Panchayat", "state_code": 23, "district_code": 417, "block_code": 3983, "gp_code": 133367, "centroid_lat": 24.0, "centroid_lon": 76.554, "area_sq_km": 6.2, "boundary_source": "LGD Revenue Village Centroids + Block-Bounded Voronoi Tessellation", "boundary_quality": "DERIVED"}, "geometry": {"type": "Polygon", "coordinates": [[[76.56623, 23.99988], [76.56622, 24.0045], [76.56292, 24.00801], [76.55852, 24.00972], [76.55412, 24.00989], [76.54541, 24.00807], [76.54146, 24.00492], [76.54129, 24.00013], [76.54688, 23.9936], [76.549, 23.98925], [76.55384, 23.98705], [76.55875, 23.98912], [76.56087, 23.99355], [76.56623, 23.99988]]]}}, {"type": "Feature", "properties": {"state": "Madhya Pradesh", "district": "Rajgarh", "block": "Narsinghgarh", "gp_name": "Narsinghgarh Rural", "state_code": 23, "district_code": 417, "block_code": 3983, "gp_code": 133368, "centroid_lat": 24.02, "centroid_lon": 76.534, "area_sq_km": 6.3, "boundary_source": "LGD Revenue Village Centroids + Block-Bounded Voronoi Tessellation", "boundary_quality": "DERIVED"}, "geometry": {"type": "Polygon", "coordinates": [[[76.54638, 24.01988], [76.54665, 24.02466], [76.54301, 24.0281], [76.53845, 24.02957], [76.52984, 24.02951], [76.52525, 24.02821], [76.52185, 24.02476], [76.52145, 24.02013], [76.52918, 24.00964], [76.53385, 24.00705], [76.53875, 24.00913], [76.54117, 24.01327], [76.54638, 24.01988]]]}}, {"type": "Feature", "properties": {"state": "Madhya Pradesh", "district": "Rajgarh", "block": "Sarangpur", "gp_name": "Sarangpur Gram Panchayat", "state_code": 23, "district_code": 417, "block_code": 3984, "gp_code": 133369, "centroid_lat": 23.8614, "centroid_lon": 76.642, "area_sq_km": 6.4, "boundary_source": "LGD Revenue Village Centroids + Block-Bounded Voronoi Tessellation", "boundary_quality": "DERIVED"}, "geometry": {"type": "Polygon", "coordinates": [[[76.6544, 23.86127], [76.65426, 23.86592], [76.65081, 23.86932], [76.64649, 23.87106], [76.63779, 23.87106], [76.6336, 23.86931], [76.62985, 23.86618], [76.62955, 23.86153], [76.6347, 23.85484], [76.63711, 23.85089], [76.64184, 23.84872], [76.64656, 23.85094], [76.64883, 23.85497], [76.6544, 23.86127]]]}}, {"type": "Feature", "properties": {"state": "Madhya Pradesh", "district": "Rajgarh", "block": "Sarangpur", "gp_name": "Sarangpur Rural", "state_code": 23, "district_code": 417, "block_code": 3984, "gp_code": 133370, "centroid_lat": 23.8814, "centroid_lon": 76.622, "area_sq_km": 6.5, "boundary_source": "LGD Revenue Village Centroids + Block-Bounded Voronoi Tessellation", "boundary_quality": "DERIVED"}, "geometry": {"type": "Polygon", "coordinates": [[[76.63465, 23.88127], [76.63442, 23.88598], [76.63099, 23.88948], [76.6263, 23.89065], [76.62213, 23.89144], [76.6179, 23.8908], [76.61354, 23.88936], [76.60946, 23.88633], [76.60991, 23.88153], [76.61269, 23.87797], [76.61701, 23.87067], [76.62184, 23.86861], [76.62667, 23.8707], [76.62912, 23.8747], [76.63465, 23.88127]]]}}, {"type": "Feature", "properties": {"state": "Madhya Pradesh", "district": "Rajgarh", "block": "Zirapur", "gp_name": "Zirapur Gram Panchayat", "state_code": 23, "district_code": 417, "block_code": 3985, "gp_code": 133371, "centroid_lat": 23.8614, "centroid_lon": 76.818, "area_sq_km": 6.6, "boundary_source": "LGD Revenue Village Centroids + Block-Bounded Voronoi Tessellation", "boundary_quality": "DERIVED"}, "geometry": {"type": "Polygon", "coordinates": [[[76.83033, 23.86125], [76.8304, 23.86595], [76.82679, 23.86928], [76.8224, 23.87082], [76.81378, 23.87112], [76.80919, 23.86972], [76.80562, 23.86629], [76.80567, 23.86155], [76.80857, 23.85794], [76.81303, 23.85074], [76.81782, 23.84875], [76.82254, 23.85094], [76.82714, 23.85779], [76.83033, 23.86125]]]}}, {"type": "Feature", "properties": {"state": "Madhya Pradesh", "district": "Rajgarh", "block": "Zirapur", "gp_name": "Zirapur Rural", "state_code": 23, "district_code": 417, "block_code": 3985, "gp_code": 133372, "centroid_lat": 23.8814, "centroid_lon": 76.798, "area_sq_km": 6.7, "boundary_source": "LGD Revenue Village Centroids + Block-Bounded Voronoi Tessellation", "boundary_quality": "DERIVED"}, "geometry": {"type": "Polygon", "coordinates": [[[76.81025, 23.88126], [76.81027, 23.88591], [76.8066, 23.88911], [76.80239, 23.89082], [76.79814, 23.89118], [76.79376, 23.89115], [76.78925, 23.88965], [76.78591, 23.88617], [76.7853, 23.88155], [76.78817, 23.87779], [76.79099, 23.87511], [76.79298, 23.87064], [76.79782, 23.86863], [76.80266, 23.87068], [76.80481, 23.87498], [76.8076, 23.87761], [76.81025, 23.88126]]]}}, {"type": "Feature", "properties": {"state": "Madhya Pradesh", "district": "Ratlam", "block": "Ratlam", "gp_name": "Ratlam Gram Panchayat", "state_code": 23, "district_code": 418, "block_code": 4000, "gp_code": 133373, "centroid_lat": 23.32, "centroid_lon": 75.226, "area_sq_km": 6.8, "boundary_source": "LGD Revenue Village Centroids + Block-Bounded Voronoi Tessellation", "boundary_quality": "DERIVED"}, "geometry": {"type": "Polygon", "coordinates": [[[75.23867, 23.31998], [75.23794, 23.32455], [75.23467, 23.32798], [75.23033, 23.32961], [75.22602, 23.32997], [75.22185, 23.3293], [75.21745, 23.32792], [75.2138, 23.32469], [75.2134, 23.32002], [75.219, 23.31356], [75.22133, 23.30962], [75.22598, 23.30724], [75.23068, 23.30952], [75.2354, 23.31639], [75.23867, 23.31998]]]}}, {"type": "Feature", "properties": {"state": "Madhya Pradesh", "district": "Ratlam", "block": "Ratlam", "gp_name": "Ratlam Rural", "state_code": 23, "district_code": 418, "block_code": 4000, "gp_code": 133374, "centroid_lat": 23.34, "centroid_lon": 75.206, "area_sq_km": 6.9, "boundary_source": "LGD Revenue Village Centroids + Block-Bounded Voronoi Tessellation", "boundary_quality": "DERIVED"}, "geometry": {"type": "Polygon", "coordinates": [[[75.21864, 23.33998], [75.21819, 23.34464], [75.21484, 23.34814], [75.21025, 23.34944], [75.20602, 23.34993], [75.19742, 23.34795], [75.19367, 23.34474], [75.19353, 23.34002], [75.19899, 23.33355], [75.20124, 23.32943], [75.20598, 23.32701], [75.21064, 23.32961], [75.21525, 23.33645], [75.21864, 23.33998]]]}}, {"type": "Feature", "properties": {"state": "Madhya Pradesh", "district": "Ratlam", "block": "Alot", "gp_name": "Alot Gram Panchayat", "state_code": 23, "district_code": 418, "block_code": 4001, "gp_code": 133375, "centroid_lat": 23.4586, "centroid_lon": 75.138, "area_sq_km": 7.0, "boundary_source": "LGD Revenue Village Centroids + Block-Bounded Voronoi Tessellation", "boundary_quality": "DERIVED"}, "geometry": {"type": "Polygon", "coordinates": [[[75.15021, 23.45859], [75.15045, 23.46334], [75.14668, 23.46659], [75.14223, 23.468], [75.13801, 23.46856], [75.13374, 23.46812], [75.12921, 23.46672], [75.12546, 23.46341], [75.12572, 23.45861], [75.13117, 23.45231], [75.13339, 23.44835], [75.13799, 23.4458], [75.1428, 23.44789], [75.14502, 23.45211], [75.15021, 23.45859]]]}}, {"type": "Feature", "properties": {"state": "Madhya Pradesh", "district": "Ratlam", "block": "Alot", "gp_name": "Alot Rural", "state_code": 23, "district_code": 418, "block_code": 4001, "gp_code": 133376, "centroid_lat": 23.4786, "centroid_lon": 75.118, "area_sq_km": 7.1, "boundary_source": "LGD Revenue Village Centroids + Block-Bounded Voronoi Tessellation", "boundary_quality": "DERIVED"}, "geometry": {"type": "Polygon", "coordinates": [[[75.13005, 23.47859], [75.13045, 23.48334], [75.12692, 23.48681], [75.12232, 23.4882], [75.11381, 23.48795], [75.10945, 23.4865], [75.10547, 23.4834], [75.10541, 23.47861], [75.11091, 23.47207], [75.11317, 23.46788], [75.11799, 23.46561], [75.12283, 23.46782], [75.12503, 23.4721], [75.13005, 23.47859]]]}}, {"type": "Feature", "properties": {"state": "Madhya Pradesh", "district": "Ratlam", "block": "Bajna", "gp_name": "Bajna Gram Panchayat", "state_code": 23, "district_code": 418, "block_code": 4002, "gp_code": 133377, "centroid_lat": 23.4586, "centroid_lon": 74.962, "area_sq_km": 7.2, "boundary_source": "LGD Revenue Village Centroids + Block-Bounded Voronoi Tessellation", "boundary_quality": "DERIVED"}, "geometry": {"type": "Polygon", "coordinates": [[[74.9744, 23.4586], [74.97447, 23.46337], [74.97086, 23.46677], [74.96633, 23.46826], [74.95764, 23.46829], [74.95318, 23.46673], [74.9495, 23.46337], [74.94978, 23.4586], [74.95736, 23.44825], [74.962, 23.44571], [74.9667, 23.44814], [74.97123, 23.45508], [74.9744, 23.4586]]]}}, {"type": "Feature", "properties": {"state": "Madhya Pradesh", "district": "Ratlam", "block": "Bajna", "gp_name": "Bajna Rural", "state_code": 23, "district_code": 418, "block_code": 4002, "gp_code": 133378, "centroid_lat": 23.4786, "centroid_lon": 74.942, "area_sq_km": 7.3, "boundary_source": "LGD Revenue Village Centroids + Block-Bounded Voronoi Tessellation", "boundary_quality": "DERIVED"}, "geometry": {"type": "Polygon", "coordinates": [[[74.95401, 23.4786], [74.95454, 23.4834], [74.95089, 23.48681], [74.94629, 23.48817], [74.942, 23.48868], [74.93761, 23.48836], [74.93341, 23.48652], [74.93005, 23.48316], [74.92978, 23.47859], [74.93501, 23.47215], [74.93717, 23.46784], [74.94201, 23.46545], [74.94686, 23.46778], [74.94921, 23.47195], [74.95401, 23.4786]]]}}, {"type": "Feature", "properties": {"state": "Madhya Pradesh", "district": "Ratlam", "block": "Jaora", "gp_name": "Jaora Gram Panchayat", "state_code": 23, "district_code": 418, "block_code": 4003, "gp_code": 133379, "centroid_lat": 23.32, "centroid_lon": 74.874, "area_sq_km": 7.4, "boundary_source": "LGD Revenue Village Centroids + Block-Bounded Voronoi Tessellation", "boundary_quality": "DERIVED"}, "geometry": {"type": "Polygon", "coordinates": [[[74.88653, 23.32001], [74.88642, 23.32476], [74.88294, 23.32827], [74.87819, 23.32937], [74.87399, 23.32979], [74.86534, 23.32799], [74.86172, 23.32468], [74.86186, 23.31999], [74.86937, 23.30966], [74.87401, 23.30697], [74.87866, 23.30963], [74.88331, 23.31645], [74.88653, 23.32001]]]}}, {"type": "Feature", "properties": {"state": "Madhya Pradesh", "district": "Ratlam", "block": "Jaora", "gp_name": "Jaora Rural", "state_code": 23, "district_code": 418, "block_code": 4003, "gp_code": 133380, "centroid_lat": 23.34, "centroid_lon": 74.854, "area_sq_km": 7.5, "boundary_source": "LGD Revenue Village Centroids + Block-Bounded Voronoi Tessellation", "boundary_quality": "DERIVED"}, "geometry": {"type": "Polygon", "coordinates": [[[74.86613, 23.34001], [74.86651, 23.3448], [74.86256, 23.34792], [74.85818, 23.34934], [74.85399, 23.3501], [74.8497, 23.34956], [74.84515, 23.34815], [74.84157, 23.34474], [74.84177, 23.33999], [74.8494, 23.32972], [74.85401, 23.32685], [74.85862, 23.32973], [74.86095, 23.3336], [74.86613, 23.34001]]]}}, {"type": "Feature", "properties": {"state": "Madhya Pradesh", "district": "Ratlam", "block": "Piploda", "gp_name": "Piploda Gram Panchayat", "state_code": 23, "district_code": 418, "block_code": 4004, "gp_code": 133381, "centroid_lat": 23.1814, "centroid_lon": 74.962, "area_sq_km": 7.6, "boundary_source": "LGD Revenue Village Centroids + Block-Bounded Voronoi Tessellation", "boundary_quality": "DERIVED"}, "geometry": {"type": "Polygon", "coordinates": [[[74.97433, 23.1814], [74.97438, 23.18614], [74.97056, 23.18932], [74.96622, 23.19082], [74.962, 23.19154], [74.95776, 23.19085], [74.95323, 23.18951], [74.94973, 23.1861], [74.94969, 23.1814], [74.95277, 23.17786], [74.95731, 23.17093], [74.962, 23.16851], [74.96676, 23.17078], [74.97433, 23.1814]]]}}, {"type": "Feature", "properties": {"state": "Madhya Pradesh", "district": "Ratlam", "block": "Piploda", "gp_name": "Piploda Rural", "state_code": 23, "district_code": 418, "block_code": 4004, "gp_code": 133382, "centroid_lat": 23.2014, "centroid_lon": 74.942, "area_sq_km": 7.7, "boundary_source": "LGD Revenue Village Centroids + Block-Bounded Voronoi Tessellation", "boundary_quality": "DERIVED"}, "geometry": {"type": "Polygon", "coordinates": [[[74.95411, 23.2014], [74.95395, 23.20598], [74.95073, 23.20948], [74.94629, 23.21098], [74.942, 23.21136], [74.93311, 23.20961], [74.92944, 23.2062], [74.92959, 23.20139], [74.93504, 23.19496], [74.93721, 23.1907], [74.94201, 23.18841], [74.94683, 23.19063], [74.95121, 23.19788], [74.95411, 23.2014]]]}}, {"type": "Feature", "properties": {"state": "Madhya Pradesh", "district": "Ratlam", "block": "Sailana", "gp_name": "Sailana Gram Panchayat", "state_code": 23, "district_code": 418, "block_code": 4005, "gp_code": 133383, "centroid_lat": 23.1814, "centroid_lon": 75.138, "area_sq_km": 7.8, "boundary_source": "LGD Revenue Village Centroids + Block-Bounded Voronoi Tessellation", "boundary_quality": "DERIVED"}, "geometry": {"type": "Polygon", "coordinates": [[[75.15019, 23.18139], [75.15023, 23.18607], [75.14685, 23.18956], [75.14214, 23.19062], [75.13801, 23.19103], [75.1338, 23.1908], [75.12936, 23.18941], [75.1256, 23.18616], [75.12569, 23.18141], [75.12887, 23.17791], [75.13327, 23.17088], [75.13799, 23.16826], [75.14279, 23.17068], [75.1452, 23.17473], [75.15019, 23.18139]]]}}, {"type": "Feature", "properties": {"state": "Madhya Pradesh", "district": "Ratlam", "block": "Sailana", "gp_name": "Sailana Rural", "state_code": 23, "district_code": 418, "block_code": 4005, "gp_code": 133384, "centroid_lat": 23.2014, "centroid_lon": 75.118, "area_sq_km": 7.9, "boundary_source": "LGD Revenue Village Centroids + Block-Bounded Voronoi Tessellation", "boundary_quality": "DERIVED"}, "geometry": {"type": "Polygon", "coordinates": [[[75.13032, 23.20139], [75.12992, 23.20595], [75.1266, 23.20934], [75.12214, 23.21062], [75.11801, 23.21128], [75.11376, 23.21089], [75.1094, 23.20936], [75.10555, 23.20618], [75.10549, 23.20141], [75.11116, 23.19508], [75.11338, 23.19112], [75.11799, 23.18848], [75.12261, 23.19108], [75.12485, 23.19506], [75.13032, 23.20139]]]}}, {"type": "Feature", "properties": {"state": "Madhya Pradesh", "district": "Rewa", "block": "Rewa", "gp_name": "Rewa Gram Panchayat", "state_code": 23, "district_code": 419, "block_code": 4020, "gp_code": 133385, "centroid_lat": 24.52, "centroid_lon": 81.486, "area_sq_km": 8.0, "boundary_source": "LGD Revenue Village Centroids + Block-Bounded Voronoi Tessellation", "boundary_quality": "DERIVED"}, "geometry": {"type": "Polygon", "coordinates": [[[81.49828, 24.51947], [81.49856, 24.52413], [81.49512, 24.52759], [81.49083, 24.52939], [81.48652, 24.53002], [81.48218, 24.52972], [81.47779, 24.52825], [81.47393, 24.5252], [81.47391, 24.52052], [81.47614, 24.51675], [81.47876, 24.51397], [81.48059, 24.50949], [81.48535, 24.50732], [81.49013, 24.50949], [81.49257, 24.51339], [81.49828, 24.51947]]]}}, {"type": "Feature", "properties": {"state": "Madhya Pradesh", "district": "Rewa", "block": "Rewa", "gp_name": "Rewa Rural", "state_code": 23, "district_code": 419, "block_code": 4020, "gp_code": 133386, "centroid_lat": 24.54, "centroid_lon": 81.466, "area_sq_km": 8.1, "boundary_source": "LGD Revenue Village Centroids + Block-Bounded Voronoi Tessellation", "boundary_quality": "DERIVED"}, "geometry": {"type": "Polygon", "coordinates": [[[81.47819, 24.53947], [81.47821, 24.54402], [81.4751, 24.54757], [81.47082, 24.54937], [81.46651, 24.5499], [81.46213, 24.54983], [81.45789, 24.54815], [81.45366, 24.54531], [81.4536, 24.54053], [81.45858, 24.53382], [81.46085, 24.52998], [81.46533, 24.52702], [81.47027, 24.52915], [81.47819, 24.53947]]]}}, {"type": "Feature", "properties": {"state": "Madhya Pradesh", "district": "Rewa", "block": "Gangev", "gp_name": "Gangev Gram Panchayat", "state_code": 23, "district_code": 419, "block_code": 4021, "gp_code": 133387, "centroid_lat": 24.6065, "centroid_lon": 81.4581, "area_sq_km": 8.2, "boundary_source": "LGD Revenue Village Centroids + Block-Bounded Voronoi Tessellation", "boundary_quality": "DERIVED"}, "geometry": {"type": "Polygon", "coordinates": [[[81.47063, 24.60596], [81.47067, 24.61064], [81.46721, 24.61408], [81.46283, 24.61569], [81.45861, 24.61637], [81.45423, 24.61632], [81.44971, 24.61492], [81.44629, 24.61158], [81.44593, 24.60702], [81.44812, 24.60322], [81.45068, 24.60032], [81.45292, 24.59644], [81.45746, 24.59399], [81.46235, 24.5957], [81.46729, 24.60255], [81.47063, 24.60596]]]}}, {"type": "Feature", "properties": {"state": "Madhya Pradesh", "district": "Rewa", "block": "Gangev", "gp_name": "Gangev Rural", "state_code": 23, "district_code": 419, "block_code": 4021, "gp_code": 133388, "centroid_lat": 24.6265, "centroid_lon": 81.4381, "area_sq_km": 8.3, "boundary_source": "LGD Revenue Village Centroids + Block-Bounded Voronoi Tessellation", "boundary_quality": "DERIVED"}, "geometry": {"type": "Polygon", "coordinates": [[[81.45016, 24.62598], [81.45041, 24.63055], [81.44731, 24.63416], [81.44299, 24.63601], [81.43443, 24.63582], [81.42958, 24.63505], [81.42576, 24.63181], [81.42574, 24.62703], [81.42811, 24.62321], [81.43052, 24.62019], [81.43276, 24.61612], [81.43744, 24.61366], [81.44241, 24.61557], [81.44475, 24.61982], [81.44756, 24.62243], [81.45016, 24.62598]]]}}, {"type": "Feature", "properties": {"state": "Madhya Pradesh", "district": "Rewa", "block": "Hanumana", "gp_name": "Hanumana Gram Panchayat", "state_code": 23, "district_code": 419, "block_code": 4022, "gp_code": 133389, "centroid_lat": 24.6655, "centroid_lon": 81.3831, "area_sq_km": 8.4, "boundary_source": "LGD Revenue Village Centroids + Block-Bounded Voronoi Tessellation", "boundary_quality": "DERIVED"}, "geometry": {"type": "Polygon", "coordinates": [[[81.39518, 24.66498], [81.3956, 24.66962], [81.39229, 24.67315], [81.38795, 24.67493], [81.37922, 24.67534], [81.37479, 24.67383], [81.37105, 24.67067], [81.37075, 24.66603], [81.3778, 24.65519], [81.38244, 24.65264], [81.38738, 24.65465], [81.39518, 24.66498]]]}}, {"type": "Feature", "properties": {"state": "Madhya Pradesh", "district": "Rewa", "block": "Hanumana", "gp_name": "Hanumana Rural", "state_code": 23, "district_code": 419, "block_code": 4022, "gp_code": 133390, "centroid_lat": 24.6855, "centroid_lon": 81.3631, "area_sq_km": 8.5, "boundary_source": "LGD Revenue Village Centroids + Block-Bounded Voronoi Tessellation", "boundary_quality": "DERIVED"}, "geometry": {"type": "Polygon", "coordinates": [[[81.37522, 24.68498], [81.37588, 24.68971], [81.37203, 24.69294], [81.36361, 24.69556], [81.3592, 24.69537], [81.35498, 24.69364], [81.35097, 24.69071], [81.35076, 24.68602], [81.35326, 24.68226], [81.35584, 24.67946], [81.35774, 24.67509], [81.36243, 24.67236], [81.36726, 24.67496], [81.36977, 24.67881], [81.37522, 24.68498]]]}}, {"type": "Feature", "properties": {"state": "Madhya Pradesh", "district": "Rewa", "block": "Huzur", "gp_name": "Huzur Gram Panchayat", "state_code": 23, "district_code": 419, "block_code": 4023, "gp_code": 133391, "centroid_lat": 24.6784, "centroid_lon": 81.285, "area_sq_km": 8.6, "boundary_source": "LGD Revenue Village Centroids + Block-Bounded Voronoi Tessellation", "boundary_quality": "DERIVED"}, "geometry": {"type": "Polygon", "coordinates": [[[81.29717, 24.67789], [81.29783, 24.68263], [81.29424, 24.6861], [81.28985, 24.68785], [81.28113, 24.68819], [81.27689, 24.68653], [81.27283, 24.68362], [81.27257, 24.67892], [81.27983, 24.66834], [81.28434, 24.66538], [81.2893, 24.66753], [81.29166, 24.67173], [81.29717, 24.67789]]]}}, {"type": "Feature", "properties": {"state": "Madhya Pradesh", "district": "Rewa", "block": "Huzur", "gp_name": "Huzur Rural", "state_code": 23, "district_code": 419, "block_code": 4023, "gp_code": 133392, "centroid_lat": 24.6984, "centroid_lon": 81.265, "area_sq_km": 8.7, "boundary_source": "LGD Revenue Village Centroids + Block-Bounded Voronoi Tessellation", "boundary_quality": "DERIVED"}, "geometry": {"type": "Polygon", "coordinates": [[[81.27716, 24.69789], [81.27773, 24.7026], [81.27408, 24.70597], [81.26984, 24.70783], [81.26125, 24.70787], [81.25682, 24.70659], [81.25308, 24.70351], [81.25296, 24.6989], [81.25964, 24.68796], [81.26435, 24.68554], [81.2693, 24.68754], [81.2716, 24.69179], [81.27462, 24.69428], [81.27716, 24.69789]]]}}, {"type": "Feature", "properties": {"state": "Madhya Pradesh", "district": "Rewa", "block": "Jawa", "gp_name": "Jawa Gram Panchayat", "state_code": 23, "district_code": 419, "block_code": 4024, "gp_code": 133393, "centroid_lat": 24.6409, "centroid_lon": 81.1947, "area_sq_km": 8.8, "boundary_source": "LGD Revenue Village Centroids + Block-Bounded Voronoi Tessellation", "boundary_quality": "DERIVED"}, "geometry": {"type": "Polygon", "coordinates": [[[81.20693, 24.64039], [81.20731, 24.64507], [81.20407, 24.64872], [81.19932, 24.64991], [81.19519, 24.6507], [81.19099, 24.65026], [81.18639, 24.64921], [81.18254, 24.6461], [81.18218, 24.64142], [81.18506, 24.63771], [81.1893, 24.63035], [81.19406, 24.62798], [81.19887, 24.63038], [81.20693, 24.64039]]]}}, {"type": "Feature", "properties": {"state": "Madhya Pradesh", "district": "Rewa", "block": "Jawa", "gp_name": "Jawa Rural", "state_code": 23, "district_code": 419, "block_code": 4024, "gp_code": 133394, "centroid_lat": 24.6609, "centroid_lon": 81.1747, "area_sq_km": 8.9, "boundary_source": "LGD Revenue Village Centroids + Block-Bounded Voronoi Tessellation", "boundary_quality": "DERIVED"}, "geometry": {"type": "Polygon", "coordinates": [[[81.18733, 24.66038], [81.18707, 24.665], [81.18391, 24.66859], [81.17951, 24.67028], [81.1752, 24.67097], [81.16613, 24.66947], [81.1629, 24.66595], [81.16234, 24.66141], [81.16713, 24.65458], [81.16937, 24.65049], [81.17406, 24.64791], [81.17896, 24.65015], [81.18157, 24.65403], [81.18733, 24.66038]]]}}, {"type": "Feature", "properties": {"state": "Madhya Pradesh", "district": "Rewa", "block": "Mauganj", "gp_name": "Mauganj Gram Panchayat", "state_code": 23, "district_code": 419, "block_code": 4025, "gp_code": 133395, "centroid_lat": 24.5651, "centroid_lon": 81.1411, "area_sq_km": 9.0, "boundary_source": "LGD Revenue Village Centroids + Block-Bounded Voronoi Tessellation", "boundary_quality": "DERIVED"}, "geometry": {"type": "Polygon", "coordinates": [[[81.15327, 24.5646], [81.15385, 24.56933], [81.15047, 24.57293], [81.14597, 24.57463], [81.14159, 24.57518], [81.1372, 24.57493], [81.13298, 24.57322], [81.12906, 24.57025], [81.12896, 24.5656], [81.13594, 24.55501], [81.14046, 24.55202], [81.14531, 24.55448], [81.14784, 24.55836], [81.15327, 24.5646]]]}}, {"type": "Feature", "properties": {"state": "Madhya Pradesh", "district": "Rewa", "block": "Mauganj", "gp_name": "Mauganj Rural", "state_code": 23, "district_code": 419, "block_code": 4025, "gp_code": 133396, "centroid_lat": 24.5851, "centroid_lon": 81.1211, "area_sq_km": 9.1, "boundary_source": "LGD Revenue Village Centroids + Block-Bounded Voronoi Tessellation", "boundary_quality": "DERIVED"}, "geometry": {"type": "Polygon", "coordinates": [[[81.13376, 24.58458], [81.13368, 24.58927], [81.1304, 24.59288], [81.12158, 24.59488], [81.11722, 24.59487], [81.1129, 24.5933], [81.10914, 24.59021], [81.10845, 24.58562], [81.11346, 24.57871], [81.11576, 24.57465], [81.12048, 24.57242], [81.12536, 24.57438], [81.12775, 24.57845], [81.13376, 24.58458]]]}}, {"type": "Feature", "properties": {"state": "Madhya Pradesh", "district": "Rewa", "block": "Naigarhi", "gp_name": "Naigarhi Gram Panchayat", "state_code": 23, "district_code": 419, "block_code": 4026, "gp_code": 133397, "centroid_lat": 24.4749, "centroid_lon": 81.1411, "area_sq_km": 9.2, "boundary_source": "LGD Revenue Village Centroids + Block-Bounded Voronoi Tessellation", "boundary_quality": "DERIVED"}, "geometry": {"type": "Polygon", "coordinates": [[[81.1534, 24.4744], [81.15345, 24.479], [81.15037, 24.48266], [81.14582, 24.48414], [81.14159, 24.48491], [81.13254, 24.48346], [81.12894, 24.4801], [81.1286, 24.47541], [81.13387, 24.46885], [81.13586, 24.46464], [81.14049, 24.46231], [81.14545, 24.46393], [81.14767, 24.46833], [81.15065, 24.47081], [81.1534, 24.4744]]]}}, {"type": "Feature", "properties": {"state": "Madhya Pradesh", "district": "Rewa", "block": "Naigarhi", "gp_name": "Naigarhi Rural", "state_code": 23, "district_code": 419, "block_code": 4026, "gp_code": 133398, "centroid_lat": 24.4949, "centroid_lon": 81.1211, "area_sq_km": 9.3, "boundary_source": "LGD Revenue Village Centroids + Block-Bounded Voronoi Tessellation", "boundary_quality": "DERIVED"}, "geometry": {"type": "Polygon", "coordinates": [[[81.13335, 24.4944], [81.13353, 24.49903], [81.13001, 24.50236], [81.12585, 24.5042], [81.11727, 24.50454], [81.11269, 24.50331], [81.10898, 24.50008], [81.10868, 24.4954], [81.11123, 24.49162], [81.1139, 24.48887], [81.11591, 24.48474], [81.12046, 24.48179], [81.12538, 24.48411], [81.12796, 24.48804], [81.13335, 24.4944]]]}}, {"type": "Feature", "properties": {"state": "Madhya Pradesh", "district": "Rewa", "block": "Raipur Karchuliyan", "gp_name": "Raipur Karchuliyan Gram Panchayat", "state_code": 23, "district_code": 419, "block_code": 4027, "gp_code": 133399, "centroid_lat": 24.3991, "centroid_lon": 81.1947, "area_sq_km": 9.4, "boundary_source": "LGD Revenue Village Centroids + Block-Bounded Voronoi Tessellation", "boundary_quality": "DERIVED"}, "geometry": {"type": "Polygon", "coordinates": [[[81.20705, 24.39859], [81.20712, 24.40323], [81.20403, 24.40691], [81.19941, 24.40832], [81.19518, 24.40898], [81.19087, 24.40877], [81.18645, 24.40736], [81.18287, 24.40417], [81.18209, 24.39962], [81.18749, 24.39307], [81.18959, 24.3891], [81.19408, 24.38646], [81.19894, 24.3884], [81.20705, 24.39859]]]}}, {"type": "Feature", "properties": {"state": "Madhya Pradesh", "district": "Rewa", "block": "Raipur Karchuliyan", "gp_name": "Raipur Karchuliyan Rural", "state_code": 23, "district_code": 419, "block_code": 4027, "gp_code": 133400, "centroid_lat": 24.4191, "centroid_lon": 81.1747, "area_sq_km": 4.5, "boundary_source": "LGD Revenue Village Centroids + Block-Bounded Voronoi Tessellation", "boundary_quality": "DERIVED"}, "geometry": {"type": "Polygon", "coordinates": [[[81.18683, 24.4186], [81.18707, 24.42321], [81.1839, 24.4268], [81.17941, 24.42832], [81.17517, 24.42882], [81.16616, 24.42765], [81.16277, 24.42421], [81.16204, 24.41962], [81.16716, 24.41279], [81.16948, 24.40888], [81.17409, 24.40659], [81.17886, 24.40859], [81.18142, 24.41237], [81.18683, 24.4186]]]}}, {"type": "Feature", "properties": {"state": "Madhya Pradesh", "district": "Rewa", "block": "Semariya", "gp_name": "Semariya Gram Panchayat", "state_code": 23, "district_code": 419, "block_code": 4028, "gp_code": 133401, "centroid_lat": 24.3616, "centroid_lon": 81.285, "area_sq_km": 4.6, "boundary_source": "LGD Revenue Village Centroids + Block-Bounded Voronoi Tessellation", "boundary_quality": "DERIVED"}, "geometry": {"type": "Polygon", "coordinates": [[[81.29746, 24.36108], [81.29774, 24.36582], [81.29397, 24.3691], [81.28975, 24.37089], [81.28122, 24.37116], [81.27675, 24.36988], [81.27305, 24.36673], [81.27245, 24.36212], [81.27744, 24.35528], [81.2796, 24.35103], [81.28437, 24.34897], [81.28916, 24.35108], [81.29746, 24.36108]]]}}, {"type": "Feature", "properties": {"state": "Madhya Pradesh", "district": "Rewa", "block": "Semariya", "gp_name": "Semariya Rural", "state_code": 23, "district_code": 419, "block_code": 4028, "gp_code": 133402, "centroid_lat": 24.3816, "centroid_lon": 81.265, "area_sq_km": 4.7, "boundary_source": "LGD Revenue Village Centroids + Block-Bounded Voronoi Tessellation", "boundary_quality": "DERIVED"}, "geometry": {"type": "Polygon", "coordinates": [[[81.27715, 24.38109], [81.27743, 24.38572], [81.27415, 24.38925], [81.26974, 24.39087], [81.26548, 24.39137], [81.25668, 24.38995], [81.25309, 24.38671], [81.25286, 24.3821], [81.2575, 24.37532], [81.25965, 24.37114], [81.26437, 24.36888], [81.26916, 24.37108], [81.27174, 24.37484], [81.27715, 24.38109]]]}}, {"type": "Feature", "properties": {"state": "Madhya Pradesh", "district": "Rewa", "block": "Sirmaur", "gp_name": "Sirmaur Gram Panchayat", "state_code": 23, "district_code": 419, "block_code": 4029, "gp_code": 133403, "centroid_lat": 24.3745, "centroid_lon": 81.3831, "area_sq_km": 4.8, "boundary_source": "LGD Revenue Village Centroids + Block-Bounded Voronoi Tessellation", "boundary_quality": "DERIVED"}, "geometry": {"type": "Polygon", "coordinates": [[[81.39534, 24.37398], [81.39561, 24.37864], [81.39226, 24.38215], [81.38775, 24.38357], [81.3792, 24.3844], [81.3746, 24.38304], [81.37094, 24.37973], [81.37097, 24.37501], [81.37329, 24.37125], [81.3779, 24.36435], [81.38244, 24.3615], [81.38736, 24.3637], [81.38985, 24.36772], [81.39534, 24.37398]]]}}, {"type": "Feature", "properties": {"state": "Madhya Pradesh", "district": "Rewa", "block": "Sirmaur", "gp_name": "Sirmaur Rural", "state_code": 23, "district_code": 419, "block_code": 4029, "gp_code": 133404, "centroid_lat": 24.3945, "centroid_lon": 81.3631, "area_sq_km": 4.9, "boundary_source": "LGD Revenue Village Centroids + Block-Bounded Voronoi Tessellation", "boundary_quality": "DERIVED"}, "geometry": {"type": "Polygon", "coordinates": [[[81.37522, 24.39399], [81.37556, 24.39862], [81.37215, 24.40206], [81.3636, 24.40448], [81.35485, 24.40278], [81.35134, 24.39955], [81.35072, 24.39502], [81.35569, 24.38831], [81.35778, 24.38412], [81.36245, 24.38159], [81.36733, 24.38377], [81.37211, 24.39063], [81.37522, 24.39399]]]}}, {"type": "Feature", "properties": {"state": "Madhya Pradesh", "district": "Rewa", "block": "Teonthar", "gp_name": "Teonthar Gram Panchayat", "state_code": 23, "district_code": 419, "block_code": 4030, "gp_code": 133405, "centroid_lat": 24.4335, "centroid_lon": 81.4581, "area_sq_km": 5.0, "boundary_source": "LGD Revenue Village Centroids + Block-Bounded Voronoi Tessellation", "boundary_quality": "DERIVED"}, "geometry": {"type": "Polygon", "coordinates": [[[81.47075, 24.43296], [81.47056, 24.43761], [81.46733, 24.44119], [81.46272, 24.44249], [81.45436, 24.44301], [81.44957, 24.44208], [81.44584, 24.43877], [81.44578, 24.43403], [81.45074, 24.42736], [81.4528, 24.42317], [81.45744, 24.42053], [81.4624, 24.42258], [81.4647, 24.42686], [81.47075, 24.43296]]]}}, {"type": "Feature", "properties": {"state": "Madhya Pradesh", "district": "Rewa", "block": "Teonthar", "gp_name": "Teonthar Rural", "state_code": 23, "district_code": 419, "block_code": 4030, "gp_code": 133406, "centroid_lat": 24.4535, "centroid_lon": 81.4381, "area_sq_km": 5.1, "boundary_source": "LGD Revenue Village Centroids + Block-Bounded Voronoi Tessellation", "boundary_quality": "DERIVED"}, "geometry": {"type": "Polygon", "coordinates": [[[81.45027, 24.45298], [81.45095, 24.45774], [81.44744, 24.46129], [81.43862, 24.46362], [81.43423, 24.46333], [81.42984, 24.4618], [81.42628, 24.45858], [81.42588, 24.45402], [81.43076, 24.44738], [81.43295, 24.44347], [81.43745, 24.44084], [81.44224, 24.443], [81.44477, 24.4468], [81.44766, 24.44939], [81.45027, 24.45298]]]}}, {"type": "Feature", "properties": {"state": "Madhya Pradesh", "district": "Sagar", "block": "Sagar", "gp_name": "Sagar Gram Panchayat", "state_code": 23, "district_code": 420, "block_code": 4040, "gp_code": 133407, "centroid_lat": 23.82, "centroid_lon": 78.926, "area_sq_km": 5.2, "boundary_source": "LGD Revenue Village Centroids + Block-Bounded Voronoi Tessellation", "boundary_quality": "DERIVED"}, "geometry": {"type": "Polygon", "coordinates": [[[78.93836, 23.81968], [78.93868, 23.82446], [78.93475, 23.82761], [78.93054, 23.82934], [78.92193, 23.82979], [78.91733, 23.82844], [78.91365, 23.82508], [78.91341, 23.82032], [78.9187, 23.81365], [78.92089, 23.80949], [78.9256, 23.80687], [78.93047, 23.80924], [78.93288, 23.81331], [78.93836, 23.81968]]]}}, {"type": "Feature", "properties": {"state": "Madhya Pradesh", "district": "Sagar", "block": "Sagar", "gp_name": "Sagar Rural", "state_code": 23, "district_code": 420, "block_code": 4040, "gp_code": 133408, "centroid_lat": 23.84, "centroid_lon": 78.906, "area_sq_km": 5.3, "boundary_source": "LGD Revenue Village Centroids + Block-Bounded Voronoi Tessellation", "boundary_quality": "DERIVED"}, "geometry": {"type": "Polygon", "coordinates": [[[78.91858, 23.83968], [78.91831, 23.84433], [78.91511, 23.84793], [78.91042, 23.84909], [78.90629, 23.84964], [78.90206, 23.84948], [78.89729, 23.84847], [78.89375, 23.84503], [78.89388, 23.84031], [78.89614, 23.83653], [78.89891, 23.83383], [78.90091, 23.82951], [78.90562, 23.82733], [78.91045, 23.82929], [78.91291, 23.83329], [78.91858, 23.83968]]]}}, {"type": "Feature", "properties": {"state": "Madhya Pradesh", "district": "Sagar", "block": "Banda", "gp_name": "Banda Gram Panchayat", "state_code": 23, "district_code": 420, "block_code": 4041, "gp_code": 133409, "centroid_lat": 23.9065, "centroid_lon": 78.8981, "area_sq_km": 5.4, "boundary_source": "LGD Revenue Village Centroids + Block-Bounded Voronoi Tessellation", "boundary_quality": "DERIVED"}, "geometry": {"type": "Polygon", "coordinates": [[[78.91055, 23.90618], [78.91063, 23.9109], [78.90731, 23.91451], [78.90265, 23.91585], [78.89418, 23.91592], [78.88957, 23.91479], [78.88615, 23.91141], [78.88568, 23.90681], [78.88871, 23.9032], [78.89318, 23.89638], [78.89771, 23.89341], [78.90252, 23.89587], [78.90713, 23.90279], [78.91055, 23.90618]]]}}, {"type": "Feature", "properties": {"state": "Madhya Pradesh", "district": "Sagar", "block": "Banda", "gp_name": "Banda Rural", "state_code": 23, "district_code": 420, "block_code": 4041, "gp_code": 133410, "centroid_lat": 23.9265, "centroid_lon": 78.8781, "area_sq_km": 5.5, "boundary_source": "LGD Revenue Village Centroids + Block-Bounded Voronoi Tessellation", "boundary_quality": "DERIVED"}, "geometry": {"type": "Polygon", "coordinates": [[[78.89066, 23.92618], [78.89058, 23.93089], [78.8872, 23.93441], [78.88272, 23.93599], [78.87413, 23.93603], [78.86984, 23.93452], [78.86627, 23.93136], [78.8656, 23.92682], [78.86828, 23.92305], [78.87106, 23.92037], [78.87316, 23.91633], [78.87772, 23.91373], [78.88244, 23.91608], [78.88727, 23.92274], [78.89066, 23.92618]]]}}, {"type": "Feature", "properties": {"state": "Madhya Pradesh", "district": "Sagar", "block": "Bina", "gp_name": "Bina Gram Panchayat", "state_code": 23, "district_code": 420, "block_code": 4042, "gp_code": 133411, "centroid_lat": 23.9655, "centroid_lon": 78.8231, "area_sq_km": 5.6, "boundary_source": "LGD Revenue Village Centroids + Block-Bounded Voronoi Tessellation", "boundary_quality": "DERIVED"}, "geometry": {"type": "Polygon", "coordinates": [[[78.83522, 23.9652], [78.83534, 23.96981], [78.83228, 23.97349], [78.82762, 23.9748], [78.8234, 23.97566], [78.81901, 23.97533], [78.81482, 23.97353], [78.81125, 23.97036], [78.81072, 23.96581], [78.81596, 23.95928], [78.81801, 23.95503], [78.82271, 23.95242], [78.82748, 23.95499], [78.8298, 23.959], [78.83522, 23.9652]]]}}, {"type": "Feature", "properties": {"state": "Madhya Pradesh", "district": "Sagar", "block": "Bina", "gp_name": "Bina Rural", "state_code": 23, "district_code": 420, "block_code": 4042, "gp_code": 133412, "centroid_lat": 23.9855, "centroid_lon": 78.8031, "area_sq_km": 5.7, "boundary_source": "LGD Revenue Village Centroids + Block-Bounded Voronoi Tessellation", "boundary_quality": "DERIVED"}, "geometry": {"type": "Polygon", "coordinates": [[[78.81556, 23.98519], [78.81528, 23.98978], [78.81191, 23.99317], [78.80773, 23.99502], [78.8034, 23.99562], [78.799, 23.99533], [78.79443, 23.9939], [78.79127, 23.99035], [78.79062, 23.98581], [78.79599, 23.97931], [78.79811, 23.97521], [78.80273, 23.97293], [78.80754, 23.97484], [78.81556, 23.98519]]]}}, {"type": "Feature", "properties": {"state": "Madhya Pradesh", "district": "Sagar", "block": "Deori", "gp_name": "Deori Gram Panchayat", "state_code": 23, "district_code": 420, "block_code": 4043, "gp_code": 133413, "centroid_lat": 23.9784, "centroid_lon": 78.725, "area_sq_km": 5.8, "boundary_source": "LGD Revenue Village Centroids + Block-Bounded Voronoi Tessellation", "boundary_quality": "DERIVED"}, "geometry": {"type": "Polygon", "coordinates": [[[78.73747, 23.9781], [78.73738, 23.98276], [78.73392, 23.98617], [78.72964, 23.98797], [78.72099, 23.98799], [78.71647, 23.98666], [78.71294, 23.98334], [78.7129, 23.97869], [78.71761, 23.97196], [78.71982, 23.96771], [78.72464, 23.96584], [78.72945, 23.96773], [78.73747, 23.9781]]]}}, {"type": "Feature", "properties": {"state": "Madhya Pradesh", "district": "Sagar", "block": "Deori", "gp_name": "Deori Rural", "state_code": 23, "district_code": 420, "block_code": 4043, "gp_code": 133414, "centroid_lat": 23.9984, "centroid_lon": 78.705, "area_sq_km": 5.9, "boundary_source": "LGD Revenue Village Centroids + Block-Bounded Voronoi Tessellation", "boundary_quality": "DERIVED"}, "geometry": {"type": "Polygon", "coordinates": [[[78.71716, 23.99811], [78.71757, 24.00283], [78.71376, 24.00603], [78.70957, 24.00782], [78.70529, 24.00849], [78.70103, 24.00791], [78.69657, 24.00657], [78.6931, 24.00327], [78.69238, 23.9987], [78.69759, 23.99194], [78.69989, 23.98787], [78.70463, 23.98532], [78.70939, 23.98788], [78.71172, 23.99189], [78.7146, 23.99447], [78.71716, 23.99811]]]}}, {"type": "Feature", "properties": {"state": "Madhya Pradesh", "district": "Sagar", "block": "Jaisinagar", "gp_name": "Jaisinagar Gram Panchayat", "state_code": 23, "district_code": 420, "block_code": 4044, "gp_code": 133415, "centroid_lat": 23.9409, "centroid_lon": 78.6347, "area_sq_km": 6.0, "boundary_source": "LGD Revenue Village Centroids + Block-Bounded Voronoi Tessellation", "boundary_quality": "DERIVED"}, "geometry": {"type": "Polygon", "coordinates": [[[78.64693, 23.94061], [78.64725, 23.94533], [78.64385, 23.94889], [78.63909, 23.94998], [78.63067, 23.95054], [78.62596, 23.94935], [78.62226, 23.94599], [78.6226, 23.94119], [78.62734, 23.93448], [78.6296, 23.93036], [78.63434, 23.92802], [78.63921, 23.93011], [78.64138, 23.93443], [78.64693, 23.94061]]]}}, {"type": "Feature", "properties": {"state": "Madhya Pradesh", "district": "Sagar", "block": "Jaisinagar", "gp_name": "Jaisinagar Rural", "state_code": 23, "district_code": 420, "block_code": 4044, "gp_code": 133416, "centroid_lat": 23.9609, "centroid_lon": 78.6147, "area_sq_km": 6.1, "boundary_source": "LGD Revenue Village Centroids + Block-Bounded Voronoi Tessellation", "boundary_quality": "DERIVED"}, "geometry": {"type": "Polygon", "coordinates": [[[78.62699, 23.96061], [78.62743, 23.9654], [78.62369, 23.96874], [78.61923, 23.97026], [78.61498, 23.97094], [78.61067, 23.97052], [78.60596, 23.96935], [78.6026, 23.96584], [78.60224, 23.96119], [78.60525, 23.95756], [78.60975, 23.95066], [78.61434, 23.94782], [78.61918, 23.95019], [78.62157, 23.95425], [78.62699, 23.96061]]]}}, {"type": "Feature", "properties": {"state": "Madhya Pradesh", "district": "Sagar", "block": "Kesli", "gp_name": "Kesli Gram Panchayat", "state_code": 23, "district_code": 420, "block_code": 4045, "gp_code": 133417, "centroid_lat": 23.8651, "centroid_lon": 78.5811, "area_sq_km": 6.2, "boundary_source": "LGD Revenue Village Centroids + Block-Bounded Voronoi Tessellation", "boundary_quality": "DERIVED"}, "geometry": {"type": "Polygon", "coordinates": [[[78.59372, 23.86481], [78.59319, 23.86938], [78.58988, 23.87278], [78.58138, 23.87524], [78.57698, 23.87495], [78.57262, 23.87331], [78.56896, 23.87006], [78.56892, 23.86538], [78.57134, 23.86165], [78.57394, 23.85884], [78.57597, 23.85448], [78.58074, 23.8522], [78.58553, 23.85452], [78.59028, 23.86135], [78.59372, 23.86481]]]}}, {"type": "Feature", "properties": {"state": "Madhya Pradesh", "district": "Sagar", "block": "Kesli", "gp_name": "Kesli Rural", "state_code": 23, "district_code": 420, "block_code": 4045, "gp_code": 133418, "centroid_lat": 23.8851, "centroid_lon": 78.5611, "area_sq_km": 6.3, "boundary_source": "LGD Revenue Village Centroids + Block-Bounded Voronoi Tessellation", "boundary_quality": "DERIVED"}, "geometry": {"type": "Polygon", "coordinates": [[[78.57344, 23.88481], [78.57323, 23.88939], [78.57006, 23.89294], [78.56553, 23.89428], [78.56138, 23.89514], [78.55701, 23.89487], [78.55268, 23.89324], [78.54871, 23.89016], [78.54842, 23.88539], [78.55122, 23.8816], [78.55405, 23.87894], [78.55607, 23.87469], [78.56075, 23.87236], [78.56543, 23.87476], [78.56791, 23.87851], [78.57344, 23.88481]]]}}, {"type": "Feature", "properties": {"state": "Madhya Pradesh", "district": "Sagar", "block": "Khurai", "gp_name": "Khurai Gram Panchayat", "state_code": 23, "district_code": 420, "block_code": 4046, "gp_code": 133419, "centroid_lat": 23.7749, "centroid_lon": 78.5811, "area_sq_km": 6.4, "boundary_source": "LGD Revenue Village Centroids + Block-Bounded Voronoi Tessellation", "boundary_quality": "DERIVED"}, "geometry": {"type": "Polygon", "coordinates": [[[78.59359, 23.77461], [78.59367, 23.77935], [78.59006, 23.78274], [78.58138, 23.78499], [78.57713, 23.7844], [78.57276, 23.78298], [78.56911, 23.7798], [78.56886, 23.77518], [78.57376, 23.76848], [78.57594, 23.7642], [78.58075, 23.76225], [78.58552, 23.76433], [78.59024, 23.77117], [78.59359, 23.77461]]]}}, {"type": "Feature", "properties": {"state": "Madhya Pradesh", "district": "Sagar", "block": "Khurai", "gp_name": "Khurai Rural", "state_code": 23, "district_code": 420, "block_code": 4046, "gp_code": 133420, "centroid_lat": 23.7949, "centroid_lon": 78.5611, "area_sq_km": 6.5, "boundary_source": "LGD Revenue Village Centroids + Block-Bounded Voronoi Tessellation", "boundary_quality": "DERIVED"}, "geometry": {"type": "Polygon", "coordinates": [[[78.57351, 23.79461], [78.57359, 23.79933], [78.5698, 23.80251], [78.56567, 23.80437], [78.55705, 23.80458], [78.55265, 23.80307], [78.54892, 23.79988], [78.54893, 23.79518], [78.55137, 23.79145], [78.55408, 23.78876], [78.55609, 23.7845], [78.56075, 23.78208], [78.56554, 23.78428], [78.56803, 23.7882], [78.57351, 23.79461]]]}}, {"type": "Feature", "properties": {"state": "Madhya Pradesh", "district": "Sagar", "block": "Malthon", "gp_name": "Malthon Gram Panchayat", "state_code": 23, "district_code": 420, "block_code": 4047, "gp_code": 133421, "centroid_lat": 23.6991, "centroid_lon": 78.6347, "area_sq_km": 6.6, "boundary_source": "LGD Revenue Village Centroids + Block-Bounded Voronoi Tessellation", "boundary_quality": "DERIVED"}, "geometry": {"type": "Polygon", "coordinates": [[[78.64688, 23.69881], [78.64685, 23.7034], [78.64381, 23.70707], [78.63922, 23.70846], [78.63064, 23.70881], [78.62611, 23.70742], [78.62278, 23.70398], [78.62217, 23.69939], [78.62731, 23.69263], [78.62956, 23.68846], [78.63434, 23.68593], [78.63907, 23.68863], [78.64158, 23.69243], [78.64688, 23.69881]]]}}, {"type": "Feature", "properties": {"state": "Madhya Pradesh", "district": "Sagar", "block": "Malthon", "gp_name": "Malthon Rural", "state_code": 23, "district_code": 420, "block_code": 4047, "gp_code": 133422, "centroid_lat": 23.7191, "centroid_lon": 78.6147, "area_sq_km": 6.7, "boundary_source": "LGD Revenue Village Centroids + Block-Bounded Voronoi Tessellation", "boundary_quality": "DERIVED"}, "geometry": {"type": "Polygon", "coordinates": [[[78.62685, 23.71882], [78.62678, 23.72338], [78.6237, 23.72698], [78.61921, 23.72845], [78.61498, 23.7291], [78.6106, 23.72891], [78.60615, 23.72738], [78.60283, 23.72395], [78.60203, 23.7194], [78.60539, 23.7158], [78.60979, 23.70893], [78.61434, 23.70594], [78.61924, 23.70824], [78.62142, 23.71259], [78.62685, 23.71882]]]}}, {"type": "Feature", "properties": {"state": "Madhya Pradesh", "district": "Sagar", "block": "Rahatgarh", "gp_name": "Rahatgarh Gram Panchayat", "state_code": 23, "district_code": 420, "block_code": 4048, "gp_code": 133423, "centroid_lat": 23.6616, "centroid_lon": 78.725, "area_sq_km": 6.8, "boundary_source": "LGD Revenue Village Centroids + Block-Bounded Voronoi Tessellation", "boundary_quality": "DERIVED"}, "geometry": {"type": "Polygon", "coordinates": [[[78.73747, 23.6613], [78.73715, 23.66589], [78.73377, 23.66926], [78.7296, 23.67112], [78.72528, 23.67157], [78.72099, 23.67122], [78.71669, 23.66967], [78.71301, 23.66652], [78.713, 23.66189], [78.71539, 23.6582], [78.72005, 23.65136], [78.72463, 23.64864], [78.72939, 23.65108], [78.73181, 23.65499], [78.73747, 23.6613]]]}}, {"type": "Feature", "properties": {"state": "Madhya Pradesh", "district": "Sagar", "block": "Rahatgarh", "gp_name": "Rahatgarh Rural", "state_code": 23, "district_code": 420, "block_code": 4048, "gp_code": 133424, "centroid_lat": 23.6816, "centroid_lon": 78.705, "area_sq_km": 6.9, "boundary_source": "LGD Revenue Village Centroids + Block-Bounded Voronoi Tessellation", "boundary_quality": "DERIVED"}, "geometry": {"type": "Polygon", "coordinates": [[[78.71742, 23.6813], [78.71759, 23.68605], [78.71382, 23.68931], [78.70959, 23.6911], [78.70528, 23.69148], [78.69649, 23.68986], [78.69306, 23.68649], [78.69241, 23.6819], [78.69771, 23.67523], [78.69988, 23.671], [78.70464, 23.66895], [78.70942, 23.671], [78.71198, 23.67483], [78.71742, 23.6813]]]}}, {"type": "Feature", "properties": {"state": "Madhya Pradesh", "district": "Sagar", "block": "Rehli", "gp_name": "Rehli Gram Panchayat", "state_code": 23, "district_code": 420, "block_code": 4049, "gp_code": 133425, "centroid_lat": 23.6745, "centroid_lon": 78.8231, "area_sq_km": 7.0, "boundary_source": "LGD Revenue Village Centroids + Block-Bounded Voronoi Tessellation", "boundary_quality": "DERIVED"}, "geometry": {"type": "Polygon", "coordinates": [[[78.83517, 23.6742], [78.83563, 23.67892], [78.83187, 23.68215], [78.82773, 23.68407], [78.81914, 23.68401], [78.81442, 23.68293], [78.81075, 23.67957], [78.81063, 23.67481], [78.81605, 23.66835], [78.81793, 23.66382], [78.82273, 23.66181], [78.82752, 23.66387], [78.83517, 23.6742]]]}}, {"type": "Feature", "properties": {"state": "Madhya Pradesh", "district": "Sagar", "block": "Rehli", "gp_name": "Rehli Rural", "state_code": 23, "district_code": 420, "block_code": 4049, "gp_code": 133426, "centroid_lat": 23.6945, "centroid_lon": 78.8031, "area_sq_km": 7.1, "boundary_source": "LGD Revenue Village Centroids + Block-Bounded Voronoi Tessellation", "boundary_quality": "DERIVED"}, "geometry": {"type": "Polygon", "coordinates": [[[78.81551, 23.69419], [78.8157, 23.69895], [78.812, 23.70226], [78.80765, 23.7039], [78.799, 23.70436], [78.79454, 23.70282], [78.79108, 23.69943], [78.79066, 23.69481], [78.79589, 23.6882], [78.79815, 23.68428], [78.80273, 23.68169], [78.80764, 23.68358], [78.80977, 23.68802], [78.81551, 23.69419]]]}}, {"type": "Feature", "properties": {"state": "Madhya Pradesh", "district": "Sagar", "block": "Shahgarh", "gp_name": "Shahgarh Gram Panchayat", "state_code": 23, "district_code": 420, "block_code": 4050, "gp_code": 133427, "centroid_lat": 23.7335, "centroid_lon": 78.8981, "area_sq_km": 7.2, "boundary_source": "LGD Revenue Village Centroids + Block-Bounded Voronoi Tessellation", "boundary_quality": "DERIVED"}, "geometry": {"type": "Polygon", "coordinates": [[[78.91076, 23.73318], [78.91066, 23.73792], [78.90715, 23.74139], [78.90259, 23.74275], [78.8984, 23.74358], [78.89422, 23.74284], [78.88968, 23.74169], [78.88583, 23.73855], [78.88543, 23.73382], [78.88869, 23.73019], [78.89301, 23.72301], [78.89772, 23.72061], [78.9025, 23.7229], [78.90504, 23.72675], [78.91076, 23.73318]]]}}, {"type": "Feature", "properties": {"state": "Madhya Pradesh", "district": "Sagar", "block": "Shahgarh", "gp_name": "Shahgarh Rural", "state_code": 23, "district_code": 420, "block_code": 4050, "gp_code": 133428, "centroid_lat": 23.7535, "centroid_lon": 78.8781, "area_sq_km": 7.3, "boundary_source": "LGD Revenue Village Centroids + Block-Bounded Voronoi Tessellation", "boundary_quality": "DERIVED"}, "geometry": {"type": "Polygon", "coordinates": [[[78.89037, 23.75319], [78.8902, 23.75776], [78.8873, 23.76152], [78.88254, 23.76265], [78.87839, 23.76333], [78.87411, 23.76311], [78.86948, 23.76188], [78.86626, 23.75837], [78.86589, 23.75381], [78.87104, 23.74734], [78.87312, 23.74324], [78.87771, 23.74045], [78.88252, 23.74287], [78.8849, 23.74689], [78.89037, 23.75319]]]}}, {"type": "Feature", "properties": {"state": "Madhya Pradesh", "district": "Satna", "block": "Satna", "gp_name": "Satna Gram Panchayat", "state_code": 23, "district_code": 421, "block_code": 4060, "gp_code": 133429, "centroid_lat": 24.57, "centroid_lon": 81.016, "area_sq_km": 7.4, "boundary_source": "LGD Revenue Village Centroids + Block-Bounded Voronoi Tessellation", "boundary_quality": "DERIVED"}, "geometry": {"type": "Polygon", "coordinates": [[[81.02845, 24.5695], [81.02848, 24.57415], [81.02494, 24.57749], [81.0207, 24.57922], [81.01216, 24.57964], [81.00767, 24.57831], [81.00373, 24.57523], [81.00383, 24.57049], [81.00876, 24.56393], [81.01082, 24.55984], [81.01537, 24.55692], [81.02023, 24.55936], [81.02521, 24.56607], [81.02845, 24.5695]]]}}, {"type": "Feature", "properties": {"state": "Madhya Pradesh", "district": "Satna", "block": "Satna", "gp_name": "Satna Rural", "state_code": 23, "district_code": 421, "block_code": 4060, "gp_code": 133430, "centroid_lat": 24.59, "centroid_lon": 80.996, "area_sq_km": 7.5, "boundary_source": "LGD Revenue Village Centroids + Block-Bounded Voronoi Tessellation", "boundary_quality": "DERIVED"}, "geometry": {"type": "Polygon", "coordinates": [[[81.00858, 24.5895], [81.00824, 24.59407], [81.00533, 24.59782], [81.00081, 24.59944], [80.99207, 24.59987], [80.9877, 24.59829], [80.98383, 24.59519], [80.98334, 24.59051], [80.98644, 24.58682], [80.99067, 24.57955], [80.99537, 24.57691], [81.00022, 24.5794], [81.00261, 24.5834], [81.00553, 24.58593], [81.00858, 24.5895]]]}}, {"type": "Feature", "properties": {"state": "Madhya Pradesh", "district": "Satna", "block": "Amarpatan", "gp_name": "Amarpatan Gram Panchayat", "state_code": 23, "district_code": 421, "block_code": 4061, "gp_code": 133431, "centroid_lat": 24.6831, "centroid_lon": 80.9645, "area_sq_km": 7.6, "boundary_source": "LGD Revenue Village Centroids + Block-Bounded Voronoi Tessellation", "boundary_quality": "DERIVED"}, "geometry": {"type": "Polygon", "coordinates": [[[80.97722, 24.68259], [80.97734, 24.68737], [80.97389, 24.69096], [80.96935, 24.6926], [80.96073, 24.69256], [80.95619, 24.69138], [80.95211, 24.68838], [80.9523, 24.68359], [80.95471, 24.67984], [80.95937, 24.67304], [80.96388, 24.67007], [80.96884, 24.6722], [80.97149, 24.67613], [80.97722, 24.68259]]]}}, {"type": "Feature", "properties": {"state": "Madhya Pradesh", "district": "Satna", "block": "Amarpatan", "gp_name": "Amarpatan Rural", "state_code": 23, "district_code": 421, "block_code": 4061, "gp_code": 133432, "centroid_lat": 24.7031, "centroid_lon": 80.9445, "area_sq_km": 7.7, "boundary_source": "LGD Revenue Village Centroids + Block-Bounded Voronoi Tessellation", "boundary_quality": "DERIVED"}, "geometry": {"type": "Polygon", "coordinates": [[[80.9566, 24.70262], [80.95725, 24.70734], [80.95351, 24.71064], [80.94924, 24.7124], [80.94079, 24.71241], [80.93597, 24.7116], [80.93251, 24.70821], [80.93243, 24.70358], [80.93453, 24.69978], [80.93723, 24.69701], [80.93927, 24.69284], [80.9439, 24.69058], [80.94869, 24.69258], [80.9566, 24.70262]]]}}, {"type": "Feature", "properties": {"state": "Madhya Pradesh", "district": "Satna", "block": "Majhgawan", "gp_name": "Majhgawan Gram Panchayat", "state_code": 23, "district_code": 421, "block_code": 4062, "gp_code": 133433, "centroid_lat": 24.73, "centroid_lon": 80.84, "area_sq_km": 7.8, "boundary_source": "LGD Revenue Village Centroids + Block-Bounded Voronoi Tessellation", "boundary_quality": "DERIVED"}, "geometry": {"type": "Polygon", "coordinates": [[[80.85262, 24.72951], [80.85235, 24.73412], [80.84931, 24.73781], [80.84485, 24.73951], [80.83615, 24.73964], [80.83158, 24.73837], [80.82766, 24.73524], [80.82737, 24.73049], [80.83275, 24.72392], [80.83463, 24.71946], [80.8394, 24.71715], [80.84422, 24.71945], [80.85262, 24.72951]]]}}, {"type": "Feature", "properties": {"state": "Madhya Pradesh", "district": "Satna", "block": "Majhgawan", "gp_name": "Majhgawan Rural", "state_code": 23, "district_code": 421, "block_code": 4062, "gp_code": 133434, "centroid_lat": 24.75, "centroid_lon": 80.82, "area_sq_km": 7.9, "boundary_source": "LGD Revenue Village Centroids + Block-Bounded Voronoi Tessellation", "boundary_quality": "DERIVED"}, "geometry": {"type": "Polygon", "coordinates": [[[80.83217, 24.74953], [80.83236, 24.75412], [80.82919, 24.7577], [80.8248, 24.75943], [80.82046, 24.7599], [80.81167, 24.75829], [80.80797, 24.75511], [80.80744, 24.75049], [80.81236, 24.74359], [80.81467, 24.73953], [80.81939, 24.73694], [80.82437, 24.73907], [80.82909, 24.74614], [80.83217, 24.74953]]]}}, {"type": "Feature", "properties": {"state": "Madhya Pradesh", "district": "Satna", "block": "Nagod", "gp_name": "Nagod Gram Panchayat", "state_code": 23, "district_code": 421, "block_code": 4063, "gp_code": 133435, "centroid_lat": 24.6831, "centroid_lon": 80.7155, "area_sq_km": 8.0, "boundary_source": "LGD Revenue Village Centroids + Block-Bounded Voronoi Tessellation", "boundary_quality": "DERIVED"}, "geometry": {"type": "Polygon", "coordinates": [[[80.72822, 24.68261], [80.72818, 24.68734], [80.72456, 24.69071], [80.72015, 24.69226], [80.71595, 24.69292], [80.71168, 24.69263], [80.70688, 24.69166], [80.70355, 24.68817], [80.703, 24.68358], [80.70809, 24.67687], [80.71019, 24.67264], [80.71491, 24.67028], [80.71988, 24.67218], [80.72234, 24.67631], [80.72822, 24.68261]]]}}, {"type": "Feature", "properties": {"state": "Madhya Pradesh", "district": "Satna", "block": "Nagod", "gp_name": "Nagod Rural", "state_code": 23, "district_code": 421, "block_code": 4063, "gp_code": 133436, "centroid_lat": 24.7031, "centroid_lon": 80.6955, "area_sq_km": 8.1, "boundary_source": "LGD Revenue Village Centroids + Block-Bounded Voronoi Tessellation", "boundary_quality": "DERIVED"}, "geometry": {"type": "Polygon", "coordinates": [[[80.70784, 24.70263], [80.7081, 24.70732], [80.70463, 24.71077], [80.70013, 24.71221], [80.69595, 24.71292], [80.69167, 24.71265], [80.68729, 24.71125], [80.68308, 24.70836], [80.68289, 24.70358], [80.68558, 24.69978], [80.68829, 24.69704], [80.69011, 24.69249], [80.69491, 24.69008], [80.69987, 24.6922], [80.70234, 24.69631], [80.70784, 24.70263]]]}}, {"type": "Feature", "properties": {"state": "Madhya Pradesh", "district": "Satna", "block": "Ramnagar", "gp_name": "Ramnagar Gram Panchayat", "state_code": 23, "district_code": 421, "block_code": 4064, "gp_code": 133437, "centroid_lat": 24.57, "centroid_lon": 80.664, "area_sq_km": 8.2, "boundary_source": "LGD Revenue Village Centroids + Block-Bounded Voronoi Tessellation", "boundary_quality": "DERIVED"}, "geometry": {"type": "Polygon", "coordinates": [[[80.67642, 24.56953], [80.67674, 24.57427], [80.67303, 24.5776], [80.66881, 24.57949], [80.66022, 24.57942], [80.65547, 24.57847], [80.6522, 24.575], [80.6516, 24.57047], [80.65446, 24.5668], [80.65862, 24.55939], [80.66343, 24.55744], [80.66821, 24.5595], [80.67074, 24.5633], [80.67642, 24.56953]]]}}, {"type": "Feature", "properties": {"state": "Madhya Pradesh", "district": "Satna", "block": "Ramnagar", "gp_name": "Ramnagar Rural", "state_code": 23, "district_code": 421, "block_code": 4064, "gp_code": 133438, "centroid_lat": 24.59, "centroid_lon": 80.644, "area_sq_km": 8.3, "boundary_source": "LGD Revenue Village Centroids + Block-Bounded Voronoi Tessellation", "boundary_quality": "DERIVED"}, "geometry": {"type": "Polygon", "coordinates": [[[80.65639, 24.58953], [80.65674, 24.59427], [80.65316, 24.59772], [80.64864, 24.59916], [80.64444, 24.59972], [80.64022, 24.59943], [80.6358, 24.59814], [80.63191, 24.59512], [80.63194, 24.59045], [80.63404, 24.58666], [80.63665, 24.58381], [80.63876, 24.57965], [80.64342, 24.57717], [80.64825, 24.5794], [80.6531, 24.58614], [80.65639, 24.58953]]]}}, {"type": "Feature", "properties": {"state": "Madhya Pradesh", "district": "Satna", "block": "Rampur Baghelan", "gp_name": "Rampur Baghelan Gram Panchayat", "state_code": 23, "district_code": 421, "block_code": 4065, "gp_code": 133439, "centroid_lat": 24.4569, "centroid_lon": 80.7155, "area_sq_km": 8.4, "boundary_source": "LGD Revenue Village Centroids + Block-Bounded Voronoi Tessellation", "boundary_quality": "DERIVED"}, "geometry": {"type": "Polygon", "coordinates": [[[80.72793, 24.45643], [80.72787, 24.46105], [80.7247, 24.46465], [80.72027, 24.46631], [80.71156, 24.46675], [80.70723, 24.46512], [80.70354, 24.46198], [80.70348, 24.45736], [80.71031, 24.44665], [80.71492, 24.44415], [80.71966, 24.4465], [80.7222, 24.45023], [80.72793, 24.45643]]]}}, {"type": "Feature", "properties": {"state": "Madhya Pradesh", "district": "Satna", "block": "Rampur Baghelan", "gp_name": "Rampur Baghelan Rural", "state_code": 23, "district_code": 421, "block_code": 4065, "gp_code": 133440, "centroid_lat": 24.4769, "centroid_lon": 80.6955, "area_sq_km": 8.5, "boundary_source": "LGD Revenue Village Centroids + Block-Bounded Voronoi Tessellation", "boundary_quality": "DERIVED"}, "geometry": {"type": "Polygon", "coordinates": [[[80.70819, 24.47642], [80.70805, 24.48111], [80.70464, 24.4846], [80.70014, 24.48607], [80.69596, 24.487], [80.69159, 24.48667], [80.68688, 24.48547], [80.68358, 24.48195], [80.68299, 24.47737], [80.6883, 24.47083], [80.69034, 24.46671], [80.69492, 24.46411], [80.69984, 24.46607], [80.70216, 24.47028], [80.70819, 24.47642]]]}}, {"type": "Feature", "properties": {"state": "Madhya Pradesh", "district": "Satna", "block": "Sohawal", "gp_name": "Sohawal Gram Panchayat", "state_code": 23, "district_code": 421, "block_code": 4066, "gp_code": 133441, "centroid_lat": 24.41, "centroid_lon": 80.84, "area_sq_km": 8.6, "boundary_source": "LGD Revenue Village Centroids + Block-Bounded Voronoi Tessellation", "boundary_quality": "DERIVED"}, "geometry": {"type": "Polygon", "coordinates": [[[80.85244, 24.40952], [80.85276, 24.41427], [80.84893, 24.41751], [80.84046, 24.42005], [80.83152, 24.41845], [80.82803, 24.41509], [80.82733, 24.41049], [80.83246, 24.40365], [80.83468, 24.39952], [80.83941, 24.39718], [80.84426, 24.39933], [80.85244, 24.40952]]]}}, {"type": "Feature", "properties": {"state": "Madhya Pradesh", "district": "Satna", "block": "Sohawal", "gp_name": "Sohawal Rural", "state_code": 23, "district_code": 421, "block_code": 4066, "gp_code": 133442, "centroid_lat": 24.43, "centroid_lon": 80.82, "area_sq_km": 8.7, "boundary_source": "LGD Revenue Village Centroids + Block-Bounded Voronoi Tessellation", "boundary_quality": "DERIVED"}, "geometry": {"type": "Polygon", "coordinates": [[[80.8323, 24.42952], [80.83221, 24.43409], [80.82886, 24.43745], [80.82472, 24.4393], [80.82045, 24.43977], [80.81618, 24.43957], [80.81148, 24.43849], [80.80766, 24.43525], [80.80788, 24.43047], [80.81005, 24.42667], [80.8126, 24.42377], [80.81469, 24.41954], [80.81941, 24.41724], [80.82435, 24.4191], [80.82689, 24.42314], [80.8323, 24.42952]]]}}, {"type": "Feature", "properties": {"state": "Madhya Pradesh", "district": "Satna", "block": "Uchehara", "gp_name": "Uchehara Gram Panchayat", "state_code": 23, "district_code": 421, "block_code": 4067, "gp_code": 133443, "centroid_lat": 24.4569, "centroid_lon": 80.9645, "area_sq_km": 8.8, "boundary_source": "LGD Revenue Village Centroids + Block-Bounded Voronoi Tessellation", "boundary_quality": "DERIVED"}, "geometry": {"type": "Polygon", "coordinates": [[[80.97679, 24.45641], [80.97723, 24.46114], [80.97359, 24.46453], [80.96915, 24.46604], [80.96496, 24.46668], [80.95615, 24.46523], [80.95266, 24.46195], [80.95192, 24.4574], [80.95736, 24.45091], [80.95916, 24.4464], [80.96391, 24.44431], [80.9687, 24.44635], [80.97113, 24.45028], [80.97679, 24.45641]]]}}, {"type": "Feature", "properties": {"state": "Madhya Pradesh", "district": "Satna", "block": "Uchehara", "gp_name": "Uchehara Rural", "state_code": 23, "district_code": 421, "block_code": 4067, "gp_code": 133444, "centroid_lat": 24.4769, "centroid_lon": 80.9445, "area_sq_km": 8.9, "boundary_source": "LGD Revenue Village Centroids + Block-Bounded Voronoi Tessellation", "boundary_quality": "DERIVED"}, "geometry": {"type": "Polygon", "coordinates": [[[80.95679, 24.47641], [80.95721, 24.48114], [80.95348, 24.48443], [80.94924, 24.48622], [80.94067, 24.48652], [80.93636, 24.48503], [80.93215, 24.48216], [80.9318, 24.4774], [80.93936, 24.46679], [80.94391, 24.46439], [80.94874, 24.46625], [80.95679, 24.47641]]]}}, {"type": "Feature", "properties": {"state": "Madhya Pradesh", "district": "Sehore", "block": "Sehore", "gp_name": "Sehore Gram Panchayat", "state_code": 23, "district_code": 422, "block_code": 4080, "gp_code": 133445, "centroid_lat": 23.19, "centroid_lon": 77.222, "area_sq_km": 9.0, "boundary_source": "LGD Revenue Village Centroids + Block-Bounded Voronoi Tessellation", "boundary_quality": "DERIVED"}, "geometry": {"type": "Polygon", "coordinates": [[[77.23416, 23.18983], [77.23442, 23.19455], [77.23095, 23.19803], [77.22217, 23.19999], [77.21325, 23.19834], [77.21012, 23.19474], [77.20953, 23.19018], [77.21472, 23.18347], [77.21711, 23.17954], [77.22179, 23.17732], [77.22648, 23.17956], [77.23416, 23.18983]]]}}, {"type": "Feature", "properties": {"state": "Madhya Pradesh", "district": "Sehore", "block": "Sehore", "gp_name": "Sehore Rural", "state_code": 23, "district_code": 422, "block_code": 4080, "gp_code": 133446, "centroid_lat": 23.21, "centroid_lon": 77.202, "area_sq_km": 9.1, "boundary_source": "LGD Revenue Village Centroids + Block-Bounded Voronoi Tessellation", "boundary_quality": "DERIVED"}, "geometry": {"type": "Polygon", "coordinates": [[[77.21462, 23.20982], [77.21426, 23.21449], [77.21073, 23.21783], [77.20635, 23.2193], [77.20217, 23.22007], [77.19796, 23.21941], [77.1934, 23.21819], [77.18956, 23.21497], [77.18986, 23.21017], [77.19235, 23.20646], [77.19502, 23.20374], [77.19697, 23.19924], [77.20179, 23.19689], [77.20663, 23.19921], [77.20885, 23.20347], [77.21462, 23.20982]]]}}, {"type": "Feature", "properties": {"state": "Madhya Pradesh", "district": "Sehore", "block": "Ashta", "gp_name": "Ashta Gram Panchayat", "state_code": 23, "district_code": 422, "block_code": 4081, "gp_code": 133447, "centroid_lat": 23.3041, "centroid_lon": 77.1308, "area_sq_km": 9.2, "boundary_source": "LGD Revenue Village Centroids + Block-Bounded Voronoi Tessellation", "boundary_quality": "DERIVED"}, "geometry": {"type": "Polygon", "coordinates": [[[77.14292, 23.30393], [77.14336, 23.30871], [77.13938, 23.3118], [77.13523, 23.31358], [77.12658, 23.31391], [77.122, 23.31247], [77.11834, 23.30907], [77.11816, 23.30427], [77.1235, 23.29755], [77.12591, 23.29363], [77.13059, 23.29096], [77.13544, 23.29331], [77.13777, 23.29747], [77.14292, 23.30393]]]}}, {"type": "Feature", "properties": {"state": "Madhya Pradesh", "district": "Sehore", "block": "Ashta", "gp_name": "Ashta Rural", "state_code": 23, "district_code": 422, "block_code": 4081, "gp_code": 133448, "centroid_lat": 23.3241, "centroid_lon": 77.1108, "area_sq_km": 9.3, "boundary_source": "LGD Revenue Village Centroids + Block-Bounded Voronoi Tessellation", "boundary_quality": "DERIVED"}, "geometry": {"type": "Polygon", "coordinates": [[[77.12282, 23.32394], [77.12288, 23.32853], [77.11966, 23.33205], [77.11524, 23.3336], [77.11095, 23.33381], [77.10681, 23.33338], [77.10235, 23.33214], [77.09868, 23.32893], [77.09828, 23.32427], [77.10374, 23.31777], [77.10578, 23.31335], [77.1106, 23.31146], [77.11539, 23.31343], [77.11992, 23.32046], [77.12282, 23.32394]]]}}, {"type": "Feature", "properties": {"state": "Madhya Pradesh", "district": "Sehore", "block": "Budhni", "gp_name": "Budhni Gram Panchayat", "state_code": 23, "district_code": 422, "block_code": 4082, "gp_code": 133449, "centroid_lat": 23.2605, "centroid_lon": 76.9832, "area_sq_km": 9.4, "boundary_source": "LGD Revenue Village Centroids + Block-Bounded Voronoi Tessellation", "boundary_quality": "DERIVED"}, "geometry": {"type": "Polygon", "coordinates": [[[76.99529, 23.26035], [76.99545, 23.26501], [76.99204, 23.26844], [76.98753, 23.26979], [76.98334, 23.27022], [76.97915, 23.2699], [76.97455, 23.26872], [76.97116, 23.26529], [76.97092, 23.26065], [76.97344, 23.25691], [76.97624, 23.25425], [76.97838, 23.25016], [76.98301, 23.24785], [76.98787, 23.24966], [76.98992, 23.25412], [76.99529, 23.26035]]]}}, {"type": "Feature", "properties": {"state": "Madhya Pradesh", "district": "Sehore", "block": "Budhni", "gp_name": "Budhni Rural", "state_code": 23, "district_code": 422, "block_code": 4082, "gp_code": 133450, "centroid_lat": 23.2805, "centroid_lon": 76.9632, "area_sq_km": 4.5, "boundary_source": "LGD Revenue Village Centroids + Block-Bounded Voronoi Tessellation", "boundary_quality": "DERIVED"}, "geometry": {"type": "Polygon", "coordinates": [[[76.9756, 23.28034], [76.97531, 23.28496], [76.97201, 23.28842], [76.96751, 23.28976], [76.96335, 23.29039], [76.95915, 23.28989], [76.95462, 23.28865], [76.95078, 23.28544], [76.95103, 23.28065], [76.95397, 23.2771], [76.95845, 23.2703], [76.96301, 23.26772], [76.96767, 23.27014], [76.97012, 23.27393], [76.9756, 23.28034]]]}}, {"type": "Feature", "properties": {"state": "Madhya Pradesh", "district": "Sehore", "block": "Ichhawar", "gp_name": "Ichhawar Gram Panchayat", "state_code": 23, "district_code": 422, "block_code": 4083, "gp_code": 133451, "centroid_lat": 23.1195, "centroid_lon": 76.9832, "area_sq_km": 4.6, "boundary_source": "LGD Revenue Village Centroids + Block-Bounded Voronoi Tessellation", "boundary_quality": "DERIVED"}, "geometry": {"type": "Polygon", "coordinates": [[[76.99545, 23.11935], [76.99543, 23.12401], [76.992, 23.12742], [76.98772, 23.12921], [76.98335, 23.12947], [76.97901, 23.12923], [76.97442, 23.12784], [76.97111, 23.12431], [76.9706, 23.11966], [76.97604, 23.11306], [76.97834, 23.10906], [76.98301, 23.10637], [76.98768, 23.10909], [76.99015, 23.11289], [76.99545, 23.11935]]]}}, {"type": "Feature", "properties": {"state": "Madhya Pradesh", "district": "Sehore", "block": "Ichhawar", "gp_name": "Ichhawar Rural", "state_code": 23, "district_code": 422, "block_code": 4083, "gp_code": 133452, "centroid_lat": 23.1395, "centroid_lon": 76.9632, "area_sq_km": 4.7, "boundary_source": "LGD Revenue Village Centroids + Block-Bounded Voronoi Tessellation", "boundary_quality": "DERIVED"}, "geometry": {"type": "Polygon", "coordinates": [[[76.97557, 23.13935], [76.97559, 23.14406], [76.97192, 23.14735], [76.96771, 23.1492], [76.95903, 23.14919], [76.95454, 23.14773], [76.95111, 23.14431], [76.95081, 23.13965], [76.95403, 23.13612], [76.95829, 23.12894], [76.96301, 23.12632], [76.96767, 23.12913], [76.97006, 23.13299], [76.97557, 23.13935]]]}}, {"type": "Feature", "properties": {"state": "Madhya Pradesh", "district": "Sehore", "block": "Nasrullaganj", "gp_name": "Nasrullaganj Gram Panchayat", "state_code": 23, "district_code": 422, "block_code": 4084, "gp_code": 133453, "centroid_lat": 23.0759, "centroid_lon": 77.1308, "area_sq_km": 4.8, "boundary_source": "LGD Revenue Village Centroids + Block-Bounded Voronoi Tessellation", "boundary_quality": "DERIVED"}, "geometry": {"type": "Polygon", "coordinates": [[[77.14296, 23.07574], [77.14317, 23.08044], [77.13945, 23.08367], [77.13096, 23.08588], [77.12668, 23.08549], [77.12233, 23.08397], [77.11882, 23.08068], [77.11828, 23.07607], [77.12365, 23.06947], [77.1259, 23.06539], [77.1306, 23.06303], [77.13528, 23.06548], [77.13758, 23.06944], [77.14041, 23.07206], [77.14296, 23.07574]]]}}, {"type": "Feature", "properties": {"state": "Madhya Pradesh", "district": "Sehore", "block": "Nasrullaganj", "gp_name": "Nasrullaganj Rural", "state_code": 23, "district_code": 422, "block_code": 4084, "gp_code": 133454, "centroid_lat": 23.0959, "centroid_lon": 77.1108, "area_sq_km": 4.9, "boundary_source": "LGD Revenue Village Centroids + Block-Bounded Voronoi Tessellation", "boundary_quality": "DERIVED"}, "geometry": {"type": "Polygon", "coordinates": [[[77.12308, 23.09574], [77.12295, 23.10037], [77.11962, 23.10383], [77.11505, 23.10502], [77.10667, 23.10551], [77.10227, 23.10402], [77.09853, 23.10079], [77.09876, 23.09606], [77.10388, 23.08968], [77.10596, 23.08551], [77.1106, 23.08289], [77.11545, 23.08507], [77.11794, 23.0891], [77.12308, 23.09574]]]}}, {"type": "Feature", "properties": {"state": "Madhya Pradesh", "district": "Seoni", "block": "Seoni", "gp_name": "Seoni Gram Panchayat", "state_code": 23, "district_code": 423, "block_code": 4100, "gp_code": 133455, "centroid_lat": 22.07, "centroid_lon": 79.726, "area_sq_km": 5.0, "boundary_source": "LGD Revenue Village Centroids + Block-Bounded Voronoi Tessellation", "boundary_quality": "DERIVED"}, "geometry": {"type": "Polygon", "coordinates": [[[79.73819, 22.06965], [79.73847, 22.0744], [79.73501, 22.07789], [79.73062, 22.07954], [79.72634, 22.08006], [79.72203, 22.07979], [79.71784, 22.07809], [79.71429, 22.07492], [79.71359, 22.07036], [79.71873, 22.06363], [79.72091, 22.05948], [79.72558, 22.05742], [79.73026, 22.0595], [79.73819, 22.06965]]]}}, {"type": "Feature", "properties": {"state": "Madhya Pradesh", "district": "Seoni", "block": "Seoni", "gp_name": "Seoni Rural", "state_code": 23, "district_code": 423, "block_code": 4100, "gp_code": 133456, "centroid_lat": 22.09, "centroid_lon": 79.706, "area_sq_km": 5.1, "boundary_source": "LGD Revenue Village Centroids + Block-Bounded Voronoi Tessellation", "boundary_quality": "DERIVED"}, "geometry": {"type": "Polygon", "coordinates": [[[79.71842, 22.08964], [79.71812, 22.09427], [79.71503, 22.09791], [79.7105, 22.0993], [79.70633, 22.09998], [79.70202, 22.09981], [79.69779, 22.09814], [79.69423, 22.09495], [79.69416, 22.09034], [79.69884, 22.08373], [79.70086, 22.07938], [79.70558, 22.07729], [79.71025, 22.07953], [79.71276, 22.0833], [79.71842, 22.08964]]]}}, {"type": "Feature", "properties": {"state": "Madhya Pradesh", "district": "Seoni", "block": "Barghat", "gp_name": "Barghat Gram Panchayat", "state_code": 23, "district_code": 423, "block_code": 4101, "gp_code": 133457, "centroid_lat": 22.1831, "centroid_lon": 79.6745, "area_sq_km": 5.2, "boundary_source": "LGD Revenue Village Centroids + Block-Bounded Voronoi Tessellation", "boundary_quality": "DERIVED"}, "geometry": {"type": "Polygon", "coordinates": [[[79.68642, 22.18276], [79.68648, 22.18732], [79.68345, 22.19093], [79.67483, 22.1931], [79.66599, 22.19153], [79.66236, 22.1882], [79.6623, 22.18345], [79.66751, 22.17698], [79.66954, 22.17286], [79.67407, 22.17014], [79.67883, 22.17244], [79.68642, 22.18276]]]}}, {"type": "Feature", "properties": {"state": "Madhya Pradesh", "district": "Seoni", "block": "Barghat", "gp_name": "Barghat Rural", "state_code": 23, "district_code": 423, "block_code": 4101, "gp_code": 133458, "centroid_lat": 22.2031, "centroid_lon": 79.6545, "area_sq_km": 5.3, "boundary_source": "LGD Revenue Village Centroids + Block-Bounded Voronoi Tessellation", "boundary_quality": "DERIVED"}, "geometry": {"type": "Polygon", "coordinates": [[[79.66649, 22.20276], [79.66662, 22.20737], [79.66326, 22.21077], [79.65916, 22.21272], [79.65054, 22.21283], [79.64635, 22.21117], [79.64277, 22.20802], [79.64229, 22.20345], [79.64958, 22.19294], [79.65407, 22.19022], [79.65876, 22.19262], [79.66649, 22.20276]]]}}, {"type": "Feature", "properties": {"state": "Madhya Pradesh", "district": "Seoni", "block": "Chhapara", "gp_name": "Chhapara Gram Panchayat", "state_code": 23, "district_code": 423, "block_code": 4102, "gp_code": 133459, "centroid_lat": 22.23, "centroid_lon": 79.55, "area_sq_km": 5.4, "boundary_source": "LGD Revenue Village Centroids + Block-Bounded Voronoi Tessellation", "boundary_quality": "DERIVED"}, "geometry": {"type": "Polygon", "coordinates": [[[79.56194, 22.22967], [79.56225, 22.23433], [79.55882, 22.23773], [79.55459, 22.23949], [79.55033, 22.24016], [79.54601, 22.2398], [79.54143, 22.23848], [79.53796, 22.23504], [79.53757, 22.23035], [79.5408, 22.22675], [79.54504, 22.21973], [79.54957, 22.21682], [79.55441, 22.21917], [79.56194, 22.22967]]]}}, {"type": "Feature", "properties": {"state": "Madhya Pradesh", "district": "Seoni", "block": "Chhapara", "gp_name": "Chhapara Rural", "state_code": 23, "district_code": 423, "block_code": 4102, "gp_code": 133460, "centroid_lat": 22.25, "centroid_lon": 79.53, "area_sq_km": 5.5, "boundary_source": "LGD Revenue Village Centroids + Block-Bounded Voronoi Tessellation", "boundary_quality": "DERIVED"}, "geometry": {"type": "Polygon", "coordinates": [[[79.54223, 22.24966], [79.54249, 22.25441], [79.53889, 22.25779], [79.53449, 22.25928], [79.53032, 22.25986], [79.52602, 22.25977], [79.52164, 22.25827], [79.51829, 22.2549], [79.51801, 22.25033], [79.52485, 22.23935], [79.52959, 22.23737], [79.53445, 22.23909], [79.53698, 22.2431], [79.54223, 22.24966]]]}}, {"type": "Feature", "properties": {"state": "Madhya Pradesh", "district": "Seoni", "block": "Dhanora", "gp_name": "Dhanora Gram Panchayat", "state_code": 23, "district_code": 423, "block_code": 4103, "gp_code": 133461, "centroid_lat": 22.1831, "centroid_lon": 79.4255, "area_sq_km": 5.6, "boundary_source": "LGD Revenue Village Centroids + Block-Bounded Voronoi Tessellation", "boundary_quality": "DERIVED"}, "geometry": {"type": "Polygon", "coordinates": [[[79.43796, 22.18276], [79.43754, 22.18736], [79.43431, 22.19084], [79.43011, 22.19266], [79.42151, 22.19287], [79.417, 22.19149], [79.4133, 22.1882], [79.41362, 22.18342], [79.41595, 22.17971], [79.41852, 22.17697], [79.42057, 22.17286], [79.42509, 22.17002], [79.42985, 22.17245], [79.43225, 22.17643], [79.43796, 22.18276]]]}}, {"type": "Feature", "properties": {"state": "Madhya Pradesh", "district": "Seoni", "block": "Dhanora", "gp_name": "Dhanora Rural", "state_code": 23, "district_code": 423, "block_code": 4103, "gp_code": 133462, "centroid_lat": 22.2031, "centroid_lon": 79.4055, "area_sq_km": 5.7, "boundary_source": "LGD Revenue Village Centroids + Block-Bounded Voronoi Tessellation", "boundary_quality": "DERIVED"}, "geometry": {"type": "Polygon", "coordinates": [[[79.41791, 22.20276], [79.41762, 22.20739], [79.41426, 22.2108], [79.41001, 22.21246], [79.40167, 22.21247], [79.39732, 22.21117], [79.39342, 22.20815], [79.39354, 22.20342], [79.39814, 22.19663], [79.40037, 22.19246], [79.40511, 22.19046], [79.40985, 22.19244], [79.41472, 22.19925], [79.41791, 22.20276]]]}}, {"type": "Feature", "properties": {"state": "Madhya Pradesh", "district": "Seoni", "block": "Ghansore", "gp_name": "Ghansore Gram Panchayat", "state_code": 23, "district_code": 423, "block_code": 4104, "gp_code": 133463, "centroid_lat": 22.07, "centroid_lon": 79.374, "area_sq_km": 5.8, "boundary_source": "LGD Revenue Village Centroids + Block-Bounded Voronoi Tessellation", "boundary_quality": "DERIVED"}, "geometry": {"type": "Polygon", "coordinates": [[[79.38594, 22.06968], [79.38643, 22.07441], [79.38286, 22.0778], [79.37431, 22.08003], [79.37006, 22.07964], [79.36573, 22.07816], [79.36201, 22.07501], [79.36209, 22.07032], [79.36901, 22.05963], [79.37361, 22.05734], [79.37842, 22.05918], [79.38079, 22.0633], [79.38594, 22.06968]]]}}, {"type": "Feature", "properties": {"state": "Madhya Pradesh", "district": "Seoni", "block": "Ghansore", "gp_name": "Ghansore Rural", "state_code": 23, "district_code": 423, "block_code": 4104, "gp_code": 133464, "centroid_lat": 22.09, "centroid_lon": 79.354, "area_sq_km": 5.9, "boundary_source": "LGD Revenue Village Centroids + Block-Bounded Voronoi Tessellation", "boundary_quality": "DERIVED"}, "geometry": {"type": "Polygon", "coordinates": [[[79.36639, 22.08967], [79.36623, 22.09434], [79.36292, 22.09785], [79.35855, 22.09946], [79.35002, 22.09974], [79.34549, 22.0984], [79.34172, 22.09513], [79.342, 22.09032], [79.3467, 22.08358], [79.34892, 22.07944], [79.3536, 22.07683], [79.35842, 22.07919], [79.36056, 22.08353], [79.36639, 22.08967]]]}}, {"type": "Feature", "properties": {"state": "Madhya Pradesh", "district": "Seoni", "block": "Keolari", "gp_name": "Keolari Gram Panchayat", "state_code": 23, "district_code": 423, "block_code": 4105, "gp_code": 133465, "centroid_lat": 21.9569, "centroid_lon": 79.4255, "area_sq_km": 6.0, "boundary_source": "LGD Revenue Village Centroids + Block-Bounded Voronoi Tessellation", "boundary_quality": "DERIVED"}, "geometry": {"type": "Polygon", "coordinates": [[[79.43736, 21.95658], [79.43782, 21.96127], [79.43428, 21.96463], [79.42993, 21.96612], [79.42165, 21.96632], [79.41716, 21.96514], [79.41351, 21.96192], [79.41312, 21.95723], [79.41612, 21.95357], [79.4206, 21.94671], [79.42511, 21.94434], [79.42974, 21.94651], [79.43736, 21.95658]]]}}, {"type": "Feature", "properties": {"state": "Madhya Pradesh", "district": "Seoni", "block": "Keolari", "gp_name": "Keolari Rural", "state_code": 23, "district_code": 423, "block_code": 4105, "gp_code": 133466, "centroid_lat": 21.9769, "centroid_lon": 79.4055, "area_sq_km": 6.1, "boundary_source": "LGD Revenue Village Centroids + Block-Bounded Voronoi Tessellation", "boundary_quality": "DERIVED"}, "geometry": {"type": "Polygon", "coordinates": [[[79.41797, 21.97656], [79.41773, 21.98124], [79.41426, 21.98461], [79.4099, 21.98606], [79.40581, 21.9868], [79.40167, 21.98629], [79.39738, 21.98492], [79.39335, 21.98198], [79.39309, 21.97723], [79.39844, 21.97069], [79.4006, 21.96671], [79.40511, 21.9642], [79.40991, 21.96609], [79.41251, 21.96997], [79.41797, 21.97656]]]}}, {"type": "Feature", "properties": {"state": "Madhya Pradesh", "district": "Seoni", "block": "Kurai", "gp_name": "Kurai Gram Panchayat", "state_code": 23, "district_code": 423, "block_code": 4106, "gp_code": 133467, "centroid_lat": 21.91, "centroid_lon": 79.55, "area_sq_km": 6.2, "boundary_source": "LGD Revenue Village Centroids + Block-Bounded Voronoi Tessellation", "boundary_quality": "DERIVED"}, "geometry": {"type": "Polygon", "coordinates": [[[79.56236, 21.90966], [79.56214, 21.9143], [79.55878, 21.91772], [79.55458, 21.91951], [79.55032, 21.92], [79.546, 21.91983], [79.5417, 21.91822], [79.53801, 21.91503], [79.53773, 21.91034], [79.54301, 21.90385], [79.545, 21.89961], [79.54958, 21.89683], [79.5543, 21.89944], [79.55893, 21.90626], [79.56236, 21.90966]]]}}, {"type": "Feature", "properties": {"state": "Madhya Pradesh", "district": "Seoni", "block": "Kurai", "gp_name": "Kurai Rural", "state_code": 23, "district_code": 423, "block_code": 4106, "gp_code": 133468, "centroid_lat": 21.93, "centroid_lon": 79.53, "area_sq_km": 6.3, "boundary_source": "LGD Revenue Village Centroids + Block-Bounded Voronoi Tessellation", "boundary_quality": "DERIVED"}, "geometry": {"type": "Polygon", "coordinates": [[[79.54196, 21.92967], [79.54193, 21.93423], [79.53869, 21.93764], [79.5346, 21.93955], [79.53031, 21.9399], [79.52615, 21.93946], [79.52167, 21.93825], [79.51808, 21.935], [79.51798, 21.93033], [79.52299, 21.92384], [79.52512, 21.91986], [79.52959, 21.91699], [79.53422, 21.91963], [79.54196, 21.92967]]]}}, {"type": "Feature", "properties": {"state": "Madhya Pradesh", "district": "Seoni", "block": "Lakhnadon", "gp_name": "Lakhnadon Gram Panchayat", "state_code": 23, "district_code": 423, "block_code": 4107, "gp_code": 133469, "centroid_lat": 21.9569, "centroid_lon": 79.6745, "area_sq_km": 6.4, "boundary_source": "LGD Revenue Village Centroids + Block-Bounded Voronoi Tessellation", "boundary_quality": "DERIVED"}, "geometry": {"type": "Polygon", "coordinates": [[[79.68677, 21.95655], [79.68671, 21.96121], [79.68345, 21.96475], [79.67896, 21.96614], [79.67483, 21.96705], [79.67058, 21.96656], [79.66638, 21.96495], [79.66239, 21.96199], [79.66231, 21.95725], [79.66736, 21.95064], [79.66942, 21.94637], [79.67408, 21.94409], [79.67887, 21.94613], [79.68112, 21.95033], [79.68677, 21.95655]]]}}, {"type": "Feature", "properties": {"state": "Madhya Pradesh", "district": "Seoni", "block": "Lakhnadon", "gp_name": "Lakhnadon Rural", "state_code": 23, "district_code": 423, "block_code": 4107, "gp_code": 133470, "centroid_lat": 21.9769, "centroid_lon": 79.6545, "area_sq_km": 6.5, "boundary_source": "LGD Revenue Village Centroids + Block-Bounded Voronoi Tessellation", "boundary_quality": "DERIVED"}, "geometry": {"type": "Polygon", "coordinates": [[[79.66683, 21.97655], [79.6667, 21.98121], [79.66348, 21.98478], [79.65902, 21.98626], [79.65482, 21.98682], [79.65052, 21.98669], [79.64631, 21.98502], [79.64264, 21.98188], [79.64247, 21.97724], [79.64955, 21.96665], [79.65408, 21.96417], [79.65885, 21.9662], [79.66343, 21.97315], [79.66683, 21.97655]]]}}, {"type": "Feature", "properties": {"state": "Madhya Pradesh", "district": "Shahdol", "block": "Shahdol", "gp_name": "Shahdol Gram Panchayat", "state_code": 23, "district_code": 424, "block_code": 4120, "gp_code": 133471, "centroid_lat": 23.28, "centroid_lon": 81.492, "area_sq_km": 6.6, "boundary_source": "LGD Revenue Village Centroids + Block-Bounded Voronoi Tessellation", "boundary_quality": "DERIVED"}, "geometry": {"type": "Polygon", "coordinates": [[[81.50442, 23.27948], [81.50414, 23.28406], [81.50123, 23.28779], [81.49675, 23.28938], [81.49247, 23.28963], [81.48831, 23.2894], [81.48376, 23.28833], [81.48031, 23.28505], [81.47953, 23.28052], [81.48462, 23.27377], [81.48666, 23.26946], [81.49138, 23.26731], [81.49612, 23.26949], [81.49863, 23.2733], [81.50148, 23.2759], [81.50442, 23.27948]]]}}, {"type": "Feature", "properties": {"state": "Madhya Pradesh", "district": "Shahdol", "block": "Shahdol", "gp_name": "Shahdol Rural", "state_code": 23, "district_code": 424, "block_code": 4120, "gp_code": 133472, "centroid_lat": 23.3, "centroid_lon": 81.472, "area_sq_km": 6.7, "boundary_source": "LGD Revenue Village Centroids + Block-Bounded Voronoi Tessellation", "boundary_quality": "DERIVED"}, "geometry": {"type": "Polygon", "coordinates": [[[81.48448, 23.29948], [81.48439, 23.30415], [81.48116, 23.30773], [81.47681, 23.30949], [81.47248, 23.30988], [81.46832, 23.30938], [81.46393, 23.30816], [81.45982, 23.30526], [81.45995, 23.3005], [81.46214, 23.2967], [81.46468, 23.29382], [81.46685, 23.28982], [81.47139, 23.28746], [81.4763, 23.28905], [81.4786, 23.29333], [81.48448, 23.29948]]]}}, {"type": "Feature", "properties": {"state": "Madhya Pradesh", "district": "Shahdol", "block": "Beohari", "gp_name": "Beohari Gram Panchayat", "state_code": 23, "district_code": 424, "block_code": 4121, "gp_code": 133473, "centroid_lat": 23.3941, "centroid_lon": 81.4008, "area_sq_km": 6.8, "boundary_source": "LGD Revenue Village Centroids + Block-Bounded Voronoi Tessellation", "boundary_quality": "DERIVED"}, "geometry": {"type": "Polygon", "coordinates": [[[81.41315, 23.39359], [81.41334, 23.3983], [81.40984, 23.40174], [81.40555, 23.40348], [81.40127, 23.40389], [81.39698, 23.40381], [81.39265, 23.40232], [81.38916, 23.39912], [81.38855, 23.3946], [81.391, 23.39082], [81.39356, 23.38798], [81.39557, 23.38377], [81.40019, 23.38139], [81.40492, 23.38362], [81.40973, 23.39025], [81.41315, 23.39359]]]}}, {"type": "Feature", "properties": {"state": "Madhya Pradesh", "district": "Shahdol", "block": "Beohari", "gp_name": "Beohari Rural", "state_code": 23, "district_code": 424, "block_code": 4121, "gp_code": 133474, "centroid_lat": 23.4141, "centroid_lon": 81.3808, "area_sq_km": 6.9, "boundary_source": "LGD Revenue Village Centroids + Block-Bounded Voronoi Tessellation", "boundary_quality": "DERIVED"}, "geometry": {"type": "Polygon", "coordinates": [[[81.39279, 23.41361], [81.39352, 23.41836], [81.38979, 23.42169], [81.38127, 23.42392], [81.37703, 23.42369], [81.37253, 23.42244], [81.36895, 23.41921], [81.36824, 23.41461], [81.37346, 23.4079], [81.37556, 23.40376], [81.38018, 23.40131], [81.38503, 23.40335], [81.38743, 23.40741], [81.39028, 23.41001], [81.39279, 23.41361]]]}}, {"type": "Feature", "properties": {"state": "Madhya Pradesh", "district": "Shahdol", "block": "Burhar", "gp_name": "Burhar Gram Panchayat", "state_code": 23, "district_code": 424, "block_code": 4122, "gp_code": 133475, "centroid_lat": 23.3505, "centroid_lon": 81.2532, "area_sq_km": 7.0, "boundary_source": "LGD Revenue Village Centroids + Block-Bounded Voronoi Tessellation", "boundary_quality": "DERIVED"}, "geometry": {"type": "Polygon", "coordinates": [[[81.2656, 23.35], [81.26584, 23.35475], [81.26243, 23.35831], [81.25775, 23.35951], [81.25366, 23.36032], [81.2493, 23.36039], [81.24501, 23.35875], [81.24103, 23.35574], [81.24128, 23.35098], [81.24336, 23.34719], [81.24611, 23.3445], [81.24794, 23.34007], [81.25259, 23.33744], [81.25746, 23.3397], [81.25978, 23.34387], [81.2656, 23.35]]]}}, {"type": "Feature", "properties": {"state": "Madhya Pradesh", "district": "Shahdol", "block": "Burhar", "gp_name": "Burhar Rural", "state_code": 23, "district_code": 424, "block_code": 4122, "gp_code": 133476, "centroid_lat": 23.3705, "centroid_lon": 81.2332, "area_sq_km": 7.1, "boundary_source": "LGD Revenue Village Centroids + Block-Bounded Voronoi Tessellation", "boundary_quality": "DERIVED"}, "geometry": {"type": "Polygon", "coordinates": [[[81.24526, 23.37002], [81.24541, 23.37461], [81.242, 23.37795], [81.23778, 23.37958], [81.23366, 23.38024], [81.22944, 23.38004], [81.22478, 23.37898], [81.22102, 23.37574], [81.22075, 23.371], [81.22384, 23.36735], [81.22812, 23.36043], [81.2326, 23.35767], [81.23734, 23.36001], [81.23981, 23.36384], [81.24526, 23.37002]]]}}, {"type": "Feature", "properties": {"state": "Madhya Pradesh", "district": "Shahdol", "block": "Gohparu", "gp_name": "Gohparu Gram Panchayat", "state_code": 23, "district_code": 424, "block_code": 4123, "gp_code": 133477, "centroid_lat": 23.2095, "centroid_lon": 81.2532, "area_sq_km": 7.2, "boundary_source": "LGD Revenue Village Centroids + Block-Bounded Voronoi Tessellation", "boundary_quality": "DERIVED"}, "geometry": {"type": "Polygon", "coordinates": [[[81.26511, 23.20902], [81.26582, 23.21375], [81.26229, 23.21721], [81.25783, 23.21869], [81.25367, 23.21946], [81.24942, 23.21908], [81.24488, 23.21788], [81.2411, 23.21471], [81.24082, 23.20999], [81.24815, 23.19948], [81.2526, 23.19667], [81.25748, 23.19863], [81.25989, 23.20276], [81.26272, 23.2054], [81.26511, 23.20902]]]}}, {"type": "Feature", "properties": {"state": "Madhya Pradesh", "district": "Shahdol", "block": "Gohparu", "gp_name": "Gohparu Rural", "state_code": 23, "district_code": 424, "block_code": 4123, "gp_code": 133478, "centroid_lat": 23.2295, "centroid_lon": 81.2332, "area_sq_km": 7.3, "boundary_source": "LGD Revenue Village Centroids + Block-Bounded Voronoi Tessellation", "boundary_quality": "DERIVED"}, "geometry": {"type": "Polygon", "coordinates": [[[81.24572, 23.229], [81.24542, 23.23362], [81.242, 23.23696], [81.23798, 23.23899], [81.22935, 23.23925], [81.22514, 23.23762], [81.22144, 23.23456], [81.22118, 23.22998], [81.22352, 23.22624], [81.2261, 23.22348], [81.228, 23.21917], [81.2326, 23.21662], [81.23738, 23.21889], [81.24245, 23.22552], [81.24572, 23.229]]]}}, {"type": "Feature", "properties": {"state": "Madhya Pradesh", "district": "Shahdol", "block": "Jaisinghnagar", "gp_name": "Jaisinghnagar Gram Panchayat", "state_code": 23, "district_code": 424, "block_code": 4124, "gp_code": 133479, "centroid_lat": 23.1659, "centroid_lon": 81.4008, "area_sq_km": 7.4, "boundary_source": "LGD Revenue Village Centroids + Block-Bounded Voronoi Tessellation", "boundary_quality": "DERIVED"}, "geometry": {"type": "Polygon", "coordinates": [[[81.41322, 23.16539], [81.41304, 23.17001], [81.40993, 23.17363], [81.40544, 23.17508], [81.40126, 23.17561], [81.39705, 23.17544], [81.39255, 23.17423], [81.38869, 23.17113], [81.38882, 23.16639], [81.39558, 23.15556], [81.40019, 23.15307], [81.40495, 23.15535], [81.4098, 23.16201], [81.41322, 23.16539]]]}}, {"type": "Feature", "properties": {"state": "Madhya Pradesh", "district": "Shahdol", "block": "Jaisinghnagar", "gp_name": "Jaisinghnagar Rural", "state_code": 23, "district_code": 424, "block_code": 4124, "gp_code": 133480, "centroid_lat": 23.1859, "centroid_lon": 81.3808, "area_sq_km": 7.5, "boundary_source": "LGD Revenue Village Centroids + Block-Bounded Voronoi Tessellation", "boundary_quality": "DERIVED"}, "geometry": {"type": "Polygon", "coordinates": [[[81.39283, 23.18541], [81.39298, 23.18999], [81.39001, 23.19369], [81.38554, 23.19528], [81.38126, 23.19561], [81.3771, 23.1953], [81.37263, 23.19415], [81.36892, 23.19103], [81.36854, 23.1864], [81.37158, 23.1828], [81.37567, 23.17575], [81.38018, 23.17282], [81.3849, 23.17548], [81.39283, 23.18541]]]}}, {"type": "Feature", "properties": {"state": "Madhya Pradesh", "district": "Shajapur", "block": "Shajapur", "gp_name": "Shajapur Gram Panchayat", "state_code": 23, "district_code": 425, "block_code": 4140, "gp_code": 133481, "centroid_lat": 23.41, "centroid_lon": 76.412, "area_sq_km": 7.6, "boundary_source": "LGD Revenue Village Centroids + Block-Bounded Voronoi Tessellation", "boundary_quality": "DERIVED"}, "geometry": {"type": "Polygon", "coordinates": [[[76.42398, 23.40989], [76.4243, 23.41457], [76.42085, 23.41801], [76.41632, 23.41936], [76.41211, 23.42014], [76.40795, 23.41929], [76.40358, 23.41793], [76.40002, 23.41471], [76.39989, 23.41011], [76.40494, 23.40361], [76.40714, 23.39946], [76.41187, 23.39728], [76.41657, 23.39953], [76.42398, 23.40989]]]}}, {"type": "Feature", "properties": {"state": "Madhya Pradesh", "district": "Shajapur", "block": "Shajapur", "gp_name": "Shajapur Rural", "state_code": 23, "district_code": 425, "block_code": 4140, "gp_code": 133482, "centroid_lat": 23.43, "centroid_lon": 76.392, "area_sq_km": 7.7, "boundary_source": "LGD Revenue Village Centroids + Block-Bounded Voronoi Tessellation", "boundary_quality": "DERIVED"}, "geometry": {"type": "Polygon", "coordinates": [[[76.40424, 23.42989], [76.40436, 23.43459], [76.40088, 23.43804], [76.39645, 23.43966], [76.38778, 23.43966], [76.38321, 23.43827], [76.3797, 23.43483], [76.38001, 23.43011], [76.3849, 23.42358], [76.38716, 23.41951], [76.39187, 23.41711], [76.39651, 23.41966], [76.39876, 23.42364], [76.40153, 23.42626], [76.40424, 23.42989]]]}}, {"type": "Feature", "properties": {"state": "Madhya Pradesh", "district": "Shajapur", "block": "Kalapipal", "gp_name": "Kalapipal Gram Panchayat", "state_code": 23, "district_code": 425, "block_code": 4141, "gp_code": 133483, "centroid_lat": 23.53, "centroid_lon": 76.28, "area_sq_km": 7.8, "boundary_source": "LGD Revenue Village Centroids + Block-Bounded Voronoi Tessellation", "boundary_quality": "DERIVED"}, "geometry": {"type": "Polygon", "coordinates": [[[76.29254, 23.5299], [76.29222, 23.53455], [76.28902, 23.53817], [76.28446, 23.53969], [76.27577, 23.53965], [76.27117, 23.53829], [76.26802, 23.53469], [76.26797, 23.5301], [76.2703, 23.52639], [76.27281, 23.52349], [76.27512, 23.51941], [76.27988, 23.51713], [76.28474, 23.51918], [76.28939, 23.52632], [76.29254, 23.5299]]]}}, {"type": "Feature", "properties": {"state": "Madhya Pradesh", "district": "Shajapur", "block": "Kalapipal", "gp_name": "Kalapipal Rural", "state_code": 23, "district_code": 425, "block_code": 4141, "gp_code": 133484, "centroid_lat": 23.55, "centroid_lon": 76.26, "area_sq_km": 7.9, "boundary_source": "LGD Revenue Village Centroids + Block-Bounded Voronoi Tessellation", "boundary_quality": "DERIVED"}, "geometry": {"type": "Polygon", "coordinates": [[[76.27267, 23.5499], [76.27199, 23.55446], [76.26885, 23.55802], [76.26423, 23.55918], [76.26009, 23.55993], [76.25116, 23.55829], [76.24782, 23.55477], [76.24744, 23.5501], [76.25078, 23.54657], [76.25529, 23.53977], [76.25988, 23.53689], [76.26476, 23.53913], [76.26691, 23.54351], [76.27267, 23.5499]]]}}, {"type": "Feature", "properties": {"state": "Madhya Pradesh", "district": "Shajapur", "block": "Mohan Badodiya", "gp_name": "Mohan Badodiya Gram Panchayat", "state_code": 23, "district_code": 425, "block_code": 4142, "gp_code": 133485, "centroid_lat": 23.41, "centroid_lon": 76.148, "area_sq_km": 8.0, "boundary_source": "LGD Revenue Village Centroids + Block-Bounded Voronoi Tessellation", "boundary_quality": "DERIVED"}, "geometry": {"type": "Polygon", "coordinates": [[[76.1603, 23.40991], [76.1605, 23.41467], [76.15659, 23.4178], [76.14809, 23.42012], [76.14377, 23.41964], [76.13947, 23.41799], [76.13586, 23.41475], [76.13578, 23.41009], [76.14092, 23.40357], [76.14315, 23.39943], [76.14789, 23.39719], [76.15261, 23.39948], [76.1603, 23.40991]]]}}, {"type": "Feature", "properties": {"state": "Madhya Pradesh", "district": "Shajapur", "block": "Mohan Badodiya", "gp_name": "Mohan Badodiya Rural", "state_code": 23, "district_code": 425, "block_code": 4142, "gp_code": 133486, "centroid_lat": 23.43, "centroid_lon": 76.128, "area_sq_km": 8.1, "boundary_source": "LGD Revenue Village Centroids + Block-Bounded Voronoi Tessellation", "boundary_quality": "DERIVED"}, "geometry": {"type": "Polygon", "coordinates": [[[76.14001, 23.42991], [76.14026, 23.43458], [76.137, 23.43817], [76.13244, 23.43966], [76.12385, 23.43946], [76.11944, 23.43802], [76.11602, 23.43468], [76.11571, 23.43009], [76.1182, 23.42634], [76.12096, 23.4236], [76.12329, 23.41974], [76.12789, 23.4174], [76.13254, 23.41966], [76.13484, 23.42358], [76.13769, 23.42621], [76.14001, 23.42991]]]}}, {"type": "Feature", "properties": {"state": "Madhya Pradesh", "district": "Shajapur", "block": "Shujalpur", "gp_name": "Shujalpur Gram Panchayat", "state_code": 23, "district_code": 425, "block_code": 4143, "gp_code": 133487, "centroid_lat": 23.29, "centroid_lon": 76.28, "area_sq_km": 8.2, "boundary_source": "LGD Revenue Village Centroids + Block-Bounded Voronoi Tessellation", "boundary_quality": "DERIVED"}, "geometry": {"type": "Polygon", "coordinates": [[[76.29245, 23.2899], [76.29252, 23.29467], [76.28865, 23.29785], [76.28444, 23.29966], [76.2801, 23.29997], [76.27584, 23.2995], [76.27144, 23.29805], [76.26765, 23.29484], [76.2675, 23.2901], [76.27075, 23.28655], [76.27507, 23.27927], [76.27988, 23.27699], [76.28464, 23.27939], [76.28677, 23.28364], [76.29245, 23.2899]]]}}, {"type": "Feature", "properties": {"state": "Madhya Pradesh", "district": "Shajapur", "block": "Shujalpur", "gp_name": "Shujalpur Rural", "state_code": 23, "district_code": 425, "block_code": 4143, "gp_code": 133488, "centroid_lat": 23.31, "centroid_lon": 76.26, "area_sq_km": 8.3, "boundary_source": "LGD Revenue Village Centroids + Block-Bounded Voronoi Tessellation", "boundary_quality": "DERIVED"}, "geometry": {"type": "Polygon", "coordinates": [[[76.27228, 23.3099], [76.27221, 23.31456], [76.26885, 23.31803], [76.26448, 23.31974], [76.25578, 23.31964], [76.25116, 23.31831], [76.24796, 23.31472], [76.24759, 23.3101], [76.25527, 23.2997], [76.25988, 23.29717], [76.26459, 23.2995], [76.26921, 23.30639], [76.27228, 23.3099]]]}}, {"type": "Feature", "properties": {"state": "Madhya Pradesh", "district": "Sheopur", "block": "Sheopur", "gp_name": "Sheopur Gram Panchayat", "state_code": 23, "district_code": 447, "block_code": 4160, "gp_code": 133489, "centroid_lat": 25.65, "centroid_lon": 76.832, "area_sq_km": 8.4, "boundary_source": "LGD Revenue Village Centroids + Block-Bounded Voronoi Tessellation", "boundary_quality": "DERIVED"}, "geometry": {"type": "Polygon", "coordinates": [[[76.84421, 25.64985], [76.84432, 25.65445], [76.84114, 25.65805], [76.83653, 25.65953], [76.82785, 25.65945], [76.82309, 25.65831], [76.81952, 25.65487], [76.81958, 25.65016], [76.82212, 25.64643], [76.82708, 25.63963], [76.83181, 25.63736], [76.83671, 25.63927], [76.84129, 25.64638], [76.84421, 25.64985]]]}}, {"type": "Feature", "properties": {"state": "Madhya Pradesh", "district": "Sheopur", "block": "Sheopur", "gp_name": "Sheopur Rural", "state_code": 23, "district_code": 447, "block_code": 4160, "gp_code": 133490, "centroid_lat": 25.67, "centroid_lon": 76.812, "area_sq_km": 8.5, "boundary_source": "LGD Revenue Village Centroids + Block-Bounded Voronoi Tessellation", "boundary_quality": "DERIVED"}, "geometry": {"type": "Polygon", "coordinates": [[[76.82443, 25.66985], [76.82447, 25.6745], [76.82079, 25.67775], [76.81647, 25.67942], [76.81215, 25.67989], [76.8078, 25.67957], [76.8034, 25.67801], [76.79931, 25.67495], [76.79974, 25.67015], [76.80203, 25.6664], [76.80468, 25.66354], [76.80694, 25.65935], [76.81181, 25.65718], [76.81669, 25.65932], [76.81907, 25.66342], [76.82443, 25.66985]]]}}, {"type": "Feature", "properties": {"state": "Madhya Pradesh", "district": "Sheopur", "block": "Karahal", "gp_name": "Karahal Gram Panchayat", "state_code": 23, "district_code": 447, "block_code": 4161, "gp_code": 133491, "centroid_lat": 25.7539, "centroid_lon": 76.634, "area_sq_km": 8.6, "boundary_source": "LGD Revenue Village Centroids + Block-Bounded Voronoi Tessellation", "boundary_quality": "DERIVED"}, "geometry": {"type": "Polygon", "coordinates": [[[76.64659, 25.75376], [76.64672, 25.7585], [76.64312, 25.76195], [76.63858, 25.76357], [76.62983, 25.76334], [76.62507, 25.76219], [76.62174, 25.75866], [76.62161, 25.75404], [76.62696, 25.74768], [76.62914, 25.74363], [76.63383, 25.74115], [76.63857, 25.74354], [76.64093, 25.74747], [76.64381, 25.75009], [76.64659, 25.75376]]]}}, {"type": "Feature", "properties": {"state": "Madhya Pradesh", "district": "Sheopur", "block": "Karahal", "gp_name": "Karahal Rural", "state_code": 23, "district_code": 447, "block_code": 4161, "gp_code": 133492, "centroid_lat": 25.7739, "centroid_lon": 76.614, "area_sq_km": 8.7, "boundary_source": "LGD Revenue Village Centroids + Block-Bounded Voronoi Tessellation", "boundary_quality": "DERIVED"}, "geometry": {"type": "Polygon", "coordinates": [[[76.62635, 25.77376], [76.62669, 25.7785], [76.62308, 25.78192], [76.61844, 25.78327], [76.60991, 25.78315], [76.6053, 25.78197], [76.60135, 25.77881], [76.60167, 25.77404], [76.6041, 25.77031], [76.60912, 25.7636], [76.61383, 25.7612], [76.61869, 25.76328], [76.62095, 25.76745], [76.62635, 25.77376]]]}}, {"type": "Feature", "properties": {"state": "Madhya Pradesh", "district": "Sheopur", "block": "Vijaypur", "gp_name": "Vijaypur Gram Panchayat", "state_code": 23, "district_code": 447, "block_code": 4162, "gp_code": 133493, "centroid_lat": 25.5461, "centroid_lon": 76.634, "area_sq_km": 8.8, "boundary_source": "LGD Revenue Village Centroids + Block-Bounded Voronoi Tessellation", "boundary_quality": "DERIVED"}, "geometry": {"type": "Polygon", "coordinates": [[[76.64689, 25.54596], [76.64626, 25.55055], [76.64311, 25.55416], [76.63845, 25.55551], [76.6299, 25.55539], [76.62535, 25.55414], [76.62169, 25.55088], [76.6218, 25.54624], [76.62674, 25.53968], [76.62899, 25.5355], [76.63383, 25.53353], [76.63857, 25.53574], [76.64104, 25.53955], [76.64689, 25.54596]]]}}, {"type": "Feature", "properties": {"state": "Madhya Pradesh", "district": "Sheopur", "block": "Vijaypur", "gp_name": "Vijaypur Rural", "state_code": 23, "district_code": 447, "block_code": 4162, "gp_code": 133494, "centroid_lat": 25.5661, "centroid_lon": 76.614, "area_sq_km": 8.9, "boundary_source": "LGD Revenue Village Centroids + Block-Bounded Voronoi Tessellation", "boundary_quality": "DERIVED"}, "geometry": {"type": "Polygon", "coordinates": [[[76.62648, 25.56596], [76.62655, 25.57065], [76.62288, 25.57396], [76.61848, 25.57559], [76.61413, 25.57601], [76.60973, 25.57577], [76.60504, 25.57443], [76.60192, 25.5708], [76.6013, 25.56624], [76.60693, 25.55984], [76.60904, 25.55561], [76.61383, 25.55326], [76.61859, 25.55569], [76.62648, 25.56596]]]}}, {"type": "Feature", "properties": {"state": "Madhya Pradesh", "district": "Shivpuri", "block": "Shivpuri", "gp_name": "Shivpuri Gram Panchayat", "state_code": 23, "district_code": 426, "block_code": 4180, "gp_code": 133495, "centroid_lat": 25.42, "centroid_lon": 77.836, "area_sq_km": 9.0, "boundary_source": "LGD Revenue Village Centroids + Block-Bounded Voronoi Tessellation", "boundary_quality": "DERIVED"}, "geometry": {"type": "Polygon", "coordinates": [[[77.84859, 25.41976], [77.84861, 25.42446], [77.8451, 25.42792], [77.84044, 25.42919], [77.83623, 25.42966], [77.83198, 25.42938], [77.82735, 25.4282], [77.82386, 25.42484], [77.82382, 25.42023], [77.83082, 25.40929], [77.8357, 25.40715], [77.84063, 25.4092], [77.84859, 25.41976]]]}}, {"type": "Feature", "properties": {"state": "Madhya Pradesh", "district": "Shivpuri", "block": "Shivpuri", "gp_name": "Shivpuri Rural", "state_code": 23, "district_code": 426, "block_code": 4180, "gp_code": 133496, "centroid_lat": 25.44, "centroid_lon": 77.816, "area_sq_km": 9.1, "boundary_source": "LGD Revenue Village Centroids + Block-Bounded Voronoi Tessellation", "boundary_quality": "DERIVED"}, "geometry": {"type": "Polygon", "coordinates": [[[77.82853, 25.43976], [77.82822, 25.44432], [77.82507, 25.44789], [77.82055, 25.4494], [77.81623, 25.4499], [77.81185, 25.44968], [77.80755, 25.448], [77.80377, 25.44487], [77.80369, 25.44024], [77.81102, 25.42969], [77.8157, 25.42717], [77.82064, 25.42918], [77.8229, 25.43346], [77.82576, 25.43611], [77.82853, 25.43976]]]}}, {"type": "Feature", "properties": {"state": "Madhya Pradesh", "district": "Shivpuri", "block": "Badarwas", "gp_name": "Badarwas Gram Panchayat", "state_code": 23, "district_code": 426, "block_code": 4181, "gp_code": 133497, "centroid_lat": 25.5331, "centroid_lon": 77.7845, "area_sq_km": 9.2, "boundary_source": "LGD Revenue Village Centroids + Block-Bounded Voronoi Tessellation", "boundary_quality": "DERIVED"}, "geometry": {"type": "Polygon", "coordinates": [[[77.79693, 25.53286], [77.79698, 25.53751], [77.7937, 25.5411], [77.78473, 25.54316], [77.78031, 25.54286], [77.77588, 25.54125], [77.77239, 25.53792], [77.77164, 25.53334], [77.77733, 25.52686], [77.7794, 25.52256], [77.7842, 25.52013], [77.7891, 25.5224], [77.79144, 25.52653], [77.79693, 25.53286]]]}}, {"type": "Feature", "properties": {"state": "Madhya Pradesh", "district": "Shivpuri", "block": "Badarwas", "gp_name": "Badarwas Rural", "state_code": 23, "district_code": 426, "block_code": 4181, "gp_code": 133498, "centroid_lat": 25.5531, "centroid_lon": 77.7645, "area_sq_km": 9.3, "boundary_source": "LGD Revenue Village Centroids + Block-Bounded Voronoi Tessellation", "boundary_quality": "DERIVED"}, "geometry": {"type": "Polygon", "coordinates": [[[77.77726, 25.55286], [77.77686, 25.55747], [77.77354, 25.56096], [77.769, 25.5624], [77.76473, 25.56309], [77.7604, 25.56263], [77.75606, 25.56108], [77.75221, 25.55799], [77.75195, 25.55334], [77.7571, 25.54666], [77.75936, 25.54248], [77.76421, 25.54034], [77.76917, 25.54224], [77.77161, 25.54637], [77.77726, 25.55286]]]}}, {"type": "Feature", "properties": {"state": "Madhya Pradesh", "district": "Shivpuri", "block": "Karera", "gp_name": "Karera Gram Panchayat", "state_code": 23, "district_code": 426, "block_code": 4182, "gp_code": 133499, "centroid_lat": 25.58, "centroid_lon": 77.66, "area_sq_km": 9.4, "boundary_source": "LGD Revenue Village Centroids + Block-Bounded Voronoi Tessellation", "boundary_quality": "DERIVED"}, "geometry": {"type": "Polygon", "coordinates": [[[77.67286, 25.57977], [77.67264, 25.58448], [77.66888, 25.58773], [77.66448, 25.58927], [77.66022, 25.58995], [77.65588, 25.58956], [77.65118, 25.58833], [77.64737, 25.58502], [77.64718, 25.58023], [77.65272, 25.57365], [77.65507, 25.56978], [77.65972, 25.56714], [77.66458, 25.56937], [77.6692, 25.57635], [77.67286, 25.57977]]]}}, {"type": "Feature", "properties": {"state": "Madhya Pradesh", "district": "Shivpuri", "block": "Karera", "gp_name": "Karera Rural", "state_code": 23, "district_code": 426, "block_code": 4182, "gp_code": 133500, "centroid_lat": 25.6, "centroid_lon": 77.64, "area_sq_km": 4.5, "boundary_source": "LGD Revenue Village Centroids + Block-Bounded Voronoi Tessellation", "boundary_quality": "DERIVED"}, "geometry": {"type": "Polygon", "coordinates": [[[77.65231, 25.59978], [77.65248, 25.60442], [77.64897, 25.60782], [77.64448, 25.60928], [77.64022, 25.61002], [77.63583, 25.60967], [77.63118, 25.60832], [77.6277, 25.60488], [77.62773, 25.60022], [77.63277, 25.5937], [77.63507, 25.5898], [77.63972, 25.58737], [77.64466, 25.5892], [77.64937, 25.59628], [77.65231, 25.59978]]]}}, {"type": "Feature", "properties": {"state": "Madhya Pradesh", "district": "Shivpuri", "block": "Khaniyadhana", "gp_name": "Khaniyadhana Gram Panchayat", "state_code": 23, "district_code": 426, "block_code": 4183, "gp_code": 133501, "centroid_lat": 25.5331, "centroid_lon": 77.5355, "area_sq_km": 4.6, "boundary_source": "LGD Revenue Village Centroids + Block-Bounded Voronoi Tessellation", "boundary_quality": "DERIVED"}, "geometry": {"type": "Polygon", "coordinates": [[[77.54771, 25.53289], [77.54823, 25.53763], [77.54446, 25.54092], [77.53992, 25.54228], [77.53571, 25.54316], [77.53128, 25.54286], [77.5266, 25.54149], [77.52282, 25.53812], [77.52266, 25.53332], [77.52829, 25.5268], [77.53051, 25.52273], [77.53523, 25.52022], [77.54, 25.52269], [77.54771, 25.53289]]]}}, {"type": "Feature", "properties": {"state": "Madhya Pradesh", "district": "Shivpuri", "block": "Khaniyadhana", "gp_name": "Khaniyadhana Rural", "state_code": 23, "district_code": 426, "block_code": 4183, "gp_code": 133502, "centroid_lat": 25.5531, "centroid_lon": 77.5155, "area_sq_km": 4.7, "boundary_source": "LGD Revenue Village Centroids + Block-Bounded Voronoi Tessellation", "boundary_quality": "DERIVED"}, "geometry": {"type": "Polygon", "coordinates": [[[77.52768, 25.55289], [77.52779, 25.55747], [77.52432, 25.5608], [77.52003, 25.56251], [77.5114, 25.56259], [77.50702, 25.56109], [77.50326, 25.55795], [77.50319, 25.55331], [77.50844, 25.54693], [77.51055, 25.54281], [77.51523, 25.54004], [77.52019, 25.54225], [77.52255, 25.54646], [77.52768, 25.55289]]]}}, {"type": "Feature", "properties": {"state": "Madhya Pradesh", "district": "Shivpuri", "block": "Kolaras", "gp_name": "Kolaras Gram Panchayat", "state_code": 23, "district_code": 426, "block_code": 4184, "gp_code": 133503, "centroid_lat": 25.42, "centroid_lon": 77.484, "area_sq_km": 4.8, "boundary_source": "LGD Revenue Village Centroids + Block-Bounded Voronoi Tessellation", "boundary_quality": "DERIVED"}, "geometry": {"type": "Polygon", "coordinates": [[[77.49667, 25.41979], [77.4962, 25.42435], [77.49289, 25.42778], [77.48841, 25.42917], [77.4842, 25.4298], [77.47989, 25.42952], [77.47514, 25.42835], [77.47139, 25.42499], [77.47184, 25.42021], [77.47682, 25.41372], [77.47907, 25.40973], [77.48373, 25.40702], [77.48867, 25.40919], [77.49085, 25.41354], [77.4937, 25.41616], [77.49667, 25.41979]]]}}, {"type": "Feature", "properties": {"state": "Madhya Pradesh", "district": "Shivpuri", "block": "Kolaras", "gp_name": "Kolaras Rural", "state_code": 23, "district_code": 426, "block_code": 4184, "gp_code": 133504, "centroid_lat": 25.44, "centroid_lon": 77.464, "area_sq_km": 4.9, "boundary_source": "LGD Revenue Village Centroids + Block-Bounded Voronoi Tessellation", "boundary_quality": "DERIVED"}, "geometry": {"type": "Polygon", "coordinates": [[[77.47661, 25.43979], [77.47635, 25.4444], [77.47318, 25.44804], [77.46858, 25.44954], [77.45978, 25.44977], [77.45512, 25.44837], [77.45145, 25.44497], [77.45182, 25.4402], [77.45683, 25.43373], [77.45908, 25.42975], [77.46374, 25.42742], [77.46849, 25.42963], [77.47661, 25.43979]]]}}, {"type": "Feature", "properties": {"state": "Madhya Pradesh", "district": "Shivpuri", "block": "Narwar", "gp_name": "Narwar Gram Panchayat", "state_code": 23, "district_code": 426, "block_code": 4185, "gp_code": 133505, "centroid_lat": 25.3069, "centroid_lon": 77.5355, "area_sq_km": 5.0, "boundary_source": "LGD Revenue Village Centroids + Block-Bounded Voronoi Tessellation", "boundary_quality": "DERIVED"}, "geometry": {"type": "Polygon", "coordinates": [[[77.54833, 25.30668], [77.54787, 25.31131], [77.5445, 25.31478], [77.54012, 25.31653], [77.53571, 25.31677], [77.52686, 25.31506], [77.52287, 25.31191], [77.52324, 25.30711], [77.53061, 25.29672], [77.53523, 25.29403], [77.54017, 25.29608], [77.54238, 25.3004], [77.54833, 25.30668]]]}}, {"type": "Feature", "properties": {"state": "Madhya Pradesh", "district": "Shivpuri", "block": "Narwar", "gp_name": "Narwar Rural", "state_code": 23, "district_code": 426, "block_code": 4185, "gp_code": 133506, "centroid_lat": 25.3269, "centroid_lon": 77.5155, "area_sq_km": 5.1, "boundary_source": "LGD Revenue Village Centroids + Block-Bounded Voronoi Tessellation", "boundary_quality": "DERIVED"}, "geometry": {"type": "Polygon", "coordinates": [[[77.52835, 25.32668], [77.5282, 25.33143], [77.52458, 25.33484], [77.52011, 25.3365], [77.51138, 25.33643], [77.50682, 25.33509], [77.50316, 25.33179], [77.50282, 25.32712], [77.50819, 25.3205], [77.51051, 25.31652], [77.51524, 25.31424], [77.51999, 25.3165], [77.52246, 25.32033], [77.52835, 25.32668]]]}}, {"type": "Feature", "properties": {"state": "Madhya Pradesh", "district": "Shivpuri", "block": "Pichhore", "gp_name": "Pichhore Gram Panchayat", "state_code": 23, "district_code": 426, "block_code": 4186, "gp_code": 133507, "centroid_lat": 25.26, "centroid_lon": 77.66, "area_sq_km": 5.2, "boundary_source": "LGD Revenue Village Centroids + Block-Bounded Voronoi Tessellation", "boundary_quality": "DERIVED"}, "geometry": {"type": "Polygon", "coordinates": [[[77.67216, 25.25978], [77.67281, 25.26456], [77.66882, 25.26771], [77.66446, 25.26927], [77.66022, 25.26986], [77.65586, 25.26961], [77.65112, 25.2684], [77.64768, 25.2649], [77.64771, 25.26022], [77.65287, 25.25376], [77.65494, 25.24949], [77.65972, 25.24699], [77.66469, 25.2491], [77.66698, 25.25339], [77.67216, 25.25978]]]}}, {"type": "Feature", "properties": {"state": "Madhya Pradesh", "district": "Shivpuri", "block": "Pichhore", "gp_name": "Pichhore Rural", "state_code": 23, "district_code": 426, "block_code": 4186, "gp_code": 133508, "centroid_lat": 25.28, "centroid_lon": 77.64, "area_sq_km": 5.3, "boundary_source": "LGD Revenue Village Centroids + Block-Bounded Voronoi Tessellation", "boundary_quality": "DERIVED"}, "geometry": {"type": "Polygon", "coordinates": [[[77.65238, 25.27978], [77.65235, 25.28439], [77.64875, 25.28765], [77.64453, 25.28942], [77.64021, 25.2898], [77.63591, 25.28949], [77.63155, 25.28799], [77.62797, 25.28478], [77.62739, 25.28023], [77.63067, 25.27668], [77.63503, 25.26967], [77.63972, 25.26726], [77.64459, 25.26932], [77.64928, 25.27631], [77.65238, 25.27978]]]}}, {"type": "Feature", "properties": {"state": "Madhya Pradesh", "district": "Shivpuri", "block": "Pohari", "gp_name": "Pohari Gram Panchayat", "state_code": 23, "district_code": 426, "block_code": 4187, "gp_code": 133509, "centroid_lat": 25.3069, "centroid_lon": 77.7845, "area_sq_km": 5.4, "boundary_source": "LGD Revenue Village Centroids + Block-Bounded Voronoi Tessellation", "boundary_quality": "DERIVED"}, "geometry": {"type": "Polygon", "coordinates": [[[77.79708, 25.30666], [77.797, 25.31133], [77.79356, 25.3148], [77.78909, 25.31642], [77.78472, 25.31673], [77.78044, 25.31636], [77.77601, 25.31494], [77.77213, 25.31183], [77.77167, 25.30714], [77.77699, 25.30035], [77.77935, 25.29624], [77.7842, 25.29379], [77.78912, 25.29614], [77.79384, 25.30318], [77.79708, 25.30666]]]}}, {"type": "Feature", "properties": {"state": "Madhya Pradesh", "district": "Shivpuri", "block": "Pohari", "gp_name": "Pohari Rural", "state_code": 23, "district_code": 426, "block_code": 4187, "gp_code": 133510, "centroid_lat": 25.3269, "centroid_lon": 77.7645, "area_sq_km": 5.5, "boundary_source": "LGD Revenue Village Centroids + Block-Bounded Voronoi Tessellation", "boundary_quality": "DERIVED"}, "geometry": {"type": "Polygon", "coordinates": [[[77.77677, 25.32667], [77.7768, 25.33126], [77.7734, 25.33466], [77.76914, 25.33651], [77.76472, 25.33676], [77.76047, 25.3363], [77.75608, 25.33487], [77.75204, 25.33187], [77.75217, 25.32713], [77.75744, 25.32074], [77.75937, 25.31627], [77.76421, 25.31433], [77.76905, 25.3163], [77.77134, 25.32042], [77.77677, 25.32667]]]}}, {"type": "Feature", "properties": {"state": "Madhya Pradesh", "district": "Sidhi", "block": "Sidhi", "gp_name": "Sidhi Gram Panchayat", "state_code": 23, "district_code": 427, "block_code": 4200, "gp_code": 133511, "centroid_lat": 24.4, "centroid_lon": 82.022, "area_sq_km": 5.6, "boundary_source": "LGD Revenue Village Centroids + Block-Bounded Voronoi Tessellation", "boundary_quality": "DERIVED"}, "geometry": {"type": "Polygon", "coordinates": [[[82.03455, 24.39941], [82.03458, 24.4041], [82.03112, 24.40754], [82.02675, 24.40915], [82.02253, 24.40959], [82.01835, 24.40939], [82.01368, 24.40844], [82.00978, 24.40532], [82.00987, 24.40056], [82.01262, 24.39694], [82.01669, 24.38975], [82.02128, 24.387], [82.02614, 24.38934], [82.02885, 24.39306], [82.03455, 24.39941]]]}}, {"type": "Feature", "properties": {"state": "Madhya Pradesh", "district": "Sidhi", "block": "Sidhi", "gp_name": "Sidhi Rural", "state_code": 23, "district_code": 427, "block_code": 4200, "gp_code": 133512, "centroid_lat": 24.42, "centroid_lon": 82.002, "area_sq_km": 5.7, "boundary_source": "LGD Revenue Village Centroids + Block-Bounded Voronoi Tessellation", "boundary_quality": "DERIVED"}, "geometry": {"type": "Polygon", "coordinates": [[[82.01405, 24.41944], [82.0145, 24.42407], [82.0112, 24.42761], [82.0068, 24.42925], [82.00254, 24.42979], [81.99369, 24.42843], [81.99028, 24.4251], [81.98933, 24.42059], [81.99257, 24.41693], [81.99672, 24.40982], [82.00129, 24.40717], [82.0061, 24.40944], [82.01405, 24.41944]]]}}, {"type": "Feature", "properties": {"state": "Madhya Pradesh", "district": "Sidhi", "block": "Kusmi", "gp_name": "Kusmi Gram Panchayat", "state_code": 23, "district_code": 427, "block_code": 4201, "gp_code": 133513, "centroid_lat": 24.5141, "centroid_lon": 81.9308, "area_sq_km": 5.8, "boundary_source": "LGD Revenue Village Centroids + Block-Bounded Voronoi Tessellation", "boundary_quality": "DERIVED"}, "geometry": {"type": "Polygon", "coordinates": [[[81.94304, 24.51353], [81.94341, 24.51821], [81.9401, 24.52179], [81.93134, 24.5239], [81.92695, 24.52398], [81.92237, 24.52263], [81.9191, 24.51918], [81.91824, 24.51468], [81.92332, 24.50792], [81.92543, 24.50375], [81.93011, 24.50155], [81.93503, 24.50323], [81.93748, 24.50734], [81.94304, 24.51353]]]}}, {"type": "Feature", "properties": {"state": "Madhya Pradesh", "district": "Sidhi", "block": "Kusmi", "gp_name": "Kusmi Rural", "state_code": 23, "district_code": 427, "block_code": 4201, "gp_code": 133514, "centroid_lat": 24.5341, "centroid_lon": 81.9108, "area_sq_km": 5.9, "boundary_source": "LGD Revenue Village Centroids + Block-Bounded Voronoi Tessellation", "boundary_quality": "DERIVED"}, "geometry": {"type": "Polygon", "coordinates": [[[81.92291, 24.53354], [81.92337, 24.5382], [81.92015, 24.54183], [81.91563, 24.54341], [81.90698, 24.5439], [81.90243, 24.54256], [81.89862, 24.53939], [81.89829, 24.53468], [81.90144, 24.53105], [81.9056, 24.52408], [81.9101, 24.52139], [81.91497, 24.52339], [81.92291, 24.53354]]]}}, {"type": "Feature", "properties": {"state": "Madhya Pradesh", "district": "Sidhi", "block": "Majhauli", "gp_name": "Majhauli Gram Panchayat", "state_code": 23, "district_code": 427, "block_code": 4202, "gp_code": 133515, "centroid_lat": 24.4705, "centroid_lon": 81.7832, "area_sq_km": 6.0, "boundary_source": "LGD Revenue Village Centroids + Block-Bounded Voronoi Tessellation", "boundary_quality": "DERIVED"}, "geometry": {"type": "Polygon", "coordinates": [[[81.79522, 24.46996], [81.79591, 24.47466], [81.79254, 24.47825], [81.78795, 24.47969], [81.78374, 24.48058], [81.77946, 24.48008], [81.77486, 24.47893], [81.77139, 24.47561], [81.77106, 24.47105], [81.77323, 24.46724], [81.77574, 24.46431], [81.77791, 24.46026], [81.78251, 24.45767], [81.78749, 24.45951], [81.78978, 24.46385], [81.79278, 24.46635], [81.79522, 24.46996]]]}}, {"type": "Feature", "properties": {"state": "Madhya Pradesh", "district": "Sidhi", "block": "Majhauli", "gp_name": "Majhauli Rural", "state_code": 23, "district_code": 427, "block_code": 4202, "gp_code": 133516, "centroid_lat": 24.4905, "centroid_lon": 81.7632, "area_sq_km": 6.1, "boundary_source": "LGD Revenue Village Centroids + Block-Bounded Voronoi Tessellation", "boundary_quality": "DERIVED"}, "geometry": {"type": "Polygon", "coordinates": [[[81.77565, 24.48994], [81.7758, 24.49462], [81.77253, 24.49824], [81.76797, 24.49972], [81.75947, 24.50003], [81.75475, 24.49903], [81.75087, 24.49584], [81.75069, 24.49106], [81.75588, 24.48443], [81.75776, 24.47997], [81.76252, 24.47784], [81.76738, 24.47981], [81.77565, 24.48994]]]}}, {"type": "Feature", "properties": {"state": "Madhya Pradesh", "district": "Sidhi", "block": "Rampur Naikin", "gp_name": "Rampur Naikin Gram Panchayat", "state_code": 23, "district_code": 427, "block_code": 4203, "gp_code": 133517, "centroid_lat": 24.3295, "centroid_lon": 81.7832, "area_sq_km": 6.2, "boundary_source": "LGD Revenue Village Centroids + Block-Bounded Voronoi Tessellation", "boundary_quality": "DERIVED"}, "geometry": {"type": "Polygon", "coordinates": [[[81.79533, 24.32896], [81.79552, 24.33354], [81.79244, 24.33717], [81.78808, 24.33895], [81.77946, 24.33909], [81.77472, 24.33807], [81.77098, 24.33479], [81.77052, 24.33007], [81.77364, 24.32636], [81.77786, 24.31915], [81.78253, 24.31693], [81.78728, 24.31905], [81.79533, 24.32896]]]}}, {"type": "Feature", "properties": {"state": "Madhya Pradesh", "district": "Sidhi", "block": "Rampur Naikin", "gp_name": "Rampur Naikin Rural", "state_code": 23, "district_code": 427, "block_code": 4203, "gp_code": 133518, "centroid_lat": 24.3495, "centroid_lon": 81.7632, "area_sq_km": 6.3, "boundary_source": "LGD Revenue Village Centroids + Block-Bounded Voronoi Tessellation", "boundary_quality": "DERIVED"}, "geometry": {"type": "Polygon", "coordinates": [[[81.77521, 24.34896], [81.77561, 24.35357], [81.77208, 24.35688], [81.76802, 24.35884], [81.76372, 24.35917], [81.75489, 24.35789], [81.75107, 24.35475], [81.75077, 24.35006], [81.75361, 24.34635], [81.75789, 24.3392], [81.76252, 24.33685], [81.76737, 24.33883], [81.77521, 24.34896]]]}}, {"type": "Feature", "properties": {"state": "Madhya Pradesh", "district": "Sidhi", "block": "Sihawal", "gp_name": "Sihawal Gram Panchayat", "state_code": 23, "district_code": 427, "block_code": 4204, "gp_code": 133519, "centroid_lat": 24.2859, "centroid_lon": 81.9308, "area_sq_km": 6.4, "boundary_source": "LGD Revenue Village Centroids + Block-Bounded Voronoi Tessellation", "boundary_quality": "DERIVED"}, "geometry": {"type": "Polygon", "coordinates": [[[81.94312, 24.28533], [81.94303, 24.2899], [81.94019, 24.29369], [81.93551, 24.29501], [81.93133, 24.29562], [81.92712, 24.29534], [81.92255, 24.29426], [81.91851, 24.29124], [81.91849, 24.28646], [81.92351, 24.27985], [81.92557, 24.27579], [81.9301, 24.27306], [81.93488, 24.27543], [81.93976, 24.28201], [81.94312, 24.28533]]]}}, {"type": "Feature", "properties": {"state": "Madhya Pradesh", "district": "Sidhi", "block": "Sihawal", "gp_name": "Sihawal Rural", "state_code": 23, "district_code": 427, "block_code": 4204, "gp_code": 133520, "centroid_lat": 24.3059, "centroid_lon": 81.9108, "area_sq_km": 6.5, "boundary_source": "LGD Revenue Village Centroids + Block-Bounded Voronoi Tessellation", "boundary_quality": "DERIVED"}, "geometry": {"type": "Polygon", "coordinates": [[[81.92337, 24.30532], [81.92357, 24.31008], [81.92012, 24.31363], [81.91134, 24.31576], [81.907, 24.31566], [81.90261, 24.31419], [81.89897, 24.31104], [81.89829, 24.30647], [81.90564, 24.29592], [81.9101, 24.29309], [81.915, 24.29511], [81.91748, 24.29913], [81.92337, 24.30532]]]}}, {"type": "Feature", "properties": {"state": "Madhya Pradesh", "district": "Singrauli", "block": "Singrauli", "gp_name": "Singrauli Gram Panchayat", "state_code": 23, "district_code": 638, "block_code": 4220, "gp_code": 133521, "centroid_lat": 24.19, "centroid_lon": 82.802, "area_sq_km": 6.6, "boundary_source": "LGD Revenue Village Centroids + Block-Bounded Voronoi Tessellation", "boundary_quality": "DERIVED"}, "geometry": {"type": "Polygon", "coordinates": [[[82.81404, 24.18938], [82.81418, 24.19391], [82.81132, 24.19764], [82.8068, 24.19915], [82.79824, 24.19987], [82.79377, 24.19845], [82.79019, 24.19522], [82.78979, 24.19063], [82.79459, 24.18392], [82.79678, 24.18005], [82.80121, 24.1771], [82.80599, 24.17954], [82.80853, 24.18329], [82.81404, 24.18938]]]}}, {"type": "Feature", "properties": {"state": "Madhya Pradesh", "district": "Singrauli", "block": "Singrauli", "gp_name": "Singrauli Rural", "state_code": 23, "district_code": 638, "block_code": 4220, "gp_code": 133522, "centroid_lat": 24.21, "centroid_lon": 82.782, "area_sq_km": 6.7, "boundary_source": "LGD Revenue Village Centroids + Block-Bounded Voronoi Tessellation", "boundary_quality": "DERIVED"}, "geometry": {"type": "Polygon", "coordinates": [[[82.79402, 24.20938], [82.79431, 24.21395], [82.79112, 24.21747], [82.78683, 24.21921], [82.78259, 24.21965], [82.77838, 24.21948], [82.77362, 24.2186], [82.76981, 24.21538], [82.76938, 24.21065], [82.77437, 24.20375], [82.77661, 24.19972], [82.78121, 24.19702], [82.78602, 24.19947], [82.78857, 24.20325], [82.79402, 24.20938]]]}}, {"type": "Feature", "properties": {"state": "Madhya Pradesh", "district": "Singrauli", "block": "Baishan", "gp_name": "Baishan Gram Panchayat", "state_code": 23, "district_code": 638, "block_code": 4221, "gp_code": 133523, "centroid_lat": 24.31, "centroid_lon": 82.67, "area_sq_km": 6.8, "boundary_source": "LGD Revenue Village Centroids + Block-Bounded Voronoi Tessellation", "boundary_quality": "DERIVED"}, "geometry": {"type": "Polygon", "coordinates": [[[82.68255, 24.30936], [82.68247, 24.31401], [82.67892, 24.31731], [82.67489, 24.31932], [82.66622, 24.31988], [82.66174, 24.31845], [82.65835, 24.31513], [82.65774, 24.31062], [82.66064, 24.30699], [82.66464, 24.29977], [82.66922, 24.29711], [82.67416, 24.29914], [82.6766, 24.30325], [82.68255, 24.30936]]]}}, {"type": "Feature", "properties": {"state": "Madhya Pradesh", "district": "Singrauli", "block": "Baishan", "gp_name": "Baishan Rural", "state_code": 23, "district_code": 638, "block_code": 4221, "gp_code": 133524, "centroid_lat": 24.33, "centroid_lon": 82.65, "area_sq_km": 6.9, "boundary_source": "LGD Revenue Village Centroids + Block-Bounded Voronoi Tessellation", "boundary_quality": "DERIVED"}, "geometry": {"type": "Polygon", "coordinates": [[[82.66208, 24.32939], [82.66232, 24.33396], [82.65908, 24.33745], [82.65473, 24.33902], [82.64636, 24.33951], [82.64156, 24.33864], [82.63781, 24.33537], [82.63753, 24.33063], [82.64019, 24.32685], [82.6428, 24.32409], [82.64471, 24.31992], [82.64923, 24.31724], [82.65402, 24.3195], [82.66208, 24.32939]]]}}, {"type": "Feature", "properties": {"state": "Madhya Pradesh", "district": "Singrauli", "block": "Chitrangi", "gp_name": "Chitrangi Gram Panchayat", "state_code": 23, "district_code": 638, "block_code": 4222, "gp_code": 133525, "centroid_lat": 24.19, "centroid_lon": 82.538, "area_sq_km": 7.0, "boundary_source": "LGD Revenue Village Centroids + Block-Bounded Voronoi Tessellation", "boundary_quality": "DERIVED"}, "geometry": {"type": "Polygon", "coordinates": [[[82.55051, 24.18938], [82.55037, 24.19399], [82.54719, 24.19756], [82.54284, 24.19927], [82.53433, 24.19955], [82.5296, 24.19859], [82.52594, 24.1953], [82.52572, 24.19061], [82.53077, 24.18405], [82.53267, 24.17979], [82.53726, 24.17747], [82.54209, 24.17933], [82.5446, 24.18325], [82.55051, 24.18938]]]}}, {"type": "Feature", "properties": {"state": "Madhya Pradesh", "district": "Singrauli", "block": "Chitrangi", "gp_name": "Chitrangi Rural", "state_code": 23, "district_code": 638, "block_code": 4222, "gp_code": 133526, "centroid_lat": 24.21, "centroid_lon": 82.518, "area_sq_km": 7.1, "boundary_source": "LGD Revenue Village Centroids + Block-Bounded Voronoi Tessellation", "boundary_quality": "DERIVED"}, "geometry": {"type": "Polygon", "coordinates": [[[82.53042, 24.20938], [82.53067, 24.21409], [82.52734, 24.21769], [82.52267, 24.21893], [82.51857, 24.21971], [82.51428, 24.21968], [82.50982, 24.21836], [82.506, 24.21527], [82.50559, 24.21062], [82.51075, 24.20403], [82.51265, 24.19977], [82.51725, 24.19729], [82.52206, 24.19944], [82.53042, 24.20938]]]}}, {"type": "Feature", "properties": {"state": "Madhya Pradesh", "district": "Singrauli", "block": "Deosar", "gp_name": "Deosar Gram Panchayat", "state_code": 23, "district_code": 638, "block_code": 4223, "gp_code": 133527, "centroid_lat": 24.07, "centroid_lon": 82.67, "area_sq_km": 7.2, "boundary_source": "LGD Revenue Village Centroids + Block-Bounded Voronoi Tessellation", "boundary_quality": "DERIVED"}, "geometry": {"type": "Polygon", "coordinates": [[[82.68236, 24.06938], [82.6822, 24.07394], [82.6789, 24.07732], [82.67466, 24.07892], [82.67058, 24.07968], [82.6664, 24.0794], [82.66186, 24.07834], [82.65805, 24.07527], [82.65756, 24.07063], [82.66005, 24.06679], [82.66274, 24.06403], [82.66453, 24.05953], [82.66924, 24.05726], [82.674, 24.05955], [82.67642, 24.06342], [82.67939, 24.06586], [82.68236, 24.06938]]]}}, {"type": "Feature", "properties": {"state": "Madhya Pradesh", "district": "Singrauli", "block": "Deosar", "gp_name": "Deosar Rural", "state_code": 23, "district_code": 638, "block_code": 4223, "gp_code": 133528, "centroid_lat": 24.09, "centroid_lon": 82.65, "area_sq_km": 7.3, "boundary_source": "LGD Revenue Village Centroids + Block-Bounded Voronoi Tessellation", "boundary_quality": "DERIVED"}, "geometry": {"type": "Polygon", "coordinates": [[[82.66248, 24.08937], [82.66273, 24.09411], [82.65903, 24.09742], [82.65476, 24.0991], [82.65057, 24.09959], [82.6464, 24.09941], [82.64202, 24.09817], [82.63828, 24.09516], [82.63752, 24.09063], [82.64054, 24.08695], [82.64453, 24.07953], [82.64925, 24.07742], [82.6542, 24.07904], [82.65645, 24.08339], [82.65948, 24.08582], [82.66248, 24.08937]]]}}, {"type": "Feature", "properties": {"state": "Madhya Pradesh", "district": "Tikamgarh", "block": "Tikamgarh", "gp_name": "Tikamgarh Gram Panchayat", "state_code": 23, "district_code": 428, "block_code": 4240, "gp_code": 133529, "centroid_lat": 24.73, "centroid_lon": 78.972, "area_sq_km": 7.4, "boundary_source": "LGD Revenue Village Centroids + Block-Bounded Voronoi Tessellation", "boundary_quality": "DERIVED"}, "geometry": {"type": "Polygon", "coordinates": [[[78.98418, 24.72968], [78.98454, 24.73436], [78.98111, 24.73785], [78.97654, 24.73925], [78.97231, 24.73975], [78.96806, 24.73946], [78.96371, 24.73802], [78.95993, 24.73495], [78.95974, 24.73032], [78.96208, 24.72655], [78.96464, 24.72366], [78.96699, 24.7198], [78.97159, 24.717], [78.97636, 24.71953], [78.97875, 24.72346], [78.98418, 24.72968]]]}}, {"type": "Feature", "properties": {"state": "Madhya Pradesh", "district": "Tikamgarh", "block": "Tikamgarh", "gp_name": "Tikamgarh Rural", "state_code": 23, "district_code": 428, "block_code": 4240, "gp_code": 133530, "centroid_lat": 24.75, "centroid_lon": 78.952, "area_sq_km": 7.5, "boundary_source": "LGD Revenue Village Centroids + Block-Bounded Voronoi Tessellation", "boundary_quality": "DERIVED"}, "geometry": {"type": "Polygon", "coordinates": [[[78.96437, 24.74967], [78.96467, 24.75441], [78.96111, 24.75785], [78.95666, 24.75949], [78.95232, 24.76], [78.94792, 24.75979], [78.94359, 24.75814], [78.93955, 24.7551], [78.93985, 24.75032], [78.94219, 24.74659], [78.94692, 24.73965], [78.9516, 24.73729], [78.95641, 24.73941], [78.96437, 24.74967]]]}}, {"type": "Feature", "properties": {"state": "Madhya Pradesh", "district": "Tikamgarh", "block": "Baldeogarh", "gp_name": "Baldeogarh Gram Panchayat", "state_code": 23, "district_code": 428, "block_code": 4241, "gp_code": 133531, "centroid_lat": 24.85, "centroid_lon": 78.84, "area_sq_km": 7.6, "boundary_source": "LGD Revenue Village Centroids + Block-Bounded Voronoi Tessellation", "boundary_quality": "DERIVED"}, "geometry": {"type": "Polygon", "coordinates": [[[78.8521, 24.84969], [78.85283, 24.85447], [78.84925, 24.85798], [78.8403, 24.85984], [78.83593, 24.85973], [78.83126, 24.85844], [78.82806, 24.85488], [78.8275, 24.85032], [78.8349, 24.83961], [78.83959, 24.83684], [78.8445, 24.83924], [78.8521, 24.84969]]]}}, {"type": "Feature", "properties": {"state": "Madhya Pradesh", "district": "Tikamgarh", "block": "Baldeogarh", "gp_name": "Baldeogarh Rural", "state_code": 23, "district_code": 428, "block_code": 4241, "gp_code": 133532, "centroid_lat": 24.87, "centroid_lon": 78.82, "area_sq_km": 7.7, "boundary_source": "LGD Revenue Village Centroids + Block-Bounded Voronoi Tessellation", "boundary_quality": "DERIVED"}, "geometry": {"type": "Polygon", "coordinates": [[[78.83277, 24.86967], [78.83249, 24.87435], [78.82929, 24.87801], [78.82466, 24.8795], [78.81595, 24.87968], [78.81151, 24.87819], [78.808, 24.8749], [78.80778, 24.87031], [78.81263, 24.86364], [78.81492, 24.85964], [78.81959, 24.85681], [78.8245, 24.85924], [78.82699, 24.86326], [78.83277, 24.86967]]]}}, {"type": "Feature", "properties": {"state": "Madhya Pradesh", "district": "Tikamgarh", "block": "Jatara", "gp_name": "Jatara Gram Panchayat", "state_code": 23, "district_code": 428, "block_code": 4242, "gp_code": 133533, "centroid_lat": 24.73, "centroid_lon": 78.708, "area_sq_km": 7.8, "boundary_source": "LGD Revenue Village Centroids + Block-Bounded Voronoi Tessellation", "boundary_quality": "DERIVED"}, "geometry": {"type": "Polygon", "coordinates": [[[78.72009, 24.7297], [78.72059, 24.7344], [78.71699, 24.73777], [78.71263, 24.73947], [78.70388, 24.73983], [78.69957, 24.73812], [78.69576, 24.73499], [78.69548, 24.73031], [78.70091, 24.72387], [78.70291, 24.71959], [78.70761, 24.71688], [78.71253, 24.71918], [78.71497, 24.72328], [78.72009, 24.7297]]]}}, {"type": "Feature", "properties": {"state": "Madhya Pradesh", "district": "Tikamgarh", "block": "Jatara", "gp_name": "Jatara Rural", "state_code": 23, "district_code": 428, "block_code": 4242, "gp_code": 133534, "centroid_lat": 24.75, "centroid_lon": 78.688, "area_sq_km": 7.9, "boundary_source": "LGD Revenue Village Centroids + Block-Bounded Voronoi Tessellation", "boundary_quality": "DERIVED"}, "geometry": {"type": "Polygon", "coordinates": [[[78.70067, 24.74969], [78.70079, 24.75447], [78.69687, 24.75767], [78.69248, 24.75917], [78.68409, 24.75933], [78.67925, 24.75843], [78.67569, 24.75502], [78.67564, 24.7503], [78.67855, 24.7467], [78.68281, 24.73938], [78.68761, 24.7369], [78.69244, 24.73941], [78.69476, 24.74348], [78.70067, 24.74969]]]}}, {"type": "Feature", "properties": {"state": "Madhya Pradesh", "district": "Tikamgarh", "block": "Palera", "gp_name": "Palera Gram Panchayat", "state_code": 23, "district_code": 428, "block_code": 4243, "gp_code": 133535, "centroid_lat": 24.61, "centroid_lon": 78.84, "area_sq_km": 8.0, "boundary_source": "LGD Revenue Village Centroids + Block-Bounded Voronoi Tessellation", "boundary_quality": "DERIVED"}, "geometry": {"type": "Polygon", "coordinates": [[[78.85257, 24.60968], [78.85238, 24.61432], [78.84911, 24.61787], [78.84454, 24.61927], [78.8403, 24.61986], [78.83129, 24.61842], [78.82806, 24.61488], [78.82743, 24.61032], [78.83284, 24.60381], [78.83501, 24.59979], [78.8396, 24.59688], [78.84439, 24.59948], [78.85257, 24.60968]]]}}, {"type": "Feature", "properties": {"state": "Madhya Pradesh", "district": "Tikamgarh", "block": "Palera", "gp_name": "Palera Rural", "state_code": 23, "district_code": 428, "block_code": 4243, "gp_code": 133536, "centroid_lat": 24.63, "centroid_lon": 78.82, "area_sq_km": 8.1, "boundary_source": "LGD Revenue Village Centroids + Block-Bounded Voronoi Tessellation", "boundary_quality": "DERIVED"}, "geometry": {"type": "Polygon", "coordinates": [[[78.83209, 24.62969], [78.8325, 24.63436], [78.82884, 24.63764], [78.82448, 24.63916], [78.82029, 24.63966], [78.81133, 24.63838], [78.80803, 24.63489], [78.80745, 24.63032], [78.8129, 24.62386], [78.81497, 24.61972], [78.8196, 24.61692], [78.8244, 24.61946], [78.83209, 24.62969]]]}}, {"type": "Feature", "properties": {"state": "Madhya Pradesh", "district": "Ujjain", "block": "Ujjain", "gp_name": "Ujjain Gram Panchayat", "state_code": 23, "district_code": 435, "block_code": 4260, "gp_code": 133537, "centroid_lat": 23.17, "centroid_lon": 75.956, "area_sq_km": 8.2, "boundary_source": "LGD Revenue Village Centroids + Block-Bounded Voronoi Tessellation", "boundary_quality": "DERIVED"}, "geometry": {"type": "Polygon", "coordinates": [[[75.96833, 23.16992], [75.96838, 23.17465], [75.96459, 23.17783], [75.96029, 23.1794], [75.95607, 23.18007], [75.94727, 23.17818], [75.94412, 23.17464], [75.94353, 23.17008], [75.94669, 23.1665], [75.95114, 23.15934], [75.95591, 23.15719], [75.96058, 23.15958], [75.96284, 23.16359], [75.96564, 23.16624], [75.96833, 23.16992]]]}}, {"type": "Feature", "properties": {"state": "Madhya Pradesh", "district": "Ujjain", "block": "Ujjain", "gp_name": "Ujjain Rural", "state_code": 23, "district_code": 435, "block_code": 4260, "gp_code": 133538, "centroid_lat": 23.19, "centroid_lon": 75.936, "area_sq_km": 8.3, "boundary_source": "LGD Revenue Village Centroids + Block-Bounded Voronoi Tessellation", "boundary_quality": "DERIVED"}, "geometry": {"type": "Polygon", "coordinates": [[[75.94854, 23.18992], [75.94827, 23.19461], [75.94489, 23.19811], [75.94031, 23.19944], [75.93607, 23.19998], [75.9317, 23.19978], [75.92735, 23.1981], [75.92352, 23.19487], [75.92384, 23.19007], [75.93133, 23.17976], [75.93591, 23.17737], [75.94059, 23.17957], [75.94281, 23.18362], [75.94566, 23.18623], [75.94854, 23.18992]]]}}, {"type": "Feature", "properties": {"state": "Madhya Pradesh", "district": "Ujjain", "block": "Badnagar", "gp_name": "Badnagar Gram Panchayat", "state_code": 23, "district_code": 435, "block_code": 4261, "gp_code": 133539, "centroid_lat": 23.3086, "centroid_lon": 75.868, "area_sq_km": 8.4, "boundary_source": "LGD Revenue Village Centroids + Block-Bounded Voronoi Tessellation", "boundary_quality": "DERIVED"}, "geometry": {"type": "Polygon", "coordinates": [[[75.88012, 23.30853], [75.88027, 23.31321], [75.87663, 23.31647], [75.87238, 23.31821], [75.86374, 23.31825], [75.85956, 23.31649], [75.85593, 23.3133], [75.85551, 23.30867], [75.85852, 23.30503], [75.86316, 23.29798], [75.86792, 23.29602], [75.87275, 23.29783], [75.87721, 23.30502], [75.88012, 23.30853]]]}}, {"type": "Feature", "properties": {"state": "Madhya Pradesh", "district": "Ujjain", "block": "Badnagar", "gp_name": "Badnagar Rural", "state_code": 23, "district_code": 435, "block_code": 4261, "gp_code": 133540, "centroid_lat": 23.3286, "centroid_lon": 75.848, "area_sq_km": 8.5, "boundary_source": "LGD Revenue Village Centroids + Block-Bounded Voronoi Tessellation", "boundary_quality": "DERIVED"}, "geometry": {"type": "Polygon", "coordinates": [[[75.86021, 23.32853], [75.86005, 23.33313], [75.8567, 23.33654], [75.8522, 23.33782], [75.84806, 23.33844], [75.84368, 23.3384], [75.8392, 23.33682], [75.83596, 23.33328], [75.83555, 23.32867], [75.83866, 23.32508], [75.84312, 23.31789], [75.84792, 23.31588], [75.85275, 23.31784], [75.85489, 23.32216], [75.85773, 23.32482], [75.86021, 23.32853]]]}}, {"type": "Feature", "properties": {"state": "Madhya Pradesh", "district": "Ujjain", "block": "Ghatiya", "gp_name": "Ghatiya Gram Panchayat", "state_code": 23, "district_code": 435, "block_code": 4262, "gp_code": 133541, "centroid_lat": 23.3086, "centroid_lon": 75.692, "area_sq_km": 8.6, "boundary_source": "LGD Revenue Village Centroids + Block-Bounded Voronoi Tessellation", "boundary_quality": "DERIVED"}, "geometry": {"type": "Polygon", "coordinates": [[[75.70466, 23.30854], [75.70399, 23.31312], [75.70057, 23.31644], [75.69632, 23.31809], [75.69205, 23.31844], [75.68783, 23.31803], [75.68348, 23.31655], [75.67966, 23.31338], [75.67961, 23.30865], [75.68265, 23.30507], [75.68711, 23.29783], [75.69193, 23.29564], [75.6968, 23.29775], [75.69893, 23.30214], [75.70466, 23.30854]]]}}, {"type": "Feature", "properties": {"state": "Madhya Pradesh", "district": "Ujjain", "block": "Ghatiya", "gp_name": "Ghatiya Rural", "state_code": 23, "district_code": 435, "block_code": 4262, "gp_code": 133542, "centroid_lat": 23.3286, "centroid_lon": 75.672, "area_sq_km": 8.7, "boundary_source": "LGD Revenue Village Centroids + Block-Bounded Voronoi Tessellation", "boundary_quality": "DERIVED"}, "geometry": {"type": "Polygon", "coordinates": [[[75.68401, 23.32855], [75.68422, 23.33321], [75.68055, 23.33642], [75.6762, 23.33784], [75.67205, 23.33849], [75.66776, 23.33818], [75.66314, 23.33685], [75.65972, 23.33336], [75.65962, 23.32865], [75.66502, 23.32221], [75.6671, 23.31782], [75.67193, 23.31547], [75.67675, 23.31786], [75.67881, 23.32225], [75.6815, 23.32492], [75.68401, 23.32855]]]}}, {"type": "Feature", "properties": {"state": "Madhya Pradesh", "district": "Ujjain", "block": "Khachrod", "gp_name": "Khachrod Gram Panchayat", "state_code": 23, "district_code": 435, "block_code": 4263, "gp_code": 133543, "centroid_lat": 23.17, "centroid_lon": 75.604, "area_sq_km": 8.8, "boundary_source": "LGD Revenue Village Centroids + Block-Bounded Voronoi Tessellation", "boundary_quality": "DERIVED"}, "geometry": {"type": "Polygon", "coordinates": [[[75.61656, 23.16995], [75.61626, 23.17464], [75.61265, 23.17793], [75.60831, 23.17951], [75.60404, 23.17993], [75.59536, 23.17805], [75.59149, 23.17485], [75.59142, 23.17005], [75.59694, 23.16353], [75.59921, 23.15944], [75.60394, 23.15679], [75.6088, 23.15916], [75.61118, 23.1633], [75.61656, 23.16995]]]}}, {"type": "Feature", "properties": {"state": "Madhya Pradesh", "district": "Ujjain", "block": "Khachrod", "gp_name": "Khachrod Rural", "state_code": 23, "district_code": 435, "block_code": 4263, "gp_code": 133544, "centroid_lat": 23.19, "centroid_lon": 75.584, "area_sq_km": 8.9, "boundary_source": "LGD Revenue Village Centroids + Block-Bounded Voronoi Tessellation", "boundary_quality": "DERIVED"}, "geometry": {"type": "Polygon", "coordinates": [[[75.59629, 23.18995], [75.59657, 23.19476], [75.59295, 23.19821], [75.58404, 23.2001], [75.57977, 23.19955], [75.57534, 23.19807], [75.57162, 23.19479], [75.572, 23.19004], [75.57915, 23.17929], [75.58394, 23.1768], [75.58866, 23.17949], [75.59629, 23.18995]]]}}, {"type": "Feature", "properties": {"state": "Madhya Pradesh", "district": "Ujjain", "block": "Mahidpur", "gp_name": "Mahidpur Gram Panchayat", "state_code": 23, "district_code": 435, "block_code": 4264, "gp_code": 133545, "centroid_lat": 23.0314, "centroid_lon": 75.692, "area_sq_km": 9.0, "boundary_source": "LGD Revenue Village Centroids + Block-Bounded Voronoi Tessellation", "boundary_quality": "DERIVED"}, "geometry": {"type": "Polygon", "coordinates": [[[75.70411, 23.03135], [75.70449, 23.03612], [75.70049, 23.03919], [75.69618, 23.04062], [75.68774, 23.04105], [75.68342, 23.03942], [75.67978, 23.03615], [75.67994, 23.03145], [75.68496, 23.02495], [75.68715, 23.0207], [75.69193, 23.01828], [75.69669, 23.02078], [75.69902, 23.02484], [75.70411, 23.03135]]]}}, {"type": "Feature", "properties": {"state": "Madhya Pradesh", "district": "Ujjain", "block": "Mahidpur", "gp_name": "Mahidpur Rural", "state_code": 23, "district_code": 435, "block_code": 4264, "gp_code": 133546, "centroid_lat": 23.0514, "centroid_lon": 75.672, "area_sq_km": 9.1, "boundary_source": "LGD Revenue Village Centroids + Block-Bounded Voronoi Tessellation", "boundary_quality": "DERIVED"}, "geometry": {"type": "Polygon", "coordinates": [[[75.68438, 23.05135], [75.68415, 23.056], [75.68094, 23.05959], [75.67629, 23.06087], [75.67205, 23.06115], [75.66785, 23.06079], [75.66316, 23.05965], [75.65963, 23.0562], [75.66004, 23.05145], [75.66712, 23.04063], [75.67194, 23.03882], [75.6768, 23.04054], [75.68129, 23.04779], [75.68438, 23.05135]]]}}, {"type": "Feature", "properties": {"state": "Madhya Pradesh", "district": "Ujjain", "block": "Tarana", "gp_name": "Tarana Gram Panchayat", "state_code": 23, "district_code": 435, "block_code": 4265, "gp_code": 133547, "centroid_lat": 23.0314, "centroid_lon": 75.868, "area_sq_km": 9.2, "boundary_source": "LGD Revenue Village Centroids + Block-Bounded Voronoi Tessellation", "boundary_quality": "DERIVED"}, "geometry": {"type": "Polygon", "coordinates": [[[75.88019, 23.03133], [75.88014, 23.03597], [75.87698, 23.03961], [75.87233, 23.04091], [75.86379, 23.04097], [75.8594, 23.03945], [75.8559, 23.03612], [75.85603, 23.03147], [75.86327, 23.021], [75.86792, 23.01827], [75.87278, 23.02053], [75.87712, 23.02785], [75.88019, 23.03133]]]}}, {"type": "Feature", "properties": {"state": "Madhya Pradesh", "district": "Ujjain", "block": "Tarana", "gp_name": "Tarana Rural", "state_code": 23, "district_code": 435, "block_code": 4265, "gp_code": 133548, "centroid_lat": 23.0514, "centroid_lon": 75.848, "area_sq_km": 9.3, "boundary_source": "LGD Revenue Village Centroids + Block-Bounded Voronoi Tessellation", "boundary_quality": "DERIVED"}, "geometry": {"type": "Polygon", "coordinates": [[[75.8606, 23.05133], [75.86043, 23.05609], [75.85657, 23.05924], [75.85217, 23.06056], [75.84806, 23.06099], [75.84387, 23.06078], [75.83956, 23.0593], [75.8356, 23.05623], [75.83557, 23.05147], [75.84102, 23.04501], [75.84326, 23.04099], [75.84792, 23.03844], [75.85265, 23.04084], [75.85727, 23.04779], [75.8606, 23.05133]]]}}, {"type": "Feature", "properties": {"state": "Madhya Pradesh", "district": "Umaria", "block": "Umaria", "gp_name": "Umaria Gram Panchayat", "state_code": 23, "district_code": 448, "block_code": 4280, "gp_code": 133549, "centroid_lat": 23.51, "centroid_lon": 80.972, "area_sq_km": 9.4, "boundary_source": "LGD Revenue Village Centroids + Block-Bounded Voronoi Tessellation", "boundary_quality": "DERIVED"}, "geometry": {"type": "Polygon", "coordinates": [[[80.98461, 23.50951], [80.98447, 23.51421], [80.98105, 23.51767], [80.97667, 23.51929], [80.97245, 23.51988], [80.96812, 23.51978], [80.9639, 23.51812], [80.96007, 23.5151], [80.95975, 23.51047], [80.96487, 23.50395], [80.96675, 23.49957], [80.97143, 23.49748], [80.97634, 23.49908], [80.98093, 23.50618], [80.98461, 23.50951]]]}}, {"type": "Feature", "properties": {"state": "Madhya Pradesh", "district": "Umaria", "block": "Umaria", "gp_name": "Umaria Rural", "state_code": 23, "district_code": 448, "block_code": 4280, "gp_code": 133550, "centroid_lat": 23.53, "centroid_lon": 80.952, "area_sq_km": 4.5, "boundary_source": "LGD Revenue Village Centroids + Block-Bounded Voronoi Tessellation", "boundary_quality": "DERIVED"}, "geometry": {"type": "Polygon", "coordinates": [[[80.96399, 23.52954], [80.96426, 23.53414], [80.96128, 23.53787], [80.95665, 23.53924], [80.95245, 23.53991], [80.94359, 23.53842], [80.94017, 23.53506], [80.93962, 23.53047], [80.94695, 23.51997], [80.95143, 23.51744], [80.9562, 23.51942], [80.95874, 23.52325], [80.96399, 23.52954]]]}}, {"type": "Feature", "properties": {"state": "Madhya Pradesh", "district": "Umaria", "block": "Karkeli", "gp_name": "Karkeli Gram Panchayat", "state_code": 23, "district_code": 448, "block_code": 4281, "gp_code": 133551, "centroid_lat": 23.63, "centroid_lon": 80.84, "area_sq_km": 4.6, "boundary_source": "LGD Revenue Village Centroids + Block-Bounded Voronoi Tessellation", "boundary_quality": "DERIVED"}, "geometry": {"type": "Polygon", "coordinates": [[[80.85255, 23.62953], [80.85212, 23.6341], [80.84878, 23.63745], [80.84477, 23.6395], [80.8362, 23.63954], [80.83181, 23.63819], [80.8282, 23.63503], [80.82776, 23.63046], [80.83281, 23.6239], [80.83467, 23.6194], [80.83944, 23.61741], [80.84429, 23.61923], [80.84655, 23.62345], [80.85255, 23.62953]]]}}, {"type": "Feature", "properties": {"state": "Madhya Pradesh", "district": "Umaria", "block": "Karkeli", "gp_name": "Karkeli Rural", "state_code": 23, "district_code": 448, "block_code": 4281, "gp_code": 133552, "centroid_lat": 23.65, "centroid_lon": 80.82, "area_sq_km": 4.7, "boundary_source": "LGD Revenue Village Centroids + Block-Bounded Voronoi Tessellation", "boundary_quality": "DERIVED"}, "geometry": {"type": "Polygon", "coordinates": [[[80.83229, 23.64954], [80.83268, 23.65429], [80.82926, 23.65786], [80.82456, 23.65907], [80.82044, 23.66], [80.81615, 23.65965], [80.81168, 23.65831], [80.80783, 23.65519], [80.80743, 23.65047], [80.81071, 23.64686], [80.81486, 23.63978], [80.81944, 23.63737], [80.82436, 23.63906], [80.82656, 23.64344], [80.83229, 23.64954]]]}}, {"type": "Feature", "properties": {"state": "Madhya Pradesh", "district": "Umaria", "block": "Manpur", "gp_name": "Manpur Gram Panchayat", "state_code": 23, "district_code": 448, "block_code": 4282, "gp_code": 133553, "centroid_lat": 23.51, "centroid_lon": 80.708, "area_sq_km": 4.8, "boundary_source": "LGD Revenue Village Centroids + Block-Bounded Voronoi Tessellation", "boundary_quality": "DERIVED"}, "geometry": {"type": "Polygon", "coordinates": [[[80.72049, 23.50954], [80.72016, 23.51413], [80.71679, 23.51749], [80.71263, 23.51925], [80.70405, 23.51989], [80.69983, 23.51816], [80.69603, 23.5151], [80.69582, 23.51045], [80.70269, 23.49939], [80.70743, 23.49692], [80.71226, 23.49934], [80.71706, 23.50614], [80.72049, 23.50954]]]}}, {"type": "Feature", "properties": {"state": "Madhya Pradesh", "district": "Umaria", "block": "Manpur", "gp_name": "Manpur Rural", "state_code": 23, "district_code": 448, "block_code": 4282, "gp_code": 133554, "centroid_lat": 23.53, "centroid_lon": 80.688, "area_sq_km": 4.9, "boundary_source": "LGD Revenue Village Centroids + Block-Bounded Voronoi Tessellation", "boundary_quality": "DERIVED"}, "geometry": {"type": "Polygon", "coordinates": [[[80.70004, 23.52956], [80.7002, 23.53414], [80.69727, 23.5379], [80.6927, 23.53938], [80.68422, 23.53947], [80.67975, 23.53824], [80.67616, 23.53504], [80.67583, 23.53045], [80.68073, 23.52381], [80.68271, 23.51942], [80.68745, 23.51723], [80.69216, 23.51958], [80.70004, 23.52956]]]}}, {"type": "Feature", "properties": {"state": "Madhya Pradesh", "district": "Umaria", "block": "Pali", "gp_name": "Pali Gram Panchayat", "state_code": 23, "district_code": 448, "block_code": 4283, "gp_code": 133555, "centroid_lat": 23.39, "centroid_lon": 80.84, "area_sq_km": 5.0, "boundary_source": "LGD Revenue Village Centroids + Block-Bounded Voronoi Tessellation", "boundary_quality": "DERIVED"}, "geometry": {"type": "Polygon", "coordinates": [[[80.85259, 23.38953], [80.85216, 23.39412], [80.84911, 23.39775], [80.84464, 23.39925], [80.83613, 23.39973], [80.83183, 23.39818], [80.82801, 23.39512], [80.82788, 23.39045], [80.83027, 23.3867], [80.83286, 23.38392], [80.83489, 23.37981], [80.83945, 23.37739], [80.8442, 23.37944], [80.84654, 23.38345], [80.85259, 23.38953]]]}}, {"type": "Feature", "properties": {"state": "Madhya Pradesh", "district": "Umaria", "block": "Pali", "gp_name": "Pali Rural", "state_code": 23, "district_code": 448, "block_code": 4283, "gp_code": 133556, "centroid_lat": 23.41, "centroid_lon": 80.82, "area_sq_km": 5.1, "boundary_source": "LGD Revenue Village Centroids + Block-Bounded Voronoi Tessellation", "boundary_quality": "DERIVED"}, "geometry": {"type": "Polygon", "coordinates": [[[80.83206, 23.40955], [80.83207, 23.41409], [80.82913, 23.41777], [80.82466, 23.41929], [80.82044, 23.42006], [80.81622, 23.4195], [80.81176, 23.41824], [80.80793, 23.41515], [80.80803, 23.41045], [80.81016, 23.40666], [80.81286, 23.40393], [80.81491, 23.39984], [80.81944, 23.39733], [80.82433, 23.39913], [80.83206, 23.40955]]]}}, {"type": "Feature", "properties": {"state": "Madhya Pradesh", "district": "Vidisha", "block": "Vidisha", "gp_name": "Vidisha Gram Panchayat", "state_code": 23, "district_code": 429, "block_code": 4300, "gp_code": 133557, "centroid_lat": 23.51, "centroid_lon": 77.996, "area_sq_km": 5.2, "boundary_source": "LGD Revenue Village Centroids + Block-Bounded Voronoi Tessellation", "boundary_quality": "DERIVED"}, "geometry": {"type": "Polygon", "coordinates": [[[78.00842, 23.50976], [78.00823, 23.5144], [78.00468, 23.51767], [78.00057, 23.51959], [77.99202, 23.51942], [77.98763, 23.51805], [77.98362, 23.51501], [77.98388, 23.51023], [77.98619, 23.50647], [77.99105, 23.49961], [77.99571, 23.49723], [78.00051, 23.49935], [78.00528, 23.50625], [78.00842, 23.50976]]]}}, {"type": "Feature", "properties": {"state": "Madhya Pradesh", "district": "Vidisha", "block": "Vidisha", "gp_name": "Vidisha Rural", "state_code": 23, "district_code": 429, "block_code": 4300, "gp_code": 133558, "centroid_lat": 23.53, "centroid_lon": 77.976, "area_sq_km": 5.3, "boundary_source": "LGD Revenue Village Centroids + Block-Bounded Voronoi Tessellation", "boundary_quality": "DERIVED"}, "geometry": {"type": "Polygon", "coordinates": [[[77.98817, 23.52977], [77.98848, 23.53449], [77.98493, 23.5379], [77.9805, 23.53945], [77.97622, 23.53995], [77.97192, 23.53965], [77.96769, 23.53798], [77.96377, 23.53495], [77.96388, 23.53023], [77.96635, 23.52653], [77.96894, 23.52375], [77.97095, 23.51939], [77.97571, 23.51721], [77.9804, 23.51961], [77.9827, 23.52356], [77.98551, 23.52615], [77.98817, 23.52977]]]}}, {"type": "Feature", "properties": {"state": "Madhya Pradesh", "district": "Vidisha", "block": "Basoda", "gp_name": "Basoda Gram Panchayat", "state_code": 23, "district_code": 429, "block_code": 4301, "gp_code": 133559, "centroid_lat": 23.6351, "centroid_lon": 77.9297, "area_sq_km": 5.4, "boundary_source": "LGD Revenue Village Centroids + Block-Bounded Voronoi Tessellation", "boundary_quality": "DERIVED"}, "geometry": {"type": "Polygon", "coordinates": [[[77.94216, 23.63486], [77.94198, 23.63952], [77.93882, 23.64316], [77.93405, 23.64425], [77.92991, 23.64473], [77.92098, 23.64347], [77.91783, 23.6399], [77.91771, 23.63533], [77.91984, 23.63155], [77.92244, 23.62868], [77.92476, 23.62472], [77.92941, 23.62194], [77.9342, 23.62449], [77.93653, 23.62854], [77.94216, 23.63486]]]}}, {"type": "Feature", "properties": {"state": "Madhya Pradesh", "district": "Vidisha", "block": "Basoda", "gp_name": "Basoda Rural", "state_code": 23, "district_code": 429, "block_code": 4301, "gp_code": 133560, "centroid_lat": 23.6551, "centroid_lon": 77.9097, "area_sq_km": 5.5, "boundary_source": "LGD Revenue Village Centroids + Block-Bounded Voronoi Tessellation", "boundary_quality": "DERIVED"}, "geometry": {"type": "Polygon", "coordinates": [[[77.9222, 23.65486], [77.92196, 23.65951], [77.91876, 23.66311], [77.91415, 23.66445], [77.90557, 23.66483], [77.90118, 23.66327], [77.89732, 23.6601], [77.89713, 23.65534], [77.90039, 23.65175], [77.90483, 23.64486], [77.90942, 23.64238], [77.91417, 23.64456], [77.9222, 23.65486]]]}}, {"type": "Feature", "properties": {"state": "Madhya Pradesh", "district": "Vidisha", "block": "Gyaraspur", "gp_name": "Gyaraspur Gram Panchayat", "state_code": 23, "district_code": 429, "block_code": 4302, "gp_code": 133561, "centroid_lat": 23.666, "centroid_lon": 77.7808, "area_sq_km": 5.6, "boundary_source": "LGD Revenue Village Centroids + Block-Bounded Voronoi Tessellation", "boundary_quality": "DERIVED"}, "geometry": {"type": "Polygon", "coordinates": [[[77.79319, 23.66578], [77.79289, 23.67036], [77.78955, 23.67375], [77.78516, 23.67518], [77.78101, 23.67603], [77.77667, 23.6757], [77.77227, 23.67417], [77.76856, 23.67093], [77.76875, 23.66622], [77.77595, 23.65578], [77.78053, 23.65317], [77.78538, 23.65523], [77.78761, 23.65948], [77.79319, 23.66578]]]}}, {"type": "Feature", "properties": {"state": "Madhya Pradesh", "district": "Vidisha", "block": "Gyaraspur", "gp_name": "Gyaraspur Rural", "state_code": 23, "district_code": 429, "block_code": 4302, "gp_code": 133562, "centroid_lat": 23.686, "centroid_lon": 77.7608, "area_sq_km": 5.7, "boundary_source": "LGD Revenue Village Centroids + Block-Bounded Voronoi Tessellation", "boundary_quality": "DERIVED"}, "geometry": {"type": "Polygon", "coordinates": [[[77.77282, 23.68579], [77.77344, 23.69056], [77.76956, 23.69376], [77.76535, 23.69558], [77.75674, 23.69555], [77.75209, 23.69433], [77.74832, 23.69102], [77.74865, 23.68622], [77.75576, 23.67538], [77.76052, 23.67287], [77.76533, 23.67535], [77.77282, 23.68579]]]}}, {"type": "Feature", "properties": {"state": "Madhya Pradesh", "district": "Vidisha", "block": "Kurwai", "gp_name": "Kurwai Gram Panchayat", "state_code": 23, "district_code": 429, "block_code": 4303, "gp_code": 133563, "centroid_lat": 23.5794, "centroid_lon": 77.6614, "area_sq_km": 5.8, "boundary_source": "LGD Revenue Village Centroids + Block-Bounded Voronoi Tessellation", "boundary_quality": "DERIVED"}, "geometry": {"type": "Polygon", "coordinates": [[[77.67372, 23.57919], [77.67405, 23.58398], [77.67028, 23.58728], [77.6658, 23.5887], [77.65721, 23.58923], [77.653, 23.58744], [77.64949, 23.58419], [77.64918, 23.57961], [77.65658, 23.56921], [77.66114, 23.56654], [77.66602, 23.56856], [77.66815, 23.57294], [77.67372, 23.57919]]]}}, {"type": "Feature", "properties": {"state": "Madhya Pradesh", "district": "Vidisha", "block": "Kurwai", "gp_name": "Kurwai Rural", "state_code": 23, "district_code": 429, "block_code": 4303, "gp_code": 133564, "centroid_lat": 23.5994, "centroid_lon": 77.6414, "area_sq_km": 5.9, "boundary_source": "LGD Revenue Village Centroids + Block-Bounded Voronoi Tessellation", "boundary_quality": "DERIVED"}, "geometry": {"type": "Polygon", "coordinates": [[[77.65358, 23.59919], [77.65343, 23.60375], [77.65013, 23.60715], [77.64583, 23.60876], [77.6416, 23.60926], [77.63738, 23.60882], [77.63287, 23.60756], [77.62939, 23.60422], [77.62925, 23.59961], [77.63175, 23.59591], [77.63434, 23.59313], [77.63653, 23.58911], [77.64114, 23.58646], [77.64592, 23.58879], [77.65358, 23.59919]]]}}, {"type": "Feature", "properties": {"state": "Madhya Pradesh", "district": "Vidisha", "block": "Leteri", "gp_name": "Leteri Gram Panchayat", "state_code": 23, "district_code": 429, "block_code": 4304, "gp_code": 133565, "centroid_lat": 23.4406, "centroid_lon": 77.6614, "area_sq_km": 6.0, "boundary_source": "LGD Revenue Village Centroids + Block-Bounded Voronoi Tessellation", "boundary_quality": "DERIVED"}, "geometry": {"type": "Polygon", "coordinates": [[[77.67389, 23.44039], [77.67392, 23.44514], [77.67027, 23.44849], [77.6657, 23.44971], [77.66159, 23.45022], [77.65742, 23.44995], [77.65285, 23.44879], [77.64932, 23.44546], [77.64901, 23.44081], [77.65419, 23.43419], [77.65655, 23.43033], [77.66115, 23.42795], [77.66584, 23.43018], [77.66836, 23.43394], [77.67389, 23.44039]]]}}, {"type": "Feature", "properties": {"state": "Madhya Pradesh", "district": "Vidisha", "block": "Leteri", "gp_name": "Leteri Rural", "state_code": 23, "district_code": 429, "block_code": 4304, "gp_code": 133566, "centroid_lat": 23.4606, "centroid_lon": 77.6414, "area_sq_km": 6.1, "boundary_source": "LGD Revenue Village Centroids + Block-Bounded Voronoi Tessellation", "boundary_quality": "DERIVED"}, "geometry": {"type": "Polygon", "coordinates": [[[77.6539, 23.46039], [77.65341, 23.46495], [77.6502, 23.46842], [77.64591, 23.47015], [77.6416, 23.47042], [77.63743, 23.46992], [77.63296, 23.46867], [77.62941, 23.46542], [77.62877, 23.46081], [77.63196, 23.45718], [77.63659, 23.45041], [77.64114, 23.44746], [77.64592, 23.45], [77.64842, 23.45388], [77.6539, 23.46039]]]}}, {"type": "Feature", "properties": {"state": "Madhya Pradesh", "district": "Vidisha", "block": "Nateran", "gp_name": "Nateran Gram Panchayat", "state_code": 23, "district_code": 429, "block_code": 4305, "gp_code": 133567, "centroid_lat": 23.354, "centroid_lon": 77.7808, "area_sq_km": 6.2, "boundary_source": "LGD Revenue Village Centroids + Block-Bounded Voronoi Tessellation", "boundary_quality": "DERIVED"}, "geometry": {"type": "Polygon", "coordinates": [[[77.79329, 23.35378], [77.79289, 23.35837], [77.7896, 23.36182], [77.78536, 23.36364], [77.77675, 23.36353], [77.7724, 23.36206], [77.76894, 23.35879], [77.76883, 23.35421], [77.77116, 23.35051], [77.77588, 23.34361], [77.78053, 23.34112], [77.78535, 23.34327], [77.78753, 23.34754], [77.79329, 23.35378]]]}}, {"type": "Feature", "properties": {"state": "Madhya Pradesh", "district": "Vidisha", "block": "Nateran", "gp_name": "Nateran Rural", "state_code": 23, "district_code": 429, "block_code": 4305, "gp_code": 133568, "centroid_lat": 23.374, "centroid_lon": 77.7608, "area_sq_km": 6.3, "boundary_source": "LGD Revenue Village Centroids + Block-Bounded Voronoi Tessellation", "boundary_quality": "DERIVED"}, "geometry": {"type": "Polygon", "coordinates": [[[77.77343, 23.37378], [77.77308, 23.37844], [77.76966, 23.38187], [77.76537, 23.38365], [77.7568, 23.38342], [77.75244, 23.38202], [77.74885, 23.37882], [77.74835, 23.37422], [77.75132, 23.37057], [77.75585, 23.36354], [77.76053, 23.3611], [77.76538, 23.3632], [77.76761, 23.36747], [77.77343, 23.37378]]]}}, {"type": "Feature", "properties": {"state": "Madhya Pradesh", "district": "Vidisha", "block": "Sironj", "gp_name": "Sironj Gram Panchayat", "state_code": 23, "district_code": 429, "block_code": 4306, "gp_code": 133569, "centroid_lat": 23.3849, "centroid_lon": 77.9297, "area_sq_km": 6.4, "boundary_source": "LGD Revenue Village Centroids + Block-Bounded Voronoi Tessellation", "boundary_quality": "DERIVED"}, "geometry": {"type": "Polygon", "coordinates": [[[77.94232, 23.38466], [77.94187, 23.38929], [77.93856, 23.39275], [77.93414, 23.39426], [77.92992, 23.39494], [77.92561, 23.39456], [77.92141, 23.39287], [77.91777, 23.38973], [77.91745, 23.38513], [77.92275, 23.37874], [77.92469, 23.37435], [77.92942, 23.37202], [77.9343, 23.37404], [77.93677, 23.3781], [77.94232, 23.38466]]]}}, {"type": "Feature", "properties": {"state": "Madhya Pradesh", "district": "Vidisha", "block": "Sironj", "gp_name": "Sironj Rural", "state_code": 23, "district_code": 429, "block_code": 4306, "gp_code": 133570, "centroid_lat": 23.4049, "centroid_lon": 77.9097, "area_sq_km": 6.5, "boundary_source": "LGD Revenue Village Centroids + Block-Bounded Voronoi Tessellation", "boundary_quality": "DERIVED"}, "geometry": {"type": "Polygon", "coordinates": [[[77.92188, 23.40467], [77.9218, 23.40926], [77.91868, 23.41286], [77.91426, 23.41451], [77.90571, 23.41432], [77.90104, 23.41322], [77.89748, 23.40984], [77.89704, 23.40514], [77.90253, 23.39855], [77.90469, 23.39435], [77.90942, 23.39205], [77.91413, 23.39444], [77.91645, 23.39841], [77.92188, 23.40467]]]}}, {"type": "Feature", "properties": {"state": "Madhya Pradesh", "district": "Anuppur", "block": "Anuppur", "gp_name": "Anuppur Gram Panchayat", "state_code": 23, "district_code": 439, "block_code": 4320, "gp_code": 133571, "centroid_lat": 23.09, "centroid_lon": 81.832, "area_sq_km": 6.6, "boundary_source": "LGD Revenue Village Centroids + Block-Bounded Voronoi Tessellation", "boundary_quality": "DERIVED"}, "geometry": {"type": "Polygon", "coordinates": [[[81.84439, 23.08946], [81.84425, 23.09408], [81.8412, 23.09774], [81.83661, 23.09906], [81.8283, 23.09951], [81.82396, 23.09817], [81.81978, 23.09531], [81.8197, 23.09053], [81.82257, 23.08686], [81.82679, 23.07975], [81.83136, 23.07734], [81.83617, 23.07929], [81.83856, 23.08333], [81.84439, 23.08946]]]}}, {"type": "Feature", "properties": {"state": "Madhya Pradesh", "district": "Anuppur", "block": "Anuppur", "gp_name": "Anuppur Rural", "state_code": 23, "district_code": 439, "block_code": 4320, "gp_code": 133572, "centroid_lat": 23.11, "centroid_lon": 81.812, "area_sq_km": 6.7, "boundary_source": "LGD Revenue Village Centroids + Block-Bounded Voronoi Tessellation", "boundary_quality": "DERIVED"}, "geometry": {"type": "Polygon", "coordinates": [[[81.82396, 23.10948], [81.8242, 23.11407], [81.82111, 23.11767], [81.81657, 23.119], [81.80817, 23.11982], [81.80384, 23.11829], [81.79986, 23.11528], [81.79985, 23.11053], [81.80684, 23.09986], [81.81134, 23.09705], [81.81613, 23.0994], [81.81855, 23.10334], [81.82396, 23.10948]]]}}, {"type": "Feature", "properties": {"state": "Madhya Pradesh", "district": "Anuppur", "block": "Jaithari", "gp_name": "Jaithari Gram Panchayat", "state_code": 23, "district_code": 439, "block_code": 4321, "gp_code": 133573, "centroid_lat": 23.21, "centroid_lon": 81.7, "area_sq_km": 6.8, "boundary_source": "LGD Revenue Village Centroids + Block-Bounded Voronoi Tessellation", "boundary_quality": "DERIVED"}, "geometry": {"type": "Polygon", "coordinates": [[[81.71248, 23.20947], [81.7127, 23.21424], [81.70913, 23.21769], [81.70469, 23.21923], [81.7005, 23.21994], [81.69617, 23.21981], [81.69166, 23.21845], [81.68783, 23.21528], [81.68748, 23.21054], [81.6928, 23.20393], [81.6948, 23.19975], [81.69935, 23.19702], [81.70412, 23.19946], [81.70648, 23.20343], [81.71248, 23.20947]]]}}, {"type": "Feature", "properties": {"state": "Madhya Pradesh", "district": "Anuppur", "block": "Jaithari", "gp_name": "Jaithari Rural", "state_code": 23, "district_code": 439, "block_code": 4321, "gp_code": 133574, "centroid_lat": 23.23, "centroid_lon": 81.68, "area_sq_km": 6.9, "boundary_source": "LGD Revenue Village Centroids + Block-Bounded Voronoi Tessellation", "boundary_quality": "DERIVED"}, "geometry": {"type": "Polygon", "coordinates": [[[81.69207, 23.22948], [81.69225, 23.23409], [81.68928, 23.23782], [81.68476, 23.23936], [81.67615, 23.23984], [81.67155, 23.23857], [81.66804, 23.23519], [81.66772, 23.23052], [81.67255, 23.22373], [81.67466, 23.21948], [81.67935, 23.21707], [81.68418, 23.21931], [81.68649, 23.22342], [81.69207, 23.22948]]]}}, {"type": "Feature", "properties": {"state": "Madhya Pradesh", "district": "Anuppur", "block": "Kotma", "gp_name": "Kotma Gram Panchayat", "state_code": 23, "district_code": 439, "block_code": 4322, "gp_code": 133575, "centroid_lat": 23.09, "centroid_lon": 81.568, "area_sq_km": 7.0, "boundary_source": "LGD Revenue Village Centroids + Block-Bounded Voronoi Tessellation", "boundary_quality": "DERIVED"}, "geometry": {"type": "Polygon", "coordinates": [[[81.58049, 23.08948], [81.58039, 23.09415], [81.57689, 23.09751], [81.57267, 23.09923], [81.56848, 23.09985], [81.56421, 23.09967], [81.55982, 23.09828], [81.55613, 23.09514], [81.55571, 23.09051], [81.56051, 23.08367], [81.56271, 23.07954], [81.56736, 23.07694], [81.57227, 23.07911], [81.5771, 23.08606], [81.58049, 23.08948]]]}}, {"type": "Feature", "properties": {"state": "Madhya Pradesh", "district": "Anuppur", "block": "Kotma", "gp_name": "Kotma Rural", "state_code": 23, "district_code": 439, "block_code": 4322, "gp_code": 133576, "centroid_lat": 23.11, "centroid_lon": 81.548, "area_sq_km": 7.1, "boundary_source": "LGD Revenue Village Centroids + Block-Bounded Voronoi Tessellation", "boundary_quality": "DERIVED"}, "geometry": {"type": "Polygon", "coordinates": [[[81.56012, 23.10949], [81.56028, 23.11412], [81.55727, 23.11784], [81.55273, 23.11935], [81.54848, 23.11986], [81.53972, 23.11838], [81.53634, 23.11505], [81.53565, 23.11051], [81.54086, 23.10397], [81.54274, 23.0996], [81.54737, 23.09715], [81.55208, 23.09957], [81.56012, 23.10949]]]}}, {"type": "Feature", "properties": {"state": "Madhya Pradesh", "district": "Anuppur", "block": "Pushprajgarh", "gp_name": "Pushprajgarh Gram Panchayat", "state_code": 23, "district_code": 439, "block_code": 4323, "gp_code": 133577, "centroid_lat": 22.97, "centroid_lon": 81.7, "area_sq_km": 7.2, "boundary_source": "LGD Revenue Village Centroids + Block-Bounded Voronoi Tessellation", "boundary_quality": "DERIVED"}, "geometry": {"type": "Polygon", "coordinates": [[[81.71231, 22.96948], [81.7121, 22.97405], [81.70923, 22.97779], [81.70049, 22.97997], [81.69181, 22.97831], [81.68819, 22.97513], [81.68806, 22.97051], [81.69285, 22.96396], [81.69467, 22.95947], [81.69938, 22.95746], [81.70419, 22.95926], [81.709, 22.96609], [81.71231, 22.96948]]]}}, {"type": "Feature", "properties": {"state": "Madhya Pradesh", "district": "Anuppur", "block": "Pushprajgarh", "gp_name": "Pushprajgarh Rural", "state_code": 23, "district_code": 439, "block_code": 4323, "gp_code": 133578, "centroid_lat": 22.99, "centroid_lon": 81.68, "area_sq_km": 7.3, "boundary_source": "LGD Revenue Village Centroids + Block-Bounded Voronoi Tessellation", "boundary_quality": "DERIVED"}, "geometry": {"type": "Polygon", "coordinates": [[[81.69231, 22.98948], [81.69264, 22.99423], [81.689, 22.9976], [81.68048, 22.99973], [81.67183, 22.99829], [81.66827, 22.99509], [81.66759, 22.99053], [81.6749, 22.97992], [81.67938, 22.97749], [81.68414, 22.9794], [81.69231, 22.98948]]]}}, {"type": "Feature", "properties": {"state": "Madhya Pradesh", "district": "Mauganj", "block": "Mauganj", "gp_name": "Mauganj Gram Panchayat", "state_code": 23, "district_code": 745, "block_code": 4340, "gp_code": 133579, "centroid_lat": 24.67, "centroid_lon": 82.012, "area_sq_km": 7.4, "boundary_source": "LGD Revenue Village Centroids + Block-Bounded Voronoi Tessellation", "boundary_quality": "DERIVED"}, "geometry": {"type": "Polygon", "coordinates": [[[82.02451, 24.66941], [82.02464, 24.6741], [82.02106, 24.67747], [82.01685, 24.67932], [82.01256, 24.67989], [82.00825, 24.67965], [82.0038, 24.67831], [81.99998, 24.67522], [81.99932, 24.67059], [82.00468, 24.66396], [82.00669, 24.6598], [82.01128, 24.65712], [82.01624, 24.6591], [82.01871, 24.66321], [82.02451, 24.66941]]]}}, {"type": "Feature", "properties": {"state": "Madhya Pradesh", "district": "Mauganj", "block": "Mauganj", "gp_name": "Mauganj Rural", "state_code": 23, "district_code": 745, "block_code": 4340, "gp_code": 133580, "centroid_lat": 24.69, "centroid_lon": 81.992, "area_sq_km": 7.5, "boundary_source": "LGD Revenue Village Centroids + Block-Bounded Voronoi Tessellation", "boundary_quality": "DERIVED"}, "geometry": {"type": "Polygon", "coordinates": [[[82.00437, 24.68942], [82.00468, 24.69412], [82.00108, 24.69749], [81.99256, 24.69998], [81.98818, 24.69983], [81.98384, 24.69826], [81.97971, 24.69534], [81.97941, 24.69059], [81.98252, 24.68692], [81.98674, 24.67988], [81.9913, 24.67748], [81.9961, 24.67946], [81.99854, 24.68337], [82.00437, 24.68942]]]}}, {"type": "Feature", "properties": {"state": "Madhya Pradesh", "district": "Mauganj", "block": "Hanumana", "gp_name": "Hanumana Gram Panchayat", "state_code": 23, "district_code": 745, "block_code": 4341, "gp_code": 133581, "centroid_lat": 24.7739, "centroid_lon": 81.814, "area_sq_km": 7.6, "boundary_source": "LGD Revenue Village Centroids + Block-Bounded Voronoi Tessellation", "boundary_quality": "DERIVED"}, "geometry": {"type": "Polygon", "coordinates": [[[81.82647, 24.77333], [81.82636, 24.77792], [81.82317, 24.78147], [81.81875, 24.78305], [81.81452, 24.78343], [81.80548, 24.7825], [81.80189, 24.77914], [81.80166, 24.77446], [81.80875, 24.76378], [81.81331, 24.76137], [81.81807, 24.76347], [81.82306, 24.76998], [81.82647, 24.77333]]]}}, {"type": "Feature", "properties": {"state": "Madhya Pradesh", "district": "Mauganj", "block": "Hanumana", "gp_name": "Hanumana Rural", "state_code": 23, "district_code": 745, "block_code": 4341, "gp_code": 133582, "centroid_lat": 24.7939, "centroid_lon": 81.794, "area_sq_km": 7.7, "boundary_source": "LGD Revenue Village Centroids + Block-Bounded Voronoi Tessellation", "boundary_quality": "DERIVED"}, "geometry": {"type": "Polygon", "coordinates": [[[81.8064, 24.79333], [81.80648, 24.79796], [81.80299, 24.80132], [81.79869, 24.80293], [81.79454, 24.8038], [81.78563, 24.80234], [81.78165, 24.79924], [81.78179, 24.79446], [81.7845, 24.79081], [81.78864, 24.78358], [81.7933, 24.78107], [81.79828, 24.78295], [81.80088, 24.78695], [81.8064, 24.79333]]]}}, {"type": "Feature", "properties": {"state": "Madhya Pradesh", "district": "Mauganj", "block": "Naigarhi", "gp_name": "Naigarhi Gram Panchayat", "state_code": 23, "district_code": 745, "block_code": 4342, "gp_code": 133583, "centroid_lat": 24.5661, "centroid_lon": 81.814, "area_sq_km": 7.8, "boundary_source": "LGD Revenue Village Centroids + Block-Bounded Voronoi Tessellation", "boundary_quality": "DERIVED"}, "geometry": {"type": "Polygon", "coordinates": [[[81.82653, 24.56553], [81.82638, 24.57014], [81.82324, 24.57375], [81.81454, 24.57603], [81.81024, 24.57574], [81.80553, 24.57466], [81.80209, 24.57126], [81.80143, 24.56667], [81.80443, 24.56297], [81.80867, 24.5558], [81.81331, 24.55341], [81.81821, 24.55532], [81.82299, 24.56221], [81.82653, 24.56553]]]}}, {"type": "Feature", "properties": {"state": "Madhya Pradesh", "district": "Mauganj", "block": "Naigarhi", "gp_name": "Naigarhi Rural", "state_code": 23, "district_code": 745, "block_code": 4342, "gp_code": 133584, "centroid_lat": 24.5861, "centroid_lon": 81.794, "area_sq_km": 7.9, "boundary_source": "LGD Revenue Village Centroids + Block-Bounded Voronoi Tessellation", "boundary_quality": "DERIVED"}, "geometry": {"type": "Polygon", "coordinates": [[[81.80649, 24.58553], [81.80673, 24.59026], [81.80323, 24.59374], [81.79866, 24.59511], [81.79014, 24.59599], [81.7858, 24.59438], [81.78177, 24.59139], [81.78162, 24.58666], [81.78681, 24.58015], [81.78875, 24.57595], [81.79332, 24.57352], [81.79816, 24.57544], [81.80071, 24.57932], [81.80649, 24.58553]]]}}, {"type": "Feature", "properties": {"state": "Madhya Pradesh", "district": "Maihar", "block": "Maihar", "gp_name": "Maihar Gram Panchayat", "state_code": 23, "district_code": 746, "block_code": 4360, "gp_code": 133585, "centroid_lat": 24.26, "centroid_lon": 80.902, "area_sq_km": 8.0, "boundary_source": "LGD Revenue Village Centroids + Block-Bounded Voronoi Tessellation", "boundary_quality": "DERIVED"}, "geometry": {"type": "Polygon", "coordinates": [[[80.91417, 24.25953], [80.91444, 24.26417], [80.91088, 24.26747], [80.90665, 24.26917], [80.90246, 24.27003], [80.89819, 24.26956], [80.89368, 24.26831], [80.89021, 24.26502], [80.88932, 24.26049], [80.89484, 24.25397], [80.8967, 24.24954], [80.9014, 24.24712], [80.9062, 24.24947], [80.91101, 24.25616], [80.91417, 24.25953]]]}}, {"type": "Feature", "properties": {"state": "Madhya Pradesh", "district": "Maihar", "block": "Maihar", "gp_name": "Maihar Rural", "state_code": 23, "district_code": 746, "block_code": 4360, "gp_code": 133586, "centroid_lat": 24.28, "centroid_lon": 80.882, "area_sq_km": 8.1, "boundary_source": "LGD Revenue Village Centroids + Block-Bounded Voronoi Tessellation", "boundary_quality": "DERIVED"}, "geometry": {"type": "Polygon", "coordinates": [[[80.89427, 24.27952], [80.89423, 24.2841], [80.89122, 24.28776], [80.88666, 24.28918], [80.88245, 24.28974], [80.87822, 24.28947], [80.87361, 24.28837], [80.87019, 24.28503], [80.86991, 24.28047], [80.8745, 24.27369], [80.87667, 24.26949], [80.88141, 24.26726], [80.88624, 24.26936], [80.89427, 24.27952]]]}}, {"type": "Feature", "properties": {"state": "Madhya Pradesh", "district": "Maihar", "block": "Amarpatan", "gp_name": "Amarpatan Gram Panchayat", "state_code": 23, "district_code": 746, "block_code": 4361, "gp_code": 133587, "centroid_lat": 24.3639, "centroid_lon": 80.704, "area_sq_km": 8.2, "boundary_source": "LGD Revenue Village Centroids + Block-Bounded Voronoi Tessellation", "boundary_quality": "DERIVED"}, "geometry": {"type": "Polygon", "coordinates": [[[80.71661, 24.36342], [80.71645, 24.36808], [80.71328, 24.37172], [80.70446, 24.37403], [80.69549, 24.37236], [80.6921, 24.36895], [80.6915, 24.36437], [80.69409, 24.36057], [80.69682, 24.35784], [80.69887, 24.35375], [80.70343, 24.35113], [80.70818, 24.35345], [80.71064, 24.3573], [80.71661, 24.36342]]]}}, {"type": "Feature", "properties": {"state": "Madhya Pradesh", "district": "Maihar", "block": "Amarpatan", "gp_name": "Amarpatan Rural", "state_code": 23, "district_code": 746, "block_code": 4361, "gp_code": 133588, "centroid_lat": 24.3839, "centroid_lon": 80.684, "area_sq_km": 8.3, "boundary_source": "LGD Revenue Village Centroids + Block-Bounded Voronoi Tessellation", "boundary_quality": "DERIVED"}, "geometry": {"type": "Polygon", "coordinates": [[[80.69662, 24.38342], [80.69621, 24.388], [80.69324, 24.3917], [80.68882, 24.39344], [80.68019, 24.39341], [80.67584, 24.39201], [80.67194, 24.38901], [80.67174, 24.38436], [80.67684, 24.37786], [80.67884, 24.37369], [80.68343, 24.37118], [80.68823, 24.37335], [80.69309, 24.38004], [80.69662, 24.38342]]]}}, {"type": "Feature", "properties": {"state": "Madhya Pradesh", "district": "Maihar", "block": "Ramnagar", "gp_name": "Ramnagar Gram Panchayat", "state_code": 23, "district_code": 746, "block_code": 4362, "gp_code": 133589, "centroid_lat": 24.1561, "centroid_lon": 80.704, "area_sq_km": 8.4, "boundary_source": "LGD Revenue Village Centroids + Block-Bounded Voronoi Tessellation", "boundary_quality": "DERIVED"}, "geometry": {"type": "Polygon", "coordinates": [[[80.71633, 24.15564], [80.71623, 24.16022], [80.71321, 24.16389], [80.70861, 24.16524], [80.70444, 24.16594], [80.7002, 24.16559], [80.69585, 24.16422], [80.69185, 24.16126], [80.69157, 24.15657], [80.69465, 24.15295], [80.69879, 24.14577], [80.70342, 24.14299], [80.70834, 24.14526], [80.71067, 24.14946], [80.71633, 24.15564]]]}}, {"type": "Feature", "properties": {"state": "Madhya Pradesh", "district": "Maihar", "block": "Ramnagar", "gp_name": "Ramnagar Rural", "state_code": 23, "district_code": 746, "block_code": 4362, "gp_code": 133590, "centroid_lat": 24.1761, "centroid_lon": 80.684, "area_sq_km": 8.5, "boundary_source": "LGD Revenue Village Centroids + Block-Bounded Voronoi Tessellation", "boundary_quality": "DERIVED"}, "geometry": {"type": "Polygon", "coordinates": [[[80.69606, 24.17565], [80.69638, 24.18027], [80.69311, 24.1838], [80.68861, 24.18525], [80.68445, 24.18616], [80.68013, 24.18577], [80.67552, 24.18455], [80.67174, 24.18131], [80.67181, 24.17656], [80.6767, 24.16992], [80.67888, 24.16594], [80.68342, 24.16312], [80.68818, 24.16566], [80.69069, 24.16944], [80.69606, 24.17565]]]}}, {"type": "Feature", "properties": {"state": "Madhya Pradesh", "district": "Pandhurna", "block": "Pandhurna", "gp_name": "Pandhurna Gram Panchayat", "state_code": 23, "district_code": 747, "block_code": 4380, "gp_code": 133591, "centroid_lat": 21.59, "centroid_lon": 78.672, "area_sq_km": 8.6, "boundary_source": "LGD Revenue Village Centroids + Block-Bounded Voronoi Tessellation", "boundary_quality": "DERIVED"}, "geometry": {"type": "Polygon", "coordinates": [[[78.68415, 21.58973], [78.68449, 21.59452], [78.68063, 21.5977], [78.67649, 21.5995], [78.67225, 21.59996], [78.66355, 21.59828], [78.66022, 21.59487], [78.66006, 21.59026], [78.66501, 21.58376], [78.66709, 21.5796], [78.67168, 21.57713], [78.67639, 21.57937], [78.67887, 21.58326], [78.68415, 21.58973]]]}}, {"type": "Feature", "properties": {"state": "Madhya Pradesh", "district": "Pandhurna", "block": "Pandhurna", "gp_name": "Pandhurna Rural", "state_code": 23, "district_code": 747, "block_code": 4380, "gp_code": 133592, "centroid_lat": 21.61, "centroid_lon": 78.652, "area_sq_km": 8.7, "boundary_source": "LGD Revenue Village Centroids + Block-Bounded Voronoi Tessellation", "boundary_quality": "DERIVED"}, "geometry": {"type": "Polygon", "coordinates": [[[78.66442, 21.60973], [78.66396, 21.61433], [78.6609, 21.61794], [78.65639, 21.61929], [78.65225, 21.62011], [78.64816, 21.61927], [78.64377, 21.61807], [78.64001, 21.61495], [78.63971, 21.61027], [78.64505, 21.6038], [78.64699, 21.5994], [78.65168, 21.59718], [78.6565, 21.59912], [78.65878, 21.60336], [78.66442, 21.60973]]]}}, {"type": "Feature", "properties": {"state": "Madhya Pradesh", "district": "Pandhurna", "block": "Sausar", "gp_name": "Sausar Gram Panchayat", "state_code": 23, "district_code": 747, "block_code": 4381, "gp_code": 133593, "centroid_lat": 21.59, "centroid_lon": 78.408, "area_sq_km": 8.8, "boundary_source": "LGD Revenue Village Centroids + Block-Bounded Voronoi Tessellation", "boundary_quality": "DERIVED"}, "geometry": {"type": "Polygon", "coordinates": [[[78.41984, 21.58976], [78.42027, 21.59446], [78.41691, 21.59798], [78.40824, 21.60013], [78.40399, 21.59966], [78.39967, 21.59814], [78.3958, 21.59502], [78.3957, 21.59025], [78.40095, 21.58369], [78.40308, 21.57954], [78.40771, 21.57741], [78.4125, 21.57917], [78.41984, 21.58976]]]}}, {"type": "Feature", "properties": {"state": "Madhya Pradesh", "district": "Pandhurna", "block": "Sausar", "gp_name": "Sausar Rural", "state_code": 23, "district_code": 747, "block_code": 4381, "gp_code": 133594, "centroid_lat": 21.61, "centroid_lon": 78.388, "area_sq_km": 8.9, "boundary_source": "LGD Revenue Village Centroids + Block-Bounded Voronoi Tessellation", "boundary_quality": "DERIVED"}, "geometry": {"type": "Polygon", "coordinates": [[[78.39998, 21.60976], [78.40039, 21.61451], [78.39684, 21.61792], [78.3925, 21.61956], [78.38413, 21.61931], [78.37955, 21.61826], [78.37596, 21.61495], [78.37559, 21.61025], [78.38306, 21.5995], [78.3877, 21.59729], [78.39231, 21.59965], [78.39465, 21.6035], [78.39998, 21.60976]]]}}, {"type": "Feature", "properties": {"state": "Madhya Pradesh", "district": "Indore", "block": "Sanwer", "gp_name": "Ajnod", "state_code": 23, "district_code": 407, "block_code": 3376, "gp_code": 133601, "centroid_lat": 23.015, "centroid_lon": 75.805, "area_sq_km": 9.19, "boundary_source": "LGD Centroids / Voronoi Block Tessellation", "boundary_quality": "DERIVED"}, "geometry": {"type": "Polygon", "coordinates": [[[75.82256429647502, 23.014909709657395], [75.82320915777149, 23.022134076016638], [75.81778408346008, 23.026841854585978], [75.8100665689019, 23.028699901446224], [75.80348933443447, 23.028980895386013], [75.79629475821586, 23.02814695856116], [75.78897110122799, 23.02504771872423], [75.78643895787859, 23.018902670017173], [75.78919984911191, 23.01127018295578], [75.79260889730844, 23.005095496776946], [75.79614093564314, 23.001941848610414], [75.8028388320268, 23.001037728525347], [75.81078875532467, 23.001244689777206], [75.81572176866563, 23.003037715074555], [75.81888265792286, 23.007701066472254], [75.82256429647502, 23.014909709657395]]]}}, {"type": "Feature", "properties": {"state": "Madhya Pradesh", "district": "Indore", "block": "Sanwer", "gp_name": "Dhamnay", "state_code": 23, "district_code": 407, "block_code": 3376, "gp_code": 133602, "centroid_lat": 22.995, "centroid_lon": 75.875, "area_sq_km": 9.19, "boundary_source": "LGD Centroids / Voronoi Block Tessellation", "boundary_quality": "DERIVED"}, "geometry": {"type": "Polygon", "coordinates": [[[75.89256138842448, 22.994902024149123], [75.89320983406112, 23.00212601291838], [75.88778805006665, 23.006836104444197], [75.8800727432766, 23.00869750629387], [75.87349672379895, 23.008981376949514], [75.86630289215259, 23.008150601744966], [75.85897884157484, 23.005054608674925], [75.85644396903074, 22.998910746038476], [75.85920051278706, 22.991277146188597], [75.86260585429827, 22.98510104598895], [75.86613570899694, 22.981945892415137], [75.87283205526415, 22.981038853725348], [75.88078079078421, 22.98124233482232], [75.88571391583694, 22.983033179046707], [75.88887667007396, 22.987695086655794], [75.89256138842448, 22.994902024149123]]]}}, {"type": "Feature", "properties": {"state": "Madhya Pradesh", "district": "Indore", "block": "Sanwer", "gp_name": "Kshipra", "state_code": 23, "district_code": 407, "block_code": 3376, "gp_code": 133603, "centroid_lat": 22.945, "centroid_lon": 75.885, "area_sq_km": 9.19, "boundary_source": "LGD Centroids / Voronoi Block Tessellation", "boundary_quality": "DERIVED"}, "geometry": {"type": "Polygon", "coordinates": [[[75.9025548830124, 22.944901119168467], [75.90320352151772, 22.95212510275531], [75.89778402775654, 22.956835491522074], [75.89007169011114, 22.958697298336396], [75.88349812303355, 22.958981509793045], [75.87630690512847, 22.958151103647776], [75.86898537894568, 22.955055478126386], [75.86645107254999, 22.948911722609843], [75.86920613417463, 22.941277949232617], [75.87260984261744, 22.935101647923968], [75.8761382013375, 22.931946299066993], [75.8828320164926, 22.93103891063529], [75.89077782452674, 22.93124198253451], [75.89570923246188, 22.933032579793952], [75.89887109625833, 22.937694342951286], [75.9025548830124, 22.944901119168467]]]}}, {"type": "Feature", "properties": {"state": "Madhya Pradesh", "district": "Indore", "block": "Sanwer", "gp_name": "Panod", "state_code": 23, "district_code": 407, "block_code": 3376, "gp_code": 133604, "centroid_lat": 23.025, "centroid_lon": 75.855, "area_sq_km": 9.19, "boundary_source": "LGD Centroids / Voronoi Block Tessellation", "boundary_quality": "DERIVED"}, "geometry": {"type": "Polygon", "coordinates": [[[75.87256536576844, 23.024904123181894], [75.87321295064315, 23.03212819542152], [75.86778928511386, 23.036837642798062], [75.86007197604128, 23.038698123389228], [75.85349443198139, 23.038981207326035], [75.84629909232093, 23.038149570225762], [75.838973821566, 23.035052697765842], [75.83643923618224, 23.02890852746359], [75.83919746861044, 23.02127525281282], [75.84260444067286, 23.015099556137358], [75.84613553169521, 23.011944822745097], [75.85283351436469, 23.011038584230935], [75.86078401405526, 23.01124301552655], [75.86571800221402, 23.013034450503092], [75.86888082029326, 23.01769673964336], [75.87256536576844, 23.024904123181894]]]}}, {"type": "Feature", "properties": {"state": "Madhya Pradesh", "district": "Indore", "block": "Mhow (Dr. Ambedkar Nagar)", "gp_name": "Hasalpur", "state_code": 23, "district_code": 407, "block_code": 3377, "gp_code": 133701, "centroid_lat": 22.58, "centroid_lon": 75.78, "area_sq_km": 9.19, "boundary_source": "LGD Centroids / Voronoi Block Tessellation", "boundary_quality": "DERIVED"}, "geometry": {"type": "Polygon", "coordinates": [[[75.79750876255467, 22.57991404830205], [75.79814949473213, 22.58713900283018], [75.79274022903611, 22.59184571336353], [75.785046607131, 22.593701960803163], [75.77849011183278, 22.59398135027778], [75.77131854785125, 22.59314559749942], [75.7640189535617, 22.5900443833809], [75.7614965669251, 22.583898354332348], [75.76425088958574, 22.57626609010726], [75.7676509114078, 22.57009187210151], [75.77117268030688, 22.56693890196205], [75.7778496609071, 22.566036371768785], [75.78577439402123, 22.566245303435217], [75.79069129737589, 22.568039654097632], [75.79384084903981, 22.57270406448853], [75.79750876255467, 22.57991404830205]]]}}, {"type": "Feature", "properties": {"state": "Madhya Pradesh", "district": "Indore", "block": "Mhow (Dr. Ambedkar Nagar)", "gp_name": "Patalpani", "state_code": 23, "district_code": 407, "block_code": 3377, "gp_code": 133702, "centroid_lat": 22.51, "centroid_lon": 75.79, "area_sq_km": 9.19, "boundary_source": "LGD Centroids / Voronoi Block Tessellation", "boundary_quality": "DERIVED"}, "geometry": {"type": "Polygon", "coordinates": [[[75.80749989285516, 22.509913214170275], [75.80814069767257, 22.517138185381597], [75.80273443126104, 22.521845183510656], [75.79504480971681, 22.523701809621784], [75.78849165167294, 22.52398151430381], [75.78132367443669, 22.52314609984687], [75.7740276048001, 22.52004521631403], [75.77150615226806, 22.513899268174015], [75.77425865454849, 22.50626682085372], [75.77765661169111, 22.500092398641993], [75.78117642332965, 22.496939238717026], [75.78784997572437, 22.496036382916316], [75.7957707108623, 22.496244937784002], [75.80068522522411, 22.49803906620206], [75.80383343972277, 22.50270335740419], [75.80749989285516, 22.509913214170275]]]}}, {"type": "Feature", "properties": {"state": "Madhya Pradesh", "district": "Indore", "block": "Mhow (Dr. Ambedkar Nagar)", "gp_name": "Choral", "state_code": 23, "district_code": 407, "block_code": 3377, "gp_code": 133703, "centroid_lat": 22.48, "centroid_lon": 75.81, "area_sq_km": 9.19, "boundary_source": "LGD Centroids / Voronoi Block Tessellation", "boundary_quality": "DERIVED"}, "geometry": {"type": "Polygon", "coordinates": [[[75.82749603374026, 22.47991115356337], [75.82813768241424, 22.487136045014374], [75.82273324724822, 22.49184367691619], [75.81504557067188, 22.493701207980845], [75.80849389219672, 22.493981685067727], [75.80132737709899, 22.493147116482035], [75.7940324875752, 22.490047095306906], [75.79151074897968, 22.48390144732848], [75.79426160360707, 22.47626867843076], [75.79765797126568, 22.470093858200237], [75.80117657957365, 22.46694028482877], [75.80784854318978, 22.466036643236247], [75.81576756691958, 22.46624426538057], [75.8206812460237, 22.46803781441708], [75.82382940419645, 22.47270173249079], [75.82749603374026, 22.47991115356337]]]}}, {"type": "Feature", "properties": {"state": "Madhya Pradesh", "district": "Indore", "block": "Mhow (Dr. Ambedkar Nagar)", "gp_name": "Badgonda", "state_code": 23, "district_code": 407, "block_code": 3377, "gp_code": 133704, "centroid_lat": 22.57, "centroid_lon": 75.72, "area_sq_km": 9.19, "boundary_source": "LGD Centroids / Voronoi Block Tessellation", "boundary_quality": "DERIVED"}, "geometry": {"type": "Polygon", "coordinates": [[[75.73750774380655, 22.569920619503744], [75.73814529198815, 22.57714590985775], [75.73273430235349, 22.58185065086024], [75.72504033637782, 22.583704032990887], [75.71848411605458, 22.58398096366509], [75.71131335083454, 22.583142506935154], [75.70401555041695, 22.580038512463243], [75.70149599267776, 22.573891458835767], [75.7042534690587, 22.566260131830585], [75.70765597017613, 22.56008711116833], [75.71117889672296, 22.55693542199391], [75.71785586560335, 22.55603538489322], [75.72578002920496, 22.55624729211772], [75.7306958557367, 22.55804351085394], [75.73384318862975, 22.562709164162438], [75.73750774380655, 22.569920619503744]]]}}, {"type": "Feature", "properties": {"state": "Madhya Pradesh", "district": "Indore", "block": "Mhow (Dr. Ambedkar Nagar)", "gp_name": "Beriakhedi", "state_code": 23, "district_code": 407, "block_code": 3377, "gp_code": 133705, "centroid_lat": 22.6, "centroid_lon": 75.75, "area_sq_km": 9.19, "boundary_source": "LGD Centroids / Voronoi Block Tessellation", "boundary_quality": "DERIVED"}, "geometry": {"type": "Polygon", "coordinates": [[[75.76751141565306, 22.59991724790969], [75.76815071311226, 22.607142345873104], [75.7627396347482, 22.61184808469722], [75.75504446059718, 22.61370293191575], [75.74848691911247, 22.613981123109344], [75.74131445347027, 22.61314405538025], [75.73401441970277, 22.61004149499956], [75.7314929582901, 22.603894983694033], [75.73424931390058, 22.596263197541152], [75.73765115565507, 22.590089580235162], [75.74117412190934, 22.586937243034058], [75.74785229704953, 22.586035929878694], [75.75577817720928, 22.58624631008973], [75.76069543998761, 22.58804156530432], [75.76384447753175, 22.59270656782293], [75.76751141565306, 22.59991724790969]]]}}]}