{
  "type": "FeatureCollection",
  "name": "Madhya_Pradesh_Districts_55",
  "features": [
    {
      "type": "Feature",
      "id": 660,
      "properties": {
        "district_code": 660,
        "district_name": "Agar Malwa",
        "state_code": 23,
        "state_name": "Madhya Pradesh",
        "is_pilot": false,
        "total_blocks": 4,
        "total_gps": 220,
        "centroid_lat": 23.71,
        "centroid_lon": 76.01
      },
      "geometry": {
        "type": "Polygon",
        "coordinates": [
          [
            [
              76.27396,
              23.70805
            ],
            [
              76.28561,
              23.79017
            ],
            [
              76.24154,
              23.86223
            ],
            [
              76.16446,
              23.90248
            ],
            [
              76.08585,
              23.9195
            ],
            [
              76.01159,
              23.91584
            ],
            [
              75.94144,
              23.90878
            ],
            [
              75.86075,
              23.90165
            ],
            [
              75.78549,
              23.86211
            ],
            [
              75.74008,
              23.79242
            ],
            [
              75.74532,
              23.7115
            ],
            [
              75.8025,
              23.64925
            ],
            [
              75.84762,
              23.60281
            ],
            [
              75.87583,
              23.54219
            ],
            [
              75.92155,
              23.46475
            ],
            [
              76.00783,
              23.42594
            ],
            [
              76.09402,
              23.46557
            ],
            [
              76.1404,
              23.54199
            ],
            [
              76.17111,
              23.60044
            ],
            [
              76.23243,
              23.64165
            ],
            [
              76.27396,
              23.70805
            ]
          ]
        ]
      }
    },
    {
      "type": "Feature",
      "id": 629,
      "properties": {
        "district_code": 629,
        "district_name": "Alirajpur",
        "state_code": 23,
        "state_name": "Madhya Pradesh",
        "is_pilot": false,
        "total_blocks": 6,
        "total_gps": 288,
        "centroid_lat": 22.3,
        "centroid_lon": 74.35
      },
      "geometry": {
        "type": "Polygon",
        "coordinates": [
          [
            [
              74.62483,
              22.30087
            ],
            [
              74.63098,
              22.38591
            ],
            [
              74.56862,
              22.44884
            ],
            [
              74.49818,
              22.49118
            ],
            [
              74.42139,
              22.50718
            ],
            [
              74.34899,
              22.51773
            ],
            [
              74.27455,
              22.5126
            ],
            [
              74.19771,
              22.49295
            ],
            [
              74.13167,
              22.44597
            ],
            [
              74.07066,
              22.38293
            ],
            [
              74.08067,
              22.2987
            ],
            [
              74.13605,
              22.23419
            ],
            [
              74.19346,
              22.19305
            ],
            [
              74.21926,
              22.13078
            ],
            [
              74.26585,
              22.05499
            ],
            [
              74.35132,
              22.01302
            ],
            [
              74.43581,
              22.05735
            ],
            [
              74.47943,
              22.13547
            ],
            [
              74.52013,
              22.18583
            ],
            [
              74.57008,
              22.23425
            ],
            [
              74.62483,
              22.30087
            ]
          ]
        ]
      }
    },
    {
      "type": "Feature",
      "id": 439,
      "properties": {
        "district_code": 439,
        "district_name": "Anuppur",
        "state_code": 23,
        "state_name": "Madhya Pradesh",
        "is_pilot": false,
        "total_blocks": 4,
        "total_gps": 277,
        "centroid_lat": 23.1,
        "centroid_lon": 81.69
      },
      "geometry": {
        "type": "Polygon",
        "coordinates": [
          [
            [
              81.96305,
              23.08814
            ],
            [
              81.96482,
              23.16956
            ],
            [
              81.93089,
              23.24635
            ],
            [
              81.84643,
              23.28065
            ],
            [
              81.76928,
              23.29434
            ],
            [
              81.70085,
              23.31671
            ],
            [
              81.62938,
              23.30391
            ],
            [
              81.55515,
              23.28918
            ],
            [
              81.46679,
              23.26473
            ],
            [
              81.41362,
              23.19599
            ],
            [
              81.41868,
              23.11132
            ],
            [
              81.47241,
              23.0445
            ],
            [
              81.51949,
              22.99594
            ],
            [
              81.55377,
              22.94204
            ],
            [
              81.59225,
              22.85924
            ],
            [
              81.6764,
              22.82453
            ],
            [
              81.76556,
              22.84538
            ],
            [
              81.8141,
              22.92545
            ],
            [
              81.84116,
              22.98809
            ],
            [
              81.90085,
              23.02638
            ],
            [
              81.96305,
              23.08814
            ]
          ]
        ]
      }
    },
    {
      "type": "Feature",
      "id": 440,
      "properties": {
        "district_code": 440,
        "district_name": "Ashoknagar",
        "state_code": 23,
        "state_name": "Madhya Pradesh",
        "is_pilot": false,
        "total_blocks": 4,
        "total_gps": 334,
        "centroid_lat": 24.57,
        "centroid_lon": 77.72
      },
      "geometry": {
        "type": "Polygon",
        "coordinates": [
          [
            [
              77.98881,
              24.5649
            ],
            [
              77.99693,
              24.64648
            ],
            [
              77.95531,
              24.71957
            ],
            [
              77.87433,
              24.75602
            ],
            [
              77.79721,
              24.77314
            ],
            [
              77.72475,
              24.78879
            ],
            [
              77.64947,
              24.78242
            ],
            [
              77.56873,
              24.76818
            ],
            [
              77.486,
              24.73166
            ],
            [
              77.43327,
              24.66063
            ],
            [
              77.44695,
              24.57469
            ],
            [
              77.50278,
              24.50957
            ],
            [
              77.54612,
              24.45899
            ],
            [
              77.582,
              24.40301
            ],
            [
              77.62618,
              24.32207
            ],
            [
              77.71404,
              24.29192
            ],
            [
              77.80487,
              24.31357
            ],
            [
              77.84642,
              24.40382
            ],
            [
              77.89007,
              24.45204
            ],
            [
              77.92901,
              24.50352
            ],
            [
              77.98881,
              24.5649
            ]
          ]
        ]
      }
    },
    {
      "type": "Feature",
      "id": 392,
      "properties": {
        "district_code": 392,
        "district_name": "Balaghat",
        "state_code": 23,
        "state_name": "Madhya Pradesh",
        "is_pilot": false,
        "total_blocks": 10,
        "total_gps": 691,
        "centroid_lat": 21.81,
        "centroid_lon": 80.18
      },
      "geometry": {
        "type": "Polygon",
        "coordinates": [
          [
            [
              80.45259,
              21.8012
            ],
            [
              80.45436,
              21.88352
            ],
            [
              80.40249,
              21.95019
            ],
            [
              80.33822,
              21.99921
            ],
            [
              80.25652,
              22.0067
            ],
            [
              80.18793,
              22.0285
            ],
            [
              80.11422,
              22.02302
            ],
            [
              80.04097,
              22.0017
            ],
            [
              79.95922,
              21.97037
            ],
            [
              79.90234,
              21.90373
            ],
            [
              79.92354,
              21.81787
            ],
            [
              79.9717,
              21.7538
            ],
            [
              80.0161,
              21.70632
            ],
            [
              80.04089,
              21.64302
            ],
            [
              80.08819,
              21.573
            ],
            [
              80.16953,
              21.51729
            ],
            [
              80.2569,
              21.56044
            ],
            [
              80.30451,
              21.63788
            ],
            [
              80.34448,
              21.69015
            ],
            [
              80.3987,
              21.73578
            ],
            [
              80.45259,
              21.8012
            ]
          ]
        ]
      }
    },
    {
      "type": "Feature",
      "id": 441,
      "properties": {
        "district_code": 441,
        "district_name": "Barwani",
        "state_code": 23,
        "state_name": "Madhya Pradesh",
        "is_pilot": false,
        "total_blocks": 7,
        "total_gps": 417,
        "centroid_lat": 22.03,
        "centroid_lon": 74.9
      },
      "geometry": {
        "type": "Polygon",
        "coordinates": [
          [
            [
              75.17307,
              22.02994
            ],
            [
              75.18416,
              22.11598
            ],
            [
              75.11754,
              22.17727
            ],
            [
              75.04823,
              22.22016
            ],
            [
              74.97428,
              22.24329
            ],
            [
              74.89984,
              22.25
            ],
            [
              74.82659,
              22.23984
            ],
            [
              74.75548,
              22.21489
            ],
            [
              74.6789,
              22.17926
            ],
            [
              74.6331,
              22.11041
            ],
            [
              74.63501,
              22.02962
            ],
            [
              74.69151,
              21.96654
            ],
            [
              74.73994,
              21.92126
            ],
            [
              74.76522,
              21.85654
            ],
            [
              74.81635,
              21.789
            ],
            [
              74.9002,
              21.74658
            ],
            [
              74.98955,
              21.77313
            ],
            [
              75.03784,
              21.85308
            ],
            [
              75.06394,
              21.91893
            ],
            [
              75.12159,
              21.96284
            ],
            [
              75.17307,
              22.02994
            ]
          ]
        ]
      }
    },
    {
      "type": "Feature",
      "id": 391,
      "properties": {
        "district_code": 391,
        "district_name": "Betul",
        "state_code": 23,
        "state_name": "Madhya Pradesh",
        "is_pilot": false,
        "total_blocks": 10,
        "total_gps": 555,
        "centroid_lat": 21.9,
        "centroid_lon": 77.9
      },
      "geometry": {
        "type": "Polygon",
        "coordinates": [
          [
            [
              78.1624,
              21.89516
            ],
            [
              78.17623,
              21.97812
            ],
            [
              78.13461,
              22.05248
            ],
            [
              78.05101,
              22.08611
            ],
            [
              77.97327,
              22.09732
            ],
            [
              77.90448,
              22.12003
            ],
            [
              77.83449,
              22.10076
            ],
            [
              77.75929,
              22.08783
            ],
            [
              77.67227,
              22.06031
            ],
            [
              77.62133,
              21.98968
            ],
            [
              77.63789,
              21.90441
            ],
            [
              77.69474,
              21.84158
            ],
            [
              77.73492,
              21.79229
            ],
            [
              77.76112,
              21.72823
            ],
            [
              77.80922,
              21.65459
            ],
            [
              77.89427,
              21.61476
            ],
            [
              77.97932,
              21.65629
            ],
            [
              78.03099,
              21.72465
            ],
            [
              78.066,
              21.78274
            ],
            [
              78.10551,
              21.8335
            ],
            [
              78.1624,
              21.89516
            ]
          ]
        ]
      }
    },
    {
      "type": "Feature",
      "id": 394,
      "properties": {
        "district_code": 394,
        "district_name": "Bhind",
        "state_code": 23,
        "state_name": "Madhya Pradesh",
        "is_pilot": false,
        "total_blocks": 6,
        "total_gps": 447,
        "centroid_lat": 26.56,
        "centroid_lon": 78.78
      },
      "geometry": {
        "type": "Polygon",
        "coordinates": [
          [
            [
              79.05596,
              26.5524
            ],
            [
              79.06299,
              26.63411
            ],
            [
              79.02512,
              26.70998
            ],
            [
              78.93845,
              26.74399
            ],
            [
              78.86188,
              26.76527
            ],
            [
              78.78701,
              26.77229
            ],
            [
              78.71373,
              26.7634
            ],
            [
              78.6297,
              26.75771
            ],
            [
              78.5587,
              26.71342
            ],
            [
              78.49571,
              26.65116
            ],
            [
              78.50822,
              26.56696
            ],
            [
              78.55444,
              26.50044
            ],
            [
              78.61065,
              26.45587
            ],
            [
              78.63297,
              26.38851
            ],
            [
              78.68164,
              26.31218
            ],
            [
              78.77097,
              26.2832
            ],
            [
              78.86177,
              26.30819
            ],
            [
              78.91216,
              26.38554
            ],
            [
              78.94113,
              26.44785
            ],
            [
              79.00748,
              26.48656
            ],
            [
              79.05596,
              26.5524
            ]
          ]
        ]
      }
    },
    {
      "type": "Feature",
      "id": 393,
      "properties": {
        "district_code": 393,
        "district_name": "Bhopal",
        "state_code": 23,
        "state_name": "Madhya Pradesh",
        "is_pilot": false,
        "total_blocks": 2,
        "total_gps": 187,
        "centroid_lat": 23.25,
        "centroid_lon": 77.41
      },
      "geometry": {
        "type": "Polygon",
        "coordinates": [
          [
            [
              77.67091,
              23.24578
            ],
            [
              77.68397,
              23.32734
            ],
            [
              77.64717,
              23.40335
            ],
            [
              77.56331,
              23.43795
            ],
            [
              77.48857,
              23.46102
            ],
            [
              77.4138,
              23.46011
            ],
            [
              77.33871,
              23.46449
            ],
            [
              77.26525,
              23.44036
            ],
            [
              77.18246,
              23.40782
            ],
            [
              77.12728,
              23.3394
            ],
            [
              77.1312,
              23.25403
            ],
            [
              77.20212,
              23.19093
            ],
            [
              77.23763,
              23.13808
            ],
            [
              77.27347,
              23.082
            ],
            [
              77.31959,
              23.00619
            ],
            [
              77.40492,
              22.96529
            ],
            [
              77.49528,
              22.9926
            ],
            [
              77.54626,
              23.07023
            ],
            [
              77.57509,
              23.13507
            ],
            [
              77.61908,
              23.18349
            ],
            [
              77.67091,
              23.24578
            ]
          ]
        ]
      }
    },
    {
      "type": "Feature",
      "id": 442,
      "properties": {
        "district_code": 442,
        "district_name": "Burhanpur",
        "state_code": 23,
        "state_name": "Madhya Pradesh",
        "is_pilot": false,
        "total_blocks": 2,
        "total_gps": 167,
        "centroid_lat": 21.31,
        "centroid_lon": 76.22
      },
      "geometry": {
        "type": "Polygon",
        "coordinates": [
          [
            [
              76.49075,
              21.30782
            ],
            [
              76.49529,
              21.39134
            ],
            [
              76.45105,
              21.46443
            ],
            [
              76.36606,
              21.49504
            ],
            [
              76.29556,
              21.52196
            ],
            [
              76.22177,
              21.52332
            ],
            [
              76.15296,
              21.5083
            ],
            [
              76.07185,
              21.50392
            ],
            [
              75.9919,
              21.46752
            ],
            [
              75.93904,
              21.39752
            ],
            [
              75.95813,
              21.3117
            ],
            [
              76.00264,
              21.24539
            ],
            [
              76.05421,
              21.19878
            ],
            [
              76.08341,
              21.13639
            ],
            [
              76.1307,
              21.0586
            ],
            [
              76.21763,
              21.02022
            ],
            [
              76.30121,
              21.06908
            ],
            [
              76.35474,
              21.1331
            ],
            [
              76.3769,
              21.20128
            ],
            [
              76.44066,
              21.24087
            ],
            [
              76.49075,
              21.30782
            ]
          ]
        ]
      }
    },
    {
      "type": "Feature",
      "id": 396,
      "properties": {
        "district_code": 396,
        "district_name": "Chhatarpur",
        "state_code": 23,
        "state_name": "Madhya Pradesh",
        "is_pilot": false,
        "total_blocks": 8,
        "total_gps": 558,
        "centroid_lat": 24.91,
        "centroid_lon": 79.58
      },
      "geometry": {
        "type": "Polygon",
        "coordinates": [
          [
            [
              79.85351,
              24.90133
            ],
            [
              79.86971,
              24.98576
            ],
            [
              79.81427,
              25.05409
            ],
            [
              79.7437,
              25.10112
            ],
            [
              79.65789,
              25.10548
            ],
            [
              79.58799,
              25.12475
            ],
            [
              79.51507,
              25.11534
            ],
            [
              79.4356,
              25.10441
            ],
            [
              79.35687,
              25.06826
            ],
            [
              79.30591,
              25.00034
            ],
            [
              79.29929,
              24.91837
            ],
            [
              79.35795,
              24.85147
            ],
            [
              79.40655,
              24.80282
            ],
            [
              79.43822,
              24.74377
            ],
            [
              79.48516,
              24.67089
            ],
            [
              79.56918,
              24.61523
            ],
            [
              79.6611,
              24.6528
            ],
            [
              79.71004,
              24.73436
            ],
            [
              79.74545,
              24.79221
            ],
            [
              79.79633,
              24.83827
            ],
            [
              79.85351,
              24.90133
            ]
          ]
        ]
      }
    },
    {
      "type": "Feature",
      "id": 395,
      "properties": {
        "district_code": 395,
        "district_name": "Chhindwara",
        "state_code": 23,
        "state_name": "Madhya Pradesh",
        "is_pilot": false,
        "total_blocks": 11,
        "total_gps": 792,
        "centroid_lat": 22.05,
        "centroid_lon": 78.93
      },
      "geometry": {
        "type": "Polygon",
        "coordinates": [
          [
            [
              79.18697,
              22.04362
            ],
            [
              79.2029,
              22.12519
            ],
            [
              79.15111,
              22.19147
            ],
            [
              79.08665,
              22.24009
            ],
            [
              79.005,
              22.24731
            ],
            [
              78.9357,
              22.25473
            ],
            [
              78.86454,
              22.25548
            ],
            [
              78.78542,
              22.24565
            ],
            [
              78.71326,
              22.20463
            ],
            [
              78.66191,
              22.13813
            ],
            [
              78.65618,
              22.05635
            ],
            [
              78.70618,
              21.98792
            ],
            [
              78.7582,
              21.93964
            ],
            [
              78.79473,
              21.88524
            ],
            [
              78.8336,
              21.79529
            ],
            [
              78.92241,
              21.7734
            ],
            [
              79.00922,
              21.8007
            ],
            [
              79.05699,
              21.87767
            ],
            [
              79.08587,
              21.93845
            ],
            [
              79.14001,
              21.9806
            ],
            [
              79.18697,
              22.04362
            ]
          ]
        ]
      }
    },
    {
      "type": "Feature",
      "id": 397,
      "properties": {
        "district_code": 397,
        "district_name": "Damoh",
        "state_code": 23,
        "state_name": "Madhya Pradesh",
        "is_pilot": false,
        "total_blocks": 7,
        "total_gps": 460,
        "centroid_lat": 23.83,
        "centroid_lon": 79.44
      },
      "geometry": {
        "type": "Polygon",
        "coordinates": [
          [
            [
              79.70909,
              23.822
            ],
            [
              79.72642,
              23.90624
            ],
            [
              79.67219,
              23.97481
            ],
            [
              79.59978,
              24.0191
            ],
            [
              79.52042,
              24.03508
            ],
            [
              79.44749,
              24.04828
            ],
            [
              79.37317,
              24.04131
            ],
            [
              79.29725,
              24.02289
            ],
            [
              79.22316,
              23.9844
            ],
            [
              79.16594,
              23.92046
            ],
            [
              79.16138,
              23.83779
            ],
            [
              79.22232,
              23.77162
            ],
            [
              79.26599,
              23.721
            ],
            [
              79.29425,
              23.65679
            ],
            [
              79.34354,
              23.58287
            ],
            [
              79.43046,
              23.5481
            ],
            [
              79.51931,
              23.57857
            ],
            [
              79.57369,
              23.64879
            ],
            [
              79.59471,
              23.71946
            ],
            [
              79.66058,
              23.75677
            ],
            [
              79.70909,
              23.822
            ]
          ]
        ]
      }
    },
    {
      "type": "Feature",
      "id": 398,
      "properties": {
        "district_code": 398,
        "district_name": "Datia",
        "state_code": 23,
        "state_name": "Madhya Pradesh",
        "is_pilot": false,
        "total_blocks": 3,
        "total_gps": 281,
        "centroid_lat": 25.66,
        "centroid_lon": 78.46
      },
      "geometry": {
        "type": "Polygon",
        "coordinates": [
          [
            [
              78.7374,
              25.65315
            ],
            [
              78.73627,
              25.73385
            ],
            [
              78.69318,
              25.80486
            ],
            [
              78.62344,
              25.85261
            ],
            [
              78.54099,
              25.86683
            ],
            [
              78.46623,
              25.87436
            ],
            [
              78.39457,
              25.85991
            ],
            [
              78.30812,
              25.8599
            ],
            [
              78.23101,
              25.81888
            ],
            [
              78.17589,
              25.75085
            ],
            [
              78.19121,
              25.66613
            ],
            [
              78.24741,
              25.60274
            ],
            [
              78.28658,
              25.55176
            ],
            [
              78.31644,
              25.49009
            ],
            [
              78.363,
              25.41109
            ],
            [
              78.45192,
              25.37806
            ],
            [
              78.54405,
              25.40238
            ],
            [
              78.59006,
              25.48821
            ],
            [
              78.6176,
              25.55023
            ],
            [
              78.68145,
              25.58873
            ],
            [
              78.7374,
              25.65315
            ]
          ]
        ]
      }
    },
    {
      "type": "Feature",
      "id": 434,
      "properties": {
        "district_code": 434,
        "district_name": "Dewas",
        "state_code": 23,
        "state_name": "Madhya Pradesh",
        "is_pilot": false,
        "total_blocks": 6,
        "total_gps": 496,
        "centroid_lat": 22.96,
        "centroid_lon": 76.05
      },
      "geometry": {
        "type": "Polygon",
        "coordinates": [
          [
            [
              76.32291,
              22.95796
            ],
            [
              76.32394,
              23.04014
            ],
            [
              76.28283,
              23.11395
            ],
            [
              76.19676,
              23.14394
            ],
            [
              76.12216,
              23.16043
            ],
            [
              76.05164,
              23.17084
            ],
            [
              75.98141,
              23.16005
            ],
            [
              75.90463,
              23.14778
            ],
            [
              75.8226,
              23.11497
            ],
            [
              75.77066,
              23.0458
            ],
            [
              75.78261,
              22.96154
            ],
            [
              75.83573,
              22.89692
            ],
            [
              75.88958,
              22.85351
            ],
            [
              75.91736,
              22.79318
            ],
            [
              75.96224,
              22.71534
            ],
            [
              76.04785,
              22.67919
            ],
            [
              76.13464,
              22.71234
            ],
            [
              76.18668,
              22.78286
            ],
            [
              76.21919,
              22.84426
            ],
            [
              76.26295,
              22.89419
            ],
            [
              76.32291,
              22.95796
            ]
          ]
        ]
      }
    },
    {
      "type": "Feature",
      "id": 399,
      "properties": {
        "district_code": 399,
        "district_name": "Dhar",
        "state_code": 23,
        "state_name": "Madhya Pradesh",
        "is_pilot": false,
        "total_blocks": 13,
        "total_gps": 761,
        "centroid_lat": 22.59,
        "centroid_lon": 75.3
      },
      "geometry": {
        "type": "Polygon",
        "coordinates": [
          [
            [
              75.57172,
              22.58926
            ],
            [
              75.57675,
              22.67264
            ],
            [
              75.52845,
              22.74314
            ],
            [
              75.44916,
              22.77949
            ],
            [
              75.37257,
              22.79565
            ],
            [
              75.30048,
              22.80986
            ],
            [
              75.22506,
              22.8053
            ],
            [
              75.14718,
              22.78579
            ],
            [
              75.07275,
              22.74364
            ],
            [
              75.02956,
              22.67188
            ],
            [
              75.03669,
              22.59028
            ],
            [
              75.09442,
              22.52824
            ],
            [
              75.13392,
              22.47825
            ],
            [
              75.16308,
              22.41547
            ],
            [
              75.21359,
              22.34426
            ],
            [
              75.29937,
              22.29494
            ],
            [
              75.38687,
              22.33957
            ],
            [
              75.43942,
              22.41076
            ],
            [
              75.46391,
              22.47878
            ],
            [
              75.50541,
              22.52744
            ],
            [
              75.57172,
              22.58926
            ]
          ]
        ]
      }
    },
    {
      "type": "Feature",
      "id": 443,
      "properties": {
        "district_code": 443,
        "district_name": "Dindori",
        "state_code": 23,
        "state_name": "Madhya Pradesh",
        "is_pilot": false,
        "total_blocks": 7,
        "total_gps": 464,
        "centroid_lat": 22.95,
        "centroid_lon": 81.08
      },
      "geometry": {
        "type": "Polygon",
        "coordinates": [
          [
            [
              81.34053,
              22.93976
            ],
            [
              81.35718,
              23.02147
            ],
            [
              81.32031,
              23.0976
            ],
            [
              81.23926,
              23.13584
            ],
            [
              81.16318,
              23.15692
            ],
            [
              81.08961,
              23.16308
            ],
            [
              81.01591,
              23.16208
            ],
            [
              80.93442,
              23.15247
            ],
            [
              80.85421,
              23.11529
            ],
            [
              80.80082,
              23.04575
            ],
            [
              80.80857,
              22.96021
            ],
            [
              80.87096,
              22.8957
            ],
            [
              80.90576,
              22.8425
            ],
            [
              80.93974,
              22.78567
            ],
            [
              80.98466,
              22.71171
            ],
            [
              81.06708,
              22.65957
            ],
            [
              81.15637,
              22.69677
            ],
            [
              81.20073,
              22.78165
            ],
            [
              81.23476,
              22.83634
            ],
            [
              81.28357,
              22.87981
            ],
            [
              81.34053,
              22.93976
            ]
          ]
        ]
      }
    },
    {
      "type": "Feature",
      "id": 400,
      "properties": {
        "district_code": 400,
        "district_name": "Guna",
        "state_code": 23,
        "state_name": "Madhya Pradesh",
        "is_pilot": false,
        "total_blocks": 5,
        "total_gps": 425,
        "centroid_lat": 24.64,
        "centroid_lon": 77.31
      },
      "geometry": {
        "type": "Polygon",
        "coordinates": [
          [
            [
              77.58265,
              24.63556
            ],
            [
              77.59083,
              24.71833
            ],
            [
              77.53589,
              24.78441
            ],
            [
              77.47039,
              24.83438
            ],
            [
              77.38418,
              24.83694
            ],
            [
              77.31398,
              24.85481
            ],
            [
              77.24142,
              24.84427
            ],
            [
              77.16442,
              24.82943
            ],
            [
              77.08981,
              24.79113
            ],
            [
              77.04016,
              24.72445
            ],
            [
              77.03771,
              24.64394
            ],
            [
              77.09433,
              24.57941
            ],
            [
              77.14311,
              24.53285
            ],
            [
              77.16928,
              24.46877
            ],
            [
              77.22018,
              24.40053
            ],
            [
              77.30475,
              24.35251
            ],
            [
              77.39117,
              24.39745
            ],
            [
              77.44686,
              24.4613
            ],
            [
              77.47381,
              24.52714
            ],
            [
              77.53244,
              24.56994
            ],
            [
              77.58265,
              24.63556
            ]
          ]
        ]
      }
    },
    {
      "type": "Feature",
      "id": 401,
      "properties": {
        "district_code": 401,
        "district_name": "Gwalior",
        "state_code": 23,
        "state_name": "Madhya Pradesh",
        "is_pilot": false,
        "total_blocks": 4,
        "total_gps": 263,
        "centroid_lat": 26.22,
        "centroid_lon": 78.18
      },
      "geometry": {
        "type": "Polygon",
        "coordinates": [
          [
            [
              78.45093,
              26.21375
            ],
            [
              78.47346,
              26.29851
            ],
            [
              78.41909,
              26.36832
            ],
            [
              78.33401,
              26.40125
            ],
            [
              78.25668,
              26.41593
            ],
            [
              78.18569,
              26.42811
            ],
            [
              78.10871,
              26.43544
            ],
            [
              78.03217,
              26.41296
            ],
            [
              77.95908,
              26.37203
            ],
            [
              77.90573,
              26.30683
            ],
            [
              77.9006,
              26.22591
            ],
            [
              77.96591,
              26.16226
            ],
            [
              78.01213,
              26.11537
            ],
            [
              78.0432,
              26.05833
            ],
            [
              78.0847,
              25.97536
            ],
            [
              78.1723,
              25.93486
            ],
            [
              78.26307,
              25.9681
            ],
            [
              78.31672,
              26.04088
            ],
            [
              78.34807,
              26.10387
            ],
            [
              78.39232,
              26.15235
            ],
            [
              78.45093,
              26.21375
            ]
          ]
        ]
      }
    },
    {
      "type": "Feature",
      "id": 444,
      "properties": {
        "district_code": 444,
        "district_name": "Harda",
        "state_code": 23,
        "state_name": "Madhya Pradesh",
        "is_pilot": false,
        "total_blocks": 3,
        "total_gps": 213,
        "centroid_lat": 22.34,
        "centroid_lon": 77.09
      },
      "geometry": {
        "type": "Polygon",
        "coordinates": [
          [
            [
              77.35342,
              22.33639
            ],
            [
              77.36198,
              22.41807
            ],
            [
              77.32484,
              22.49379
            ],
            [
              77.24624,
              22.53395
            ],
            [
              77.16648,
              22.54869
            ],
            [
              77.09319,
              22.55251
            ],
            [
              77.02062,
              22.54815
            ],
            [
              76.94757,
              22.52749
            ],
            [
              76.86236,
              22.49807
            ],
            [
              76.80798,
              22.42899
            ],
            [
              76.81804,
              22.34328
            ],
            [
              76.87578,
              22.27812
            ],
            [
              76.92627,
              22.23236
            ],
            [
              76.95019,
              22.16581
            ],
            [
              76.99749,
              22.08657
            ],
            [
              77.08584,
              22.05871
            ],
            [
              77.17567,
              22.0822
            ],
            [
              77.21595,
              22.17371
            ],
            [
              77.24799,
              22.22991
            ],
            [
              77.2987,
              22.27376
            ],
            [
              77.35342,
              22.33639
            ]
          ]
        ]
      }
    },
    {
      "type": "Feature",
      "id": 402,
      "properties": {
        "district_code": 402,
        "district_name": "Narmadapuram (Hoshangabad)",
        "state_code": 23,
        "state_name": "Madhya Pradesh",
        "is_pilot": false,
        "total_blocks": 7,
        "total_gps": 423,
        "centroid_lat": 22.75,
        "centroid_lon": 77.72
      },
      "geometry": {
        "type": "Polygon",
        "coordinates": [
          [
            [
              77.98316,
              22.7453
            ],
            [
              78.00586,
              22.83048
            ],
            [
              77.94711,
              22.89687
            ],
            [
              77.87303,
              22.93764
            ],
            [
              77.79569,
              22.95291
            ],
            [
              77.72422,
              22.96158
            ],
            [
              77.65051,
              22.96121
            ],
            [
              77.57204,
              22.94604
            ],
            [
              77.50374,
              22.90114
            ],
            [
              77.44478,
              22.83787
            ],
            [
              77.45444,
              22.7543
            ],
            [
              77.51105,
              22.69078
            ],
            [
              77.55821,
              22.64496
            ],
            [
              77.5821,
              22.5803
            ],
            [
              77.62893,
              22.50489
            ],
            [
              77.71434,
              22.46197
            ],
            [
              77.80221,
              22.4994
            ],
            [
              77.85433,
              22.57145
            ],
            [
              77.87442,
              22.64171
            ],
            [
              77.93469,
              22.68106
            ],
            [
              77.98316,
              22.7453
            ]
          ]
        ]
      }
    },
    {
      "type": "Feature",
      "id": 407,
      "properties": {
        "district_code": 407,
        "district_name": "Indore",
        "state_code": 23,
        "state_name": "Madhya Pradesh",
        "is_pilot": true,
        "total_blocks": 4,
        "total_gps": 335,
        "centroid_lat": 22.72,
        "centroid_lon": 75.86
      },
      "geometry": {
        "type": "Polygon",
        "coordinates": [
          [
            [
              76.12408,
              22.71836
            ],
            [
              76.14586,
              22.80416
            ],
            [
              76.08433,
              22.86904
            ],
            [
              76.01021,
              22.90913
            ],
            [
              75.93614,
              22.93281
            ],
            [
              75.86136,
              22.93705
            ],
            [
              75.7858,
              22.93577
            ],
            [
              75.71389,
              22.90854
            ],
            [
              75.62721,
              22.87848
            ],
            [
              75.58002,
              22.80576
            ],
            [
              75.58274,
              22.72125
            ],
            [
              75.64944,
              22.65761
            ],
            [
              75.69399,
              22.60929
            ],
            [
              75.7246,
              22.54893
            ],
            [
              75.76915,
              22.46511
            ],
            [
              75.85827,
              22.44152
            ],
            [
              75.94412,
              22.47455
            ],
            [
              75.9885,
              22.55366
            ],
            [
              76.01875,
              22.61153
            ],
            [
              76.06434,
              22.65703
            ],
            [
              76.12408,
              22.71836
            ]
          ]
        ]
      }
    },
    {
      "type": "Feature",
      "id": 408,
      "properties": {
        "district_code": 408,
        "district_name": "Jabalpur",
        "state_code": 23,
        "state_name": "Madhya Pradesh",
        "is_pilot": false,
        "total_blocks": 7,
        "total_gps": 526,
        "centroid_lat": 23.18,
        "centroid_lon": 79.98
      },
      "geometry": {
        "type": "Polygon",
        "coordinates": [
          [
            [
              80.2572,
              23.17097
            ],
            [
              80.26637,
              23.25577
            ],
            [
              80.2036,
              23.31928
            ],
            [
              80.13632,
              23.36482
            ],
            [
              80.06257,
              23.38969
            ],
            [
              79.98793,
              23.39247
            ],
            [
              79.91431,
              23.39106
            ],
            [
              79.84147,
              23.36934
            ],
            [
              79.75704,
              23.34052
            ],
            [
              79.7159,
              23.26843
            ],
            [
              79.70994,
              23.18833
            ],
            [
              79.75514,
              23.12005
            ],
            [
              79.80812,
              23.07248
            ],
            [
              79.8375,
              23.01085
            ],
            [
              79.88224,
              22.93057
            ],
            [
              79.96976,
              22.90196
            ],
            [
              80.05545,
              22.93701
            ],
            [
              80.11043,
              23.00122
            ],
            [
              80.14487,
              23.06089
            ],
            [
              80.18605,
              23.11064
            ],
            [
              80.2572,
              23.17097
            ]
          ]
        ]
      }
    },
    {
      "type": "Feature",
      "id": 409,
      "properties": {
        "district_code": 409,
        "district_name": "Jhabua",
        "state_code": 23,
        "state_name": "Madhya Pradesh",
        "is_pilot": false,
        "total_blocks": 6,
        "total_gps": 374,
        "centroid_lat": 22.76,
        "centroid_lon": 74.59
      },
      "geometry": {
        "type": "Polygon",
        "coordinates": [
          [
            [
              74.84859,
              22.76045
            ],
            [
              74.86211,
              22.84249
            ],
            [
              74.81068,
              22.90925
            ],
            [
              74.73591,
              22.94702
            ],
            [
              74.6644,
              22.97404
            ],
            [
              74.58935,
              22.97516
            ],
            [
              74.51744,
              22.96485
            ],
            [
              74.43593,
              22.95517
            ],
            [
              74.36244,
              22.9121
            ],
            [
              74.30779,
              22.84394
            ],
            [
              74.31438,
              22.75905
            ],
            [
              74.36759,
              22.69216
            ],
            [
              74.42124,
              22.64544
            ],
            [
              74.45933,
              22.59197
            ],
            [
              74.50639,
              22.51866
            ],
            [
              74.59084,
              22.47524
            ],
            [
              74.67484,
              22.51965
            ],
            [
              74.72077,
              22.59378
            ],
            [
              74.74756,
              22.65429
            ],
            [
              74.80561,
              22.69546
            ],
            [
              74.84859,
              22.76045
            ]
          ]
        ]
      }
    },
    {
      "type": "Feature",
      "id": 445,
      "properties": {
        "district_code": 445,
        "district_name": "Katni",
        "state_code": 23,
        "state_name": "Madhya Pradesh",
        "is_pilot": false,
        "total_blocks": 6,
        "total_gps": 407,
        "centroid_lat": 23.83,
        "centroid_lon": 80.4
      },
      "geometry": {
        "type": "Polygon",
        "coordinates": [
          [
            [
              80.67108,
              23.82024
            ],
            [
              80.67889,
              23.90235
            ],
            [
              80.62885,
              23.97064
            ],
            [
              80.55827,
              24.0147
            ],
            [
              80.4828,
              24.0367
            ],
            [
              80.40843,
              24.032
            ],
            [
              80.33783,
              24.03172
            ],
            [
              80.25916,
              24.02315
            ],
            [
              80.18458,
              23.98557
            ],
            [
              80.12493,
              23.92274
            ],
            [
              80.12734,
              23.83934
            ],
            [
              80.184,
              23.77354
            ],
            [
              80.23777,
              23.72987
            ],
            [
              80.25672,
              23.6621
            ],
            [
              80.30483,
              23.59128
            ],
            [
              80.38804,
              23.53966
            ],
            [
              80.47724,
              23.5788
            ],
            [
              80.52246,
              23.66158
            ],
            [
              80.56618,
              23.70958
            ],
            [
              80.61175,
              23.75821
            ],
            [
              80.67108,
              23.82024
            ]
          ]
        ]
      }
    },
    {
      "type": "Feature",
      "id": 406,
      "properties": {
        "district_code": 406,
        "district_name": "Khandwa (East Nimar)",
        "state_code": 23,
        "state_name": "Madhya Pradesh",
        "is_pilot": false,
        "total_blocks": 7,
        "total_gps": 418,
        "centroid_lat": 21.83,
        "centroid_lon": 76.35
      },
      "geometry": {
        "type": "Polygon",
        "coordinates": [
          [
            [
              76.6157,
              21.82761
            ],
            [
              76.6219,
              21.90976
            ],
            [
              76.56874,
              21.97537
            ],
            [
              76.49972,
              22.01857
            ],
            [
              76.42636,
              22.04268
            ],
            [
              76.35207,
              22.04879
            ],
            [
              76.27768,
              22.04387
            ],
            [
              76.20204,
              22.02338
            ],
            [
              76.12843,
              21.98279
            ],
            [
              76.08113,
              21.91374
            ],
            [
              76.08273,
              21.83197
            ],
            [
              76.1381,
              21.76746
            ],
            [
              76.181,
              21.71727
            ],
            [
              76.22077,
              21.6667
            ],
            [
              76.25919,
              21.57612
            ],
            [
              76.34732,
              21.54255
            ],
            [
              76.43332,
              21.58284
            ],
            [
              76.48283,
              21.65587
            ],
            [
              76.50342,
              21.72385
            ],
            [
              76.56381,
              21.76303
            ],
            [
              76.6157,
              21.82761
            ]
          ]
        ]
      }
    },
    {
      "type": "Feature",
      "id": 412,
      "properties": {
        "district_code": 412,
        "district_name": "Khargone (West Nimar)",
        "state_code": 23,
        "state_name": "Madhya Pradesh",
        "is_pilot": false,
        "total_blocks": 9,
        "total_gps": 599,
        "centroid_lat": 21.82,
        "centroid_lon": 75.61
      },
      "geometry": {
        "type": "Polygon",
        "coordinates": [
          [
            [
              75.86851,
              21.81884
            ],
            [
              75.8941,
              21.90474
            ],
            [
              75.83459,
              21.97078
            ],
            [
              75.76236,
              22.01384
            ],
            [
              75.68039,
              22.01927
            ],
            [
              75.61089,
              22.02966
            ],
            [
              75.53588,
              22.03559
            ],
            [
              75.45801,
              22.01664
            ],
            [
              75.38754,
              21.97187
            ],
            [
              75.3273,
              21.90663
            ],
            [
              75.34479,
              21.82077
            ],
            [
              75.39614,
              21.75582
            ],
            [
              75.45385,
              21.71479
            ],
            [
              75.47445,
              21.64696
            ],
            [
              75.52019,
              21.56483
            ],
            [
              75.60881,
              21.53669
            ],
            [
              75.69368,
              21.57583
            ],
            [
              75.74264,
              21.64785
            ],
            [
              75.77401,
              21.70764
            ],
            [
              75.82646,
              21.75327
            ],
            [
              75.86851,
              21.81884
            ]
          ]
        ]
      }
    },
    {
      "type": "Feature",
      "id": 411,
      "properties": {
        "district_code": 411,
        "district_name": "Mandla",
        "state_code": 23,
        "state_name": "Madhya Pradesh",
        "is_pilot": false,
        "total_blocks": 9,
        "total_gps": 490,
        "centroid_lat": 22.6,
        "centroid_lon": 80.37
      },
      "geometry": {
        "type": "Polygon",
        "coordinates": [
          [
            [
              80.63589,
              22.59086
            ],
            [
              80.65015,
              22.67395
            ],
            [
              80.60198,
              22.74455
            ],
            [
              80.52233,
              22.78023
            ],
            [
              80.44754,
              22.79667
            ],
            [
              80.37816,
              22.80841
            ],
            [
              80.30366,
              22.81558
            ],
            [
              80.22699,
              22.79708
            ],
            [
              80.15683,
              22.75474
            ],
            [
              80.10372,
              22.69006
            ],
            [
              80.095,
              22.60899
            ],
            [
              80.14946,
              22.54136
            ],
            [
              80.20752,
              22.49833
            ],
            [
              80.23574,
              22.44055
            ],
            [
              80.27388,
              22.35509
            ],
            [
              80.35866,
              22.30606
            ],
            [
              80.44524,
              22.35496
            ],
            [
              80.49401,
              22.42863
            ],
            [
              80.52822,
              22.48478
            ],
            [
              80.57443,
              22.5305
            ],
            [
              80.63589,
              22.59086
            ]
          ]
        ]
      }
    },
    {
      "type": "Feature",
      "id": 410,
      "properties": {
        "district_code": 410,
        "district_name": "Mandsaur",
        "state_code": 23,
        "state_name": "Madhya Pradesh",
        "is_pilot": false,
        "total_blocks": 5,
        "total_gps": 464,
        "centroid_lat": 24.07,
        "centroid_lon": 75.06
      },
      "geometry": {
        "type": "Polygon",
        "coordinates": [
          [
            [
              75.32761,
              24.06966
            ],
            [
              75.34216,
              24.15374
            ],
            [
              75.2822,
              24.21776
            ],
            [
              75.20759,
              24.256
            ],
            [
              75.13612,
              24.2844
            ],
            [
              75.0601,
              24.28721
            ],
            [
              74.98872,
              24.27139
            ],
            [
              74.91382,
              24.25456
            ],
            [
              74.825,
              24.22654
            ],
            [
              74.78678,
              24.15133
            ],
            [
              74.78583,
              24.06986
            ],
            [
              74.83653,
              24.00323
            ],
            [
              74.88845,
              23.95547
            ],
            [
              74.92392,
              23.8979
            ],
            [
              74.97136,
              23.81938
            ],
            [
              75.05987,
              23.7881
            ],
            [
              75.14954,
              23.81608
            ],
            [
              75.19769,
              23.89554
            ],
            [
              75.2204,
              23.96273
            ],
            [
              75.26669,
              24.00808
            ],
            [
              75.32761,
              24.06966
            ]
          ]
        ]
      }
    },
    {
      "type": "Feature",
      "id": 413,
      "properties": {
        "district_code": 413,
        "district_name": "Morena",
        "state_code": 23,
        "state_name": "Madhya Pradesh",
        "is_pilot": false,
        "total_blocks": 7,
        "total_gps": 489,
        "centroid_lat": 26.5,
        "centroid_lon": 77.99
      },
      "geometry": {
        "type": "Polygon",
        "coordinates": [
          [
            [
              78.26002,
              26.49408
            ],
            [
              78.27656,
              26.57683
            ],
            [
              78.23249,
              26.65045
            ],
            [
              78.14743,
              26.68528
            ],
            [
              78.07237,
              26.71076
            ],
            [
              77.99563,
              26.71596
            ],
            [
              77.92028,
              26.70922
            ],
            [
              77.83565,
              26.70043
            ],
            [
              77.75411,
              26.66149
            ],
            [
              77.70215,
              26.59052
            ],
            [
              77.71751,
              26.50545
            ],
            [
              77.75913,
              26.43759
            ],
            [
              77.81813,
              26.39285
            ],
            [
              77.84425,
              26.32771
            ],
            [
              77.89671,
              26.26017
            ],
            [
              77.98265,
              26.21407
            ],
            [
              78.07388,
              26.24739
            ],
            [
              78.12664,
              26.3219
            ],
            [
              78.153,
              26.38794
            ],
            [
              78.21757,
              26.42793
            ],
            [
              78.26002,
              26.49408
            ]
          ]
        ]
      }
    },
    {
      "type": "Feature",
      "id": 414,
      "properties": {
        "district_code": 414,
        "district_name": "Narsinghpur",
        "state_code": 23,
        "state_name": "Madhya Pradesh",
        "is_pilot": false,
        "total_blocks": 6,
        "total_gps": 453,
        "centroid_lat": 22.95,
        "centroid_lon": 79.19
      },
      "geometry": {
        "type": "Polygon",
        "coordinates": [
          [
            [
              79.45067,
              22.94289
            ],
            [
              79.46597,
              23.02475
            ],
            [
              79.4189,
              23.09461
            ],
            [
              79.35083,
              23.14275
            ],
            [
              79.26642,
              23.14798
            ],
            [
              79.1965,
              23.15946
            ],
            [
              79.12519,
              23.15416
            ],
            [
              79.0449,
              23.14621
            ],
            [
              78.97185,
              23.10549
            ],
            [
              78.91806,
              23.03958
            ],
            [
              78.91844,
              22.95695
            ],
            [
              78.96855,
              22.88959
            ],
            [
              79.02803,
              22.84726
            ],
            [
              79.05145,
              22.7833
            ],
            [
              79.09722,
              22.7086
            ],
            [
              79.18142,
              22.66957
            ],
            [
              79.27151,
              22.69255
            ],
            [
              79.32409,
              22.76813
            ],
            [
              79.34759,
              22.8373
            ],
            [
              79.3939,
              22.88247
            ],
            [
              79.45067,
              22.94289
            ]
          ]
        ]
      }
    },
    {
      "type": "Feature",
      "id": 446,
      "properties": {
        "district_code": 446,
        "district_name": "Neemuch",
        "state_code": 23,
        "state_name": "Madhya Pradesh",
        "is_pilot": false,
        "total_blocks": 3,
        "total_gps": 245,
        "centroid_lat": 24.47,
        "centroid_lon": 74.87
      },
      "geometry": {
        "type": "Polygon",
        "coordinates": [
          [
            [
              75.13207,
              24.47
            ],
            [
              75.14998,
              24.55321
            ],
            [
              75.1061,
              24.62693
            ],
            [
              75.02263,
              24.66228
            ],
            [
              74.94169,
              24.67225
            ],
            [
              74.86979,
              24.675
            ],
            [
              74.79826,
              24.6711
            ],
            [
              74.71523,
              24.6642
            ],
            [
              74.64428,
              24.61945
            ],
            [
              74.59704,
              24.55062
            ],
            [
              74.59344,
              24.46951
            ],
            [
              74.64996,
              24.40416
            ],
            [
              74.70975,
              24.36305
            ],
            [
              74.73398,
              24.29801
            ],
            [
              74.77931,
              24.21318
            ],
            [
              74.87029,
              24.18624
            ],
            [
              74.95678,
              24.22584
            ],
            [
              75.00174,
              24.3041
            ],
            [
              75.02943,
              24.36402
            ],
            [
              75.07992,
              24.40759
            ],
            [
              75.13207,
              24.47
            ]
          ]
        ]
      }
    },
    {
      "type": "Feature",
      "id": 720,
      "properties": {
        "district_code": 720,
        "district_name": "Niwari",
        "state_code": 23,
        "state_name": "Madhya Pradesh",
        "is_pilot": false,
        "total_blocks": 2,
        "total_gps": 139,
        "centroid_lat": 25.35,
        "centroid_lon": 78.8
      },
      "geometry": {
        "type": "Polygon",
        "coordinates": [
          [
            [
              79.08238,
              25.34243
            ],
            [
              79.08866,
              25.42671
            ],
            [
              79.03838,
              25.49776
            ],
            [
              78.95672,
              25.53433
            ],
            [
              78.88188,
              25.55815
            ],
            [
              78.80666,
              25.56159
            ],
            [
              78.73278,
              25.55765
            ],
            [
              78.65667,
              25.54009
            ],
            [
              78.58078,
              25.50323
            ],
            [
              78.52135,
              25.43999
            ],
            [
              78.52463,
              25.35686
            ],
            [
              78.57195,
              25.28891
            ],
            [
              78.62967,
              25.24393
            ],
            [
              78.65623,
              25.1802
            ],
            [
              78.70222,
              25.10022
            ],
            [
              78.79098,
              25.05957
            ],
            [
              78.87826,
              25.10752
            ],
            [
              78.93668,
              25.16812
            ],
            [
              78.96947,
              25.23108
            ],
            [
              79.01043,
              25.28162
            ],
            [
              79.08238,
              25.34243
            ]
          ]
        ]
      }
    },
    {
      "type": "Feature",
      "id": 415,
      "properties": {
        "district_code": 415,
        "district_name": "Panna",
        "state_code": 23,
        "state_name": "Madhya Pradesh",
        "is_pilot": false,
        "total_blocks": 5,
        "total_gps": 395,
        "centroid_lat": 24.72,
        "centroid_lon": 80.19
      },
      "geometry": {
        "type": "Polygon",
        "coordinates": [
          [
            [
              80.45596,
              24.71054
            ],
            [
              80.46585,
              24.7911
            ],
            [
              80.41836,
              24.8594
            ],
            [
              80.35101,
              24.90664
            ],
            [
              80.26928,
              24.91666
            ],
            [
              80.19889,
              24.93247
            ],
            [
              80.1239,
              24.93277
            ],
            [
              80.04747,
              24.91398
            ],
            [
              79.96726,
              24.87962
            ],
            [
              79.91615,
              24.81161
            ],
            [
              79.92758,
              24.72887
            ],
            [
              79.97796,
              24.66492
            ],
            [
              80.02795,
              24.62063
            ],
            [
              80.05158,
              24.55888
            ],
            [
              80.08971,
              24.47002
            ],
            [
              80.17798,
              24.42873
            ],
            [
              80.26802,
              24.46822
            ],
            [
              80.31466,
              24.54982
            ],
            [
              80.35128,
              24.604
            ],
            [
              80.40197,
              24.64868
            ],
            [
              80.45596,
              24.71054
            ]
          ]
        ]
      }
    },
    {
      "type": "Feature",
      "id": 416,
      "properties": {
        "district_code": 416,
        "district_name": "Raisen",
        "state_code": 23,
        "state_name": "Madhya Pradesh",
        "is_pilot": false,
        "total_blocks": 7,
        "total_gps": 494,
        "centroid_lat": 23.33,
        "centroid_lon": 77.78
      },
      "geometry": {
        "type": "Polygon",
        "coordinates": [
          [
            [
              78.05607,
              23.32485
            ],
            [
              78.06145,
              23.40865
            ],
            [
              78.01308,
              23.47978
            ],
            [
              77.93952,
              23.52437
            ],
            [
              77.85776,
              23.53696
            ],
            [
              77.78445,
              23.54252
            ],
            [
              77.71035,
              23.54141
            ],
            [
              77.63603,
              23.52028
            ],
            [
              77.55036,
              23.49005
            ],
            [
              77.50404,
              23.41796
            ],
            [
              77.50894,
              23.33458
            ],
            [
              77.55566,
              23.26687
            ],
            [
              77.60944,
              23.21994
            ],
            [
              77.63804,
              23.15636
            ],
            [
              77.68478,
              23.07549
            ],
            [
              77.77413,
              23.04573
            ],
            [
              77.85914,
              23.08906
            ],
            [
              77.9075,
              23.16098
            ],
            [
              77.93973,
              23.21827
            ],
            [
              77.98623,
              23.26388
            ],
            [
              78.05607,
              23.32485
            ]
          ]
        ]
      }
    },
    {
      "type": "Feature",
      "id": 417,
      "properties": {
        "district_code": 417,
        "district_name": "Rajgarh",
        "state_code": 23,
        "state_name": "Madhya Pradesh",
        "is_pilot": false,
        "total_blocks": 6,
        "total_gps": 422,
        "centroid_lat": 24.01,
        "centroid_lon": 76.72
      },
      "geometry": {
        "type": "Polygon",
        "coordinates": [
          [
            [
              76.9921,
              24.0067
            ],
            [
              76.99456,
              24.08826
            ],
            [
              76.94353,
              24.15505
            ],
            [
              76.87597,
              24.20183
            ],
            [
              76.79692,
              24.21837
            ],
            [
              76.7229,
              24.22649
            ],
            [
              76.65177,
              24.21094
            ],
            [
              76.56656,
              24.20871
            ],
            [
              76.50082,
              24.15976
            ],
            [
              76.43439,
              24.09848
            ],
            [
              76.43921,
              24.01289
            ],
            [
              76.50056,
              23.94702
            ],
            [
              76.55864,
              23.90488
            ],
            [
              76.5787,
              23.83555
            ],
            [
              76.62976,
              23.76457
            ],
            [
              76.71619,
              23.72154
            ],
            [
              76.80223,
              23.76705
            ],
            [
              76.85278,
              23.83746
            ],
            [
              76.87766,
              23.90188
            ],
            [
              76.94383,
              23.94021
            ],
            [
              76.9921,
              24.0067
            ]
          ]
        ]
      }
    },
    {
      "type": "Feature",
      "id": 418,
      "properties": {
        "district_code": 418,
        "district_name": "Ratlam",
        "state_code": 23,
        "state_name": "Madhya Pradesh",
        "is_pilot": false,
        "total_blocks": 6,
        "total_gps": 418,
        "centroid_lat": 23.33,
        "centroid_lon": 75.04
      },
      "geometry": {
        "type": "Polygon",
        "coordinates": [
          [
            [
              75.31188,
              23.32969
            ],
            [
              75.31212,
              23.41129
            ],
            [
              75.26908,
              23.48326
            ],
            [
              75.18685,
              23.5162
            ],
            [
              75.11335,
              23.53791
            ],
            [
              75.04007,
              23.54694
            ],
            [
              74.96703,
              23.53724
            ],
            [
              74.89183,
              23.5181
            ],
            [
              74.80759,
              23.48567
            ],
            [
              74.76601,
              23.412
            ],
            [
              74.77183,
              23.32984
            ],
            [
              74.81655,
              23.26282
            ],
            [
              74.8771,
              23.22059
            ],
            [
              74.90874,
              23.16299
            ],
            [
              74.95222,
              23.08025
            ],
            [
              75.03991,
              23.03617
            ],
            [
              75.1286,
              23.07745
            ],
            [
              75.1739,
              23.15943
            ],
            [
              75.20516,
              23.21895
            ],
            [
              75.24778,
              23.26743
            ],
            [
              75.31188,
              23.32969
            ]
          ]
        ]
      }
    },
    {
      "type": "Feature",
      "id": 419,
      "properties": {
        "district_code": 419,
        "district_name": "Rewa",
        "state_code": 23,
        "state_name": "Madhya Pradesh",
        "is_pilot": false,
        "total_blocks": 9,
        "total_gps": 820,
        "centroid_lat": 24.53,
        "centroid_lon": 81.3
      },
      "geometry": {
        "type": "Polygon",
        "coordinates": [
          [
            [
              81.57722,
              24.51812
            ],
            [
              81.57569,
              24.59904
            ],
            [
              81.54143,
              24.67509
            ],
            [
              81.46041,
              24.71324
            ],
            [
              81.384,
              24.7337
            ],
            [
              81.31026,
              24.73368
            ],
            [
              81.23894,
              24.73292
            ],
            [
              81.15624,
              24.72933
            ],
            [
              81.08549,
              24.68648
            ],
            [
              81.02738,
              24.62357
            ],
            [
              81.02372,
              24.54133
            ],
            [
              81.07871,
              24.47413
            ],
            [
              81.1355,
              24.43068
            ],
            [
              81.15384,
              24.36231
            ],
            [
              81.19753,
              24.28023
            ],
            [
              81.28595,
              24.24736
            ],
            [
              81.37728,
              24.27257
            ],
            [
              81.42723,
              24.35307
            ],
            [
              81.46598,
              24.4085
            ],
            [
              81.5177,
              24.45486
            ],
            [
              81.57722,
              24.51812
            ]
          ]
        ]
      }
    },
    {
      "type": "Feature",
      "id": 420,
      "properties": {
        "district_code": 420,
        "district_name": "Sagar",
        "state_code": 23,
        "state_name": "Madhya Pradesh",
        "is_pilot": false,
        "total_blocks": 11,
        "total_gps": 755,
        "centroid_lat": 23.83,
        "centroid_lon": 78.74
      },
      "geometry": {
        "type": "Polygon",
        "coordinates": [
          [
            [
              79.00055,
              23.82345
            ],
            [
              79.0175,
              23.90525
            ],
            [
              78.97464,
              23.9779
            ],
            [
              78.90015,
              24.02149
            ],
            [
              78.82061,
              24.03883
            ],
            [
              78.74593,
              24.03546
            ],
            [
              78.67427,
              24.03404
            ],
            [
              78.59287,
              24.0267
            ],
            [
              78.51087,
              23.99146
            ],
            [
              78.45899,
              23.9213
            ],
            [
              78.47752,
              23.83615
            ],
            [
              78.51687,
              23.76905
            ],
            [
              78.57114,
              23.7231
            ],
            [
              78.59504,
              23.65596
            ],
            [
              78.64374,
              23.57951
            ],
            [
              78.73191,
              23.54599
            ],
            [
              78.82246,
              23.57331
            ],
            [
              78.86426,
              23.66337
            ],
            [
              78.90779,
              23.71132
            ],
            [
              78.95012,
              23.76133
            ],
            [
              79.00055,
              23.82345
            ]
          ]
        ]
      }
    },
    {
      "type": "Feature",
      "id": 421,
      "properties": {
        "district_code": 421,
        "district_name": "Satna",
        "state_code": 23,
        "state_name": "Madhya Pradesh",
        "is_pilot": false,
        "total_blocks": 8,
        "total_gps": 696,
        "centroid_lat": 24.58,
        "centroid_lon": 80.83
      },
      "geometry": {
        "type": "Polygon",
        "coordinates": [
          [
            [
              81.1015,
              24.56921
            ],
            [
              81.11163,
              24.65143
            ],
            [
              81.05749,
              24.71769
            ],
            [
              80.98775,
              24.76139
            ],
            [
              80.90914,
              24.77384
            ],
            [
              80.83951,
              24.78355
            ],
            [
              80.76803,
              24.78317
            ],
            [
              80.68387,
              24.78104
            ],
            [
              80.61019,
              24.73917
            ],
            [
              80.5619,
              24.67105
            ],
            [
              80.56342,
              24.59012
            ],
            [
              80.60583,
              24.52269
            ],
            [
              80.65787,
              24.47534
            ],
            [
              80.68358,
              24.41091
            ],
            [
              80.72896,
              24.33131
            ],
            [
              80.81686,
              24.29488
            ],
            [
              80.90706,
              24.32673
            ],
            [
              80.95179,
              24.41194
            ],
            [
              80.99571,
              24.45957
            ],
            [
              81.03516,
              24.50994
            ],
            [
              81.1015,
              24.56921
            ]
          ]
        ]
      }
    },
    {
      "type": "Feature",
      "id": 422,
      "properties": {
        "district_code": 422,
        "district_name": "Sehore",
        "state_code": 23,
        "state_name": "Madhya Pradesh",
        "is_pilot": false,
        "total_blocks": 5,
        "total_gps": 497,
        "centroid_lat": 23.2,
        "centroid_lon": 77.08
      },
      "geometry": {
        "type": "Polygon",
        "coordinates": [
          [
            [
              77.34469,
              23.19628
            ],
            [
              77.36324,
              23.28063
            ],
            [
              77.31252,
              23.35115
            ],
            [
              77.23192,
              23.38723
            ],
            [
              77.15277,
              23.39703
            ],
            [
              77.08316,
              23.40302
            ],
            [
              77.0097,
              23.40988
            ],
            [
              76.93076,
              23.39537
            ],
            [
              76.84872,
              23.3597
            ],
            [
              76.80542,
              23.28621
            ],
            [
              76.80885,
              23.20335
            ],
            [
              76.87317,
              23.14072
            ],
            [
              76.90711,
              23.08715
            ],
            [
              76.94025,
              23.02715
            ],
            [
              76.9875,
              22.94856
            ],
            [
              77.07557,
              22.91156
            ],
            [
              77.16292,
              22.95166
            ],
            [
              77.2122,
              23.02639
            ],
            [
              77.23429,
              23.09307
            ],
            [
              77.28765,
              23.13442
            ],
            [
              77.34469,
              23.19628
            ]
          ]
        ]
      }
    },
    {
      "type": "Feature",
      "id": 423,
      "properties": {
        "district_code": 423,
        "district_name": "Seoni",
        "state_code": 23,
        "state_name": "Madhya Pradesh",
        "is_pilot": false,
        "total_blocks": 8,
        "total_gps": 645,
        "centroid_lat": 22.08,
        "centroid_lon": 79.54
      },
      "geometry": {
        "type": "Polygon",
        "coordinates": [
          [
            [
              79.79698,
              22.07265
            ],
            [
              79.82247,
              22.15664
            ],
            [
              79.76262,
              22.22116
            ],
            [
              79.69573,
              22.26735
            ],
            [
              79.6152,
              22.27527
            ],
            [
              79.54705,
              22.29891
            ],
            [
              79.47517,
              22.28656
            ],
            [
              79.40089,
              22.26987
            ],
            [
              79.32524,
              22.23448
            ],
            [
              79.26977,
              22.16996
            ],
            [
              79.28342,
              22.08694
            ],
            [
              79.3227,
              22.02064
            ],
            [
              79.36801,
              21.9705
            ],
            [
              79.40016,
              21.91113
            ],
            [
              79.44381,
              21.82914
            ],
            [
              79.53073,
              21.78821
            ],
            [
              79.61706,
              21.83394
            ],
            [
              79.67139,
              21.90018
            ],
            [
              79.69535,
              21.96791
            ],
            [
              79.74341,
              22.01193
            ],
            [
              79.79698,
              22.07265
            ]
          ]
        ]
      }
    },
    {
      "type": "Feature",
      "id": 424,
      "properties": {
        "district_code": 424,
        "district_name": "Shahdol",
        "state_code": 23,
        "state_name": "Madhya Pradesh",
        "is_pilot": false,
        "total_blocks": 5,
        "total_gps": 391,
        "centroid_lat": 23.29,
        "centroid_lon": 81.35
      },
      "geometry": {
        "type": "Polygon",
        "coordinates": [
          [
            [
              81.61708,
              23.27892
            ],
            [
              81.62412,
              23.35983
            ],
            [
              81.58211,
              23.43144
            ],
            [
              81.50978,
              23.47501
            ],
            [
              81.43381,
              23.49639
            ],
            [
              81.36003,
              23.4994
            ],
            [
              81.28704,
              23.49979
            ],
            [
              81.21292,
              23.48119
            ],
            [
              81.12711,
              23.45357
            ],
            [
              81.0757,
              23.38455
            ],
            [
              81.07805,
              23.30082
            ],
            [
              81.12855,
              23.23315
            ],
            [
              81.17889,
              23.18526
            ],
            [
              81.20631,
              23.12293
            ],
            [
              81.2539,
              23.05222
            ],
            [
              81.33619,
              22.99769
            ],
            [
              81.4263,
              23.03522
            ],
            [
              81.47294,
              23.11809
            ],
            [
              81.50488,
              23.17597
            ],
            [
              81.56524,
              23.21541
            ],
            [
              81.61708,
              23.27892
            ]
          ]
        ]
      }
    },
    {
      "type": "Feature",
      "id": 425,
      "properties": {
        "district_code": 425,
        "district_name": "Shajapur",
        "state_code": 23,
        "state_name": "Madhya Pradesh",
        "is_pilot": false,
        "total_blocks": 4,
        "total_gps": 334,
        "centroid_lat": 23.42,
        "centroid_lon": 76.27
      },
      "geometry": {
        "type": "Polygon",
        "coordinates": [
          [
            [
              76.54584,
              23.41751
            ],
            [
              76.55689,
              23.50313
            ],
            [
              76.50445,
              23.57393
            ],
            [
              76.42056,
              23.60738
            ],
            [
              76.34801,
              23.63468
            ],
            [
              76.27208,
              23.6362
            ],
            [
              76.20029,
              23.62379
            ],
            [
              76.11822,
              23.61605
            ],
            [
              76.04429,
              23.57382
            ],
            [
              75.98543,
              23.50758
            ],
            [
              76.00133,
              23.42195
            ],
            [
              76.06298,
              23.35961
            ],
            [
              76.1103,
              23.31473
            ],
            [
              76.13406,
              23.25021
            ],
            [
              76.18329,
              23.18044
            ],
            [
              76.26726,
              23.13053
            ],
            [
              76.35301,
              23.17655
            ],
            [
              76.40506,
              23.24495
            ],
            [
              76.42695,
              23.31264
            ],
            [
              76.49113,
              23.35151
            ],
            [
              76.54584,
              23.41751
            ]
          ]
        ]
      }
    },
    {
      "type": "Feature",
      "id": 447,
      "properties": {
        "district_code": 447,
        "district_name": "Sheopur",
        "state_code": 23,
        "state_name": "Madhya Pradesh",
        "is_pilot": false,
        "total_blocks": 3,
        "total_gps": 225,
        "centroid_lat": 25.66,
        "centroid_lon": 76.69
      },
      "geometry": {
        "type": "Polygon",
        "coordinates": [
          [
            [
              76.96601,
              25.65654
            ],
            [
              76.97225,
              25.73919
            ],
            [
              76.91979,
              25.80691
            ],
            [
              76.84949,
              25.85328
            ],
            [
              76.76409,
              25.85764
            ],
            [
              76.693,
              25.87175
            ],
            [
              76.61879,
              25.86728
            ],
            [
              76.54529,
              25.8451
            ],
            [
              76.46681,
              25.8106
            ],
            [
              76.412,
              25.74512
            ],
            [
              76.41806,
              25.6629
            ],
            [
              76.47703,
              25.59981
            ],
            [
              76.52462,
              25.55381
            ],
            [
              76.54686,
              25.48582
            ],
            [
              76.60059,
              25.42048
            ],
            [
              76.68593,
              25.36904
            ],
            [
              76.77512,
              25.41133
            ],
            [
              76.83005,
              25.4802
            ],
            [
              76.85293,
              25.54962
            ],
            [
              76.91066,
              25.59198
            ],
            [
              76.96601,
              25.65654
            ]
          ]
        ]
      }
    },
    {
      "type": "Feature",
      "id": 426,
      "properties": {
        "district_code": 426,
        "district_name": "Shivpuri",
        "state_code": 23,
        "state_name": "Madhya Pradesh",
        "is_pilot": false,
        "total_blocks": 8,
        "total_gps": 595,
        "centroid_lat": 25.43,
        "centroid_lon": 77.65
      },
      "geometry": {
        "type": "Polygon",
        "coordinates": [
          [
            [
              77.93101,
              25.42466
            ],
            [
              77.93345,
              25.50768
            ],
            [
              77.87985,
              25.57502
            ],
            [
              77.8049,
              25.61533
            ],
            [
              77.72964,
              25.63796
            ],
            [
              77.65477,
              25.6466
            ],
            [
              77.57941,
              25.64116
            ],
            [
              77.50221,
              25.6223
            ],
            [
              77.41773,
              25.58936
            ],
            [
              77.37157,
              25.51742
            ],
            [
              77.37973,
              25.43463
            ],
            [
              77.4384,
              25.37158
            ],
            [
              77.48128,
              25.32307
            ],
            [
              77.50913,
              25.26077
            ],
            [
              77.55896,
              25.19123
            ],
            [
              77.64376,
              25.14293
            ],
            [
              77.73105,
              25.18673
            ],
            [
              77.77745,
              25.2636
            ],
            [
              77.82103,
              25.31217
            ],
            [
              77.86266,
              25.3628
            ],
            [
              77.93101,
              25.42466
            ]
          ]
        ]
      }
    },
    {
      "type": "Feature",
      "id": 427,
      "properties": {
        "district_code": 427,
        "district_name": "Sidhi",
        "state_code": 23,
        "state_name": "Madhya Pradesh",
        "is_pilot": false,
        "total_blocks": 5,
        "total_gps": 397,
        "centroid_lat": 24.41,
        "centroid_lon": 81.88
      },
      "geometry": {
        "type": "Polygon",
        "coordinates": [
          [
            [
              82.14936,
              24.39746
            ],
            [
              82.15765,
              24.4785
            ],
            [
              82.10816,
              24.54607
            ],
            [
              82.04335,
              24.59525
            ],
            [
              81.96345,
              24.61013
            ],
            [
              81.8912,
              24.61445
            ],
            [
              81.8176,
              24.6209
            ],
            [
              81.74204,
              24.60318
            ],
            [
              81.65464,
              24.5759
            ],
            [
              81.5975,
              24.50823
            ],
            [
              81.60371,
              24.42236
            ],
            [
              81.66718,
              24.35707
            ],
            [
              81.70832,
              24.30714
            ],
            [
              81.73023,
              24.2394
            ],
            [
              81.77784,
              24.16375
            ],
            [
              81.86446,
              24.12246
            ],
            [
              81.95434,
              24.15821
            ],
            [
              82.0103,
              24.22704
            ],
            [
              82.04482,
              24.28823
            ],
            [
              82.08528,
              24.33822
            ],
            [
              82.14936,
              24.39746
            ]
          ]
        ]
      }
    },
    {
      "type": "Feature",
      "id": 638,
      "properties": {
        "district_code": 638,
        "district_name": "Singrauli",
        "state_code": 23,
        "state_name": "Madhya Pradesh",
        "is_pilot": false,
        "total_blocks": 3,
        "total_gps": 314,
        "centroid_lat": 24.2,
        "centroid_lon": 82.66
      },
      "geometry": {
        "type": "Polygon",
        "coordinates": [
          [
            [
              82.9359,
              24.1858
            ],
            [
              82.94031,
              24.26782
            ],
            [
              82.89311,
              24.33765
            ],
            [
              82.82004,
              24.37986
            ],
            [
              82.74771,
              24.40737
            ],
            [
              82.67257,
              24.40793
            ],
            [
              82.60204,
              24.40042
            ],
            [
              82.52621,
              24.38984
            ],
            [
              82.44533,
              24.36004
            ],
            [
              82.39364,
              24.29427
            ],
            [
              82.3881,
              24.21351
            ],
            [
              82.43435,
              24.14494
            ],
            [
              82.49451,
              24.10182
            ],
            [
              82.51317,
              24.03426
            ],
            [
              82.55738,
              23.95607
            ],
            [
              82.64327,
              23.91957
            ],
            [
              82.73096,
              23.9542
            ],
            [
              82.78735,
              24.01882
            ],
            [
              82.81167,
              24.08657
            ],
            [
              82.87067,
              24.12505
            ],
            [
              82.9359,
              24.1858
            ]
          ]
        ]
      }
    },
    {
      "type": "Feature",
      "id": 428,
      "properties": {
        "district_code": 428,
        "district_name": "Tikamgarh",
        "state_code": 23,
        "state_name": "Madhya Pradesh",
        "is_pilot": false,
        "total_blocks": 6,
        "total_gps": 454,
        "centroid_lat": 24.74,
        "centroid_lon": 78.83
      },
      "geometry": {
        "type": "Polygon",
        "coordinates": [
          [
            [
              79.11093,
              24.73255
            ],
            [
              79.11351,
              24.81585
            ],
            [
              79.05893,
              24.88277
            ],
            [
              78.98328,
              24.92137
            ],
            [
              78.90799,
              24.93957
            ],
            [
              78.83665,
              24.95548
            ],
            [
              78.7612,
              24.95327
            ],
            [
              78.68181,
              24.93735
            ],
            [
              78.60342,
              24.89903
            ],
            [
              78.54855,
              24.83123
            ],
            [
              78.56097,
              24.74664
            ],
            [
              78.60382,
              24.67902
            ],
            [
              78.65394,
              24.62971
            ],
            [
              78.68487,
              24.56757
            ],
            [
              78.73246,
              24.48927
            ],
            [
              78.8214,
              24.4575
            ],
            [
              78.90771,
              24.49843
            ],
            [
              78.95907,
              24.56756
            ],
            [
              78.99828,
              24.62143
            ],
            [
              79.05346,
              24.66711
            ],
            [
              79.11093,
              24.73255
            ]
          ]
        ]
      }
    },
    {
      "type": "Feature",
      "id": 435,
      "properties": {
        "district_code": 435,
        "district_name": "Ujjain",
        "state_code": 23,
        "state_name": "Madhya Pradesh",
        "is_pilot": false,
        "total_blocks": 6,
        "total_gps": 609,
        "centroid_lat": 23.18,
        "centroid_lon": 75.77
      },
      "geometry": {
        "type": "Polygon",
        "coordinates": [
          [
            [
              76.04834,
              23.17839
            ],
            [
              76.05355,
              23.26334
            ],
            [
              75.99808,
              23.33116
            ],
            [
              75.92332,
              23.37258
            ],
            [
              75.84124,
              23.37878
            ],
            [
              75.7712,
              23.38891
            ],
            [
              75.69727,
              23.39039
            ],
            [
              75.6224,
              23.36959
            ],
            [
              75.54034,
              23.33564
            ],
            [
              75.4861,
              23.26651
            ],
            [
              75.50356,
              23.18108
            ],
            [
              75.55422,
              23.11617
            ],
            [
              75.60426,
              23.06973
            ],
            [
              75.63443,
              23.00911
            ],
            [
              75.68218,
              22.93405
            ],
            [
              75.76839,
              22.89663
            ],
            [
              75.85426,
              22.93541
            ],
            [
              75.90676,
              23.00374
            ],
            [
              75.94049,
              23.06401
            ],
            [
              75.97619,
              23.11678
            ],
            [
              76.04834,
              23.17839
            ]
          ]
        ]
      }
    },
    {
      "type": "Feature",
      "id": 448,
      "properties": {
        "district_code": 448,
        "district_name": "Umaria",
        "state_code": 23,
        "state_name": "Madhya Pradesh",
        "is_pilot": false,
        "total_blocks": 3,
        "total_gps": 234,
        "centroid_lat": 23.52,
        "centroid_lon": 80.83
      },
      "geometry": {
        "type": "Polygon",
        "coordinates": [
          [
            [
              81.10274,
              23.50951
            ],
            [
              81.10661,
              23.59123
            ],
            [
              81.05849,
              23.65998
            ],
            [
              80.99394,
              23.71076
            ],
            [
              80.91058,
              23.72007
            ],
            [
              80.83964,
              23.73678
            ],
            [
              80.76931,
              23.71934
            ],
            [
              80.69111,
              23.712
            ],
            [
              80.61023,
              23.67993
            ],
            [
              80.56024,
              23.6119
            ],
            [
              80.56847,
              23.52961
            ],
            [
              80.62179,
              23.46598
            ],
            [
              80.65479,
              23.41218
            ],
            [
              80.6853,
              23.35092
            ],
            [
              80.73166,
              23.27467
            ],
            [
              80.8171,
              23.22578
            ],
            [
              80.90845,
              23.26176
            ],
            [
              80.95129,
              23.35187
            ],
            [
              80.9934,
              23.40069
            ],
            [
              81.03623,
              23.44937
            ],
            [
              81.10274,
              23.50951
            ]
          ]
        ]
      }
    },
    {
      "type": "Feature",
      "id": 429,
      "properties": {
        "district_code": 429,
        "district_name": "Vidisha",
        "state_code": 23,
        "state_name": "Madhya Pradesh",
        "is_pilot": false,
        "total_blocks": 7,
        "total_gps": 578,
        "centroid_lat": 23.52,
        "centroid_lon": 77.81
      },
      "geometry": {
        "type": "Polygon",
        "coordinates": [
          [
            [
              78.07704,
              23.51495
            ],
            [
              78.09591,
              23.59967
            ],
            [
              78.04173,
              23.66858
            ],
            [
              77.96766,
              23.71168
            ],
            [
              77.88862,
              23.72869
            ],
            [
              77.81433,
              23.72262
            ],
            [
              77.74271,
              23.72423
            ],
            [
              77.66967,
              23.70534
            ],
            [
              77.58114,
              23.67939
            ],
            [
              77.5324,
              23.60845
            ],
            [
              77.54427,
              23.52457
            ],
            [
              77.59462,
              23.45956
            ],
            [
              77.64588,
              23.41433
            ],
            [
              77.6711,
              23.35047
            ],
            [
              77.71475,
              23.26608
            ],
            [
              77.80401,
              23.23576
            ],
            [
              77.89018,
              23.27593
            ],
            [
              77.93572,
              23.35345
            ],
            [
              77.97504,
              23.40463
            ],
            [
              78.02876,
              23.44987
            ],
            [
              78.07704,
              23.51495
            ]
          ]
        ]
      }
    },
    {
      "type": "Feature",
      "id": 745,
      "properties": {
        "district_code": 745,
        "district_name": "Mauganj",
        "state_code": 23,
        "state_name": "Madhya Pradesh",
        "is_pilot": false,
        "total_blocks": 3,
        "total_gps": 264,
        "centroid_lat": 24.68,
        "centroid_lon": 81.87
      },
      "geometry": {
        "type": "Polygon",
        "coordinates": [
          [
            [
              82.14119,
              24.66729
            ],
            [
              82.1623,
              24.75181
            ],
            [
              82.10907,
              24.82211
            ],
            [
              82.03034,
              24.86128
            ],
            [
              81.95281,
              24.87789
            ],
            [
              81.88195,
              24.8958
            ],
            [
              81.8096,
              24.88406
            ],
            [
              81.73243,
              24.87239
            ],
            [
              81.64228,
              24.84742
            ],
            [
              81.59543,
              24.7754
            ],
            [
              81.6074,
              24.69184
            ],
            [
              81.65619,
              24.62703
            ],
            [
              81.70656,
              24.58239
            ],
            [
              81.73164,
              24.5229
            ],
            [
              81.76629,
              24.43089
            ],
            [
              81.85396,
              24.3864
            ],
            [
              81.94271,
              24.43383
            ],
            [
              81.99786,
              24.50067
            ],
            [
              82.02808,
              24.56337
            ],
            [
              82.08216,
              24.60587
            ],
            [
              82.14119,
              24.66729
            ]
          ]
        ]
      }
    },
    {
      "type": "Feature",
      "id": 746,
      "properties": {
        "district_code": 746,
        "district_name": "Maihar",
        "state_code": 23,
        "state_name": "Madhya Pradesh",
        "is_pilot": false,
        "total_blocks": 3,
        "total_gps": 235,
        "centroid_lat": 24.27,
        "centroid_lon": 80.76
      },
      "geometry": {
        "type": "Polygon",
        "coordinates": [
          [
            [
              81.02145,
              24.25984
            ],
            [
              81.03605,
              24.34047
            ],
            [
              80.98884,
              24.40915
            ],
            [
              80.91689,
              24.45123
            ],
            [
              80.84307,
              24.47458
            ],
            [
              80.76978,
              24.48487
            ],
            [
              80.69531,
              24.48179
            ],
            [
              80.6234,
              24.45801
            ],
            [
              80.54529,
              24.42556
            ],
            [
              80.48751,
              24.36248
            ],
            [
              80.4875,
              24.28011
            ],
            [
              80.54791,
              24.21544
            ],
            [
              80.59819,
              24.17117
            ],
            [
              80.61238,
              24.09875
            ],
            [
              80.66461,
              24.03394
            ],
            [
              80.74702,
              23.98068
            ],
            [
              80.83876,
              24.01153
            ],
            [
              80.88179,
              24.1019
            ],
            [
              80.92202,
              24.15221
            ],
            [
              80.97213,
              24.1976
            ],
            [
              81.02145,
              24.25984
            ]
          ]
        ]
      }
    },
    {
      "type": "Feature",
      "id": 747,
      "properties": {
        "district_code": 747,
        "district_name": "Pandhurna",
        "state_code": 23,
        "state_name": "Madhya Pradesh",
        "is_pilot": false,
        "total_blocks": 2,
        "total_gps": 146,
        "centroid_lat": 21.6,
        "centroid_lon": 78.53
      },
      "geometry": {
        "type": "Polygon",
        "coordinates": [
          [
            [
              78.79969,
              21.59405
            ],
            [
              78.80379,
              21.67654
            ],
            [
              78.76072,
              21.74906
            ],
            [
              78.68461,
              21.78943
            ],
            [
              78.60511,
              21.80021
            ],
            [
              78.53494,
              21.80206
            ],
            [
              78.46238,
              21.81054
            ],
            [
              78.38973,
              21.78918
            ],
            [
              78.31756,
              21.75108
            ],
            [
              78.25218,
              21.69071
            ],
            [
              78.25756,
              21.60556
            ],
            [
              78.31136,
              21.53848
            ],
            [
              78.35887,
              21.489
            ],
            [
              78.39338,
              21.43201
            ],
            [
              78.43625,
              21.34909
            ],
            [
              78.52323,
              21.31895
            ],
            [
              78.61105,
              21.34701
            ],
            [
              78.66323,
              21.41981
            ],
            [
              78.68775,
              21.48746
            ],
            [
              78.73278,
              21.53344
            ],
            [
              78.79969,
              21.59405
            ]
          ]
        ]
      }
    }
  ]
}