{
  "type": "FeatureCollection",
  "name": "Dhanbad_Gram_Panchayats",
  "crs": {
    "type": "name",
    "properties": {
      "name": "urn:ogc:def:crs:OGC:1.3:CRS84"
    }
  },
  "features": [
    {
      "type": "Feature",
      "properties": {
        "GPCODE": 111722,
        "GPNAME": "BAGDAHA",
        "BLOCK": "Baghmara",
        "DISTRICT": "Dhanbad",
        "STATE": "Jharkhand",
        "ELEVATION_M": 231.0,
        "SLOPE_DEG": 3.796,
        "LANDCOVER_CLASS": 13,
        "LANDCOVER_NAME": "Built-up / Urban settlements"
      },
      "geometry": {
        "type": "Point",
        "coordinates": [
          86.151,
          23.75
        ]
      }
    },
    {
      "type": "Feature",
      "properties": {
        "GPCODE": 111723,
        "GPNAME": "BAGRA",
        "BLOCK": "Baghmara",
        "DISTRICT": "Dhanbad",
        "STATE": "Jharkhand",
        "ELEVATION_M": 198.0,
        "SLOPE_DEG": 3.797,
        "LANDCOVER_CLASS": 12,
        "LANDCOVER_NAME": "Cropland"
      },
      "geometry": {
        "type": "Point",
        "coordinates": [
          86.175333,
          23.751
        ]
      }
    },
    {
      "type": "Feature",
      "properties": {
        "GPCODE": 111724,
        "GPNAME": "BAHIYARDIH",
        "BLOCK": "Baghmara",
        "DISTRICT": "Dhanbad",
        "STATE": "Jharkhand",
        "ELEVATION_M": 188.0,
        "SLOPE_DEG": 3.798,
        "LANDCOVER_CLASS": 12,
        "LANDCOVER_NAME": "Cropland"
      },
      "geometry": {
        "type": "Point",
        "coordinates": [
          86.196667,
          23.752
        ]
      }
    },
    {
      "type": "Feature",
      "properties": {
        "GPCODE": 111725,
        "GPNAME": "BANSJORA",
        "BLOCK": "Baghmara",
        "DISTRICT": "Dhanbad",
        "STATE": "Jharkhand",
        "ELEVATION_M": 203.0,
        "SLOPE_DEG": 3.796,
        "LANDCOVER_CLASS": 12,
        "LANDCOVER_NAME": "Cropland"
      },
      "geometry": {
        "type": "Point",
        "coordinates": [
          86.221,
          23.75
        ]
      }
    },
    {
      "type": "Feature",
      "properties": {
        "GPCODE": 111726,
        "GPNAME": "BARORA",
        "BLOCK": "Baghmara",
        "DISTRICT": "Dhanbad",
        "STATE": "Jharkhand",
        "ELEVATION_M": 215.0,
        "SLOPE_DEG": 3.797,
        "LANDCOVER_CLASS": 12,
        "LANDCOVER_NAME": "Cropland"
      },
      "geometry": {
        "type": "Point",
        "coordinates": [
          86.245333,
          23.751
        ]
      }
    },
    {
      "type": "Feature",
      "properties": {
        "GPCODE": 111727,
        "GPNAME": "BEHRAKUDAR",
        "BLOCK": "Baghmara",
        "DISTRICT": "Dhanbad",
        "STATE": "Jharkhand",
        "ELEVATION_M": 208.0,
        "SLOPE_DEG": 3.798,
        "LANDCOVER_CLASS": 12,
        "LANDCOVER_NAME": "Cropland"
      },
      "geometry": {
        "type": "Point",
        "coordinates": [
          86.266667,
          23.752
        ]
      }
    },
    {
      "type": "Feature",
      "properties": {
        "GPCODE": 111728,
        "GPNAME": "BHIMKANALI",
        "BLOCK": "Baghmara",
        "DISTRICT": "Dhanbad",
        "STATE": "Jharkhand",
        "ELEVATION_M": 186.0,
        "SLOPE_DEG": 3.796,
        "LANDCOVER_CLASS": 12,
        "LANDCOVER_NAME": "Cropland"
      },
      "geometry": {
        "type": "Point",
        "coordinates": [
          86.291,
          23.75
        ]
      }
    },
    {
      "type": "Feature",
      "properties": {
        "GPCODE": 111729,
        "GPNAME": "BOWAKALA NORTH",
        "BLOCK": "Baghmara",
        "DISTRICT": "Dhanbad",
        "STATE": "Jharkhand",
        "ELEVATION_M": 213.0,
        "SLOPE_DEG": 3.795,
        "LANDCOVER_CLASS": 13,
        "LANDCOVER_NAME": "Built-up / Urban settlements"
      },
      "geometry": {
        "type": "Point",
        "coordinates": [
          86.152,
          23.767429
        ]
      }
    },
    {
      "type": "Feature",
      "properties": {
        "GPCODE": 111730,
        "GPNAME": "BOWAKALA SOUTH",
        "BLOCK": "Baghmara",
        "DISTRICT": "Dhanbad",
        "STATE": "Jharkhand",
        "ELEVATION_M": 203.0,
        "SLOPE_DEG": 3.794,
        "LANDCOVER_CLASS": 12,
        "LANDCOVER_NAME": "Cropland"
      },
      "geometry": {
        "type": "Point",
        "coordinates": [
          86.173333,
          23.768429
        ]
      }
    },
    {
      "type": "Feature",
      "properties": {
        "GPCODE": 111731,
        "GPNAME": "CHHATRUTAND",
        "BLOCK": "Baghmara",
        "DISTRICT": "Dhanbad",
        "STATE": "Jharkhand",
        "ELEVATION_M": 205.0,
        "SLOPE_DEG": 3.796,
        "LANDCOVER_CLASS": 12,
        "LANDCOVER_NAME": "Cropland"
      },
      "geometry": {
        "type": "Point",
        "coordinates": [
          86.197667,
          23.766429
        ]
      }
    },
    {
      "type": "Feature",
      "properties": {
        "GPCODE": 111732,
        "GPNAME": "DALUDIH",
        "BLOCK": "Baghmara",
        "DISTRICT": "Dhanbad",
        "STATE": "Jharkhand",
        "ELEVATION_M": 212.0,
        "SLOPE_DEG": 3.795,
        "LANDCOVER_CLASS": 12,
        "LANDCOVER_NAME": "Cropland"
      },
      "geometry": {
        "type": "Point",
        "coordinates": [
          86.222,
          23.767429
        ]
      }
    },
    {
      "type": "Feature",
      "properties": {
        "GPCODE": 111733,
        "GPNAME": "DARIDA",
        "BLOCK": "Baghmara",
        "DISTRICT": "Dhanbad",
        "STATE": "Jharkhand",
        "ELEVATION_M": 206.0,
        "SLOPE_DEG": 3.794,
        "LANDCOVER_CLASS": 12,
        "LANDCOVER_NAME": "Cropland"
      },
      "geometry": {
        "type": "Point",
        "coordinates": [
          86.243333,
          23.768429
        ]
      }
    },
    {
      "type": "Feature",
      "properties": {
        "GPCODE": 111734,
        "GPNAME": "DHARMABANDH",
        "BLOCK": "Baghmara",
        "DISTRICT": "Dhanbad",
        "STATE": "Jharkhand",
        "ELEVATION_M": 198.0,
        "SLOPE_DEG": 3.796,
        "LANDCOVER_CLASS": 12,
        "LANDCOVER_NAME": "Cropland"
      },
      "geometry": {
        "type": "Point",
        "coordinates": [
          86.267667,
          23.766429
        ]
      }
    },
    {
      "type": "Feature",
      "properties": {
        "GPCODE": 111735,
        "GPNAME": "DHAWACHITA",
        "BLOCK": "Baghmara",
        "DISTRICT": "Dhanbad",
        "STATE": "Jharkhand",
        "ELEVATION_M": 183.0,
        "SLOPE_DEG": 3.795,
        "LANDCOVER_CLASS": 12,
        "LANDCOVER_NAME": "Cropland"
      },
      "geometry": {
        "type": "Point",
        "coordinates": [
          86.292,
          23.767429
        ]
      }
    },
    {
      "type": "Feature",
      "properties": {
        "GPCODE": 111736,
        "GPNAME": "DUMRA NORTH",
        "BLOCK": "Baghmara",
        "DISTRICT": "Dhanbad",
        "STATE": "Jharkhand",
        "ELEVATION_M": 210.0,
        "SLOPE_DEG": 3.76,
        "LANDCOVER_CLASS": 13,
        "LANDCOVER_NAME": "Built-up / Urban settlements"
      },
      "geometry": {
        "type": "Point",
        "coordinates": [
          86.15,
          23.784857
        ]
      }
    },
    {
      "type": "Feature",
      "properties": {
        "GPCODE": 111737,
        "GPNAME": "FULARITAND",
        "BLOCK": "Baghmara",
        "DISTRICT": "Dhanbad",
        "STATE": "Jharkhand",
        "ELEVATION_M": 183.0,
        "SLOPE_DEG": 3.765,
        "LANDCOVER_CLASS": 12,
        "LANDCOVER_NAME": "Cropland"
      },
      "geometry": {
        "type": "Point",
        "coordinates": [
          86.174333,
          23.782857
        ]
      }
    },
    {
      "type": "Feature",
      "properties": {
        "GPCODE": 111738,
        "GPNAME": "GOBINDADIH",
        "BLOCK": "Baghmara",
        "DISTRICT": "Dhanbad",
        "STATE": "Jharkhand",
        "ELEVATION_M": 226.0,
        "SLOPE_DEG": 3.762,
        "LANDCOVER_CLASS": 12,
        "LANDCOVER_NAME": "Cropland"
      },
      "geometry": {
        "type": "Point",
        "coordinates": [
          86.198667,
          23.783857
        ]
      }
    },
    {
      "type": "Feature",
      "properties": {
        "GPCODE": 111739,
        "GPNAME": "HARINA",
        "BLOCK": "Baghmara",
        "DISTRICT": "Dhanbad",
        "STATE": "Jharkhand",
        "ELEVATION_M": 215.0,
        "SLOPE_DEG": 3.76,
        "LANDCOVER_CLASS": 12,
        "LANDCOVER_NAME": "Cropland"
      },
      "geometry": {
        "type": "Point",
        "coordinates": [
          86.22,
          23.784857
        ]
      }
    },
    {
      "type": "Feature",
      "properties": {
        "GPCODE": 111740,
        "GPNAME": "HATHUDIH",
        "BLOCK": "Baghmara",
        "DISTRICT": "Dhanbad",
        "STATE": "Jharkhand",
        "ELEVATION_M": 205.0,
        "SLOPE_DEG": 3.765,
        "LANDCOVER_CLASS": 12,
        "LANDCOVER_NAME": "Cropland"
      },
      "geometry": {
        "type": "Point",
        "coordinates": [
          86.244333,
          23.782857
        ]
      }
    },
    {
      "type": "Feature",
      "properties": {
        "GPCODE": 111741,
        "GPNAME": "JAMUA",
        "BLOCK": "Baghmara",
        "DISTRICT": "Dhanbad",
        "STATE": "Jharkhand",
        "ELEVATION_M": 187.0,
        "SLOPE_DEG": 3.762,
        "LANDCOVER_CLASS": 12,
        "LANDCOVER_NAME": "Cropland"
      },
      "geometry": {
        "type": "Point",
        "coordinates": [
          86.268667,
          23.783857
        ]
      }
    },
    {
      "type": "Feature",
      "properties": {
        "GPCODE": 111742,
        "GPNAME": "JAMUATAND",
        "BLOCK": "Baghmara",
        "DISTRICT": "Dhanbad",
        "STATE": "Jharkhand",
        "ELEVATION_M": 185.0,
        "SLOPE_DEG": 3.76,
        "LANDCOVER_CLASS": 12,
        "LANDCOVER_NAME": "Cropland"
      },
      "geometry": {
        "type": "Point",
        "coordinates": [
          86.29,
          23.784857
        ]
      }
    },
    {
      "type": "Feature",
      "properties": {
        "GPCODE": 111743,
        "GPNAME": "JHIJHIPAHARI",
        "BLOCK": "Baghmara",
        "DISTRICT": "Dhanbad",
        "STATE": "Jharkhand",
        "ELEVATION_M": 215.0,
        "SLOPE_DEG": 3.704,
        "LANDCOVER_CLASS": 13,
        "LANDCOVER_NAME": "Built-up / Urban settlements"
      },
      "geometry": {
        "type": "Point",
        "coordinates": [
          86.151,
          23.799286
        ]
      }
    },
    {
      "type": "Feature",
      "properties": {
        "GPCODE": 111744,
        "GPNAME": "KANCHANPUR",
        "BLOCK": "Baghmara",
        "DISTRICT": "Dhanbad",
        "STATE": "Jharkhand",
        "ELEVATION_M": 216.0,
        "SLOPE_DEG": 3.699,
        "LANDCOVER_CLASS": 12,
        "LANDCOVER_NAME": "Cropland"
      },
      "geometry": {
        "type": "Point",
        "coordinates": [
          86.175333,
          23.800286
        ]
      }
    },
    {
      "type": "Feature",
      "properties": {
        "GPCODE": 111745,
        "GPNAME": "KANDRA",
        "BLOCK": "Baghmara",
        "DISTRICT": "Dhanbad",
        "STATE": "Jharkhand",
        "ELEVATION_M": 234.0,
        "SLOPE_DEG": 3.695,
        "LANDCOVER_CLASS": 12,
        "LANDCOVER_NAME": "Cropland"
      },
      "geometry": {
        "type": "Point",
        "coordinates": [
          86.196667,
          23.801286
        ]
      }
    },
    {
      "type": "Feature",
      "properties": {
        "GPCODE": 111746,
        "GPNAME": "KATRAS",
        "BLOCK": "Baghmara",
        "DISTRICT": "Dhanbad",
        "STATE": "Jharkhand",
        "ELEVATION_M": 220.0,
        "SLOPE_DEG": 3.704,
        "LANDCOVER_CLASS": 12,
        "LANDCOVER_NAME": "Cropland"
      },
      "geometry": {
        "type": "Point",
        "coordinates": [
          86.221,
          23.799286
        ]
      }
    },
    {
      "type": "Feature",
      "properties": {
        "GPCODE": 111747,
        "GPNAME": "KESHALPUR",
        "BLOCK": "Baghmara",
        "DISTRICT": "Dhanbad",
        "STATE": "Jharkhand",
        "ELEVATION_M": 155.0,
        "SLOPE_DEG": 3.699,
        "LANDCOVER_CLASS": 12,
        "LANDCOVER_NAME": "Cropland"
      },
      "geometry": {
        "type": "Point",
        "coordinates": [
          86.245333,
          23.800286
        ]
      }
    },
    {
      "type": "Feature",
      "properties": {
        "GPCODE": 111748,
        "GPNAME": "KHARKHAREE",
        "BLOCK": "Baghmara",
        "DISTRICT": "Dhanbad",
        "STATE": "Jharkhand",
        "ELEVATION_M": 157.0,
        "SLOPE_DEG": 3.695,
        "LANDCOVER_CLASS": 12,
        "LANDCOVER_NAME": "Cropland"
      },
      "geometry": {
        "type": "Point",
        "coordinates": [
          86.266667,
          23.801286
        ]
      }
    },
    {
      "type": "Feature",
      "properties": {
        "GPCODE": 111749,
        "GPNAME": "KHUDIYA",
        "BLOCK": "Baghmara",
        "DISTRICT": "Dhanbad",
        "STATE": "Jharkhand",
        "ELEVATION_M": 213.0,
        "SLOPE_DEG": 3.704,
        "LANDCOVER_CLASS": 12,
        "LANDCOVER_NAME": "Cropland"
      },
      "geometry": {
        "type": "Point",
        "coordinates": [
          86.291,
          23.799286
        ]
      }
    },
    {
      "type": "Feature",
      "properties": {
        "GPCODE": 111750,
        "GPNAME": "KUMARDHUBI",
        "BLOCK": "Baghmara",
        "DISTRICT": "Dhanbad",
        "STATE": "Jharkhand",
        "ELEVATION_M": 230.0,
        "SLOPE_DEG": 3.607,
        "LANDCOVER_CLASS": 13,
        "LANDCOVER_NAME": "Built-up / Urban settlements"
      },
      "geometry": {
        "type": "Point",
        "coordinates": [
          86.152,
          23.816714
        ]
      }
    },
    {
      "type": "Feature",
      "properties": {
        "GPCODE": 111751,
        "GPNAME": "LOHAPATTI",
        "BLOCK": "Baghmara",
        "DISTRICT": "Dhanbad",
        "STATE": "Jharkhand",
        "ELEVATION_M": 223.0,
        "SLOPE_DEG": 3.6,
        "LANDCOVER_CLASS": 12,
        "LANDCOVER_NAME": "Cropland"
      },
      "geometry": {
        "type": "Point",
        "coordinates": [
          86.173333,
          23.817714
        ]
      }
    },
    {
      "type": "Feature",
      "properties": {
        "GPCODE": 111752,
        "GPNAME": "MADHUBAN",
        "BLOCK": "Baghmara",
        "DISTRICT": "Dhanbad",
        "STATE": "Jharkhand",
        "ELEVATION_M": 241.0,
        "SLOPE_DEG": 3.613,
        "LANDCOVER_CLASS": 12,
        "LANDCOVER_NAME": "Cropland"
      },
      "geometry": {
        "type": "Point",
        "coordinates": [
          86.197667,
          23.815714
        ]
      }
    },
    {
      "type": "Feature",
      "properties": {
        "GPCODE": 111753,
        "GPNAME": "MAHESHPUR 1",
        "BLOCK": "Baghmara",
        "DISTRICT": "Dhanbad",
        "STATE": "Jharkhand",
        "ELEVATION_M": 223.0,
        "SLOPE_DEG": 3.607,
        "LANDCOVER_CLASS": 12,
        "LANDCOVER_NAME": "Cropland"
      },
      "geometry": {
        "type": "Point",
        "coordinates": [
          86.222,
          23.816714
        ]
      }
    },
    {
      "type": "Feature",
      "properties": {
        "GPCODE": 111754,
        "GPNAME": "MAHESHPUR 2",
        "BLOCK": "Baghmara",
        "DISTRICT": "Dhanbad",
        "STATE": "Jharkhand",
        "ELEVATION_M": 224.0,
        "SLOPE_DEG": 3.6,
        "LANDCOVER_CLASS": 12,
        "LANDCOVER_NAME": "Cropland"
      },
      "geometry": {
        "type": "Point",
        "coordinates": [
          86.243333,
          23.817714
        ]
      }
    },
    {
      "type": "Feature",
      "properties": {
        "GPCODE": 111755,
        "GPNAME": "MALLIKDIH",
        "BLOCK": "Baghmara",
        "DISTRICT": "Dhanbad",
        "STATE": "Jharkhand",
        "ELEVATION_M": 213.0,
        "SLOPE_DEG": 3.613,
        "LANDCOVER_CLASS": 12,
        "LANDCOVER_NAME": "Cropland"
      },
      "geometry": {
        "type": "Point",
        "coordinates": [
          86.267667,
          23.815714
        ]
      }
    },
    {
      "type": "Feature",
      "properties": {
        "GPCODE": 111756,
        "GPNAME": "MATIGARA",
        "BLOCK": "Baghmara",
        "DISTRICT": "Dhanbad",
        "STATE": "Jharkhand",
        "ELEVATION_M": 210.0,
        "SLOPE_DEG": 3.607,
        "LANDCOVER_CLASS": 12,
        "LANDCOVER_NAME": "Cropland"
      },
      "geometry": {
        "type": "Point",
        "coordinates": [
          86.292,
          23.816714
        ]
      }
    },
    {
      "type": "Feature",
      "properties": {
        "GPCODE": 111757,
        "GPNAME": "MOHLIDIH",
        "BLOCK": "Baghmara",
        "DISTRICT": "Dhanbad",
        "STATE": "Jharkhand",
        "ELEVATION_M": 204.0,
        "SLOPE_DEG": 3.479,
        "LANDCOVER_CLASS": 13,
        "LANDCOVER_NAME": "Built-up / Urban settlements"
      },
      "geometry": {
        "type": "Point",
        "coordinates": [
          86.15,
          23.834143
        ]
      }
    },
    {
      "type": "Feature",
      "properties": {
        "GPCODE": 111758,
        "GPNAME": "MURAIDIH",
        "BLOCK": "Baghmara",
        "DISTRICT": "Dhanbad",
        "STATE": "Jharkhand",
        "ELEVATION_M": 227.0,
        "SLOPE_DEG": 3.495,
        "LANDCOVER_CLASS": 12,
        "LANDCOVER_NAME": "Cropland"
      },
      "geometry": {
        "type": "Point",
        "coordinates": [
          86.174333,
          23.832143
        ]
      }
    },
    {
      "type": "Feature",
      "properties": {
        "GPCODE": 111759,
        "GPNAME": "NADKHURKEE",
        "BLOCK": "Baghmara",
        "DISTRICT": "Dhanbad",
        "STATE": "Jharkhand",
        "ELEVATION_M": 238.0,
        "SLOPE_DEG": 3.487,
        "LANDCOVER_CLASS": 12,
        "LANDCOVER_NAME": "Cropland"
      },
      "geometry": {
        "type": "Point",
        "coordinates": [
          86.198667,
          23.833143
        ]
      }
    },
    {
      "type": "Feature",
      "properties": {
        "GPCODE": 111760,
        "GPNAME": "NANDKHURKI",
        "BLOCK": "Baghmara",
        "DISTRICT": "Dhanbad",
        "STATE": "Jharkhand",
        "ELEVATION_M": 237.0,
        "SLOPE_DEG": 3.479,
        "LANDCOVER_CLASS": 12,
        "LANDCOVER_NAME": "Cropland"
      },
      "geometry": {
        "type": "Point",
        "coordinates": [
          86.22,
          23.834143
        ]
      }
    },
    {
      "type": "Feature",
      "properties": {
        "GPCODE": 111761,
        "GPNAME": "NARAYANPUR",
        "BLOCK": "Baghmara",
        "DISTRICT": "Dhanbad",
        "STATE": "Jharkhand",
        "ELEVATION_M": 239.0,
        "SLOPE_DEG": 3.495,
        "LANDCOVER_CLASS": 12,
        "LANDCOVER_NAME": "Cropland"
      },
      "geometry": {
        "type": "Point",
        "coordinates": [
          86.244333,
          23.832143
        ]
      }
    },
    {
      "type": "Feature",
      "properties": {
        "GPCODE": 111762,
        "GPNAME": "NAWAGARH",
        "BLOCK": "Baghmara",
        "DISTRICT": "Dhanbad",
        "STATE": "Jharkhand",
        "ELEVATION_M": 239.0,
        "SLOPE_DEG": 3.487,
        "LANDCOVER_CLASS": 12,
        "LANDCOVER_NAME": "Cropland"
      },
      "geometry": {
        "type": "Point",
        "coordinates": [
          86.268667,
          23.833143
        ]
      }
    },
    {
      "type": "Feature",
      "properties": {
        "GPCODE": 111763,
        "GPNAME": "PADHRA",
        "BLOCK": "Baghmara",
        "DISTRICT": "Dhanbad",
        "STATE": "Jharkhand",
        "ELEVATION_M": 225.0,
        "SLOPE_DEG": 3.479,
        "LANDCOVER_CLASS": 12,
        "LANDCOVER_NAME": "Cropland"
      },
      "geometry": {
        "type": "Point",
        "coordinates": [
          86.29,
          23.834143
        ]
      }
    },
    {
      "type": "Feature",
      "properties": {
        "GPCODE": 111764,
        "GPNAME": "PANDEYDIH",
        "BLOCK": "Baghmara",
        "DISTRICT": "Dhanbad",
        "STATE": "Jharkhand",
        "ELEVATION_M": 230.0,
        "SLOPE_DEG": 3.351,
        "LANDCOVER_CLASS": 13,
        "LANDCOVER_NAME": "Built-up / Urban settlements"
      },
      "geometry": {
        "type": "Point",
        "coordinates": [
          86.151,
          23.848571
        ]
      }
    },
    {
      "type": "Feature",
      "properties": {
        "GPCODE": 111765,
        "GPNAME": "PIALGORA",
        "BLOCK": "Baghmara",
        "DISTRICT": "Dhanbad",
        "STATE": "Jharkhand",
        "ELEVATION_M": 231.0,
        "SLOPE_DEG": 3.341,
        "LANDCOVER_CLASS": 12,
        "LANDCOVER_NAME": "Cropland"
      },
      "geometry": {
        "type": "Point",
        "coordinates": [
          86.175333,
          23.849571
        ]
      }
    },
    {
      "type": "Feature",
      "properties": {
        "GPCODE": 111766,
        "GPNAME": "RAGHUNATHPUR",
        "BLOCK": "Baghmara",
        "DISTRICT": "Dhanbad",
        "STATE": "Jharkhand",
        "ELEVATION_M": 253.0,
        "SLOPE_DEG": 3.331,
        "LANDCOVER_CLASS": 12,
        "LANDCOVER_NAME": "Cropland"
      },
      "geometry": {
        "type": "Point",
        "coordinates": [
          86.196667,
          23.850571
        ]
      }
    },
    {
      "type": "Feature",
      "properties": {
        "GPCODE": 111767,
        "GPNAME": "RAJGANJ",
        "BLOCK": "Baghmara",
        "DISTRICT": "Dhanbad",
        "STATE": "Jharkhand",
        "ELEVATION_M": 243.0,
        "SLOPE_DEG": 3.351,
        "LANDCOVER_CLASS": 12,
        "LANDCOVER_NAME": "Cropland"
      },
      "geometry": {
        "type": "Point",
        "coordinates": [
          86.221,
          23.848571
        ]
      }
    },
    {
      "type": "Feature",
      "properties": {
        "GPCODE": 111768,
        "GPNAME": "RAMKANALI",
        "BLOCK": "Baghmara",
        "DISTRICT": "Dhanbad",
        "STATE": "Jharkhand",
        "ELEVATION_M": 241.0,
        "SLOPE_DEG": 3.341,
        "LANDCOVER_CLASS": 12,
        "LANDCOVER_NAME": "Cropland"
      },
      "geometry": {
        "type": "Point",
        "coordinates": [
          86.245333,
          23.849571
        ]
      }
    },
    {
      "type": "Feature",
      "properties": {
        "GPCODE": 111769,
        "GPNAME": "SADHOBAD",
        "BLOCK": "Baghmara",
        "DISTRICT": "Dhanbad",
        "STATE": "Jharkhand",
        "ELEVATION_M": 245.0,
        "SLOPE_DEG": 3.331,
        "LANDCOVER_CLASS": 12,
        "LANDCOVER_NAME": "Cropland"
      },
      "geometry": {
        "type": "Point",
        "coordinates": [
          86.266667,
          23.850571
        ]
      }
    },
    {
      "type": "Feature",
      "properties": {
        "GPCODE": 111770,
        "GPNAME": "SALANPUR",
        "BLOCK": "Baghmara",
        "DISTRICT": "Dhanbad",
        "STATE": "Jharkhand",
        "ELEVATION_M": 220.0,
        "SLOPE_DEG": 3.351,
        "LANDCOVER_CLASS": 12,
        "LANDCOVER_NAME": "Cropland"
      },
      "geometry": {
        "type": "Point",
        "coordinates": [
          86.291,
          23.848571
        ]
      }
    },
    {
      "type": "Feature",
      "properties": {
        "GPCODE": 111771,
        "GPNAME": "SINIDIH",
        "BLOCK": "Baghmara",
        "DISTRICT": "Dhanbad",
        "STATE": "Jharkhand",
        "ELEVATION_M": 235.0,
        "SLOPE_DEG": 3.172,
        "LANDCOVER_CLASS": 13,
        "LANDCOVER_NAME": "Built-up / Urban settlements"
      },
      "geometry": {
        "type": "Point",
        "coordinates": [
          86.152,
          23.866
        ]
      }
    },
    {
      "type": "Feature",
      "properties": {
        "GPCODE": 111772,
        "GPNAME": "SONARDIH",
        "BLOCK": "Baghmara",
        "DISTRICT": "Dhanbad",
        "STATE": "Jharkhand",
        "ELEVATION_M": 245.0,
        "SLOPE_DEG": 3.161,
        "LANDCOVER_CLASS": 12,
        "LANDCOVER_NAME": "Cropland"
      },
      "geometry": {
        "type": "Point",
        "coordinates": [
          86.173333,
          23.867
        ]
      }
    },
    {
      "type": "Feature",
      "properties": {
        "GPCODE": 111773,
        "GPNAME": "TELMOCHO",
        "BLOCK": "Baghmara",
        "DISTRICT": "Dhanbad",
        "STATE": "Jharkhand",
        "ELEVATION_M": 268.0,
        "SLOPE_DEG": 3.183,
        "LANDCOVER_CLASS": 12,
        "LANDCOVER_NAME": "Cropland"
      },
      "geometry": {
        "type": "Point",
        "coordinates": [
          86.197667,
          23.865
        ]
      }
    },
    {
      "type": "Feature",
      "properties": {
        "GPCODE": 111774,
        "GPNAME": "TIKAPAHARI",
        "BLOCK": "Baghmara",
        "DISTRICT": "Dhanbad",
        "STATE": "Jharkhand",
        "ELEVATION_M": 252.0,
        "SLOPE_DEG": 3.172,
        "LANDCOVER_CLASS": 12,
        "LANDCOVER_NAME": "Cropland"
      },
      "geometry": {
        "type": "Point",
        "coordinates": [
          86.222,
          23.866
        ]
      }
    },
    {
      "type": "Feature",
      "properties": {
        "GPCODE": 111775,
        "GPNAME": "TUNDOO",
        "BLOCK": "Baghmara",
        "DISTRICT": "Dhanbad",
        "STATE": "Jharkhand",
        "ELEVATION_M": 263.0,
        "SLOPE_DEG": 3.161,
        "LANDCOVER_CLASS": 12,
        "LANDCOVER_NAME": "Cropland"
      },
      "geometry": {
        "type": "Point",
        "coordinates": [
          86.243333,
          23.867
        ]
      }
    },
    {
      "type": "Feature",
      "properties": {
        "GPCODE": 111776,
        "GPNAME": "ALAKDIHA",
        "BLOCK": "Baliapur",
        "DISTRICT": "Dhanbad",
        "STATE": "Jharkhand",
        "ELEVATION_M": 154.0,
        "SLOPE_DEG": 2.178,
        "LANDCOVER_CLASS": 12,
        "LANDCOVER_NAME": "Cropland"
      },
      "geometry": {
        "type": "Point",
        "coordinates": [
          86.471,
          23.66
        ]
      }
    },
    {
      "type": "Feature",
      "properties": {
        "GPCODE": 111777,
        "GPNAME": "AMJHAR",
        "BLOCK": "Baliapur",
        "DISTRICT": "Dhanbad",
        "STATE": "Jharkhand",
        "ELEVATION_M": 152.0,
        "SLOPE_DEG": 1.941,
        "LANDCOVER_CLASS": 4,
        "LANDCOVER_NAME": "Grassland / Shrubland"
      },
      "geometry": {
        "type": "Point",
        "coordinates": [
          86.507,
          23.661
        ]
      }
    },
    {
      "type": "Feature",
      "properties": {
        "GPCODE": 111778,
        "GPNAME": "BALIAPUR",
        "BLOCK": "Baliapur",
        "DISTRICT": "Dhanbad",
        "STATE": "Jharkhand",
        "ELEVATION_M": 151.0,
        "SLOPE_DEG": 1.669,
        "LANDCOVER_CLASS": 12,
        "LANDCOVER_NAME": "Cropland"
      },
      "geometry": {
        "type": "Point",
        "coordinates": [
          86.54,
          23.662
        ]
      }
    },
    {
      "type": "Feature",
      "properties": {
        "GPCODE": 111779,
        "GPNAME": "BARA DAHAL",
        "BLOCK": "Baliapur",
        "DISTRICT": "Dhanbad",
        "STATE": "Jharkhand",
        "ELEVATION_M": 125.0,
        "SLOPE_DEG": 1.336,
        "LANDCOVER_CLASS": 12,
        "LANDCOVER_NAME": "Cropland"
      },
      "geometry": {
        "type": "Point",
        "coordinates": [
          86.576,
          23.66
        ]
      }
    },
    {
      "type": "Feature",
      "properties": {
        "GPCODE": 111780,
        "GPNAME": "BAWANDIH",
        "BLOCK": "Baliapur",
        "DISTRICT": "Dhanbad",
        "STATE": "Jharkhand",
        "ELEVATION_M": 125.0,
        "SLOPE_DEG": 0.991,
        "LANDCOVER_CLASS": 12,
        "LANDCOVER_NAME": "Cropland"
      },
      "geometry": {
        "type": "Point",
        "coordinates": [
          86.612,
          23.661
        ]
      }
    },
    {
      "type": "Feature",
      "properties": {
        "GPCODE": 111781,
        "GPNAME": "BHIKHRAJDIH",
        "BLOCK": "Baliapur",
        "DISTRICT": "Dhanbad",
        "STATE": "Jharkhand",
        "ELEVATION_M": 162.0,
        "SLOPE_DEG": 2.184,
        "LANDCOVER_CLASS": 12,
        "LANDCOVER_NAME": "Cropland"
      },
      "geometry": {
        "type": "Point",
        "coordinates": [
          86.47,
          23.68825
        ]
      }
    },
    {
      "type": "Feature",
      "properties": {
        "GPCODE": 111782,
        "GPNAME": "BODRA",
        "BLOCK": "Baliapur",
        "DISTRICT": "Dhanbad",
        "STATE": "Jharkhand",
        "ELEVATION_M": 160.0,
        "SLOPE_DEG": 1.948,
        "LANDCOVER_CLASS": 12,
        "LANDCOVER_NAME": "Cropland"
      },
      "geometry": {
        "type": "Point",
        "coordinates": [
          86.506,
          23.68625
        ]
      }
    },
    {
      "type": "Feature",
      "properties": {
        "GPCODE": 111783,
        "GPNAME": "CHANDRA",
        "BLOCK": "Baliapur",
        "DISTRICT": "Dhanbad",
        "STATE": "Jharkhand",
        "ELEVATION_M": 169.0,
        "SLOPE_DEG": 1.651,
        "LANDCOVER_CLASS": 12,
        "LANDCOVER_NAME": "Cropland"
      },
      "geometry": {
        "type": "Point",
        "coordinates": [
          86.542,
          23.68725
        ]
      }
    },
    {
      "type": "Feature",
      "properties": {
        "GPCODE": 111784,
        "GPNAME": "CHHOTADAHA",
        "BLOCK": "Baliapur",
        "DISTRICT": "Dhanbad",
        "STATE": "Jharkhand",
        "ELEVATION_M": 133.0,
        "SLOPE_DEG": 1.345,
        "LANDCOVER_CLASS": 12,
        "LANDCOVER_NAME": "Cropland"
      },
      "geometry": {
        "type": "Point",
        "coordinates": [
          86.575,
          23.68825
        ]
      }
    },
    {
      "type": "Feature",
      "properties": {
        "GPCODE": 111785,
        "GPNAME": "DANGUAPARA",
        "BLOCK": "Baliapur",
        "DISTRICT": "Dhanbad",
        "STATE": "Jharkhand",
        "ELEVATION_M": 147.0,
        "SLOPE_DEG": 1.001,
        "LANDCOVER_CLASS": 12,
        "LANDCOVER_NAME": "Cropland"
      },
      "geometry": {
        "type": "Point",
        "coordinates": [
          86.611,
          23.68625
        ]
      }
    },
    {
      "type": "Feature",
      "properties": {
        "GPCODE": 111786,
        "GPNAME": "DUDHIYA",
        "BLOCK": "Baliapur",
        "DISTRICT": "Dhanbad",
        "STATE": "Jharkhand",
        "ELEVATION_M": 189.0,
        "SLOPE_DEG": 2.173,
        "LANDCOVER_CLASS": 12,
        "LANDCOVER_NAME": "Cropland"
      },
      "geometry": {
        "type": "Point",
        "coordinates": [
          86.472,
          23.7135
        ]
      }
    },
    {
      "type": "Feature",
      "properties": {
        "GPCODE": 111787,
        "GPNAME": "GOPALPUR",
        "BLOCK": "Baliapur",
        "DISTRICT": "Dhanbad",
        "STATE": "Jharkhand",
        "ELEVATION_M": 176.0,
        "SLOPE_DEG": 1.956,
        "LANDCOVER_CLASS": 12,
        "LANDCOVER_NAME": "Cropland"
      },
      "geometry": {
        "type": "Point",
        "coordinates": [
          86.505,
          23.7145
        ]
      }
    },
    {
      "type": "Feature",
      "properties": {
        "GPCODE": 111788,
        "GPNAME": "HEMETPUR",
        "BLOCK": "Baliapur",
        "DISTRICT": "Dhanbad",
        "STATE": "Jharkhand",
        "ELEVATION_M": 159.0,
        "SLOPE_DEG": 1.66,
        "LANDCOVER_CLASS": 4,
        "LANDCOVER_NAME": "Grassland / Shrubland"
      },
      "geometry": {
        "type": "Point",
        "coordinates": [
          86.541,
          23.7125
        ]
      }
    },
    {
      "type": "Feature",
      "properties": {
        "GPCODE": 111789,
        "GPNAME": "KALAPAHAR",
        "BLOCK": "Baliapur",
        "DISTRICT": "Dhanbad",
        "STATE": "Jharkhand",
        "ELEVATION_M": 150.0,
        "SLOPE_DEG": 1.326,
        "LANDCOVER_CLASS": 12,
        "LANDCOVER_NAME": "Cropland"
      },
      "geometry": {
        "type": "Point",
        "coordinates": [
          86.577,
          23.7135
        ]
      }
    },
    {
      "type": "Feature",
      "properties": {
        "GPCODE": 111790,
        "GPNAME": "KARMATAND",
        "BLOCK": "Baliapur",
        "DISTRICT": "Dhanbad",
        "STATE": "Jharkhand",
        "ELEVATION_M": 174.0,
        "SLOPE_DEG": 1.01,
        "LANDCOVER_CLASS": 12,
        "LANDCOVER_NAME": "Cropland"
      },
      "geometry": {
        "type": "Point",
        "coordinates": [
          86.61,
          23.7145
        ]
      }
    },
    {
      "type": "Feature",
      "properties": {
        "GPCODE": 111791,
        "GPNAME": "KUMARDHI",
        "BLOCK": "Baliapur",
        "DISTRICT": "Dhanbad",
        "STATE": "Jharkhand",
        "ELEVATION_M": 232.0,
        "SLOPE_DEG": 2.178,
        "LANDCOVER_CLASS": 12,
        "LANDCOVER_NAME": "Cropland"
      },
      "geometry": {
        "type": "Point",
        "coordinates": [
          86.471,
          23.73875
        ]
      }
    },
    {
      "type": "Feature",
      "properties": {
        "GPCODE": 111792,
        "GPNAME": "MOHANPUR",
        "BLOCK": "Baliapur",
        "DISTRICT": "Dhanbad",
        "STATE": "Jharkhand",
        "ELEVATION_M": 183.0,
        "SLOPE_DEG": 1.941,
        "LANDCOVER_CLASS": 12,
        "LANDCOVER_NAME": "Cropland"
      },
      "geometry": {
        "type": "Point",
        "coordinates": [
          86.507,
          23.73975
        ]
      }
    },
    {
      "type": "Feature",
      "properties": {
        "GPCODE": 111793,
        "GPNAME": "MUKUNDAPUR",
        "BLOCK": "Baliapur",
        "DISTRICT": "Dhanbad",
        "STATE": "Jharkhand",
        "ELEVATION_M": 164.0,
        "SLOPE_DEG": 1.669,
        "LANDCOVER_CLASS": 12,
        "LANDCOVER_NAME": "Cropland"
      },
      "geometry": {
        "type": "Point",
        "coordinates": [
          86.54,
          23.74075
        ]
      }
    },
    {
      "type": "Feature",
      "properties": {
        "GPCODE": 111794,
        "GPNAME": "PALASHBANI",
        "BLOCK": "Baliapur",
        "DISTRICT": "Dhanbad",
        "STATE": "Jharkhand",
        "ELEVATION_M": 162.0,
        "SLOPE_DEG": 1.336,
        "LANDCOVER_CLASS": 12,
        "LANDCOVER_NAME": "Cropland"
      },
      "geometry": {
        "type": "Point",
        "coordinates": [
          86.576,
          23.73875
        ]
      }
    },
    {
      "type": "Feature",
      "properties": {
        "GPCODE": 111795,
        "GPNAME": "PRADHANKHANTA",
        "BLOCK": "Baliapur",
        "DISTRICT": "Dhanbad",
        "STATE": "Jharkhand",
        "ELEVATION_M": 181.0,
        "SLOPE_DEG": 0.991,
        "LANDCOVER_CLASS": 12,
        "LANDCOVER_NAME": "Cropland"
      },
      "geometry": {
        "type": "Point",
        "coordinates": [
          86.612,
          23.73975
        ]
      }
    },
    {
      "type": "Feature",
      "properties": {
        "GPCODE": 111796,
        "GPNAME": "RANGAMATI",
        "BLOCK": "Baliapur",
        "DISTRICT": "Dhanbad",
        "STATE": "Jharkhand",
        "ELEVATION_M": 212.0,
        "SLOPE_DEG": 2.184,
        "LANDCOVER_CLASS": 12,
        "LANDCOVER_NAME": "Cropland"
      },
      "geometry": {
        "type": "Point",
        "coordinates": [
          86.47,
          23.767
        ]
      }
    },
    {
      "type": "Feature",
      "properties": {
        "GPCODE": 111797,
        "GPNAME": "SURAJDIH",
        "BLOCK": "Baliapur",
        "DISTRICT": "Dhanbad",
        "STATE": "Jharkhand",
        "ELEVATION_M": 184.0,
        "SLOPE_DEG": 1.948,
        "LANDCOVER_CLASS": 12,
        "LANDCOVER_NAME": "Cropland"
      },
      "geometry": {
        "type": "Point",
        "coordinates": [
          86.506,
          23.765
        ]
      }
    },
    {
      "type": "Feature",
      "properties": {
        "GPCODE": 111798,
        "GPNAME": "TILABANI",
        "BLOCK": "Baliapur",
        "DISTRICT": "Dhanbad",
        "STATE": "Jharkhand",
        "ELEVATION_M": 178.0,
        "SLOPE_DEG": 1.651,
        "LANDCOVER_CLASS": 12,
        "LANDCOVER_NAME": "Cropland"
      },
      "geometry": {
        "type": "Point",
        "coordinates": [
          86.542,
          23.766
        ]
      }
    },
    {
      "type": "Feature",
      "properties": {
        "GPCODE": 111799,
        "GPNAME": "BABUDIH",
        "BLOCK": "Dhanbad",
        "DISTRICT": "Dhanbad",
        "STATE": "Jharkhand",
        "ELEVATION_M": 198.0,
        "SLOPE_DEG": 2.38,
        "LANDCOVER_CLASS": 13,
        "LANDCOVER_NAME": "Built-up / Urban settlements"
      },
      "geometry": {
        "type": "Point",
        "coordinates": [
          86.371,
          23.76
        ]
      }
    },
    {
      "type": "Feature",
      "properties": {
        "GPCODE": 111800,
        "GPNAME": "BALUDIH",
        "BLOCK": "Dhanbad",
        "DISTRICT": "Dhanbad",
        "STATE": "Jharkhand",
        "ELEVATION_M": 203.0,
        "SLOPE_DEG": 2.375,
        "LANDCOVER_CLASS": 12,
        "LANDCOVER_NAME": "Cropland"
      },
      "geometry": {
        "type": "Point",
        "coordinates": [
          86.4195,
          23.761
        ]
      }
    },
    {
      "type": "Feature",
      "properties": {
        "GPCODE": 111801,
        "GPNAME": "BHELATAND",
        "BLOCK": "Dhanbad",
        "DISTRICT": "Dhanbad",
        "STATE": "Jharkhand",
        "ELEVATION_M": 221.0,
        "SLOPE_DEG": 2.211,
        "LANDCOVER_CLASS": 12,
        "LANDCOVER_NAME": "Cropland"
      },
      "geometry": {
        "type": "Point",
        "coordinates": [
          86.465,
          23.762
        ]
      }
    },
    {
      "type": "Feature",
      "properties": {
        "GPCODE": 111802,
        "GPNAME": "CHANDUADIH",
        "BLOCK": "Dhanbad",
        "DISTRICT": "Dhanbad",
        "STATE": "Jharkhand",
        "ELEVATION_M": 223.0,
        "SLOPE_DEG": 2.38,
        "LANDCOVER_CLASS": 12,
        "LANDCOVER_NAME": "Cropland"
      },
      "geometry": {
        "type": "Point",
        "coordinates": [
          86.371,
          23.785
        ]
      }
    },
    {
      "type": "Feature",
      "properties": {
        "GPCODE": 111803,
        "GPNAME": "DHAIYA",
        "BLOCK": "Dhanbad",
        "DISTRICT": "Dhanbad",
        "STATE": "Jharkhand",
        "ELEVATION_M": 228.0,
        "SLOPE_DEG": 2.375,
        "LANDCOVER_CLASS": 12,
        "LANDCOVER_NAME": "Cropland"
      },
      "geometry": {
        "type": "Point",
        "coordinates": [
          86.4195,
          23.786
        ]
      }
    },
    {
      "type": "Feature",
      "properties": {
        "GPCODE": 111804,
        "GPNAME": "JAGJIVAN NAGAR",
        "BLOCK": "Dhanbad",
        "DISTRICT": "Dhanbad",
        "STATE": "Jharkhand",
        "ELEVATION_M": 210.0,
        "SLOPE_DEG": 2.211,
        "LANDCOVER_CLASS": 12,
        "LANDCOVER_NAME": "Cropland"
      },
      "geometry": {
        "type": "Point",
        "coordinates": [
          86.465,
          23.787
        ]
      }
    },
    {
      "type": "Feature",
      "properties": {
        "GPCODE": 111805,
        "GPNAME": "KARMA TAND",
        "BLOCK": "Dhanbad",
        "DISTRICT": "Dhanbad",
        "STATE": "Jharkhand",
        "ELEVATION_M": 224.0,
        "SLOPE_DEG": 2.38,
        "LANDCOVER_CLASS": 12,
        "LANDCOVER_NAME": "Cropland"
      },
      "geometry": {
        "type": "Point",
        "coordinates": [
          86.371,
          23.81
        ]
      }
    },
    {
      "type": "Feature",
      "properties": {
        "GPCODE": 111806,
        "GPNAME": "KOLAKUSMA",
        "BLOCK": "Dhanbad",
        "DISTRICT": "Dhanbad",
        "STATE": "Jharkhand",
        "ELEVATION_M": 238.0,
        "SLOPE_DEG": 2.375,
        "LANDCOVER_CLASS": 13,
        "LANDCOVER_NAME": "Built-up / Urban settlements"
      },
      "geometry": {
        "type": "Point",
        "coordinates": [
          86.4195,
          23.811
        ]
      }
    },
    {
      "type": "Feature",
      "properties": {
        "GPCODE": 111807,
        "GPNAME": "MANAITAND",
        "BLOCK": "Dhanbad",
        "DISTRICT": "Dhanbad",
        "STATE": "Jharkhand",
        "ELEVATION_M": 237.0,
        "SLOPE_DEG": 2.211,
        "LANDCOVER_CLASS": 12,
        "LANDCOVER_NAME": "Cropland"
      },
      "geometry": {
        "type": "Point",
        "coordinates": [
          86.465,
          23.812
        ]
      }
    },
    {
      "type": "Feature",
      "properties": {
        "GPCODE": 111808,
        "GPNAME": "PANDARPALAA",
        "BLOCK": "Dhanbad",
        "DISTRICT": "Dhanbad",
        "STATE": "Jharkhand",
        "ELEVATION_M": 284.0,
        "SLOPE_DEG": 2.38,
        "LANDCOVER_CLASS": 12,
        "LANDCOVER_NAME": "Cropland"
      },
      "geometry": {
        "type": "Point",
        "coordinates": [
          86.371,
          23.835
        ]
      }
    },
    {
      "type": "Feature",
      "properties": {
        "GPCODE": 111809,
        "GPNAME": "SARAIDHELA",
        "BLOCK": "Dhanbad",
        "DISTRICT": "Dhanbad",
        "STATE": "Jharkhand",
        "ELEVATION_M": 262.0,
        "SLOPE_DEG": 2.375,
        "LANDCOVER_CLASS": 12,
        "LANDCOVER_NAME": "Cropland"
      },
      "geometry": {
        "type": "Point",
        "coordinates": [
          86.4195,
          23.836
        ]
      }
    },
    {
      "type": "Feature",
      "properties": {
        "GPCODE": 111810,
        "GPNAME": "SUGIAADIH",
        "BLOCK": "Dhanbad",
        "DISTRICT": "Dhanbad",
        "STATE": "Jharkhand",
        "ELEVATION_M": 221.0,
        "SLOPE_DEG": 2.211,
        "LANDCOVER_CLASS": 12,
        "LANDCOVER_NAME": "Cropland"
      },
      "geometry": {
        "type": "Point",
        "coordinates": [
          86.465,
          23.837
        ]
      }
    },
    {
      "type": "Feature",
      "properties": {
        "GPCODE": 111811,
        "GPNAME": "AMBAPAHARI",
        "BLOCK": "Egarkund",
        "DISTRICT": "Dhanbad",
        "STATE": "Jharkhand",
        "ELEVATION_M": 143.0,
        "SLOPE_DEG": 0.5,
        "LANDCOVER_CLASS": 12,
        "LANDCOVER_NAME": "Cropland"
      },
      "geometry": {
        "type": "Point",
        "coordinates": [
          86.746,
          23.72
        ]
      }
    },
    {
      "type": "Feature",
      "properties": {
        "GPCODE": 111812,
        "GPNAME": "BAHALA",
        "BLOCK": "Egarkund",
        "DISTRICT": "Dhanbad",
        "STATE": "Jharkhand",
        "ELEVATION_M": 113.0,
        "SLOPE_DEG": 0.5,
        "LANDCOVER_CLASS": 12,
        "LANDCOVER_NAME": "Cropland"
      },
      "geometry": {
        "type": "Point",
        "coordinates": [
          86.783667,
          23.721
        ]
      }
    },
    {
      "type": "Feature",
      "properties": {
        "GPCODE": 111813,
        "GPNAME": "BAMANDIHA",
        "BLOCK": "Egarkund",
        "DISTRICT": "Dhanbad",
        "STATE": "Jharkhand",
        "ELEVATION_M": 120.0,
        "SLOPE_DEG": 0.5,
        "LANDCOVER_CLASS": 12,
        "LANDCOVER_NAME": "Cropland"
      },
      "geometry": {
        "type": "Point",
        "coordinates": [
          86.818333,
          23.722
        ]
      }
    },
    {
      "type": "Feature",
      "properties": {
        "GPCODE": 111814,
        "GPNAME": "CHIRKUNDA RURAL",
        "BLOCK": "Egarkund",
        "DISTRICT": "Dhanbad",
        "STATE": "Jharkhand",
        "ELEVATION_M": 139.0,
        "SLOPE_DEG": 0.5,
        "LANDCOVER_CLASS": 12,
        "LANDCOVER_NAME": "Cropland"
      },
      "geometry": {
        "type": "Point",
        "coordinates": [
          86.856,
          23.72
        ]
      }
    },
    {
      "type": "Feature",
      "properties": {
        "GPCODE": 111815,
        "GPNAME": "DUMBURDHA",
        "BLOCK": "Egarkund",
        "DISTRICT": "Dhanbad",
        "STATE": "Jharkhand",
        "ELEVATION_M": 108.0,
        "SLOPE_DEG": 0.5,
        "LANDCOVER_CLASS": 12,
        "LANDCOVER_NAME": "Cropland"
      },
      "geometry": {
        "type": "Point",
        "coordinates": [
          86.747,
          23.74225
        ]
      }
    },
    {
      "type": "Feature",
      "properties": {
        "GPCODE": 111816,
        "GPNAME": "EGARKUND",
        "BLOCK": "Egarkund",
        "DISTRICT": "Dhanbad",
        "STATE": "Jharkhand",
        "ELEVATION_M": 132.0,
        "SLOPE_DEG": 0.5,
        "LANDCOVER_CLASS": 12,
        "LANDCOVER_NAME": "Cropland"
      },
      "geometry": {
        "type": "Point",
        "coordinates": [
          86.781667,
          23.74325
        ]
      }
    },
    {
      "type": "Feature",
      "properties": {
        "GPCODE": 111817,
        "GPNAME": "FATIKAHARI",
        "BLOCK": "Egarkund",
        "DISTRICT": "Dhanbad",
        "STATE": "Jharkhand",
        "ELEVATION_M": 129.0,
        "SLOPE_DEG": 0.5,
        "LANDCOVER_CLASS": 12,
        "LANDCOVER_NAME": "Cropland"
      },
      "geometry": {
        "type": "Point",
        "coordinates": [
          86.819333,
          23.74125
        ]
      }
    },
    {
      "type": "Feature",
      "properties": {
        "GPCODE": 111818,
        "GPNAME": "GOPALGANJ",
        "BLOCK": "Egarkund",
        "DISTRICT": "Dhanbad",
        "STATE": "Jharkhand",
        "ELEVATION_M": 133.0,
        "SLOPE_DEG": 0.5,
        "LANDCOVER_CLASS": 12,
        "LANDCOVER_NAME": "Cropland"
      },
      "geometry": {
        "type": "Point",
        "coordinates": [
          86.857,
          23.74225
        ]
      }
    },
    {
      "type": "Feature",
      "properties": {
        "GPCODE": 111819,
        "GPNAME": "JAMBAD",
        "BLOCK": "Egarkund",
        "DISTRICT": "Dhanbad",
        "STATE": "Jharkhand",
        "ELEVATION_M": 134.0,
        "SLOPE_DEG": 0.5,
        "LANDCOVER_CLASS": 12,
        "LANDCOVER_NAME": "Cropland"
      },
      "geometry": {
        "type": "Point",
        "coordinates": [
          86.745,
          23.7645
        ]
      }
    },
    {
      "type": "Feature",
      "properties": {
        "GPCODE": 111820,
        "GPNAME": "JONADIH",
        "BLOCK": "Egarkund",
        "DISTRICT": "Dhanbad",
        "STATE": "Jharkhand",
        "ELEVATION_M": 129.0,
        "SLOPE_DEG": 0.5,
        "LANDCOVER_CLASS": 12,
        "LANDCOVER_NAME": "Cropland"
      },
      "geometry": {
        "type": "Point",
        "coordinates": [
          86.782667,
          23.7625
        ]
      }
    },
    {
      "type": "Feature",
      "properties": {
        "GPCODE": 111821,
        "GPNAME": "KUMARDHUBI RURAL",
        "BLOCK": "Egarkund",
        "DISTRICT": "Dhanbad",
        "STATE": "Jharkhand",
        "ELEVATION_M": 107.0,
        "SLOPE_DEG": 0.5,
        "LANDCOVER_CLASS": 12,
        "LANDCOVER_NAME": "Cropland"
      },
      "geometry": {
        "type": "Point",
        "coordinates": [
          86.820333,
          23.7635
        ]
      }
    },
    {
      "type": "Feature",
      "properties": {
        "GPCODE": 111822,
        "GPNAME": "MAITHON RURAL",
        "BLOCK": "Egarkund",
        "DISTRICT": "Dhanbad",
        "STATE": "Jharkhand",
        "ELEVATION_M": 138.0,
        "SLOPE_DEG": 0.5,
        "LANDCOVER_CLASS": 12,
        "LANDCOVER_NAME": "Cropland"
      },
      "geometry": {
        "type": "Point",
        "coordinates": [
          86.855,
          23.7645
        ]
      }
    },
    {
      "type": "Feature",
      "properties": {
        "GPCODE": 111823,
        "GPNAME": "MUGMA",
        "BLOCK": "Egarkund",
        "DISTRICT": "Dhanbad",
        "STATE": "Jharkhand",
        "ELEVATION_M": 161.0,
        "SLOPE_DEG": 0.5,
        "LANDCOVER_CLASS": 12,
        "LANDCOVER_NAME": "Cropland"
      },
      "geometry": {
        "type": "Point",
        "coordinates": [
          86.746,
          23.78375
        ]
      }
    },
    {
      "type": "Feature",
      "properties": {
        "GPCODE": 111824,
        "GPNAME": "PANIKAPAHARI",
        "BLOCK": "Egarkund",
        "DISTRICT": "Dhanbad",
        "STATE": "Jharkhand",
        "ELEVATION_M": 159.0,
        "SLOPE_DEG": 0.5,
        "LANDCOVER_CLASS": 12,
        "LANDCOVER_NAME": "Cropland"
      },
      "geometry": {
        "type": "Point",
        "coordinates": [
          86.783667,
          23.78475
        ]
      }
    },
    {
      "type": "Feature",
      "properties": {
        "GPCODE": 111825,
        "GPNAME": "PARBATPUR",
        "BLOCK": "Egarkund",
        "DISTRICT": "Dhanbad",
        "STATE": "Jharkhand",
        "ELEVATION_M": 117.0,
        "SLOPE_DEG": 0.5,
        "LANDCOVER_CLASS": 12,
        "LANDCOVER_NAME": "Cropland"
      },
      "geometry": {
        "type": "Point",
        "coordinates": [
          86.818333,
          23.78575
        ]
      }
    },
    {
      "type": "Feature",
      "properties": {
        "GPCODE": 111826,
        "GPNAME": "RAMCHANDRAPUR",
        "BLOCK": "Egarkund",
        "DISTRICT": "Dhanbad",
        "STATE": "Jharkhand",
        "ELEVATION_M": 158.0,
        "SLOPE_DEG": 0.5,
        "LANDCOVER_CLASS": 12,
        "LANDCOVER_NAME": "Cropland"
      },
      "geometry": {
        "type": "Point",
        "coordinates": [
          86.856,
          23.78375
        ]
      }
    },
    {
      "type": "Feature",
      "properties": {
        "GPCODE": 111827,
        "GPNAME": "SHYAMPUR",
        "BLOCK": "Egarkund",
        "DISTRICT": "Dhanbad",
        "STATE": "Jharkhand",
        "ELEVATION_M": 170.0,
        "SLOPE_DEG": 0.5,
        "LANDCOVER_CLASS": 12,
        "LANDCOVER_NAME": "Cropland"
      },
      "geometry": {
        "type": "Point",
        "coordinates": [
          86.747,
          23.806
        ]
      }
    },
    {
      "type": "Feature",
      "properties": {
        "GPCODE": 111828,
        "GPNAME": "UTTARDHAMAPARA",
        "BLOCK": "Egarkund",
        "DISTRICT": "Dhanbad",
        "STATE": "Jharkhand",
        "ELEVATION_M": 139.0,
        "SLOPE_DEG": 0.5,
        "LANDCOVER_CLASS": 12,
        "LANDCOVER_NAME": "Cropland"
      },
      "geometry": {
        "type": "Point",
        "coordinates": [
          86.781667,
          23.807
        ]
      }
    },
    {
      "type": "Feature",
      "properties": {
        "GPCODE": 111829,
        "GPNAME": "AMARPUR",
        "BLOCK": "Govindpur",
        "DISTRICT": "Dhanbad",
        "STATE": "Jharkhand",
        "ELEVATION_M": 246.0,
        "SLOPE_DEG": 2.315,
        "LANDCOVER_CLASS": 12,
        "LANDCOVER_NAME": "Cropland"
      },
      "geometry": {
        "type": "Point",
        "coordinates": [
          86.441,
          23.795
        ]
      }
    },
    {
      "type": "Feature",
      "properties": {
        "GPCODE": 111830,
        "GPNAME": "BAGHSUMA",
        "BLOCK": "Govindpur",
        "DISTRICT": "Dhanbad",
        "STATE": "Jharkhand",
        "ELEVATION_M": 213.0,
        "SLOPE_DEG": 2.156,
        "LANDCOVER_CLASS": 12,
        "LANDCOVER_NAME": "Cropland"
      },
      "geometry": {
        "type": "Point",
        "coordinates": [
          86.475,
          23.796
        ]
      }
    },
    {
      "type": "Feature",
      "properties": {
        "GPCODE": 111831,
        "GPNAME": "BARADAH",
        "BLOCK": "Govindpur",
        "DISTRICT": "Dhanbad",
        "STATE": "Jharkhand",
        "ELEVATION_M": 342.0,
        "SLOPE_DEG": 1.948,
        "LANDCOVER_CLASS": 12,
        "LANDCOVER_NAME": "Cropland"
      },
      "geometry": {
        "type": "Point",
        "coordinates": [
          86.506,
          23.797
        ]
      }
    },
    {
      "type": "Feature",
      "properties": {
        "GPCODE": 111832,
        "GPNAME": "BARWA",
        "BLOCK": "Govindpur",
        "DISTRICT": "Dhanbad",
        "STATE": "Jharkhand",
        "ELEVATION_M": 212.0,
        "SLOPE_DEG": 1.669,
        "LANDCOVER_CLASS": 12,
        "LANDCOVER_NAME": "Cropland"
      },
      "geometry": {
        "type": "Point",
        "coordinates": [
          86.54,
          23.795
        ]
      }
    },
    {
      "type": "Feature",
      "properties": {
        "GPCODE": 111833,
        "GPNAME": "BASKIPIRO",
        "BLOCK": "Govindpur",
        "DISTRICT": "Dhanbad",
        "STATE": "Jharkhand",
        "ELEVATION_M": 188.0,
        "SLOPE_DEG": 1.355,
        "LANDCOVER_CLASS": 12,
        "LANDCOVER_NAME": "Cropland"
      },
      "geometry": {
        "type": "Point",
        "coordinates": [
          86.574,
          23.796
        ]
      }
    },
    {
      "type": "Feature",
      "properties": {
        "GPCODE": 111834,
        "GPNAME": "BELCHANDRA",
        "BLOCK": "Govindpur",
        "DISTRICT": "Dhanbad",
        "STATE": "Jharkhand",
        "ELEVATION_M": 193.0,
        "SLOPE_DEG": 1.058,
        "LANDCOVER_CLASS": 12,
        "LANDCOVER_NAME": "Cropland"
      },
      "geometry": {
        "type": "Point",
        "coordinates": [
          86.605,
          23.797
        ]
      }
    },
    {
      "type": "Feature",
      "properties": {
        "GPCODE": 111835,
        "GPNAME": "BHITIYA",
        "BLOCK": "Govindpur",
        "DISTRICT": "Dhanbad",
        "STATE": "Jharkhand",
        "ELEVATION_M": 255.0,
        "SLOPE_DEG": 2.315,
        "LANDCOVER_CLASS": 12,
        "LANDCOVER_NAME": "Cropland"
      },
      "geometry": {
        "type": "Point",
        "coordinates": [
          86.441,
          23.813333
        ]
      }
    },
    {
      "type": "Feature",
      "properties": {
        "GPCODE": 111836,
        "GPNAME": "CHALDHOWAGORA",
        "BLOCK": "Govindpur",
        "DISTRICT": "Dhanbad",
        "STATE": "Jharkhand",
        "ELEVATION_M": 242.0,
        "SLOPE_DEG": 2.156,
        "LANDCOVER_CLASS": 12,
        "LANDCOVER_NAME": "Cropland"
      },
      "geometry": {
        "type": "Point",
        "coordinates": [
          86.475,
          23.814333
        ]
      }
    },
    {
      "type": "Feature",
      "properties": {
        "GPCODE": 111837,
        "GPNAME": "CHHOTABAWAN",
        "BLOCK": "Govindpur",
        "DISTRICT": "Dhanbad",
        "STATE": "Jharkhand",
        "ELEVATION_M": 216.0,
        "SLOPE_DEG": 1.948,
        "LANDCOVER_CLASS": 12,
        "LANDCOVER_NAME": "Cropland"
      },
      "geometry": {
        "type": "Point",
        "coordinates": [
          86.506,
          23.815333
        ]
      }
    },
    {
      "type": "Feature",
      "properties": {
        "GPCODE": 111838,
        "GPNAME": "DALDAL",
        "BLOCK": "Govindpur",
        "DISTRICT": "Dhanbad",
        "STATE": "Jharkhand",
        "ELEVATION_M": 214.0,
        "SLOPE_DEG": 1.669,
        "LANDCOVER_CLASS": 12,
        "LANDCOVER_NAME": "Cropland"
      },
      "geometry": {
        "type": "Point",
        "coordinates": [
          86.54,
          23.813333
        ]
      }
    },
    {
      "type": "Feature",
      "properties": {
        "GPCODE": 111839,
        "GPNAME": "DAMODARPUR",
        "BLOCK": "Govindpur",
        "DISTRICT": "Dhanbad",
        "STATE": "Jharkhand",
        "ELEVATION_M": 191.0,
        "SLOPE_DEG": 1.355,
        "LANDCOVER_CLASS": 12,
        "LANDCOVER_NAME": "Cropland"
      },
      "geometry": {
        "type": "Point",
        "coordinates": [
          86.574,
          23.814333
        ]
      }
    },
    {
      "type": "Feature",
      "properties": {
        "GPCODE": 111840,
        "GPNAME": "DEOLI",
        "BLOCK": "Govindpur",
        "DISTRICT": "Dhanbad",
        "STATE": "Jharkhand",
        "ELEVATION_M": 174.0,
        "SLOPE_DEG": 1.058,
        "LANDCOVER_CLASS": 12,
        "LANDCOVER_NAME": "Cropland"
      },
      "geometry": {
        "type": "Point",
        "coordinates": [
          86.605,
          23.815333
        ]
      }
    },
    {
      "type": "Feature",
      "properties": {
        "GPCODE": 111841,
        "GPNAME": "DHANWAD",
        "BLOCK": "Govindpur",
        "DISTRICT": "Dhanbad",
        "STATE": "Jharkhand",
        "ELEVATION_M": 244.0,
        "SLOPE_DEG": 2.315,
        "LANDCOVER_CLASS": 12,
        "LANDCOVER_NAME": "Cropland"
      },
      "geometry": {
        "type": "Point",
        "coordinates": [
          86.441,
          23.831667
        ]
      }
    },
    {
      "type": "Feature",
      "properties": {
        "GPCODE": 111842,
        "GPNAME": "GANDHIGRAM",
        "BLOCK": "Govindpur",
        "DISTRICT": "Dhanbad",
        "STATE": "Jharkhand",
        "ELEVATION_M": 217.0,
        "SLOPE_DEG": 2.156,
        "LANDCOVER_CLASS": 12,
        "LANDCOVER_NAME": "Cropland"
      },
      "geometry": {
        "type": "Point",
        "coordinates": [
          86.475,
          23.832667
        ]
      }
    },
    {
      "type": "Feature",
      "properties": {
        "GPCODE": 111843,
        "GPNAME": "GOSANIDIH",
        "BLOCK": "Govindpur",
        "DISTRICT": "Dhanbad",
        "STATE": "Jharkhand",
        "ELEVATION_M": 209.0,
        "SLOPE_DEG": 1.948,
        "LANDCOVER_CLASS": 12,
        "LANDCOVER_NAME": "Cropland"
      },
      "geometry": {
        "type": "Point",
        "coordinates": [
          86.506,
          23.833667
        ]
      }
    },
    {
      "type": "Feature",
      "properties": {
        "GPCODE": 111844,
        "GPNAME": "GOVINDPUR",
        "BLOCK": "Govindpur",
        "DISTRICT": "Dhanbad",
        "STATE": "Jharkhand",
        "ELEVATION_M": 198.0,
        "SLOPE_DEG": 1.669,
        "LANDCOVER_CLASS": 12,
        "LANDCOVER_NAME": "Cropland"
      },
      "geometry": {
        "type": "Point",
        "coordinates": [
          86.54,
          23.831667
        ]
      }
    },
    {
      "type": "Feature",
      "properties": {
        "GPCODE": 111845,
        "GPNAME": "JANGALPUR",
        "BLOCK": "Govindpur",
        "DISTRICT": "Dhanbad",
        "STATE": "Jharkhand",
        "ELEVATION_M": 188.0,
        "SLOPE_DEG": 1.355,
        "LANDCOVER_CLASS": 12,
        "LANDCOVER_NAME": "Cropland"
      },
      "geometry": {
        "type": "Point",
        "coordinates": [
          86.574,
          23.832667
        ]
      }
    },
    {
      "type": "Feature",
      "properties": {
        "GPCODE": 111846,
        "GPNAME": "JHALBAR",
        "BLOCK": "Govindpur",
        "DISTRICT": "Dhanbad",
        "STATE": "Jharkhand",
        "ELEVATION_M": 167.0,
        "SLOPE_DEG": 1.058,
        "LANDCOVER_CLASS": 12,
        "LANDCOVER_NAME": "Cropland"
      },
      "geometry": {
        "type": "Point",
        "coordinates": [
          86.605,
          23.833667
        ]
      }
    },
    {
      "type": "Feature",
      "properties": {
        "GPCODE": 111847,
        "GPNAME": "KALIKAPUR",
        "BLOCK": "Govindpur",
        "DISTRICT": "Dhanbad",
        "STATE": "Jharkhand",
        "ELEVATION_M": 236.0,
        "SLOPE_DEG": 2.315,
        "LANDCOVER_CLASS": 12,
        "LANDCOVER_NAME": "Cropland"
      },
      "geometry": {
        "type": "Point",
        "coordinates": [
          86.441,
          23.85
        ]
      }
    },
    {
      "type": "Feature",
      "properties": {
        "GPCODE": 111848,
        "GPNAME": "KANCHANPUR",
        "BLOCK": "Govindpur",
        "DISTRICT": "Dhanbad",
        "STATE": "Jharkhand",
        "ELEVATION_M": 213.0,
        "SLOPE_DEG": 2.156,
        "LANDCOVER_CLASS": 12,
        "LANDCOVER_NAME": "Cropland"
      },
      "geometry": {
        "type": "Point",
        "coordinates": [
          86.475,
          23.851
        ]
      }
    },
    {
      "type": "Feature",
      "properties": {
        "GPCODE": 111849,
        "GPNAME": "KARMATAND",
        "BLOCK": "Govindpur",
        "DISTRICT": "Dhanbad",
        "STATE": "Jharkhand",
        "ELEVATION_M": 205.0,
        "SLOPE_DEG": 1.948,
        "LANDCOVER_CLASS": 12,
        "LANDCOVER_NAME": "Cropland"
      },
      "geometry": {
        "type": "Point",
        "coordinates": [
          86.506,
          23.852
        ]
      }
    },
    {
      "type": "Feature",
      "properties": {
        "GPCODE": 111850,
        "GPNAME": "KATHALGORA",
        "BLOCK": "Govindpur",
        "DISTRICT": "Dhanbad",
        "STATE": "Jharkhand",
        "ELEVATION_M": 209.0,
        "SLOPE_DEG": 1.669,
        "LANDCOVER_CLASS": 12,
        "LANDCOVER_NAME": "Cropland"
      },
      "geometry": {
        "type": "Point",
        "coordinates": [
          86.54,
          23.85
        ]
      }
    },
    {
      "type": "Feature",
      "properties": {
        "GPCODE": 111851,
        "GPNAME": "KHANUDIH",
        "BLOCK": "Govindpur",
        "DISTRICT": "Dhanbad",
        "STATE": "Jharkhand",
        "ELEVATION_M": 178.0,
        "SLOPE_DEG": 1.355,
        "LANDCOVER_CLASS": 12,
        "LANDCOVER_NAME": "Cropland"
      },
      "geometry": {
        "type": "Point",
        "coordinates": [
          86.574,
          23.851
        ]
      }
    },
    {
      "type": "Feature",
      "properties": {
        "GPCODE": 111852,
        "GPNAME": "KOLAHARI",
        "BLOCK": "Govindpur",
        "DISTRICT": "Dhanbad",
        "STATE": "Jharkhand",
        "ELEVATION_M": 193.0,
        "SLOPE_DEG": 1.058,
        "LANDCOVER_CLASS": 12,
        "LANDCOVER_NAME": "Cropland"
      },
      "geometry": {
        "type": "Point",
        "coordinates": [
          86.605,
          23.852
        ]
      }
    },
    {
      "type": "Feature",
      "properties": {
        "GPCODE": 111853,
        "GPNAME": "KUKRUBAHIYAR",
        "BLOCK": "Govindpur",
        "DISTRICT": "Dhanbad",
        "STATE": "Jharkhand",
        "ELEVATION_M": 220.0,
        "SLOPE_DEG": 2.315,
        "LANDCOVER_CLASS": 12,
        "LANDCOVER_NAME": "Cropland"
      },
      "geometry": {
        "type": "Point",
        "coordinates": [
          86.441,
          23.868333
        ]
      }
    },
    {
      "type": "Feature",
      "properties": {
        "GPCODE": 111854,
        "GPNAME": "KUMARDIH",
        "BLOCK": "Govindpur",
        "DISTRICT": "Dhanbad",
        "STATE": "Jharkhand",
        "ELEVATION_M": 212.0,
        "SLOPE_DEG": 2.156,
        "LANDCOVER_CLASS": 12,
        "LANDCOVER_NAME": "Cropland"
      },
      "geometry": {
        "type": "Point",
        "coordinates": [
          86.475,
          23.869333
        ]
      }
    },
    {
      "type": "Feature",
      "properties": {
        "GPCODE": 111855,
        "GPNAME": "MAHARAJGORA",
        "BLOCK": "Govindpur",
        "DISTRICT": "Dhanbad",
        "STATE": "Jharkhand",
        "ELEVATION_M": 204.0,
        "SLOPE_DEG": 1.948,
        "LANDCOVER_CLASS": 12,
        "LANDCOVER_NAME": "Cropland"
      },
      "geometry": {
        "type": "Point",
        "coordinates": [
          86.506,
          23.870333
        ]
      }
    },
    {
      "type": "Feature",
      "properties": {
        "GPCODE": 111856,
        "GPNAME": "MAHUBANI",
        "BLOCK": "Govindpur",
        "DISTRICT": "Dhanbad",
        "STATE": "Jharkhand",
        "ELEVATION_M": 211.0,
        "SLOPE_DEG": 1.669,
        "LANDCOVER_CLASS": 12,
        "LANDCOVER_NAME": "Cropland"
      },
      "geometry": {
        "type": "Point",
        "coordinates": [
          86.54,
          23.868333
        ]
      }
    },
    {
      "type": "Feature",
      "properties": {
        "GPCODE": 111857,
        "GPNAME": "MANDRO",
        "BLOCK": "Govindpur",
        "DISTRICT": "Dhanbad",
        "STATE": "Jharkhand",
        "ELEVATION_M": 187.0,
        "SLOPE_DEG": 1.355,
        "LANDCOVER_CLASS": 12,
        "LANDCOVER_NAME": "Cropland"
      },
      "geometry": {
        "type": "Point",
        "coordinates": [
          86.574,
          23.869333
        ]
      }
    },
    {
      "type": "Feature",
      "properties": {
        "GPCODE": 111858,
        "GPNAME": "NANDPUR",
        "BLOCK": "Govindpur",
        "DISTRICT": "Dhanbad",
        "STATE": "Jharkhand",
        "ELEVATION_M": 198.0,
        "SLOPE_DEG": 1.058,
        "LANDCOVER_CLASS": 12,
        "LANDCOVER_NAME": "Cropland"
      },
      "geometry": {
        "type": "Point",
        "coordinates": [
          86.605,
          23.870333
        ]
      }
    },
    {
      "type": "Feature",
      "properties": {
        "GPCODE": 111859,
        "GPNAME": "NAWADIH",
        "BLOCK": "Govindpur",
        "DISTRICT": "Dhanbad",
        "STATE": "Jharkhand",
        "ELEVATION_M": 221.0,
        "SLOPE_DEG": 2.315,
        "LANDCOVER_CLASS": 12,
        "LANDCOVER_NAME": "Cropland"
      },
      "geometry": {
        "type": "Point",
        "coordinates": [
          86.441,
          23.886667
        ]
      }
    },
    {
      "type": "Feature",
      "properties": {
        "GPCODE": 111860,
        "GPNAME": "PANDUA",
        "BLOCK": "Govindpur",
        "DISTRICT": "Dhanbad",
        "STATE": "Jharkhand",
        "ELEVATION_M": 217.0,
        "SLOPE_DEG": 2.156,
        "LANDCOVER_CLASS": 12,
        "LANDCOVER_NAME": "Cropland"
      },
      "geometry": {
        "type": "Point",
        "coordinates": [
          86.475,
          23.887667
        ]
      }
    },
    {
      "type": "Feature",
      "properties": {
        "GPCODE": 111861,
        "GPNAME": "PURANADIH",
        "BLOCK": "Govindpur",
        "DISTRICT": "Dhanbad",
        "STATE": "Jharkhand",
        "ELEVATION_M": 215.0,
        "SLOPE_DEG": 1.948,
        "LANDCOVER_CLASS": 12,
        "LANDCOVER_NAME": "Cropland"
      },
      "geometry": {
        "type": "Point",
        "coordinates": [
          86.506,
          23.888667
        ]
      }
    },
    {
      "type": "Feature",
      "properties": {
        "GPCODE": 111862,
        "GPNAME": "RAJDHANWAR",
        "BLOCK": "Govindpur",
        "DISTRICT": "Dhanbad",
        "STATE": "Jharkhand",
        "ELEVATION_M": 206.0,
        "SLOPE_DEG": 1.669,
        "LANDCOVER_CLASS": 12,
        "LANDCOVER_NAME": "Cropland"
      },
      "geometry": {
        "type": "Point",
        "coordinates": [
          86.54,
          23.886667
        ]
      }
    },
    {
      "type": "Feature",
      "properties": {
        "GPCODE": 111863,
        "GPNAME": "RATANPUR",
        "BLOCK": "Govindpur",
        "DISTRICT": "Dhanbad",
        "STATE": "Jharkhand",
        "ELEVATION_M": 208.0,
        "SLOPE_DEG": 1.355,
        "LANDCOVER_CLASS": 12,
        "LANDCOVER_NAME": "Cropland"
      },
      "geometry": {
        "type": "Point",
        "coordinates": [
          86.574,
          23.887667
        ]
      }
    },
    {
      "type": "Feature",
      "properties": {
        "GPCODE": 111864,
        "GPNAME": "SAHARPURA",
        "BLOCK": "Govindpur",
        "DISTRICT": "Dhanbad",
        "STATE": "Jharkhand",
        "ELEVATION_M": 206.0,
        "SLOPE_DEG": 1.058,
        "LANDCOVER_CLASS": 12,
        "LANDCOVER_NAME": "Cropland"
      },
      "geometry": {
        "type": "Point",
        "coordinates": [
          86.605,
          23.888667
        ]
      }
    },
    {
      "type": "Feature",
      "properties": {
        "GPCODE": 111865,
        "GPNAME": "SARKARDIH",
        "BLOCK": "Govindpur",
        "DISTRICT": "Dhanbad",
        "STATE": "Jharkhand",
        "ELEVATION_M": 237.0,
        "SLOPE_DEG": 2.315,
        "LANDCOVER_CLASS": 12,
        "LANDCOVER_NAME": "Cropland"
      },
      "geometry": {
        "type": "Point",
        "coordinates": [
          86.441,
          23.905
        ]
      }
    },
    {
      "type": "Feature",
      "properties": {
        "GPCODE": 111866,
        "GPNAME": "TANTRI",
        "BLOCK": "Govindpur",
        "DISTRICT": "Dhanbad",
        "STATE": "Jharkhand",
        "ELEVATION_M": 240.0,
        "SLOPE_DEG": 2.156,
        "LANDCOVER_CLASS": 12,
        "LANDCOVER_NAME": "Cropland"
      },
      "geometry": {
        "type": "Point",
        "coordinates": [
          86.475,
          23.906
        ]
      }
    },
    {
      "type": "Feature",
      "properties": {
        "GPCODE": 111867,
        "GPNAME": "UKMA",
        "BLOCK": "Govindpur",
        "DISTRICT": "Dhanbad",
        "STATE": "Jharkhand",
        "ELEVATION_M": 231.0,
        "SLOPE_DEG": 1.948,
        "LANDCOVER_CLASS": 12,
        "LANDCOVER_NAME": "Cropland"
      },
      "geometry": {
        "type": "Point",
        "coordinates": [
          86.506,
          23.907
        ]
      }
    },
    {
      "type": "Feature",
      "properties": {
        "GPCODE": 111868,
        "GPNAME": "ALAMDIH",
        "BLOCK": "Kaliasol",
        "DISTRICT": "Dhanbad",
        "STATE": "Jharkhand",
        "ELEVATION_M": 141.0,
        "SLOPE_DEG": 0.954,
        "LANDCOVER_CLASS": 12,
        "LANDCOVER_NAME": "Cropland"
      },
      "geometry": {
        "type": "Point",
        "coordinates": [
          86.616,
          23.68
        ]
      }
    },
    {
      "type": "Feature",
      "properties": {
        "GPCODE": 111869,
        "GPNAME": "ASANBONA",
        "BLOCK": "Kaliasol",
        "DISTRICT": "Dhanbad",
        "STATE": "Jharkhand",
        "ELEVATION_M": 125.0,
        "SLOPE_DEG": 0.561,
        "LANDCOVER_CLASS": 12,
        "LANDCOVER_NAME": "Cropland"
      },
      "geometry": {
        "type": "Point",
        "coordinates": [
          86.660333,
          23.681
        ]
      }
    },
    {
      "type": "Feature",
      "properties": {
        "GPCODE": 111870,
        "GPNAME": "BAMNI",
        "BLOCK": "Kaliasol",
        "DISTRICT": "Dhanbad",
        "STATE": "Jharkhand",
        "ELEVATION_M": 133.0,
        "SLOPE_DEG": 0.5,
        "LANDCOVER_CLASS": 12,
        "LANDCOVER_NAME": "Cropland"
      },
      "geometry": {
        "type": "Point",
        "coordinates": [
          86.701667,
          23.682
        ]
      }
    },
    {
      "type": "Feature",
      "properties": {
        "GPCODE": 111871,
        "GPNAME": "BARA KALIA",
        "BLOCK": "Kaliasol",
        "DISTRICT": "Dhanbad",
        "STATE": "Jharkhand",
        "ELEVATION_M": 125.0,
        "SLOPE_DEG": 0.5,
        "LANDCOVER_CLASS": 12,
        "LANDCOVER_NAME": "Cropland"
      },
      "geometry": {
        "type": "Point",
        "coordinates": [
          86.746,
          23.68
        ]
      }
    },
    {
      "type": "Feature",
      "properties": {
        "GPCODE": 111872,
        "GPNAME": "BEHRA",
        "BLOCK": "Kaliasol",
        "DISTRICT": "Dhanbad",
        "STATE": "Jharkhand",
        "ELEVATION_M": 165.0,
        "SLOPE_DEG": 0.944,
        "LANDCOVER_CLASS": 12,
        "LANDCOVER_NAME": "Cropland"
      },
      "geometry": {
        "type": "Point",
        "coordinates": [
          86.617,
          23.70725
        ]
      }
    },
    {
      "type": "Feature",
      "properties": {
        "GPCODE": 111873,
        "GPNAME": "CHAMARBAHIYAR",
        "BLOCK": "Kaliasol",
        "DISTRICT": "Dhanbad",
        "STATE": "Jharkhand",
        "ELEVATION_M": 143.0,
        "SLOPE_DEG": 0.577,
        "LANDCOVER_CLASS": 12,
        "LANDCOVER_NAME": "Cropland"
      },
      "geometry": {
        "type": "Point",
        "coordinates": [
          86.658333,
          23.70825
        ]
      }
    },
    {
      "type": "Feature",
      "properties": {
        "GPCODE": 111874,
        "GPNAME": "DOMGARH",
        "BLOCK": "Kaliasol",
        "DISTRICT": "Dhanbad",
        "STATE": "Jharkhand",
        "ELEVATION_M": 137.0,
        "SLOPE_DEG": 0.5,
        "LANDCOVER_CLASS": 12,
        "LANDCOVER_NAME": "Cropland"
      },
      "geometry": {
        "type": "Point",
        "coordinates": [
          86.702667,
          23.70625
        ]
      }
    },
    {
      "type": "Feature",
      "properties": {
        "GPCODE": 111875,
        "GPNAME": "DUBLAJOR",
        "BLOCK": "Kaliasol",
        "DISTRICT": "Dhanbad",
        "STATE": "Jharkhand",
        "ELEVATION_M": 127.0,
        "SLOPE_DEG": 0.5,
        "LANDCOVER_CLASS": 12,
        "LANDCOVER_NAME": "Cropland"
      },
      "geometry": {
        "type": "Point",
        "coordinates": [
          86.747,
          23.70725
        ]
      }
    },
    {
      "type": "Feature",
      "properties": {
        "GPCODE": 111876,
        "GPNAME": "HARINARAYANPUR",
        "BLOCK": "Kaliasol",
        "DISTRICT": "Dhanbad",
        "STATE": "Jharkhand",
        "ELEVATION_M": 166.0,
        "SLOPE_DEG": 0.963,
        "LANDCOVER_CLASS": 4,
        "LANDCOVER_NAME": "Grassland / Shrubland"
      },
      "geometry": {
        "type": "Point",
        "coordinates": [
          86.615,
          23.7345
        ]
      }
    },
    {
      "type": "Feature",
      "properties": {
        "GPCODE": 111877,
        "GPNAME": "JAMUADANG",
        "BLOCK": "Kaliasol",
        "DISTRICT": "Dhanbad",
        "STATE": "Jharkhand",
        "ELEVATION_M": 171.0,
        "SLOPE_DEG": 0.569,
        "LANDCOVER_CLASS": 12,
        "LANDCOVER_NAME": "Cropland"
      },
      "geometry": {
        "type": "Point",
        "coordinates": [
          86.659333,
          23.7325
        ]
      }
    },
    {
      "type": "Feature",
      "properties": {
        "GPCODE": 111878,
        "GPNAME": "KALIASOL",
        "BLOCK": "Kaliasol",
        "DISTRICT": "Dhanbad",
        "STATE": "Jharkhand",
        "ELEVATION_M": 154.0,
        "SLOPE_DEG": 0.5,
        "LANDCOVER_CLASS": 12,
        "LANDCOVER_NAME": "Cropland"
      },
      "geometry": {
        "type": "Point",
        "coordinates": [
          86.703667,
          23.7335
        ]
      }
    },
    {
      "type": "Feature",
      "properties": {
        "GPCODE": 111879,
        "GPNAME": "KANCHANPUR",
        "BLOCK": "Kaliasol",
        "DISTRICT": "Dhanbad",
        "STATE": "Jharkhand",
        "ELEVATION_M": 127.0,
        "SLOPE_DEG": 0.5,
        "LANDCOVER_CLASS": 12,
        "LANDCOVER_NAME": "Cropland"
      },
      "geometry": {
        "type": "Point",
        "coordinates": [
          86.745,
          23.7345
        ]
      }
    },
    {
      "type": "Feature",
      "properties": {
        "GPCODE": 111880,
        "GPNAME": "LAKHIPUR",
        "BLOCK": "Kaliasol",
        "DISTRICT": "Dhanbad",
        "STATE": "Jharkhand",
        "ELEVATION_M": 186.0,
        "SLOPE_DEG": 0.954,
        "LANDCOVER_CLASS": 12,
        "LANDCOVER_NAME": "Cropland"
      },
      "geometry": {
        "type": "Point",
        "coordinates": [
          86.616,
          23.75875
        ]
      }
    },
    {
      "type": "Feature",
      "properties": {
        "GPCODE": 111881,
        "GPNAME": "NAGARJUN",
        "BLOCK": "Kaliasol",
        "DISTRICT": "Dhanbad",
        "STATE": "Jharkhand",
        "ELEVATION_M": 145.0,
        "SLOPE_DEG": 0.561,
        "LANDCOVER_CLASS": 12,
        "LANDCOVER_NAME": "Cropland"
      },
      "geometry": {
        "type": "Point",
        "coordinates": [
          86.660333,
          23.75975
        ]
      }
    },
    {
      "type": "Feature",
      "properties": {
        "GPCODE": 111882,
        "GPNAME": "PALSIYA",
        "BLOCK": "Kaliasol",
        "DISTRICT": "Dhanbad",
        "STATE": "Jharkhand",
        "ELEVATION_M": 144.0,
        "SLOPE_DEG": 0.5,
        "LANDCOVER_CLASS": 12,
        "LANDCOVER_NAME": "Cropland"
      },
      "geometry": {
        "type": "Point",
        "coordinates": [
          86.701667,
          23.76075
        ]
      }
    },
    {
      "type": "Feature",
      "properties": {
        "GPCODE": 111883,
        "GPNAME": "PINDRAHAT",
        "BLOCK": "Kaliasol",
        "DISTRICT": "Dhanbad",
        "STATE": "Jharkhand",
        "ELEVATION_M": 100.0,
        "SLOPE_DEG": 0.5,
        "LANDCOVER_CLASS": 12,
        "LANDCOVER_NAME": "Cropland"
      },
      "geometry": {
        "type": "Point",
        "coordinates": [
          86.746,
          23.75875
        ]
      }
    },
    {
      "type": "Feature",
      "properties": {
        "GPCODE": 111884,
        "GPNAME": "RADHANAGAR",
        "BLOCK": "Kaliasol",
        "DISTRICT": "Dhanbad",
        "STATE": "Jharkhand",
        "ELEVATION_M": 192.0,
        "SLOPE_DEG": 0.944,
        "LANDCOVER_CLASS": 12,
        "LANDCOVER_NAME": "Cropland"
      },
      "geometry": {
        "type": "Point",
        "coordinates": [
          86.617,
          23.786
        ]
      }
    },
    {
      "type": "Feature",
      "properties": {
        "GPCODE": 111885,
        "GPNAME": "SIULIBARI",
        "BLOCK": "Kaliasol",
        "DISTRICT": "Dhanbad",
        "STATE": "Jharkhand",
        "ELEVATION_M": 168.0,
        "SLOPE_DEG": 0.577,
        "LANDCOVER_CLASS": 12,
        "LANDCOVER_NAME": "Cropland"
      },
      "geometry": {
        "type": "Point",
        "coordinates": [
          86.658333,
          23.787
        ]
      }
    },
    {
      "type": "Feature",
      "properties": {
        "GPCODE": 111886,
        "GPNAME": "BAGMARA",
        "BLOCK": "Nirsa",
        "DISTRICT": "Dhanbad",
        "STATE": "Jharkhand",
        "ELEVATION_M": 171.0,
        "SLOPE_DEG": 3.79,
        "LANDCOVER_CLASS": 12,
        "LANDCOVER_NAME": "Cropland"
      },
      "geometry": {
        "type": "Point",
        "coordinates": [
          86.646,
          23.745
        ]
      }
    },
    {
      "type": "Feature",
      "properties": {
        "GPCODE": 111887,
        "GPNAME": "BARABARI",
        "BLOCK": "Nirsa",
        "DISTRICT": "Dhanbad",
        "STATE": "Jharkhand",
        "ELEVATION_M": 172.0,
        "SLOPE_DEG": 3.791,
        "LANDCOVER_CLASS": 12,
        "LANDCOVER_NAME": "Cropland"
      },
      "geometry": {
        "type": "Point",
        "coordinates": [
          86.682,
          23.746
        ]
      }
    },
    {
      "type": "Feature",
      "properties": {
        "GPCODE": 111888,
        "GPNAME": "BHALUKKHULIA",
        "BLOCK": "Nirsa",
        "DISTRICT": "Dhanbad",
        "STATE": "Jharkhand",
        "ELEVATION_M": 144.0,
        "SLOPE_DEG": 3.793,
        "LANDCOVER_CLASS": 12,
        "LANDCOVER_NAME": "Cropland"
      },
      "geometry": {
        "type": "Point",
        "coordinates": [
          86.715,
          23.747
        ]
      }
    },
    {
      "type": "Feature",
      "properties": {
        "GPCODE": 111889,
        "GPNAME": "BONIA",
        "BLOCK": "Nirsa",
        "DISTRICT": "Dhanbad",
        "STATE": "Jharkhand",
        "ELEVATION_M": 125.0,
        "SLOPE_DEG": 3.79,
        "LANDCOVER_CLASS": 12,
        "LANDCOVER_NAME": "Cropland"
      },
      "geometry": {
        "type": "Point",
        "coordinates": [
          86.751,
          23.745
        ]
      }
    },
    {
      "type": "Feature",
      "properties": {
        "GPCODE": 111890,
        "GPNAME": "CHATABHIYAR",
        "BLOCK": "Nirsa",
        "DISTRICT": "Dhanbad",
        "STATE": "Jharkhand",
        "ELEVATION_M": 125.0,
        "SLOPE_DEG": 3.791,
        "LANDCOVER_CLASS": 12,
        "LANDCOVER_NAME": "Cropland"
      },
      "geometry": {
        "type": "Point",
        "coordinates": [
          86.787,
          23.746
        ]
      }
    },
    {
      "type": "Feature",
      "properties": {
        "GPCODE": 111891,
        "GPNAME": "CHUTIKANALI",
        "BLOCK": "Nirsa",
        "DISTRICT": "Dhanbad",
        "STATE": "Jharkhand",
        "ELEVATION_M": 157.0,
        "SLOPE_DEG": 3.789,
        "LANDCOVER_CLASS": 12,
        "LANDCOVER_NAME": "Cropland"
      },
      "geometry": {
        "type": "Point",
        "coordinates": [
          86.645,
          23.772
        ]
      }
    },
    {
      "type": "Feature",
      "properties": {
        "GPCODE": 111892,
        "GPNAME": "DAHIBARI",
        "BLOCK": "Nirsa",
        "DISTRICT": "Dhanbad",
        "STATE": "Jharkhand",
        "ELEVATION_M": 146.0,
        "SLOPE_DEG": 3.792,
        "LANDCOVER_CLASS": 12,
        "LANDCOVER_NAME": "Cropland"
      },
      "geometry": {
        "type": "Point",
        "coordinates": [
          86.681,
          23.77
        ]
      }
    },
    {
      "type": "Feature",
      "properties": {
        "GPCODE": 111893,
        "GPNAME": "DHANPUR",
        "BLOCK": "Nirsa",
        "DISTRICT": "Dhanbad",
        "STATE": "Jharkhand",
        "ELEVATION_M": 128.0,
        "SLOPE_DEG": 3.791,
        "LANDCOVER_CLASS": 12,
        "LANDCOVER_NAME": "Cropland"
      },
      "geometry": {
        "type": "Point",
        "coordinates": [
          86.717,
          23.771
        ]
      }
    },
    {
      "type": "Feature",
      "properties": {
        "GPCODE": 111894,
        "GPNAME": "DUMARBAHIYAR",
        "BLOCK": "Nirsa",
        "DISTRICT": "Dhanbad",
        "STATE": "Jharkhand",
        "ELEVATION_M": 139.0,
        "SLOPE_DEG": 3.789,
        "LANDCOVER_CLASS": 12,
        "LANDCOVER_NAME": "Cropland"
      },
      "geometry": {
        "type": "Point",
        "coordinates": [
          86.75,
          23.772
        ]
      }
    },
    {
      "type": "Feature",
      "properties": {
        "GPCODE": 111895,
        "GPNAME": "GOPALGANJ",
        "BLOCK": "Nirsa",
        "DISTRICT": "Dhanbad",
        "STATE": "Jharkhand",
        "ELEVATION_M": 136.0,
        "SLOPE_DEG": 3.792,
        "LANDCOVER_CLASS": 12,
        "LANDCOVER_NAME": "Cropland"
      },
      "geometry": {
        "type": "Point",
        "coordinates": [
          86.786,
          23.77
        ]
      }
    },
    {
      "type": "Feature",
      "properties": {
        "GPCODE": 111896,
        "GPNAME": "JAMBURIA",
        "BLOCK": "Nirsa",
        "DISTRICT": "Dhanbad",
        "STATE": "Jharkhand",
        "ELEVATION_M": 169.0,
        "SLOPE_DEG": 3.719,
        "LANDCOVER_CLASS": 12,
        "LANDCOVER_NAME": "Cropland"
      },
      "geometry": {
        "type": "Point",
        "coordinates": [
          86.647,
          23.796
        ]
      }
    },
    {
      "type": "Feature",
      "properties": {
        "GPCODE": 111897,
        "GPNAME": "JHINKIPAHARI",
        "BLOCK": "Nirsa",
        "DISTRICT": "Dhanbad",
        "STATE": "Jharkhand",
        "ELEVATION_M": 159.0,
        "SLOPE_DEG": 3.714,
        "LANDCOVER_CLASS": 12,
        "LANDCOVER_NAME": "Cropland"
      },
      "geometry": {
        "type": "Point",
        "coordinates": [
          86.68,
          23.797
        ]
      }
    },
    {
      "type": "Feature",
      "properties": {
        "GPCODE": 111898,
        "GPNAME": "KANCHANDIH",
        "BLOCK": "Nirsa",
        "DISTRICT": "Dhanbad",
        "STATE": "Jharkhand",
        "ELEVATION_M": 140.0,
        "SLOPE_DEG": 3.723,
        "LANDCOVER_CLASS": 12,
        "LANDCOVER_NAME": "Cropland"
      },
      "geometry": {
        "type": "Point",
        "coordinates": [
          86.716,
          23.795
        ]
      }
    },
    {
      "type": "Feature",
      "properties": {
        "GPCODE": 111899,
        "GPNAME": "KESHARDHI",
        "BLOCK": "Nirsa",
        "DISTRICT": "Dhanbad",
        "STATE": "Jharkhand",
        "ELEVATION_M": 163.0,
        "SLOPE_DEG": 3.719,
        "LANDCOVER_CLASS": 12,
        "LANDCOVER_NAME": "Cropland"
      },
      "geometry": {
        "type": "Point",
        "coordinates": [
          86.752,
          23.796
        ]
      }
    },
    {
      "type": "Feature",
      "properties": {
        "GPCODE": 111900,
        "GPNAME": "MARMA",
        "BLOCK": "Nirsa",
        "DISTRICT": "Dhanbad",
        "STATE": "Jharkhand",
        "ELEVATION_M": 145.0,
        "SLOPE_DEG": 3.714,
        "LANDCOVER_CLASS": 12,
        "LANDCOVER_NAME": "Cropland"
      },
      "geometry": {
        "type": "Point",
        "coordinates": [
          86.785,
          23.797
        ]
      }
    },
    {
      "type": "Feature",
      "properties": {
        "GPCODE": 111901,
        "GPNAME": "MANDWAL",
        "BLOCK": "Nirsa",
        "DISTRICT": "Dhanbad",
        "STATE": "Jharkhand",
        "ELEVATION_M": 157.0,
        "SLOPE_DEG": 3.585,
        "LANDCOVER_CLASS": 12,
        "LANDCOVER_NAME": "Cropland"
      },
      "geometry": {
        "type": "Point",
        "coordinates": [
          86.646,
          23.82
        ]
      }
    },
    {
      "type": "Feature",
      "properties": {
        "GPCODE": 111902,
        "GPNAME": "NIRSA",
        "BLOCK": "Nirsa",
        "DISTRICT": "Dhanbad",
        "STATE": "Jharkhand",
        "ELEVATION_M": 162.0,
        "SLOPE_DEG": 3.578,
        "LANDCOVER_CLASS": 12,
        "LANDCOVER_NAME": "Cropland"
      },
      "geometry": {
        "type": "Point",
        "coordinates": [
          86.682,
          23.821
        ]
      }
    },
    {
      "type": "Feature",
      "properties": {
        "GPCODE": 111903,
        "GPNAME": "PALASHIA",
        "BLOCK": "Nirsa",
        "DISTRICT": "Dhanbad",
        "STATE": "Jharkhand",
        "ELEVATION_M": 155.0,
        "SLOPE_DEG": 3.571,
        "LANDCOVER_CLASS": 12,
        "LANDCOVER_NAME": "Cropland"
      },
      "geometry": {
        "type": "Point",
        "coordinates": [
          86.715,
          23.822
        ]
      }
    },
    {
      "type": "Feature",
      "properties": {
        "GPCODE": 111904,
        "GPNAME": "PANRRA",
        "BLOCK": "Nirsa",
        "DISTRICT": "Dhanbad",
        "STATE": "Jharkhand",
        "ELEVATION_M": 189.0,
        "SLOPE_DEG": 3.585,
        "LANDCOVER_CLASS": 12,
        "LANDCOVER_NAME": "Cropland"
      },
      "geometry": {
        "type": "Point",
        "coordinates": [
          86.751,
          23.82
        ]
      }
    },
    {
      "type": "Feature",
      "properties": {
        "GPCODE": 111905,
        "GPNAME": "PANCHAGARH",
        "BLOCK": "Nirsa",
        "DISTRICT": "Dhanbad",
        "STATE": "Jharkhand",
        "ELEVATION_M": 157.0,
        "SLOPE_DEG": 3.578,
        "LANDCOVER_CLASS": 12,
        "LANDCOVER_NAME": "Cropland"
      },
      "geometry": {
        "type": "Point",
        "coordinates": [
          86.787,
          23.821
        ]
      }
    },
    {
      "type": "Feature",
      "properties": {
        "GPCODE": 111906,
        "GPNAME": "PIRGANJ",
        "BLOCK": "Nirsa",
        "DISTRICT": "Dhanbad",
        "STATE": "Jharkhand",
        "ELEVATION_M": 178.0,
        "SLOPE_DEG": 3.365,
        "LANDCOVER_CLASS": 12,
        "LANDCOVER_NAME": "Cropland"
      },
      "geometry": {
        "type": "Point",
        "coordinates": [
          86.645,
          23.847
        ]
      }
    },
    {
      "type": "Feature",
      "properties": {
        "GPCODE": 111907,
        "GPNAME": "PITHAKEDARI",
        "BLOCK": "Nirsa",
        "DISTRICT": "Dhanbad",
        "STATE": "Jharkhand",
        "ELEVATION_M": 182.0,
        "SLOPE_DEG": 3.384,
        "LANDCOVER_CLASS": 12,
        "LANDCOVER_NAME": "Cropland"
      },
      "geometry": {
        "type": "Point",
        "coordinates": [
          86.681,
          23.845
        ]
      }
    },
    {
      "type": "Feature",
      "properties": {
        "GPCODE": 111908,
        "GPNAME": "RAMKANALI",
        "BLOCK": "Nirsa",
        "DISTRICT": "Dhanbad",
        "STATE": "Jharkhand",
        "ELEVATION_M": 158.0,
        "SLOPE_DEG": 3.375,
        "LANDCOVER_CLASS": 12,
        "LANDCOVER_NAME": "Cropland"
      },
      "geometry": {
        "type": "Point",
        "coordinates": [
          86.717,
          23.846
        ]
      }
    },
    {
      "type": "Feature",
      "properties": {
        "GPCODE": 111909,
        "GPNAME": "UDAYPUR",
        "BLOCK": "Nirsa",
        "DISTRICT": "Dhanbad",
        "STATE": "Jharkhand",
        "ELEVATION_M": 163.0,
        "SLOPE_DEG": 3.365,
        "LANDCOVER_CLASS": 12,
        "LANDCOVER_NAME": "Cropland"
      },
      "geometry": {
        "type": "Point",
        "coordinates": [
          86.75,
          23.847
        ]
      }
    },
    {
      "type": "Feature",
      "properties": {
        "GPCODE": 111910,
        "GPNAME": "BAGHMUNDI",
        "BLOCK": "Purvi Tundi",
        "DISTRICT": "Dhanbad",
        "STATE": "Jharkhand",
        "ELEVATION_M": 274.0,
        "SLOPE_DEG": 5.923,
        "LANDCOVER_CLASS": 12,
        "LANDCOVER_NAME": "Cropland"
      },
      "geometry": {
        "type": "Point",
        "coordinates": [
          86.546,
          23.935
        ]
      }
    },
    {
      "type": "Feature",
      "properties": {
        "GPCODE": 111911,
        "GPNAME": "BARADAHA",
        "BLOCK": "Purvi Tundi",
        "DISTRICT": "Dhanbad",
        "STATE": "Jharkhand",
        "ELEVATION_M": 181.0,
        "SLOPE_DEG": 6.257,
        "LANDCOVER_CLASS": 12,
        "LANDCOVER_NAME": "Cropland"
      },
      "geometry": {
        "type": "Point",
        "coordinates": [
          86.617,
          23.936
        ]
      }
    },
    {
      "type": "Feature",
      "properties": {
        "GPCODE": 111912,
        "GPNAME": "CHURULIA",
        "BLOCK": "Purvi Tundi",
        "DISTRICT": "Dhanbad",
        "STATE": "Jharkhand",
        "ELEVATION_M": 180.0,
        "SLOPE_DEG": 6.42,
        "LANDCOVER_CLASS": 12,
        "LANDCOVER_NAME": "Cropland"
      },
      "geometry": {
        "type": "Point",
        "coordinates": [
          86.685,
          23.937
        ]
      }
    },
    {
      "type": "Feature",
      "properties": {
        "GPCODE": 111913,
        "GPNAME": "JAMDIHA",
        "BLOCK": "Purvi Tundi",
        "DISTRICT": "Dhanbad",
        "STATE": "Jharkhand",
        "ELEVATION_M": 179.0,
        "SLOPE_DEG": 6.778,
        "LANDCOVER_CLASS": 12,
        "LANDCOVER_NAME": "Cropland"
      },
      "geometry": {
        "type": "Point",
        "coordinates": [
          86.546,
          23.9875
        ]
      }
    },
    {
      "type": "Feature",
      "properties": {
        "GPCODE": 111914,
        "GPNAME": "LADAHARI",
        "BLOCK": "Purvi Tundi",
        "DISTRICT": "Dhanbad",
        "STATE": "Jharkhand",
        "ELEVATION_M": 201.0,
        "SLOPE_DEG": 7.102,
        "LANDCOVER_CLASS": 12,
        "LANDCOVER_NAME": "Cropland"
      },
      "geometry": {
        "type": "Point",
        "coordinates": [
          86.617,
          23.9885
        ]
      }
    },
    {
      "type": "Feature",
      "properties": {
        "GPCODE": 111915,
        "GPNAME": "MOHLIDIH",
        "BLOCK": "Purvi Tundi",
        "DISTRICT": "Dhanbad",
        "STATE": "Jharkhand",
        "ELEVATION_M": 201.0,
        "SLOPE_DEG": 7.255,
        "LANDCOVER_CLASS": 12,
        "LANDCOVER_NAME": "Cropland"
      },
      "geometry": {
        "type": "Point",
        "coordinates": [
          86.685,
          23.9895
        ]
      }
    },
    {
      "type": "Feature",
      "properties": {
        "GPCODE": 111916,
        "GPNAME": "PANDRA",
        "BLOCK": "Purvi Tundi",
        "DISTRICT": "Dhanbad",
        "STATE": "Jharkhand",
        "ELEVATION_M": 246.0,
        "SLOPE_DEG": 7.029,
        "LANDCOVER_CLASS": 12,
        "LANDCOVER_NAME": "Cropland"
      },
      "geometry": {
        "type": "Point",
        "coordinates": [
          86.546,
          24.04
        ]
      }
    },
    {
      "type": "Feature",
      "properties": {
        "GPCODE": 111917,
        "GPNAME": "PURVI TUNDI",
        "BLOCK": "Purvi Tundi",
        "DISTRICT": "Dhanbad",
        "STATE": "Jharkhand",
        "ELEVATION_M": 240.0,
        "SLOPE_DEG": 7.34,
        "LANDCOVER_CLASS": 12,
        "LANDCOVER_NAME": "Cropland"
      },
      "geometry": {
        "type": "Point",
        "coordinates": [
          86.617,
          24.041
        ]
      }
    },
    {
      "type": "Feature",
      "properties": {
        "GPCODE": 111918,
        "GPNAME": "RAGHUNATHPUR",
        "BLOCK": "Purvi Tundi",
        "DISTRICT": "Dhanbad",
        "STATE": "Jharkhand",
        "ELEVATION_M": 210.0,
        "SLOPE_DEG": 7.48,
        "LANDCOVER_CLASS": 12,
        "LANDCOVER_NAME": "Cropland"
      },
      "geometry": {
        "type": "Point",
        "coordinates": [
          86.685,
          24.042
        ]
      }
    },
    {
      "type": "Feature",
      "properties": {
        "GPCODE": 111919,
        "GPNAME": "AMBATAND",
        "BLOCK": "Topchanchi",
        "DISTRICT": "Dhanbad",
        "STATE": "Jharkhand",
        "ELEVATION_M": 240.0,
        "SLOPE_DEG": 1.501,
        "LANDCOVER_CLASS": 12,
        "LANDCOVER_NAME": "Cropland"
      },
      "geometry": {
        "type": "Point",
        "coordinates": [
          86.116,
          23.855
        ]
      }
    },
    {
      "type": "Feature",
      "properties": {
        "GPCODE": 111920,
        "GPNAME": "BAGHMUNDA",
        "BLOCK": "Topchanchi",
        "DISTRICT": "Dhanbad",
        "STATE": "Jharkhand",
        "ELEVATION_M": 222.0,
        "SLOPE_DEG": 1.605,
        "LANDCOVER_CLASS": 12,
        "LANDCOVER_NAME": "Cropland"
      },
      "geometry": {
        "type": "Point",
        "coordinates": [
          86.1545,
          23.856
        ]
      }
    },
    {
      "type": "Feature",
      "properties": {
        "GPCODE": 111921,
        "GPNAME": "BALUDIH",
        "BLOCK": "Topchanchi",
        "DISTRICT": "Dhanbad",
        "STATE": "Jharkhand",
        "ELEVATION_M": 246.0,
        "SLOPE_DEG": 1.748,
        "LANDCOVER_CLASS": 12,
        "LANDCOVER_NAME": "Cropland"
      },
      "geometry": {
        "type": "Point",
        "coordinates": [
          86.19,
          23.857
        ]
      }
    },
    {
      "type": "Feature",
      "properties": {
        "GPCODE": 111922,
        "GPNAME": "BARIARPUR",
        "BLOCK": "Topchanchi",
        "DISTRICT": "Dhanbad",
        "STATE": "Jharkhand",
        "ELEVATION_M": 239.0,
        "SLOPE_DEG": 1.873,
        "LANDCOVER_CLASS": 12,
        "LANDCOVER_NAME": "Cropland"
      },
      "geometry": {
        "type": "Point",
        "coordinates": [
          86.2285,
          23.855
        ]
      }
    },
    {
      "type": "Feature",
      "properties": {
        "GPCODE": 111923,
        "GPNAME": "BHAGABANDH",
        "BLOCK": "Topchanchi",
        "DISTRICT": "Dhanbad",
        "STATE": "Jharkhand",
        "ELEVATION_M": 246.0,
        "SLOPE_DEG": 2.112,
        "LANDCOVER_CLASS": 12,
        "LANDCOVER_NAME": "Cropland"
      },
      "geometry": {
        "type": "Point",
        "coordinates": [
          86.267,
          23.856
        ]
      }
    },
    {
      "type": "Feature",
      "properties": {
        "GPCODE": 111924,
        "GPNAME": "BHALUA",
        "BLOCK": "Topchanchi",
        "DISTRICT": "Dhanbad",
        "STATE": "Jharkhand",
        "ELEVATION_M": 227.0,
        "SLOPE_DEG": 2.096,
        "LANDCOVER_CLASS": 12,
        "LANDCOVER_NAME": "Cropland"
      },
      "geometry": {
        "type": "Point",
        "coordinates": [
          86.115,
          23.879
        ]
      }
    },
    {
      "type": "Feature",
      "properties": {
        "GPCODE": 111925,
        "GPNAME": "CHALKARI",
        "BLOCK": "Topchanchi",
        "DISTRICT": "Dhanbad",
        "STATE": "Jharkhand",
        "ELEVATION_M": 266.0,
        "SLOPE_DEG": 2.124,
        "LANDCOVER_CLASS": 10,
        "LANDCOVER_NAME": "Tree cover / Forest"
      },
      "geometry": {
        "type": "Point",
        "coordinates": [
          86.1535,
          23.877
        ]
      }
    },
    {
      "type": "Feature",
      "properties": {
        "GPCODE": 111926,
        "GPNAME": "CHANDRAHA",
        "BLOCK": "Topchanchi",
        "DISTRICT": "Dhanbad",
        "STATE": "Jharkhand",
        "ELEVATION_M": 311.0,
        "SLOPE_DEG": 2.278,
        "LANDCOVER_CLASS": 10,
        "LANDCOVER_NAME": "Tree cover / Forest"
      },
      "geometry": {
        "type": "Point",
        "coordinates": [
          86.192,
          23.878
        ]
      }
    },
    {
      "type": "Feature",
      "properties": {
        "GPCODE": 111927,
        "GPNAME": "CHHATATAND",
        "BLOCK": "Topchanchi",
        "DISTRICT": "Dhanbad",
        "STATE": "Jharkhand",
        "ELEVATION_M": 274.0,
        "SLOPE_DEG": 2.464,
        "LANDCOVER_CLASS": 10,
        "LANDCOVER_NAME": "Tree cover / Forest"
      },
      "geometry": {
        "type": "Point",
        "coordinates": [
          86.2275,
          23.879
        ]
      }
    },
    {
      "type": "Feature",
      "properties": {
        "GPCODE": 111928,
        "GPNAME": "DUMRI",
        "BLOCK": "Topchanchi",
        "DISTRICT": "Dhanbad",
        "STATE": "Jharkhand",
        "ELEVATION_M": 244.0,
        "SLOPE_DEG": 2.628,
        "LANDCOVER_CLASS": 12,
        "LANDCOVER_NAME": "Cropland"
      },
      "geometry": {
        "type": "Point",
        "coordinates": [
          86.266,
          23.877
        ]
      }
    },
    {
      "type": "Feature",
      "properties": {
        "GPCODE": 111929,
        "GPNAME": "GOHALBARI",
        "BLOCK": "Topchanchi",
        "DISTRICT": "Dhanbad",
        "STATE": "Jharkhand",
        "ELEVATION_M": 238.0,
        "SLOPE_DEG": 2.618,
        "LANDCOVER_CLASS": 12,
        "LANDCOVER_NAME": "Cropland"
      },
      "geometry": {
        "type": "Point",
        "coordinates": [
          86.117,
          23.9
        ]
      }
    },
    {
      "type": "Feature",
      "properties": {
        "GPCODE": 111930,
        "GPNAME": "HARDIHI",
        "BLOCK": "Topchanchi",
        "DISTRICT": "Dhanbad",
        "STATE": "Jharkhand",
        "ELEVATION_M": 281.0,
        "SLOPE_DEG": 2.714,
        "LANDCOVER_CLASS": 10,
        "LANDCOVER_NAME": "Tree cover / Forest"
      },
      "geometry": {
        "type": "Point",
        "coordinates": [
          86.1525,
          23.901
        ]
      }
    },
    {
      "type": "Feature",
      "properties": {
        "GPCODE": 111931,
        "GPNAME": "KANKO",
        "BLOCK": "Topchanchi",
        "DISTRICT": "Dhanbad",
        "STATE": "Jharkhand",
        "ELEVATION_M": 293.0,
        "SLOPE_DEG": 2.794,
        "LANDCOVER_CLASS": 10,
        "LANDCOVER_NAME": "Tree cover / Forest"
      },
      "geometry": {
        "type": "Point",
        "coordinates": [
          86.191,
          23.899
        ]
      }
    },
    {
      "type": "Feature",
      "properties": {
        "GPCODE": 111932,
        "GPNAME": "KHANUDIH",
        "BLOCK": "Topchanchi",
        "DISTRICT": "Dhanbad",
        "STATE": "Jharkhand",
        "ELEVATION_M": 277.0,
        "SLOPE_DEG": 2.993,
        "LANDCOVER_CLASS": 10,
        "LANDCOVER_NAME": "Tree cover / Forest"
      },
      "geometry": {
        "type": "Point",
        "coordinates": [
          86.2295,
          23.9
        ]
      }
    },
    {
      "type": "Feature",
      "properties": {
        "GPCODE": 111933,
        "GPNAME": "MADHUGARH",
        "BLOCK": "Topchanchi",
        "DISTRICT": "Dhanbad",
        "STATE": "Jharkhand",
        "ELEVATION_M": 277.0,
        "SLOPE_DEG": 3.215,
        "LANDCOVER_CLASS": 10,
        "LANDCOVER_NAME": "Tree cover / Forest"
      },
      "geometry": {
        "type": "Point",
        "coordinates": [
          86.265,
          23.901
        ]
      }
    },
    {
      "type": "Feature",
      "properties": {
        "GPCODE": 111934,
        "GPNAME": "MATARI",
        "BLOCK": "Topchanchi",
        "DISTRICT": "Dhanbad",
        "STATE": "Jharkhand",
        "ELEVATION_M": 278.0,
        "SLOPE_DEG": 3.11,
        "LANDCOVER_CLASS": 10,
        "LANDCOVER_NAME": "Tree cover / Forest"
      },
      "geometry": {
        "type": "Point",
        "coordinates": [
          86.116,
          23.921
        ]
      }
    },
    {
      "type": "Feature",
      "properties": {
        "GPCODE": 111935,
        "GPNAME": "MOKHTARPUR",
        "BLOCK": "Topchanchi",
        "DISTRICT": "Dhanbad",
        "STATE": "Jharkhand",
        "ELEVATION_M": 295.0,
        "SLOPE_DEG": 3.211,
        "LANDCOVER_CLASS": 10,
        "LANDCOVER_NAME": "Tree cover / Forest"
      },
      "geometry": {
        "type": "Point",
        "coordinates": [
          86.1545,
          23.922
        ]
      }
    },
    {
      "type": "Feature",
      "properties": {
        "GPCODE": 111936,
        "GPNAME": "NAWADIH",
        "BLOCK": "Topchanchi",
        "DISTRICT": "Dhanbad",
        "STATE": "Jharkhand",
        "ELEVATION_M": 312.0,
        "SLOPE_DEG": 3.353,
        "LANDCOVER_CLASS": 10,
        "LANDCOVER_NAME": "Tree cover / Forest"
      },
      "geometry": {
        "type": "Point",
        "coordinates": [
          86.19,
          23.923
        ]
      }
    },
    {
      "type": "Feature",
      "properties": {
        "GPCODE": 111937,
        "GPNAME": "NETURDIH",
        "BLOCK": "Topchanchi",
        "DISTRICT": "Dhanbad",
        "STATE": "Jharkhand",
        "ELEVATION_M": 318.0,
        "SLOPE_DEG": 3.482,
        "LANDCOVER_CLASS": 10,
        "LANDCOVER_NAME": "Tree cover / Forest"
      },
      "geometry": {
        "type": "Point",
        "coordinates": [
          86.2285,
          23.921
        ]
      }
    },
    {
      "type": "Feature",
      "properties": {
        "GPCODE": 111938,
        "GPNAME": "PAHARPUR",
        "BLOCK": "Topchanchi",
        "DISTRICT": "Dhanbad",
        "STATE": "Jharkhand",
        "ELEVATION_M": 409.0,
        "SLOPE_DEG": 3.719,
        "LANDCOVER_CLASS": 10,
        "LANDCOVER_NAME": "Tree cover / Forest"
      },
      "geometry": {
        "type": "Point",
        "coordinates": [
          86.267,
          23.922
        ]
      }
    },
    {
      "type": "Feature",
      "properties": {
        "GPCODE": 111939,
        "GPNAME": "PRADHANKHANTA",
        "BLOCK": "Topchanchi",
        "DISTRICT": "Dhanbad",
        "STATE": "Jharkhand",
        "ELEVATION_M": 499.0,
        "SLOPE_DEG": 3.613,
        "LANDCOVER_CLASS": 10,
        "LANDCOVER_NAME": "Tree cover / Forest"
      },
      "geometry": {
        "type": "Point",
        "coordinates": [
          86.115,
          23.945
        ]
      }
    },
    {
      "type": "Feature",
      "properties": {
        "GPCODE": 111940,
        "GPNAME": "RAMAKUNDA",
        "BLOCK": "Topchanchi",
        "DISTRICT": "Dhanbad",
        "STATE": "Jharkhand",
        "ELEVATION_M": 467.0,
        "SLOPE_DEG": 3.652,
        "LANDCOVER_CLASS": 10,
        "LANDCOVER_NAME": "Tree cover / Forest"
      },
      "geometry": {
        "type": "Point",
        "coordinates": [
          86.1535,
          23.943
        ]
      }
    },
    {
      "type": "Feature",
      "properties": {
        "GPCODE": 111941,
        "GPNAME": "ROAM",
        "BLOCK": "Topchanchi",
        "DISTRICT": "Dhanbad",
        "STATE": "Jharkhand",
        "ELEVATION_M": 364.0,
        "SLOPE_DEG": 3.801,
        "LANDCOVER_CLASS": 10,
        "LANDCOVER_NAME": "Tree cover / Forest"
      },
      "geometry": {
        "type": "Point",
        "coordinates": [
          86.192,
          23.944
        ]
      }
    },
    {
      "type": "Feature",
      "properties": {
        "GPCODE": 111942,
        "GPNAME": "SAHIJANA",
        "BLOCK": "Topchanchi",
        "DISTRICT": "Dhanbad",
        "STATE": "Jharkhand",
        "ELEVATION_M": 383.0,
        "SLOPE_DEG": 3.981,
        "LANDCOVER_CLASS": 10,
        "LANDCOVER_NAME": "Tree cover / Forest"
      },
      "geometry": {
        "type": "Point",
        "coordinates": [
          86.2275,
          23.945
        ]
      }
    },
    {
      "type": "Feature",
      "properties": {
        "GPCODE": 111943,
        "GPNAME": "SINGHDAHA",
        "BLOCK": "Topchanchi",
        "DISTRICT": "Dhanbad",
        "STATE": "Jharkhand",
        "ELEVATION_M": 327.0,
        "SLOPE_DEG": 4.156,
        "LANDCOVER_CLASS": 10,
        "LANDCOVER_NAME": "Tree cover / Forest"
      },
      "geometry": {
        "type": "Point",
        "coordinates": [
          86.266,
          23.943
        ]
      }
    },
    {
      "type": "Feature",
      "properties": {
        "GPCODE": 111944,
        "GPNAME": "TANTRI",
        "BLOCK": "Topchanchi",
        "DISTRICT": "Dhanbad",
        "STATE": "Jharkhand",
        "ELEVATION_M": 841.0,
        "SLOPE_DEG": 3.983,
        "LANDCOVER_CLASS": 10,
        "LANDCOVER_NAME": "Tree cover / Forest"
      },
      "geometry": {
        "type": "Point",
        "coordinates": [
          86.117,
          23.966
        ]
      }
    },
    {
      "type": "Feature",
      "properties": {
        "GPCODE": 111945,
        "GPNAME": "TOPCHANCHI",
        "BLOCK": "Topchanchi",
        "DISTRICT": "Dhanbad",
        "STATE": "Jharkhand",
        "ELEVATION_M": 969.0,
        "SLOPE_DEG": 4.071,
        "LANDCOVER_CLASS": 10,
        "LANDCOVER_NAME": "Tree cover / Forest"
      },
      "geometry": {
        "type": "Point",
        "coordinates": [
          86.1525,
          23.967
        ]
      }
    },
    {
      "type": "Feature",
      "properties": {
        "GPCODE": 111946,
        "GPNAME": "VISHNUPUR",
        "BLOCK": "Topchanchi",
        "DISTRICT": "Dhanbad",
        "STATE": "Jharkhand",
        "ELEVATION_M": 383.0,
        "SLOPE_DEG": 4.168,
        "LANDCOVER_CLASS": 10,
        "LANDCOVER_NAME": "Tree cover / Forest"
      },
      "geometry": {
        "type": "Point",
        "coordinates": [
          86.191,
          23.965
        ]
      }
    },
    {
      "type": "Feature",
      "properties": {
        "GPCODE": 111947,
        "GPNAME": "BAMANDIHA",
        "BLOCK": "Tundi",
        "DISTRICT": "Dhanbad",
        "STATE": "Jharkhand",
        "ELEVATION_M": 275.0,
        "SLOPE_DEG": 4.541,
        "LANDCOVER_CLASS": 10,
        "LANDCOVER_NAME": "Tree cover / Forest"
      },
      "geometry": {
        "type": "Point",
        "coordinates": [
          86.376,
          23.925
        ]
      }
    },
    {
      "type": "Feature",
      "properties": {
        "GPCODE": 111948,
        "GPNAME": "BARIDIH",
        "BLOCK": "Tundi",
        "DISTRICT": "Dhanbad",
        "STATE": "Jharkhand",
        "ELEVATION_M": 282.0,
        "SLOPE_DEG": 4.944,
        "LANDCOVER_CLASS": 10,
        "LANDCOVER_NAME": "Tree cover / Forest"
      },
      "geometry": {
        "type": "Point",
        "coordinates": [
          86.427,
          23.926
        ]
      }
    },
    {
      "type": "Feature",
      "properties": {
        "GPCODE": 111949,
        "GPNAME": "BHATUA",
        "BLOCK": "Tundi",
        "DISTRICT": "Dhanbad",
        "STATE": "Jharkhand",
        "ELEVATION_M": 251.0,
        "SLOPE_DEG": 5.311,
        "LANDCOVER_CLASS": 12,
        "LANDCOVER_NAME": "Cropland"
      },
      "geometry": {
        "type": "Point",
        "coordinates": [
          86.475,
          23.927
        ]
      }
    },
    {
      "type": "Feature",
      "properties": {
        "GPCODE": 111950,
        "GPNAME": "CHAMPI",
        "BLOCK": "Tundi",
        "DISTRICT": "Dhanbad",
        "STATE": "Jharkhand",
        "ELEVATION_M": 245.0,
        "SLOPE_DEG": 5.595,
        "LANDCOVER_CLASS": 12,
        "LANDCOVER_NAME": "Cropland"
      },
      "geometry": {
        "type": "Point",
        "coordinates": [
          86.526,
          23.925
        ]
      }
    },
    {
      "type": "Feature",
      "properties": {
        "GPCODE": 111951,
        "GPNAME": "DHANWAR",
        "BLOCK": "Tundi",
        "DISTRICT": "Dhanbad",
        "STATE": "Jharkhand",
        "ELEVATION_M": 655.0,
        "SLOPE_DEG": 5.305,
        "LANDCOVER_CLASS": 10,
        "LANDCOVER_NAME": "Tree cover / Forest"
      },
      "geometry": {
        "type": "Point",
        "coordinates": [
          86.377,
          23.964333
        ]
      }
    },
    {
      "type": "Feature",
      "properties": {
        "GPCODE": 111952,
        "GPNAME": "JAMUKANDAR",
        "BLOCK": "Tundi",
        "DISTRICT": "Dhanbad",
        "STATE": "Jharkhand",
        "ELEVATION_M": 479.0,
        "SLOPE_DEG": 5.679,
        "LANDCOVER_CLASS": 10,
        "LANDCOVER_NAME": "Tree cover / Forest"
      },
      "geometry": {
        "type": "Point",
        "coordinates": [
          86.425,
          23.965333
        ]
      }
    },
    {
      "type": "Feature",
      "properties": {
        "GPCODE": 111953,
        "GPNAME": "KATAHARA",
        "BLOCK": "Tundi",
        "DISTRICT": "Dhanbad",
        "STATE": "Jharkhand",
        "ELEVATION_M": 252.0,
        "SLOPE_DEG": 6.014,
        "LANDCOVER_CLASS": 12,
        "LANDCOVER_NAME": "Cropland"
      },
      "geometry": {
        "type": "Point",
        "coordinates": [
          86.476,
          23.963333
        ]
      }
    },
    {
      "type": "Feature",
      "properties": {
        "GPCODE": 111954,
        "GPNAME": "KOLHABANI",
        "BLOCK": "Tundi",
        "DISTRICT": "Dhanbad",
        "STATE": "Jharkhand",
        "ELEVATION_M": 214.0,
        "SLOPE_DEG": 6.357,
        "LANDCOVER_CLASS": 12,
        "LANDCOVER_NAME": "Cropland"
      },
      "geometry": {
        "type": "Point",
        "coordinates": [
          86.527,
          23.964333
        ]
      }
    },
    {
      "type": "Feature",
      "properties": {
        "GPCODE": 111955,
        "GPNAME": "MACHHIAHARI",
        "BLOCK": "Tundi",
        "DISTRICT": "Dhanbad",
        "STATE": "Jharkhand",
        "ELEVATION_M": 239.0,
        "SLOPE_DEG": 5.751,
        "LANDCOVER_CLASS": 12,
        "LANDCOVER_NAME": "Cropland"
      },
      "geometry": {
        "type": "Point",
        "coordinates": [
          86.375,
          24.003667
        ]
      }
    },
    {
      "type": "Feature",
      "properties": {
        "GPCODE": 111956,
        "GPNAME": "MANIADIH",
        "BLOCK": "Tundi",
        "DISTRICT": "Dhanbad",
        "STATE": "Jharkhand",
        "ELEVATION_M": 232.0,
        "SLOPE_DEG": 6.117,
        "LANDCOVER_CLASS": 12,
        "LANDCOVER_NAME": "Cropland"
      },
      "geometry": {
        "type": "Point",
        "coordinates": [
          86.426,
          24.001667
        ]
      }
    },
    {
      "type": "Feature",
      "properties": {
        "GPCODE": 111957,
        "GPNAME": "NANDPUR",
        "BLOCK": "Tundi",
        "DISTRICT": "Dhanbad",
        "STATE": "Jharkhand",
        "ELEVATION_M": 199.0,
        "SLOPE_DEG": 6.491,
        "LANDCOVER_CLASS": 12,
        "LANDCOVER_NAME": "Cropland"
      },
      "geometry": {
        "type": "Point",
        "coordinates": [
          86.477,
          24.002667
        ]
      }
    },
    {
      "type": "Feature",
      "properties": {
        "GPCODE": 111958,
        "GPNAME": "RATANPUR",
        "BLOCK": "Tundi",
        "DISTRICT": "Dhanbad",
        "STATE": "Jharkhand",
        "ELEVATION_M": 201.0,
        "SLOPE_DEG": 6.807,
        "LANDCOVER_CLASS": 12,
        "LANDCOVER_NAME": "Cropland"
      },
      "geometry": {
        "type": "Point",
        "coordinates": [
          86.525,
          24.003667
        ]
      }
    },
    {
      "type": "Feature",
      "properties": {
        "GPCODE": 111959,
        "GPNAME": "RUPABAN",
        "BLOCK": "Tundi",
        "DISTRICT": "Dhanbad",
        "STATE": "Jharkhand",
        "ELEVATION_M": 235.0,
        "SLOPE_DEG": 5.861,
        "LANDCOVER_CLASS": 12,
        "LANDCOVER_NAME": "Cropland"
      },
      "geometry": {
        "type": "Point",
        "coordinates": [
          86.376,
          24.04
        ]
      }
    },
    {
      "type": "Feature",
      "properties": {
        "GPCODE": 111960,
        "GPNAME": "TUNDI",
        "BLOCK": "Tundi",
        "DISTRICT": "Dhanbad",
        "STATE": "Jharkhand",
        "ELEVATION_M": 209.0,
        "SLOPE_DEG": 6.24,
        "LANDCOVER_CLASS": 12,
        "LANDCOVER_NAME": "Cropland"
      },
      "geometry": {
        "type": "Point",
        "coordinates": [
          86.427,
          24.041
        ]
      }
    }
  ]
}