{
  "type": "FeatureCollection",
  "name": "Dhanbad_Gram_Panchayat_Polygons",
  "crs": {
    "type": "name",
    "properties": {
      "name": "urn:ogc:def:crs:OGC:1.3:CRS84"
    }
  },
  "features": [
    {
      "type": "Feature",
      "id": 111722,
      "properties": {
        "id": 1,
        "gp_code": 111722,
        "gp_name": "BAGDAHA",
        "block_code": 2354,
        "block_name": "Baghmara",
        "district_code": 336,
        "district_name": "Dhanbad",
        "state_code": 20,
        "state_name": "Jharkhand",
        "area_sq_km": 143.859,
        "centroid_lat": 23.75,
        "centroid_lon": 86.151,
        "elevation_mean": 231.0,
        "elevation_min": 221.5,
        "elevation_max": 246.2,
        "slope_mean": 3.796,
        "ndvi_mean": 0.22,
        "land_cover_class": 13,
        "land_cover_name": "Built-up / Urban settlements",
        "agriculture_fraction": 0.15,
        "forest_fraction": 0.05,
        "water_fraction": 0.04,
        "source": "Local Government Directory (LGD) / Survey of India / Bharat Maps",
        "source_version": "2024.1",
        "last_updated": "2026-09-25T18:00:00Z",
        "boundary_quality": "DERIVED",
        "boundary_source": "LGD Revenue Village Centroids + Block-Bounded Voronoi Tessellation"
      },
      "geometry": {
        "type": "Polygon",
        "coordinates": [
          [
            [
              86.16285568916344,
              23.758062960085862
            ],
            [
              86.16852958716558,
              23.62
            ],
            [
              86.07499999999999,
              23.62
            ],
            [
              86.07499999999999,
              23.763103736330276
            ],
            [
              86.16285568916344,
              23.758062960085862
            ]
          ]
        ]
      }
    },
    {
      "type": "Feature",
      "id": 111723,
      "properties": {
        "id": 2,
        "gp_code": 111723,
        "gp_name": "BAGRA",
        "block_code": 2354,
        "block_name": "Baghmara",
        "district_code": 336,
        "district_name": "Dhanbad",
        "state_code": 20,
        "state_name": "Jharkhand",
        "area_sq_km": 36.634,
        "centroid_lat": 23.751,
        "centroid_lon": 86.17533,
        "elevation_mean": 198.0,
        "elevation_min": 188.5,
        "elevation_max": 213.2,
        "slope_mean": 3.797,
        "ndvi_mean": 0.64,
        "land_cover_class": 12,
        "land_cover_name": "Cropland",
        "agriculture_fraction": 0.72,
        "forest_fraction": 0.12,
        "water_fraction": 0.04,
        "source": "Local Government Directory (LGD) / Survey of India / Bharat Maps",
        "source_version": "2024.1",
        "last_updated": "2026-09-25T18:00:00Z",
        "boundary_quality": "DERIVED",
        "boundary_source": "LGD Revenue Village Centroids + Block-Bounded Voronoi Tessellation"
      },
      "geometry": {
        "type": "Polygon",
        "coordinates": [
          [
            [
              86.16311191945891,
              23.758426866682996
            ],
            [
              86.1849662346719,
              23.760934677253072
            ],
            [
              86.18560082063458,
              23.760016092581974
            ],
            [
              86.19216386987905,
              23.62
            ],
            [
              86.16852958716558,
              23.62
            ],
            [
              86.16285568916344,
              23.758062960085862
            ],
            [
              86.16311191945891,
              23.758426866682996
            ]
          ]
        ]
      }
    },
    {
      "type": "Feature",
      "id": 111724,
      "properties": {
        "id": 3,
        "gp_code": 111724,
        "gp_name": "BAHIYARDIH",
        "block_code": 2354,
        "block_name": "Baghmara",
        "district_code": 336,
        "district_name": "Dhanbad",
        "state_code": 20,
        "state_name": "Jharkhand",
        "area_sq_km": 23.381,
        "centroid_lat": 23.752,
        "centroid_lon": 86.19667,
        "elevation_mean": 188.0,
        "elevation_min": 178.5,
        "elevation_max": 203.2,
        "slope_mean": 3.798,
        "ndvi_mean": 0.64,
        "land_cover_class": 12,
        "land_cover_name": "Cropland",
        "agriculture_fraction": 0.72,
        "forest_fraction": 0.12,
        "water_fraction": 0.04,
        "source": "Local Government Directory (LGD) / Survey of India / Bharat Maps",
        "source_version": "2024.1",
        "last_updated": "2026-09-25T18:00:00Z",
        "boundary_quality": "DERIVED",
        "boundary_source": "LGD Revenue Village Centroids + Block-Bounded Voronoi Tessellation"
      },
      "geometry": {
        "type": "Polygon",
        "coordinates": [
          [
            [
              86.18560082063458,
              23.760016092581974
            ],
            [
              86.20943876910871,
              23.75836400661109
            ],
            [
              86.19806622921548,
              23.62
            ],
            [
              86.19216386987905,
              23.62
            ],
            [
              86.18560082063458,
              23.760016092581974
            ]
          ]
        ]
      }
    },
    {
      "type": "Feature",
      "id": 111725,
      "properties": {
        "id": 4,
        "gp_code": 111725,
        "gp_name": "BANSJORA",
        "block_code": 2354,
        "block_name": "Baghmara",
        "district_code": 336,
        "district_name": "Dhanbad",
        "state_code": 20,
        "state_name": "Jharkhand",
        "area_sq_km": 49.981,
        "centroid_lat": 23.75,
        "centroid_lon": 86.221,
        "elevation_mean": 203.0,
        "elevation_min": 193.5,
        "elevation_max": 218.2,
        "slope_mean": 3.796,
        "ndvi_mean": 0.64,
        "land_cover_class": 12,
        "land_cover_name": "Cropland",
        "agriculture_fraction": 0.72,
        "forest_fraction": 0.12,
        "water_fraction": 0.04,
        "source": "Local Government Directory (LGD) / Survey of India / Bharat Maps",
        "source_version": "2024.1",
        "last_updated": "2026-09-25T18:00:00Z",
        "boundary_quality": "DERIVED",
        "boundary_source": "LGD Revenue Village Centroids + Block-Bounded Voronoi Tessellation"
      },
      "geometry": {
        "type": "Polygon",
        "coordinates": [
          [
            [
              86.20943876910871,
              23.75836400661109
            ],
            [
              86.21014431083655,
              23.759366039914127
            ],
            [
              86.23285568916344,
              23.758062960085873
            ],
            [
              86.23852958716559,
              23.62
            ],
            [
              86.19806622921548,
              23.62
            ],
            [
              86.20943876910871,
              23.75836400661109
            ]
          ]
        ]
      }
    },
    {
      "type": "Feature",
      "id": 111726,
      "properties": {
        "id": 5,
        "gp_code": 111726,
        "gp_name": "BARORA",
        "block_code": 2354,
        "block_name": "Baghmara",
        "district_code": 336,
        "district_name": "Dhanbad",
        "state_code": 20,
        "state_name": "Jharkhand",
        "area_sq_km": 36.632,
        "centroid_lat": 23.751,
        "centroid_lon": 86.24533,
        "elevation_mean": 215.0,
        "elevation_min": 205.5,
        "elevation_max": 230.2,
        "slope_mean": 3.797,
        "ndvi_mean": 0.64,
        "land_cover_class": 12,
        "land_cover_name": "Cropland",
        "agriculture_fraction": 0.72,
        "forest_fraction": 0.12,
        "water_fraction": 0.04,
        "source": "Local Government Directory (LGD) / Survey of India / Bharat Maps",
        "source_version": "2024.1",
        "last_updated": "2026-09-25T18:00:00Z",
        "boundary_quality": "APPROXIMATE",
        "boundary_source": "Non-Cadastral Mining/Forest Fringe Buffer Boundary"
      },
      "geometry": {
        "type": "Polygon",
        "coordinates": [
          [
            [
              86.23285568916344,
              23.758062960085873
            ],
            [
              86.23311191945892,
              23.758426866682992
            ],
            [
              86.25496623467191,
              23.760934677253072
            ],
            [
              86.25560082063457,
              23.760016092581985
            ],
            [
              86.26216386987905,
              23.62
            ],
            [
              86.23852958716559,
              23.62
            ],
            [
              86.23285568916344,
              23.758062960085873
            ]
          ]
        ]
      }
    },
    {
      "type": "Feature",
      "id": 111727,
      "properties": {
        "id": 6,
        "gp_code": 111727,
        "gp_name": "BEHRAKUDAR",
        "block_code": 2354,
        "block_name": "Baghmara",
        "district_code": 336,
        "district_name": "Dhanbad",
        "state_code": 20,
        "state_name": "Jharkhand",
        "area_sq_km": 23.38,
        "centroid_lat": 23.752,
        "centroid_lon": 86.26667,
        "elevation_mean": 208.0,
        "elevation_min": 198.5,
        "elevation_max": 223.2,
        "slope_mean": 3.798,
        "ndvi_mean": 0.64,
        "land_cover_class": 12,
        "land_cover_name": "Cropland",
        "agriculture_fraction": 0.72,
        "forest_fraction": 0.12,
        "water_fraction": 0.04,
        "source": "Local Government Directory (LGD) / Survey of India / Bharat Maps",
        "source_version": "2024.1",
        "last_updated": "2026-09-25T18:00:00Z",
        "boundary_quality": "DERIVED",
        "boundary_source": "LGD Revenue Village Centroids + Block-Bounded Voronoi Tessellation"
      },
      "geometry": {
        "type": "Polygon",
        "coordinates": [
          [
            [
              86.25560082063457,
              23.760016092581985
            ],
            [
              86.27943876910871,
              23.758364006611075
            ],
            [
              86.26806622921546,
              23.62
            ],
            [
              86.26216386987905,
              23.62
            ],
            [
              86.25560082063457,
              23.760016092581985
            ]
          ]
        ]
      }
    },
    {
      "type": "Feature",
      "id": 111728,
      "properties": {
        "id": 7,
        "gp_code": 111728,
        "gp_name": "BHIMKANALI",
        "block_code": 2354,
        "block_name": "Baghmara",
        "district_code": 336,
        "district_name": "Dhanbad",
        "state_code": 20,
        "state_name": "Jharkhand",
        "area_sq_km": 101.231,
        "centroid_lat": 23.75,
        "centroid_lon": 86.291,
        "elevation_mean": 186.0,
        "elevation_min": 176.5,
        "elevation_max": 201.2,
        "slope_mean": 3.796,
        "ndvi_mean": 0.64,
        "land_cover_class": 12,
        "land_cover_name": "Cropland",
        "agriculture_fraction": 0.72,
        "forest_fraction": 0.12,
        "water_fraction": 0.04,
        "source": "Local Government Directory (LGD) / Survey of India / Bharat Maps",
        "source_version": "2024.1",
        "last_updated": "2026-09-25T18:00:00Z",
        "boundary_quality": "DERIVED",
        "boundary_source": "LGD Revenue Village Centroids + Block-Bounded Voronoi Tessellation"
      },
      "geometry": {
        "type": "Polygon",
        "coordinates": [
          [
            [
              86.33850000000001,
              23.62
            ],
            [
              86.26806622921546,
              23.62
            ],
            [
              86.27943876910871,
              23.758364006611075
            ],
            [
              86.28014431083656,
              23.759366039914138
            ],
            [
              86.33081767206643,
              23.75645862346855
            ],
            [
              86.346,
              23.634999999999994
            ],
            [
              86.33850000000001,
              23.62
            ]
          ]
        ]
      }
    },
    {
      "type": "Feature",
      "id": 111729,
      "properties": {
        "id": 8,
        "gp_code": 111729,
        "gp_name": "BOWAKALA NORTH",
        "block_code": 2354,
        "block_name": "Baghmara",
        "district_code": 336,
        "district_name": "Dhanbad",
        "state_code": 20,
        "state_name": "Jharkhand",
        "area_sq_km": 11.732,
        "centroid_lat": 23.76743,
        "centroid_lon": 86.152,
        "elevation_mean": 213.0,
        "elevation_min": 203.5,
        "elevation_max": 228.2,
        "slope_mean": 3.795,
        "ndvi_mean": 0.22,
        "land_cover_class": 13,
        "land_cover_name": "Built-up / Urban settlements",
        "agriculture_fraction": 0.15,
        "forest_fraction": 0.05,
        "water_fraction": 0.04,
        "source": "Local Government Directory (LGD) / Survey of India / Bharat Maps",
        "source_version": "2024.1",
        "last_updated": "2026-09-25T18:00:00Z",
        "boundary_quality": "DERIVED",
        "boundary_source": "LGD Revenue Village Centroids + Block-Bounded Voronoi Tessellation"
      },
      "geometry": {
        "type": "Polygon",
        "coordinates": [
          [
            [
              86.16163275506322,
              23.77736319222667
            ],
            [
              86.16226732439297,
              23.77644461322478
            ],
            [
              86.16311191945891,
              23.758426866682996
            ],
            [
              86.16285568916344,
              23.758062960085862
            ],
            [
              86.07499999999999,
              23.763103736330276
            ],
            [
              86.07499999999999,
              23.767421402570594
            ],
            [
              86.16163275506322,
              23.77736319222667
            ]
          ]
        ]
      }
    },
    {
      "type": "Feature",
      "id": 111730,
      "properties": {
        "id": 9,
        "gp_code": 111730,
        "gp_name": "BOWAKALA SOUTH",
        "block_code": 2354,
        "block_name": "Baghmara",
        "district_code": 336,
        "district_name": "Dhanbad",
        "state_code": 20,
        "state_name": "Jharkhand",
        "area_sq_km": 4.107,
        "centroid_lat": 23.76843,
        "centroid_lon": 86.17333,
        "elevation_mean": 203.0,
        "elevation_min": 193.5,
        "elevation_max": 218.2,
        "slope_mean": 3.794,
        "ndvi_mean": 0.64,
        "land_cover_class": 12,
        "land_cover_name": "Cropland",
        "agriculture_fraction": 0.72,
        "forest_fraction": 0.12,
        "water_fraction": 0.04,
        "source": "Local Government Directory (LGD) / Survey of India / Bharat Maps",
        "source_version": "2024.1",
        "last_updated": "2026-09-25T18:00:00Z",
        "boundary_quality": "DERIVED",
        "boundary_source": "LGD Revenue Village Centroids + Block-Bounded Voronoi Tessellation"
      },
      "geometry": {
        "type": "Polygon",
        "coordinates": [
          [
            [
              86.16226732439297,
              23.77644461322478
            ],
            [
              86.18610519586466,
              23.77479241808534
            ],
            [
              86.1849662346719,
              23.760934677253072
            ],
            [
              86.16311191945891,
              23.758426866682996
            ],
            [
              86.16226732439297,
              23.77644461322478
            ]
          ]
        ]
      }
    },
    {
      "type": "Feature",
      "id": 111731,
      "properties": {
        "id": 10,
        "gp_code": 111731,
        "gp_name": "CHHATRUTAND",
        "block_code": 2354,
        "block_name": "Baghmara",
        "district_code": 336,
        "district_name": "Dhanbad",
        "state_code": 20,
        "state_name": "Jharkhand",
        "area_sq_km": 4.375,
        "centroid_lat": 23.76643,
        "centroid_lon": 86.19767,
        "elevation_mean": 205.0,
        "elevation_min": 195.5,
        "elevation_max": 220.2,
        "slope_mean": 3.796,
        "ndvi_mean": 0.64,
        "land_cover_class": 12,
        "land_cover_name": "Cropland",
        "agriculture_fraction": 0.72,
        "forest_fraction": 0.12,
        "water_fraction": 0.04,
        "source": "Local Government Directory (LGD) / Survey of India / Bharat Maps",
        "source_version": "2024.1",
        "last_updated": "2026-09-25T18:00:00Z",
        "boundary_quality": "APPROXIMATE",
        "boundary_source": "Non-Cadastral Mining/Forest Fringe Buffer Boundary"
      },
      "geometry": {
        "type": "Polygon",
        "coordinates": [
          [
            [
              86.1849662346719,
              23.760934677253072
            ],
            [
              86.18610519586466,
              23.77479241808534
            ],
            [
              86.18681077471601,
              23.775794608060824
            ],
            [
              86.20952271130024,
              23.774491421431012
            ],
            [
              86.21014431083655,
              23.759366039914127
            ],
            [
              86.20943876910871,
              23.75836400661109
            ],
            [
              86.18560082063458,
              23.760016092581974
            ],
            [
              86.1849662346719,
              23.760934677253072
            ]
          ]
        ]
      }
    },
    {
      "type": "Feature",
      "id": 111732,
      "properties": {
        "id": 11,
        "gp_code": 111732,
        "gp_name": "DALUDIH",
        "block_code": 2354,
        "block_name": "Baghmara",
        "district_code": 336,
        "district_name": "Dhanbad",
        "state_code": 20,
        "state_name": "Jharkhand",
        "area_sq_km": 4.492,
        "centroid_lat": 23.76743,
        "centroid_lon": 86.222,
        "elevation_mean": 212.0,
        "elevation_min": 202.5,
        "elevation_max": 227.2,
        "slope_mean": 3.795,
        "ndvi_mean": 0.64,
        "land_cover_class": 12,
        "land_cover_name": "Cropland",
        "agriculture_fraction": 0.72,
        "forest_fraction": 0.12,
        "water_fraction": 0.04,
        "source": "Local Government Directory (LGD) / Survey of India / Bharat Maps",
        "source_version": "2024.1",
        "last_updated": "2026-09-25T18:00:00Z",
        "boundary_quality": "DERIVED",
        "boundary_source": "LGD Revenue Village Centroids + Block-Bounded Voronoi Tessellation"
      },
      "geometry": {
        "type": "Polygon",
        "coordinates": [
          [
            [
              86.20977889959124,
              23.774855290519998
            ],
            [
              86.23163275506322,
              23.77736319222667
            ],
            [
              86.23226732439296,
              23.776444613224765
            ],
            [
              86.23311191945892,
              23.758426866682992
            ],
            [
              86.23285568916344,
              23.758062960085873
            ],
            [
              86.21014431083655,
              23.759366039914127
            ],
            [
              86.20952271130024,
              23.774491421431012
            ],
            [
              86.20977889959124,
              23.774855290519998
            ]
          ]
        ]
      }
    },
    {
      "type": "Feature",
      "id": 111733,
      "properties": {
        "id": 12,
        "gp_code": 111733,
        "gp_name": "DARIDA",
        "block_code": 2354,
        "block_name": "Baghmara",
        "district_code": 336,
        "district_name": "Dhanbad",
        "state_code": 20,
        "state_name": "Jharkhand",
        "area_sq_km": 4.107,
        "centroid_lat": 23.76843,
        "centroid_lon": 86.24333,
        "elevation_mean": 206.0,
        "elevation_min": 196.5,
        "elevation_max": 221.2,
        "slope_mean": 3.794,
        "ndvi_mean": 0.64,
        "land_cover_class": 12,
        "land_cover_name": "Cropland",
        "agriculture_fraction": 0.72,
        "forest_fraction": 0.12,
        "water_fraction": 0.04,
        "source": "Local Government Directory (LGD) / Survey of India / Bharat Maps",
        "source_version": "2024.1",
        "last_updated": "2026-09-25T18:00:00Z",
        "boundary_quality": "DERIVED",
        "boundary_source": "LGD Revenue Village Centroids + Block-Bounded Voronoi Tessellation"
      },
      "geometry": {
        "type": "Polygon",
        "coordinates": [
          [
            [
              86.23226732439296,
              23.776444613224765
            ],
            [
              86.25610519586466,
              23.77479241808535
            ],
            [
              86.25496623467191,
              23.760934677253072
            ],
            [
              86.23311191945892,
              23.758426866682992
            ],
            [
              86.23226732439296,
              23.776444613224765
            ]
          ]
        ]
      }
    },
    {
      "type": "Feature",
      "id": 111734,
      "properties": {
        "id": 13,
        "gp_code": 111734,
        "gp_name": "DHARMABANDH",
        "block_code": 2354,
        "block_name": "Baghmara",
        "district_code": 336,
        "district_name": "Dhanbad",
        "state_code": 20,
        "state_name": "Jharkhand",
        "area_sq_km": 4.375,
        "centroid_lat": 23.76643,
        "centroid_lon": 86.26767,
        "elevation_mean": 198.0,
        "elevation_min": 188.5,
        "elevation_max": 213.2,
        "slope_mean": 3.796,
        "ndvi_mean": 0.64,
        "land_cover_class": 12,
        "land_cover_name": "Cropland",
        "agriculture_fraction": 0.72,
        "forest_fraction": 0.12,
        "water_fraction": 0.04,
        "source": "Local Government Directory (LGD) / Survey of India / Bharat Maps",
        "source_version": "2024.1",
        "last_updated": "2026-09-25T18:00:00Z",
        "boundary_quality": "DERIVED",
        "boundary_source": "LGD Revenue Village Centroids + Block-Bounded Voronoi Tessellation"
      },
      "geometry": {
        "type": "Polygon",
        "coordinates": [
          [
            [
              86.25496623467191,
              23.760934677253072
            ],
            [
              86.25610519586466,
              23.77479241808535
            ],
            [
              86.256810774716,
              23.775794608060817
            ],
            [
              86.27952271130025,
              23.774491421431023
            ],
            [
              86.28014431083656,
              23.759366039914138
            ],
            [
              86.27943876910871,
              23.758364006611075
            ],
            [
              86.25560082063457,
              23.760016092581985
            ],
            [
              86.25496623467191,
              23.760934677253072
            ]
          ]
        ]
      }
    },
    {
      "type": "Feature",
      "id": 111735,
      "properties": {
        "id": 14,
        "gp_code": 111735,
        "gp_name": "DHAWACHITA",
        "block_code": 2354,
        "block_name": "Baghmara",
        "district_code": 336,
        "district_name": "Dhanbad",
        "state_code": 20,
        "state_name": "Jharkhand",
        "area_sq_km": 11.619,
        "centroid_lat": 23.76743,
        "centroid_lon": 86.292,
        "elevation_mean": 183.0,
        "elevation_min": 173.5,
        "elevation_max": 198.2,
        "slope_mean": 3.795,
        "ndvi_mean": 0.64,
        "land_cover_class": 12,
        "land_cover_name": "Cropland",
        "agriculture_fraction": 0.72,
        "forest_fraction": 0.12,
        "water_fraction": 0.04,
        "source": "Local Government Directory (LGD) / Survey of India / Bharat Maps",
        "source_version": "2024.1",
        "last_updated": "2026-09-25T18:00:00Z",
        "boundary_quality": "DERIVED",
        "boundary_source": "LGD Revenue Village Centroids + Block-Bounded Voronoi Tessellation"
      },
      "geometry": {
        "type": "Polygon",
        "coordinates": [
          [
            [
              86.27977889959124,
              23.774855290519998
            ],
            [
              86.33050750609314,
              23.780676796889264
            ],
            [
              86.33232617062659,
              23.7725
            ],
            [
              86.33081767206643,
              23.75645862346855
            ],
            [
              86.28014431083656,
              23.759366039914138
            ],
            [
              86.27952271130025,
              23.774491421431023
            ],
            [
              86.27977889959124,
              23.774855290519998
            ]
          ]
        ]
      }
    },
    {
      "type": "Feature",
      "id": 111736,
      "properties": {
        "id": 15,
        "gp_code": 111736,
        "gp_name": "DUMRA NORTH",
        "block_code": 2354,
        "block_name": "Baghmara",
        "district_code": 336,
        "district_name": "Dhanbad",
        "state_code": 20,
        "state_name": "Jharkhand",
        "area_sq_km": 21.195,
        "centroid_lat": 23.78486,
        "centroid_lon": 86.15,
        "elevation_mean": 210.0,
        "elevation_min": 200.6,
        "elevation_max": 225.0,
        "slope_mean": 3.76,
        "ndvi_mean": 0.22,
        "land_cover_class": 13,
        "land_cover_name": "Built-up / Urban settlements",
        "agriculture_fraction": 0.15,
        "forest_fraction": 0.05,
        "water_fraction": 0.04,
        "source": "Local Government Directory (LGD) / Survey of India / Bharat Maps",
        "source_version": "2024.1",
        "last_updated": "2026-09-25T18:00:00Z",
        "boundary_quality": "DERIVED",
        "boundary_source": "LGD Revenue Village Centroids + Block-Bounded Voronoi Tessellation"
      },
      "geometry": {
        "type": "Polygon",
        "coordinates": [
          [
            [
              86.16277176910872,
              23.79122100661109
            ],
            [
              86.16163275506322,
              23.77736319222667
            ],
            [
              86.07499999999999,
              23.767421402570594
            ],
            [
              86.07499999999999,
              23.791814504305478
            ],
            [
              86.08490835168608,
              23.796617320799314
            ],
            [
              86.16277176910872,
              23.79122100661109
            ]
          ]
        ]
      }
    },
    {
      "type": "Feature",
      "id": 111737,
      "properties": {
        "id": 16,
        "gp_code": 111737,
        "gp_name": "FULARITAND",
        "block_code": 2354,
        "block_name": "Baghmara",
        "district_code": 336,
        "district_name": "Dhanbad",
        "state_code": 20,
        "state_name": "Jharkhand",
        "area_sq_km": 4.375,
        "centroid_lat": 23.78286,
        "centroid_lon": 86.17433,
        "elevation_mean": 183.0,
        "elevation_min": 173.6,
        "elevation_max": 198.1,
        "slope_mean": 3.765,
        "ndvi_mean": 0.64,
        "land_cover_class": 12,
        "land_cover_name": "Cropland",
        "agriculture_fraction": 0.72,
        "forest_fraction": 0.12,
        "water_fraction": 0.04,
        "source": "Local Government Directory (LGD) / Survey of India / Bharat Maps",
        "source_version": "2024.1",
        "last_updated": "2026-09-25T18:00:00Z",
        "boundary_quality": "DERIVED",
        "boundary_source": "LGD Revenue Village Centroids + Block-Bounded Voronoi Tessellation"
      },
      "geometry": {
        "type": "Polygon",
        "coordinates": [
          [
            [
              86.16163275506322,
              23.77736319222667
            ],
            [
              86.16277176910872,
              23.79122100661109
            ],
            [
              86.16347731083656,
              23.792223039914127
            ],
            [
              86.18618920314803,
              23.790919930595678
            ],
            [
              86.18681077471601,
              23.775794608060824
            ],
            [
              86.18610519586466,
              23.77479241808534
            ],
            [
              86.16226732439297,
              23.77644461322478
            ],
            [
              86.16163275506322,
              23.77736319222667
            ]
          ]
        ]
      }
    },
    {
      "type": "Feature",
      "id": 111738,
      "properties": {
        "id": 17,
        "gp_code": 111738,
        "gp_name": "GOBINDADIH",
        "block_code": 2354,
        "block_name": "Baghmara",
        "district_code": 336,
        "district_name": "Dhanbad",
        "state_code": 20,
        "state_name": "Jharkhand",
        "area_sq_km": 4.492,
        "centroid_lat": 23.78386,
        "centroid_lon": 86.19867,
        "elevation_mean": 226.0,
        "elevation_min": 216.6,
        "elevation_max": 241.0,
        "slope_mean": 3.762,
        "ndvi_mean": 0.64,
        "land_cover_class": 12,
        "land_cover_name": "Cropland",
        "agriculture_fraction": 0.72,
        "forest_fraction": 0.12,
        "water_fraction": 0.04,
        "source": "Local Government Directory (LGD) / Survey of India / Bharat Maps",
        "source_version": "2024.1",
        "last_updated": "2026-09-25T18:00:00Z",
        "boundary_quality": "DERIVED",
        "boundary_source": "LGD Revenue Village Centroids + Block-Bounded Voronoi Tessellation"
      },
      "geometry": {
        "type": "Polygon",
        "coordinates": [
          [
            [
              86.18644540136724,
              23.791283807231313
            ],
            [
              86.20829970776641,
              23.793791616789992
            ],
            [
              86.20893430349142,
              23.792873059117653
            ],
            [
              86.20977889959124,
              23.774855290519998
            ],
            [
              86.20952271130024,
              23.774491421431012
            ],
            [
              86.18681077471601,
              23.775794608060824
            ],
            [
              86.18618920314803,
              23.790919930595678
            ],
            [
              86.18644540136724,
              23.791283807231313
            ]
          ]
        ]
      }
    },
    {
      "type": "Feature",
      "id": 111739,
      "properties": {
        "id": 18,
        "gp_code": 111739,
        "gp_name": "HARINA",
        "block_code": 2354,
        "block_name": "Baghmara",
        "district_code": 336,
        "district_name": "Dhanbad",
        "state_code": 20,
        "state_name": "Jharkhand",
        "area_sq_km": 4.107,
        "centroid_lat": 23.78486,
        "centroid_lon": 86.22,
        "elevation_mean": 215.0,
        "elevation_min": 205.6,
        "elevation_max": 230.0,
        "slope_mean": 3.76,
        "ndvi_mean": 0.64,
        "land_cover_class": 12,
        "land_cover_name": "Cropland",
        "agriculture_fraction": 0.72,
        "forest_fraction": 0.12,
        "water_fraction": 0.04,
        "source": "Local Government Directory (LGD) / Survey of India / Bharat Maps",
        "source_version": "2024.1",
        "last_updated": "2026-09-25T18:00:00Z",
        "boundary_quality": "DERIVED",
        "boundary_source": "LGD Revenue Village Centroids + Block-Bounded Voronoi Tessellation"
      },
      "geometry": {
        "type": "Polygon",
        "coordinates": [
          [
            [
              86.23277176910871,
              23.791221006611075
            ],
            [
              86.23163275506322,
              23.77736319222667
            ],
            [
              86.20977889959124,
              23.774855290519998
            ],
            [
              86.20893430349142,
              23.792873059117653
            ],
            [
              86.23277176910871,
              23.791221006611075
            ]
          ]
        ]
      }
    },
    {
      "type": "Feature",
      "id": 111740,
      "properties": {
        "id": 19,
        "gp_code": 111740,
        "gp_name": "HATHUDIH",
        "block_code": 2354,
        "block_name": "Baghmara",
        "district_code": 336,
        "district_name": "Dhanbad",
        "state_code": 20,
        "state_name": "Jharkhand",
        "area_sq_km": 4.375,
        "centroid_lat": 23.78286,
        "centroid_lon": 86.24433,
        "elevation_mean": 205.0,
        "elevation_min": 195.6,
        "elevation_max": 220.1,
        "slope_mean": 3.765,
        "ndvi_mean": 0.64,
        "land_cover_class": 12,
        "land_cover_name": "Cropland",
        "agriculture_fraction": 0.72,
        "forest_fraction": 0.12,
        "water_fraction": 0.04,
        "source": "Local Government Directory (LGD) / Survey of India / Bharat Maps",
        "source_version": "2024.1",
        "last_updated": "2026-09-25T18:00:00Z",
        "boundary_quality": "DERIVED",
        "boundary_source": "LGD Revenue Village Centroids + Block-Bounded Voronoi Tessellation"
      },
      "geometry": {
        "type": "Polygon",
        "coordinates": [
          [
            [
              86.23163275506322,
              23.77736319222667
            ],
            [
              86.23277176910871,
              23.791221006611075
            ],
            [
              86.23347731083656,
              23.792223039914138
            ],
            [
              86.25618920314803,
              23.79091993059567
            ],
            [
              86.256810774716,
              23.775794608060817
            ],
            [
              86.25610519586466,
              23.77479241808535
            ],
            [
              86.23226732439296,
              23.776444613224765
            ],
            [
              86.23163275506322,
              23.77736319222667
            ]
          ]
        ]
      }
    },
    {
      "type": "Feature",
      "id": 111741,
      "properties": {
        "id": 20,
        "gp_code": 111741,
        "gp_name": "JAMUA",
        "block_code": 2354,
        "block_name": "Baghmara",
        "district_code": 336,
        "district_name": "Dhanbad",
        "state_code": 20,
        "state_name": "Jharkhand",
        "area_sq_km": 4.492,
        "centroid_lat": 23.78386,
        "centroid_lon": 86.26867,
        "elevation_mean": 187.0,
        "elevation_min": 177.6,
        "elevation_max": 202.0,
        "slope_mean": 3.762,
        "ndvi_mean": 0.64,
        "land_cover_class": 12,
        "land_cover_name": "Cropland",
        "agriculture_fraction": 0.72,
        "forest_fraction": 0.12,
        "water_fraction": 0.04,
        "source": "Local Government Directory (LGD) / Survey of India / Bharat Maps",
        "source_version": "2024.1",
        "last_updated": "2026-09-25T18:00:00Z",
        "boundary_quality": "DERIVED",
        "boundary_source": "LGD Revenue Village Centroids + Block-Bounded Voronoi Tessellation"
      },
      "geometry": {
        "type": "Polygon",
        "coordinates": [
          [
            [
              86.25644540136724,
              23.791283807231313
            ],
            [
              86.27829970776641,
              23.793791616789992
            ],
            [
              86.27893430349141,
              23.792873059117642
            ],
            [
              86.27977889959124,
              23.774855290519998
            ],
            [
              86.27952271130025,
              23.774491421431023
            ],
            [
              86.256810774716,
              23.775794608060817
            ],
            [
              86.25618920314803,
              23.79091993059567
            ],
            [
              86.25644540136724,
              23.791283807231313
            ]
          ]
        ]
      }
    },
    {
      "type": "Feature",
      "id": 111742,
      "properties": {
        "id": 21,
        "gp_code": 111742,
        "gp_name": "JAMUATAND",
        "block_code": 2354,
        "block_name": "Baghmara",
        "district_code": 336,
        "district_name": "Dhanbad",
        "state_code": 20,
        "state_name": "Jharkhand",
        "area_sq_km": 7.69,
        "centroid_lat": 23.78486,
        "centroid_lon": 86.29,
        "elevation_mean": 185.0,
        "elevation_min": 175.6,
        "elevation_max": 200.0,
        "slope_mean": 3.76,
        "ndvi_mean": 0.64,
        "land_cover_class": 12,
        "land_cover_name": "Cropland",
        "agriculture_fraction": 0.72,
        "forest_fraction": 0.12,
        "water_fraction": 0.04,
        "source": "Local Government Directory (LGD) / Survey of India / Bharat Maps",
        "source_version": "2024.1",
        "last_updated": "2026-09-25T18:00:00Z",
        "boundary_quality": "DERIVED",
        "boundary_source": "LGD Revenue Village Centroids + Block-Bounded Voronoi Tessellation"
      },
      "geometry": {
        "type": "Polygon",
        "coordinates": [
          [
            [
              86.33049228269611,
              23.789299839961483
            ],
            [
              86.33050750609314,
              23.780676796889264
            ],
            [
              86.27977889959124,
              23.774855290519998
            ],
            [
              86.27893430349141,
              23.792873059117642
            ],
            [
              86.33049228269611,
              23.789299839961483
            ]
          ]
        ]
      }
    },
    {
      "type": "Feature",
      "id": 111743,
      "properties": {
        "id": 22,
        "gp_code": 111743,
        "gp_name": "JHIJHIPAHARI",
        "block_code": 2354,
        "block_name": "Baghmara",
        "district_code": 336,
        "district_name": "Dhanbad",
        "state_code": 20,
        "state_name": "Jharkhand",
        "area_sq_km": 11.929,
        "centroid_lat": 23.79929,
        "centroid_lon": 86.151,
        "elevation_mean": 215.0,
        "elevation_min": 205.7,
        "elevation_max": 229.8,
        "slope_mean": 3.704,
        "ndvi_mean": 0.22,
        "land_cover_class": 13,
        "land_cover_name": "Built-up / Urban settlements",
        "agriculture_fraction": 0.15,
        "forest_fraction": 0.05,
        "water_fraction": 0.04,
        "source": "Local Government Directory (LGD) / Survey of India / Bharat Maps",
        "source_version": "2024.1",
        "last_updated": "2026-09-25T18:00:00Z",
        "boundary_quality": "DERIVED",
        "boundary_source": "LGD Revenue Village Centroids + Block-Bounded Voronoi Tessellation"
      },
      "geometry": {
        "type": "Polygon",
        "coordinates": [
          [
            [
              86.08490835168608,
              23.796617320799314
            ],
            [
              86.10708442932992,
              23.810548517940685
            ],
            [
              86.16285571130024,
              23.807348421431012
            ],
            [
              86.16347731083656,
              23.792223039914127
            ],
            [
              86.16277176910872,
              23.79122100661109
            ],
            [
              86.08490835168608,
              23.796617320799314
            ]
          ]
        ]
      }
    },
    {
      "type": "Feature",
      "id": 111744,
      "properties": {
        "id": 23,
        "gp_code": 111744,
        "gp_name": "KANCHANPUR",
        "block_code": 2354,
        "block_name": "Baghmara",
        "district_code": 336,
        "district_name": "Dhanbad",
        "state_code": 20,
        "state_name": "Jharkhand",
        "area_sq_km": 4.491,
        "centroid_lat": 23.80029,
        "centroid_lon": 86.17533,
        "elevation_mean": 216.0,
        "elevation_min": 206.8,
        "elevation_max": 230.8,
        "slope_mean": 3.699,
        "ndvi_mean": 0.64,
        "land_cover_class": 12,
        "land_cover_name": "Cropland",
        "agriculture_fraction": 0.72,
        "forest_fraction": 0.12,
        "water_fraction": 0.04,
        "source": "Local Government Directory (LGD) / Survey of India / Bharat Maps",
        "source_version": "2024.1",
        "last_updated": "2026-09-25T18:00:00Z",
        "boundary_quality": "DERIVED",
        "boundary_source": "LGD Revenue Village Centroids + Block-Bounded Voronoi Tessellation"
      },
      "geometry": {
        "type": "Polygon",
        "coordinates": [
          [
            [
              86.16311189959124,
              23.807712290519998
            ],
            [
              86.18496628196704,
              23.810220252693025
            ],
            [
              86.18560084153503,
              23.809301646691495
            ],
            [
              86.18644540136724,
              23.791283807231313
            ],
            [
              86.18618920314803,
              23.790919930595678
            ],
            [
              86.16347731083656,
              23.792223039914127
            ],
            [
              86.16285571130024,
              23.807348421431012
            ],
            [
              86.16311189959124,
              23.807712290519998
            ]
          ]
        ]
      }
    },
    {
      "type": "Feature",
      "id": 111745,
      "properties": {
        "id": 24,
        "gp_code": 111745,
        "gp_name": "KANDRA",
        "block_code": 2354,
        "block_name": "Baghmara",
        "district_code": 336,
        "district_name": "Dhanbad",
        "state_code": 20,
        "state_name": "Jharkhand",
        "area_sq_km": 4.106,
        "centroid_lat": 23.80129,
        "centroid_lon": 86.19667,
        "elevation_mean": 234.0,
        "elevation_min": 224.8,
        "elevation_max": 248.8,
        "slope_mean": 3.695,
        "ndvi_mean": 0.64,
        "land_cover_class": 12,
        "land_cover_name": "Cropland",
        "agriculture_fraction": 0.72,
        "forest_fraction": 0.12,
        "water_fraction": 0.04,
        "source": "Local Government Directory (LGD) / Survey of India / Bharat Maps",
        "source_version": "2024.1",
        "last_updated": "2026-09-25T18:00:00Z",
        "boundary_quality": "DERIVED",
        "boundary_source": "LGD Revenue Village Centroids + Block-Bounded Voronoi Tessellation"
      },
      "geometry": {
        "type": "Polygon",
        "coordinates": [
          [
            [
              86.18560084153503,
              23.809301646691495
            ],
            [
              86.20943872342744,
              23.807649450829825
            ],
            [
              86.20829970776641,
              23.793791616789992
            ],
            [
              86.18644540136724,
              23.791283807231313
            ],
            [
              86.18560084153503,
              23.809301646691495
            ]
          ]
        ]
      }
    },
    {
      "type": "Feature",
      "id": 111746,
      "properties": {
        "id": 25,
        "gp_code": 111746,
        "gp_name": "KATRAS",
        "block_code": 2354,
        "block_name": "Baghmara",
        "district_code": 336,
        "district_name": "Dhanbad",
        "state_code": 20,
        "state_name": "Jharkhand",
        "area_sq_km": 4.374,
        "centroid_lat": 23.79929,
        "centroid_lon": 86.221,
        "elevation_mean": 220.0,
        "elevation_min": 210.7,
        "elevation_max": 234.8,
        "slope_mean": 3.704,
        "ndvi_mean": 0.64,
        "land_cover_class": 12,
        "land_cover_name": "Cropland",
        "agriculture_fraction": 0.72,
        "forest_fraction": 0.12,
        "water_fraction": 0.04,
        "source": "Local Government Directory (LGD) / Survey of India / Bharat Maps",
        "source_version": "2024.1",
        "last_updated": "2026-09-25T18:00:00Z",
        "boundary_quality": "DERIVED",
        "boundary_source": "LGD Revenue Village Centroids + Block-Bounded Voronoi Tessellation"
      },
      "geometry": {
        "type": "Polygon",
        "coordinates": [
          [
            [
              86.20829970776641,
              23.793791616789992
            ],
            [
              86.20943872342744,
              23.807649450829825
            ],
            [
              86.21014428869975,
              23.808651578568977
            ],
            [
              86.23285571130025,
              23.807348421431023
            ],
            [
              86.23347731083656,
              23.792223039914138
            ],
            [
              86.23277176910871,
              23.791221006611075
            ],
            [
              86.20893430349142,
              23.792873059117653
            ],
            [
              86.20829970776641,
              23.793791616789992
            ]
          ]
        ]
      }
    },
    {
      "type": "Feature",
      "id": 111747,
      "properties": {
        "id": 26,
        "gp_code": 111747,
        "gp_name": "KESHALPUR",
        "block_code": 2354,
        "block_name": "Baghmara",
        "district_code": 336,
        "district_name": "Dhanbad",
        "state_code": 20,
        "state_name": "Jharkhand",
        "area_sq_km": 4.491,
        "centroid_lat": 23.80029,
        "centroid_lon": 86.24533,
        "elevation_mean": 155.0,
        "elevation_min": 145.8,
        "elevation_max": 169.8,
        "slope_mean": 3.699,
        "ndvi_mean": 0.64,
        "land_cover_class": 12,
        "land_cover_name": "Cropland",
        "agriculture_fraction": 0.72,
        "forest_fraction": 0.12,
        "water_fraction": 0.04,
        "source": "Local Government Directory (LGD) / Survey of India / Bharat Maps",
        "source_version": "2024.1",
        "last_updated": "2026-09-25T18:00:00Z",
        "boundary_quality": "DERIVED",
        "boundary_source": "LGD Revenue Village Centroids + Block-Bounded Voronoi Tessellation"
      },
      "geometry": {
        "type": "Polygon",
        "coordinates": [
          [
            [
              86.23311189959124,
              23.807712290519998
            ],
            [
              86.25496628196704,
              23.810220252693025
            ],
            [
              86.25560084153504,
              23.809301646691505
            ],
            [
              86.25644540136724,
              23.791283807231313
            ],
            [
              86.25618920314803,
              23.79091993059567
            ],
            [
              86.23347731083656,
              23.792223039914138
            ],
            [
              86.23285571130025,
              23.807348421431023
            ],
            [
              86.23311189959124,
              23.807712290519998
            ]
          ]
        ]
      }
    },
    {
      "type": "Feature",
      "id": 111748,
      "properties": {
        "id": 27,
        "gp_code": 111748,
        "gp_name": "KHARKHAREE",
        "block_code": 2354,
        "block_name": "Baghmara",
        "district_code": 336,
        "district_name": "Dhanbad",
        "state_code": 20,
        "state_name": "Jharkhand",
        "area_sq_km": 4.106,
        "centroid_lat": 23.80129,
        "centroid_lon": 86.26667,
        "elevation_mean": 157.0,
        "elevation_min": 147.8,
        "elevation_max": 171.8,
        "slope_mean": 3.695,
        "ndvi_mean": 0.64,
        "land_cover_class": 12,
        "land_cover_name": "Cropland",
        "agriculture_fraction": 0.72,
        "forest_fraction": 0.12,
        "water_fraction": 0.04,
        "source": "Local Government Directory (LGD) / Survey of India / Bharat Maps",
        "source_version": "2024.1",
        "last_updated": "2026-09-25T18:00:00Z",
        "boundary_quality": "DERIVED",
        "boundary_source": "LGD Revenue Village Centroids + Block-Bounded Voronoi Tessellation"
      },
      "geometry": {
        "type": "Polygon",
        "coordinates": [
          [
            [
              86.25560084153504,
              23.809301646691505
            ],
            [
              86.27943872342743,
              23.80764945082981
            ],
            [
              86.27829970776641,
              23.793791616789992
            ],
            [
              86.25644540136724,
              23.791283807231313
            ],
            [
              86.25560084153504,
              23.809301646691505
            ]
          ]
        ]
      }
    },
    {
      "type": "Feature",
      "id": 111749,
      "properties": {
        "id": 28,
        "gp_code": 111749,
        "gp_name": "KHUDIYA",
        "block_code": 2354,
        "block_name": "Baghmara",
        "district_code": 336,
        "district_name": "Dhanbad",
        "state_code": 20,
        "state_name": "Jharkhand",
        "area_sq_km": 9.551,
        "centroid_lat": 23.79929,
        "centroid_lon": 86.291,
        "elevation_mean": 213.0,
        "elevation_min": 203.7,
        "elevation_max": 227.8,
        "slope_mean": 3.704,
        "ndvi_mean": 0.64,
        "land_cover_class": 12,
        "land_cover_name": "Cropland",
        "agriculture_fraction": 0.72,
        "forest_fraction": 0.12,
        "water_fraction": 0.04,
        "source": "Local Government Directory (LGD) / Survey of India / Bharat Maps",
        "source_version": "2024.1",
        "last_updated": "2026-09-25T18:00:00Z",
        "boundary_quality": "DERIVED",
        "boundary_source": "LGD Revenue Village Centroids + Block-Bounded Voronoi Tessellation"
      },
      "geometry": {
        "type": "Polygon",
        "coordinates": [
          [
            [
              86.27829970776641,
              23.793791616789992
            ],
            [
              86.27943872342743,
              23.80764945082981
            ],
            [
              86.28014428869976,
              23.808651578568988
            ],
            [
              86.33085281946393,
              23.805741977308692
            ],
            [
              86.331956626275,
              23.7975
            ],
            [
              86.33049228269611,
              23.789299839961483
            ],
            [
              86.27893430349141,
              23.792873059117642
            ],
            [
              86.27829970776641,
              23.793791616789992
            ]
          ]
        ]
      }
    },
    {
      "type": "Feature",
      "id": 111750,
      "properties": {
        "id": 29,
        "gp_code": 111750,
        "gp_name": "KUMARDHUBI",
        "block_code": 2354,
        "block_name": "Baghmara",
        "district_code": 336,
        "district_name": "Dhanbad",
        "state_code": 20,
        "state_name": "Jharkhand",
        "area_sq_km": 8.504,
        "centroid_lat": 23.81671,
        "centroid_lon": 86.152,
        "elevation_mean": 230.0,
        "elevation_min": 221.0,
        "elevation_max": 244.4,
        "slope_mean": 3.607,
        "ndvi_mean": 0.22,
        "land_cover_class": 13,
        "land_cover_name": "Built-up / Urban settlements",
        "agriculture_fraction": 0.15,
        "forest_fraction": 0.05,
        "water_fraction": 0.04,
        "source": "Local Government Directory (LGD) / Survey of India / Bharat Maps",
        "source_version": "2024.1",
        "last_updated": "2026-09-25T18:00:00Z",
        "boundary_quality": "DERIVED",
        "boundary_source": "LGD Revenue Village Centroids + Block-Bounded Voronoi Tessellation"
      },
      "geometry": {
        "type": "Polygon",
        "coordinates": [
          [
            [
              86.16163270776642,
              23.826648616789992
            ],
            [
              86.16226730349142,
              23.825730059117653
            ],
            [
              86.16311189959124,
              23.807712290519998
            ],
            [
              86.16285571130024,
              23.807348421431012
            ],
            [
              86.10708442932992,
              23.810548517940685
            ],
            [
              86.11900464120816,
              23.821756991733118
            ],
            [
              86.16163270776642,
              23.826648616789992
            ]
          ]
        ]
      }
    },
    {
      "type": "Feature",
      "id": 111751,
      "properties": {
        "id": 30,
        "gp_code": 111751,
        "gp_name": "LOHAPATTI",
        "block_code": 2354,
        "block_name": "Baghmara",
        "district_code": 336,
        "district_name": "Dhanbad",
        "state_code": 20,
        "state_name": "Jharkhand",
        "area_sq_km": 4.106,
        "centroid_lat": 23.81771,
        "centroid_lon": 86.17333,
        "elevation_mean": 223.0,
        "elevation_min": 214.0,
        "elevation_max": 237.4,
        "slope_mean": 3.6,
        "ndvi_mean": 0.64,
        "land_cover_class": 12,
        "land_cover_name": "Cropland",
        "agriculture_fraction": 0.72,
        "forest_fraction": 0.12,
        "water_fraction": 0.04,
        "source": "Local Government Directory (LGD) / Survey of India / Bharat Maps",
        "source_version": "2024.1",
        "last_updated": "2026-09-25T18:00:00Z",
        "boundary_quality": "DERIVED",
        "boundary_source": "LGD Revenue Village Centroids + Block-Bounded Voronoi Tessellation"
      },
      "geometry": {
        "type": "Polygon",
        "coordinates": [
          [
            [
              86.16226730349142,
              23.825730059117653
            ],
            [
              86.18610524154425,
              23.82407797386899
            ],
            [
              86.18496628196704,
              23.810220252693025
            ],
            [
              86.16311189959124,
              23.807712290519998
            ],
            [
              86.16226730349142,
              23.825730059117653
            ]
          ]
        ]
      }
    },
    {
      "type": "Feature",
      "id": 111752,
      "properties": {
        "id": 31,
        "gp_code": 111752,
        "gp_name": "MADHUBAN",
        "block_code": 2354,
        "block_name": "Baghmara",
        "district_code": 336,
        "district_name": "Dhanbad",
        "state_code": 20,
        "state_name": "Jharkhand",
        "area_sq_km": 4.374,
        "centroid_lat": 23.81571,
        "centroid_lon": 86.19767,
        "elevation_mean": 241.0,
        "elevation_min": 232.0,
        "elevation_max": 255.5,
        "slope_mean": 3.613,
        "ndvi_mean": 0.64,
        "land_cover_class": 12,
        "land_cover_name": "Cropland",
        "agriculture_fraction": 0.72,
        "forest_fraction": 0.12,
        "water_fraction": 0.04,
        "source": "Local Government Directory (LGD) / Survey of India / Bharat Maps",
        "source_version": "2024.1",
        "last_updated": "2026-09-25T18:00:00Z",
        "boundary_quality": "DERIVED",
        "boundary_source": "LGD Revenue Village Centroids + Block-Bounded Voronoi Tessellation"
      },
      "geometry": {
        "type": "Polygon",
        "coordinates": [
          [
            [
              86.18610524154425,
              23.82407797386899
            ],
            [
              86.18681079685197,
              23.82508006940433
            ],
            [
              86.20952268916344,
              23.823776960085862
            ],
            [
              86.21014428869975,
              23.808651578568977
            ],
            [
              86.20943872342744,
              23.807649450829825
            ],
            [
              86.18560084153503,
              23.809301646691495
            ],
            [
              86.18496628196704,
              23.810220252693025
            ],
            [
              86.18610524154425,
              23.82407797386899
            ]
          ]
        ]
      }
    },
    {
      "type": "Feature",
      "id": 111753,
      "properties": {
        "id": 32,
        "gp_code": 111753,
        "gp_name": "MAHESHPUR 1",
        "block_code": 2354,
        "block_name": "Baghmara",
        "district_code": 336,
        "district_name": "Dhanbad",
        "state_code": 20,
        "state_name": "Jharkhand",
        "area_sq_km": 4.49,
        "centroid_lat": 23.81671,
        "centroid_lon": 86.222,
        "elevation_mean": 223.0,
        "elevation_min": 214.0,
        "elevation_max": 237.4,
        "slope_mean": 3.607,
        "ndvi_mean": 0.64,
        "land_cover_class": 12,
        "land_cover_name": "Cropland",
        "agriculture_fraction": 0.72,
        "forest_fraction": 0.12,
        "water_fraction": 0.04,
        "source": "Local Government Directory (LGD) / Survey of India / Bharat Maps",
        "source_version": "2024.1",
        "last_updated": "2026-09-25T18:00:00Z",
        "boundary_quality": "DERIVED",
        "boundary_source": "LGD Revenue Village Centroids + Block-Bounded Voronoi Tessellation"
      },
      "geometry": {
        "type": "Polygon",
        "coordinates": [
          [
            [
              86.20977891945891,
              23.824140866682995
            ],
            [
              86.23163270776641,
              23.826648616789992
            ],
            [
              86.23226730349141,
              23.825730059117642
            ],
            [
              86.23311189959124,
              23.807712290519998
            ],
            [
              86.23285571130025,
              23.807348421431023
            ],
            [
              86.21014428869975,
              23.808651578568977
            ],
            [
              86.20952268916344,
              23.823776960085862
            ],
            [
              86.20977891945891,
              23.824140866682995
            ]
          ]
        ]
      }
    },
    {
      "type": "Feature",
      "id": 111754,
      "properties": {
        "id": 33,
        "gp_code": 111754,
        "gp_name": "MAHESHPUR 2",
        "block_code": 2354,
        "block_name": "Baghmara",
        "district_code": 336,
        "district_name": "Dhanbad",
        "state_code": 20,
        "state_name": "Jharkhand",
        "area_sq_km": 4.106,
        "centroid_lat": 23.81771,
        "centroid_lon": 86.24333,
        "elevation_mean": 224.0,
        "elevation_min": 215.0,
        "elevation_max": 238.4,
        "slope_mean": 3.6,
        "ndvi_mean": 0.64,
        "land_cover_class": 12,
        "land_cover_name": "Cropland",
        "agriculture_fraction": 0.72,
        "forest_fraction": 0.12,
        "water_fraction": 0.04,
        "source": "Local Government Directory (LGD) / Survey of India / Bharat Maps",
        "source_version": "2024.1",
        "last_updated": "2026-09-25T18:00:00Z",
        "boundary_quality": "APPROXIMATE",
        "boundary_source": "Non-Cadastral Mining/Forest Fringe Buffer Boundary"
      },
      "geometry": {
        "type": "Polygon",
        "coordinates": [
          [
            [
              86.23226730349141,
              23.825730059117642
            ],
            [
              86.25610524154426,
              23.824077973869002
            ],
            [
              86.25496628196704,
              23.810220252693025
            ],
            [
              86.23311189959124,
              23.807712290519998
            ],
            [
              86.23226730349141,
              23.825730059117642
            ]
          ]
        ]
      }
    },
    {
      "type": "Feature",
      "id": 111755,
      "properties": {
        "id": 34,
        "gp_code": 111755,
        "gp_name": "MALLIKDIH",
        "block_code": 2354,
        "block_name": "Baghmara",
        "district_code": 336,
        "district_name": "Dhanbad",
        "state_code": 20,
        "state_name": "Jharkhand",
        "area_sq_km": 4.373,
        "centroid_lat": 23.81571,
        "centroid_lon": 86.26767,
        "elevation_mean": 213.0,
        "elevation_min": 204.0,
        "elevation_max": 227.5,
        "slope_mean": 3.613,
        "ndvi_mean": 0.64,
        "land_cover_class": 12,
        "land_cover_name": "Cropland",
        "agriculture_fraction": 0.72,
        "forest_fraction": 0.12,
        "water_fraction": 0.04,
        "source": "Local Government Directory (LGD) / Survey of India / Bharat Maps",
        "source_version": "2024.1",
        "last_updated": "2026-09-25T18:00:00Z",
        "boundary_quality": "DERIVED",
        "boundary_source": "LGD Revenue Village Centroids + Block-Bounded Voronoi Tessellation"
      },
      "geometry": {
        "type": "Polygon",
        "coordinates": [
          [
            [
              86.25496628196704,
              23.810220252693025
            ],
            [
              86.25610524154426,
              23.824077973869002
            ],
            [
              86.25681079685197,
              23.825080069404322
            ],
            [
              86.27952268916344,
              23.823776960085873
            ],
            [
              86.28014428869976,
              23.808651578568988
            ],
            [
              86.27943872342743,
              23.80764945082981
            ],
            [
              86.25560084153504,
              23.809301646691505
            ],
            [
              86.25496628196704,
              23.810220252693025
            ]
          ]
        ]
      }
    },
    {
      "type": "Feature",
      "id": 111756,
      "properties": {
        "id": 35,
        "gp_code": 111756,
        "gp_name": "MATIGARA",
        "block_code": 2354,
        "block_name": "Baghmara",
        "district_code": 336,
        "district_name": "Dhanbad",
        "state_code": 20,
        "state_name": "Jharkhand",
        "area_sq_km": 11.615,
        "centroid_lat": 23.81671,
        "centroid_lon": 86.292,
        "elevation_mean": 210.0,
        "elevation_min": 201.0,
        "elevation_max": 224.4,
        "slope_mean": 3.607,
        "ndvi_mean": 0.64,
        "land_cover_class": 12,
        "land_cover_name": "Cropland",
        "agriculture_fraction": 0.72,
        "forest_fraction": 0.12,
        "water_fraction": 0.04,
        "source": "Local Government Directory (LGD) / Survey of India / Bharat Maps",
        "source_version": "2024.1",
        "last_updated": "2026-09-25T18:00:00Z",
        "boundary_quality": "DERIVED",
        "boundary_source": "LGD Revenue Village Centroids + Block-Bounded Voronoi Tessellation"
      },
      "geometry": {
        "type": "Polygon",
        "coordinates": [
          [
            [
              86.27977891945892,
              23.824140866682992
            ],
            [
              86.33054871922249,
              23.82996676601898
            ],
            [
              86.33227703926582,
              23.822499999999998
            ],
            [
              86.33085281946393,
              23.805741977308692
            ],
            [
              86.28014428869976,
              23.808651578568988
            ],
            [
              86.27952268916344,
              23.823776960085873
            ],
            [
              86.27977891945892,
              23.824140866682992
            ]
          ]
        ]
      }
    },
    {
      "type": "Feature",
      "id": 111757,
      "properties": {
        "id": 36,
        "gp_code": 111757,
        "gp_name": "MOHLIDIH",
        "block_code": 2354,
        "block_name": "Baghmara",
        "district_code": 336,
        "district_name": "Dhanbad",
        "state_code": 20,
        "state_name": "Jharkhand",
        "area_sq_km": 7.101,
        "centroid_lat": 23.83414,
        "centroid_lon": 86.15,
        "elevation_mean": 204.0,
        "elevation_min": 195.3,
        "elevation_max": 217.9,
        "slope_mean": 3.479,
        "ndvi_mean": 0.22,
        "land_cover_class": 13,
        "land_cover_name": "Built-up / Urban settlements",
        "agriculture_fraction": 0.15,
        "forest_fraction": 0.05,
        "water_fraction": 0.04,
        "source": "Local Government Directory (LGD) / Survey of India / Bharat Maps",
        "source_version": "2024.1",
        "last_updated": "2026-09-25T18:00:00Z",
        "boundary_quality": "DERIVED",
        "boundary_source": "LGD Revenue Village Centroids + Block-Bounded Voronoi Tessellation"
      },
      "geometry": {
        "type": "Polygon",
        "coordinates": [
          [
            [
              86.13182222397974,
              23.842651550597456
            ],
            [
              86.16277172342744,
              23.840506450829825
            ],
            [
              86.16163270776642,
              23.826648616789992
            ],
            [
              86.11900464120816,
              23.821756991733118
            ],
            [
              86.13182222397974,
              23.842651550597456
            ]
          ]
        ]
      }
    },
    {
      "type": "Feature",
      "id": 111758,
      "properties": {
        "id": 37,
        "gp_code": 111758,
        "gp_name": "MURAIDIH",
        "block_code": 2354,
        "block_name": "Baghmara",
        "district_code": 336,
        "district_name": "Dhanbad",
        "state_code": 20,
        "state_name": "Jharkhand",
        "area_sq_km": 4.373,
        "centroid_lat": 23.83214,
        "centroid_lon": 86.17433,
        "elevation_mean": 227.0,
        "elevation_min": 218.3,
        "elevation_max": 241.0,
        "slope_mean": 3.495,
        "ndvi_mean": 0.64,
        "land_cover_class": 12,
        "land_cover_name": "Cropland",
        "agriculture_fraction": 0.72,
        "forest_fraction": 0.12,
        "water_fraction": 0.04,
        "source": "Local Government Directory (LGD) / Survey of India / Bharat Maps",
        "source_version": "2024.1",
        "last_updated": "2026-09-25T18:00:00Z",
        "boundary_quality": "DERIVED",
        "boundary_source": "LGD Revenue Village Centroids + Block-Bounded Voronoi Tessellation"
      },
      "geometry": {
        "type": "Polygon",
        "coordinates": [
          [
            [
              86.16277172342744,
              23.840506450829825
            ],
            [
              86.16347728869975,
              23.841508578568977
            ],
            [
              86.186189225284,
              23.840205391939183
            ],
            [
              86.18681079685197,
              23.82508006940433
            ],
            [
              86.18610524154425,
              23.82407797386899
            ],
            [
              86.16226730349142,
              23.825730059117653
            ],
            [
              86.16163270776642,
              23.826648616789992
            ],
            [
              86.16277172342744,
              23.840506450829825
            ]
          ]
        ]
      }
    },
    {
      "type": "Feature",
      "id": 111759,
      "properties": {
        "id": 38,
        "gp_code": 111759,
        "gp_name": "NADKHURKEE",
        "block_code": 2354,
        "block_name": "Baghmara",
        "district_code": 336,
        "district_name": "Dhanbad",
        "state_code": 20,
        "state_name": "Jharkhand",
        "area_sq_km": 4.49,
        "centroid_lat": 23.83314,
        "centroid_lon": 86.19867,
        "elevation_mean": 238.0,
        "elevation_min": 229.3,
        "elevation_max": 251.9,
        "slope_mean": 3.487,
        "ndvi_mean": 0.64,
        "land_cover_class": 12,
        "land_cover_name": "Cropland",
        "agriculture_fraction": 0.72,
        "forest_fraction": 0.12,
        "water_fraction": 0.04,
        "source": "Local Government Directory (LGD) / Survey of India / Bharat Maps",
        "source_version": "2024.1",
        "last_updated": "2026-09-25T18:00:00Z",
        "boundary_quality": "DERIVED",
        "boundary_source": "LGD Revenue Village Centroids + Block-Bounded Voronoi Tessellation"
      },
      "geometry": {
        "type": "Polygon",
        "coordinates": [
          [
            [
              86.18644538150065,
              23.84056923106503
            ],
            [
              86.20829975506322,
              23.84307719222667
            ],
            [
              86.20893432439297,
              23.84215861322478
            ],
            [
              86.20977891945891,
              23.824140866682995
            ],
            [
              86.20952268916344,
              23.823776960085862
            ],
            [
              86.18681079685197,
              23.82508006940433
            ],
            [
              86.186189225284,
              23.840205391939183
            ],
            [
              86.18644538150065,
              23.84056923106503
            ]
          ]
        ]
      }
    },
    {
      "type": "Feature",
      "id": 111760,
      "properties": {
        "id": 39,
        "gp_code": 111760,
        "gp_name": "NANDKHURKI",
        "block_code": 2354,
        "block_name": "Baghmara",
        "district_code": 336,
        "district_name": "Dhanbad",
        "state_code": 20,
        "state_name": "Jharkhand",
        "area_sq_km": 4.105,
        "centroid_lat": 23.83414,
        "centroid_lon": 86.22,
        "elevation_mean": 237.0,
        "elevation_min": 228.3,
        "elevation_max": 250.9,
        "slope_mean": 3.479,
        "ndvi_mean": 0.64,
        "land_cover_class": 12,
        "land_cover_name": "Cropland",
        "agriculture_fraction": 0.72,
        "forest_fraction": 0.12,
        "water_fraction": 0.04,
        "source": "Local Government Directory (LGD) / Survey of India / Bharat Maps",
        "source_version": "2024.1",
        "last_updated": "2026-09-25T18:00:00Z",
        "boundary_quality": "DERIVED",
        "boundary_source": "LGD Revenue Village Centroids + Block-Bounded Voronoi Tessellation"
      },
      "geometry": {
        "type": "Polygon",
        "coordinates": [
          [
            [
              86.20893432439297,
              23.84215861322478
            ],
            [
              86.23277172342743,
              23.84050645082981
            ],
            [
              86.23163270776641,
              23.826648616789992
            ],
            [
              86.20977891945891,
              23.824140866682995
            ],
            [
              86.20893432439297,
              23.84215861322478
            ]
          ]
        ]
      }
    },
    {
      "type": "Feature",
      "id": 111761,
      "properties": {
        "id": 40,
        "gp_code": 111761,
        "gp_name": "NARAYANPUR",
        "block_code": 2354,
        "block_name": "Baghmara",
        "district_code": 336,
        "district_name": "Dhanbad",
        "state_code": 20,
        "state_name": "Jharkhand",
        "area_sq_km": 4.373,
        "centroid_lat": 23.83214,
        "centroid_lon": 86.24433,
        "elevation_mean": 239.0,
        "elevation_min": 230.3,
        "elevation_max": 253.0,
        "slope_mean": 3.495,
        "ndvi_mean": 0.64,
        "land_cover_class": 12,
        "land_cover_name": "Cropland",
        "agriculture_fraction": 0.72,
        "forest_fraction": 0.12,
        "water_fraction": 0.04,
        "source": "Local Government Directory (LGD) / Survey of India / Bharat Maps",
        "source_version": "2024.1",
        "last_updated": "2026-09-25T18:00:00Z",
        "boundary_quality": "DERIVED",
        "boundary_source": "LGD Revenue Village Centroids + Block-Bounded Voronoi Tessellation"
      },
      "geometry": {
        "type": "Polygon",
        "coordinates": [
          [
            [
              86.23163270776641,
              23.826648616789992
            ],
            [
              86.23277172342743,
              23.84050645082981
            ],
            [
              86.23347728869976,
              23.841508578568988
            ],
            [
              86.25618922528399,
              23.840205391939175
            ],
            [
              86.25681079685197,
              23.825080069404322
            ],
            [
              86.25610524154426,
              23.824077973869002
            ],
            [
              86.23226730349141,
              23.825730059117642
            ],
            [
              86.23163270776641,
              23.826648616789992
            ]
          ]
        ]
      }
    },
    {
      "type": "Feature",
      "id": 111762,
      "properties": {
        "id": 41,
        "gp_code": 111762,
        "gp_name": "NAWAGARH",
        "block_code": 2354,
        "block_name": "Baghmara",
        "district_code": 336,
        "district_name": "Dhanbad",
        "state_code": 20,
        "state_name": "Jharkhand",
        "area_sq_km": 4.49,
        "centroid_lat": 23.83314,
        "centroid_lon": 86.26867,
        "elevation_mean": 239.0,
        "elevation_min": 230.3,
        "elevation_max": 252.9,
        "slope_mean": 3.487,
        "ndvi_mean": 0.64,
        "land_cover_class": 12,
        "land_cover_name": "Cropland",
        "agriculture_fraction": 0.72,
        "forest_fraction": 0.12,
        "water_fraction": 0.04,
        "source": "Local Government Directory (LGD) / Survey of India / Bharat Maps",
        "source_version": "2024.1",
        "last_updated": "2026-09-25T18:00:00Z",
        "boundary_quality": "DERIVED",
        "boundary_source": "LGD Revenue Village Centroids + Block-Bounded Voronoi Tessellation"
      },
      "geometry": {
        "type": "Polygon",
        "coordinates": [
          [
            [
              86.25644538150065,
              23.840569231065032
            ],
            [
              86.27829975506322,
              23.84307719222667
            ],
            [
              86.27893432439296,
              23.842158613224765
            ],
            [
              86.27977891945892,
              23.824140866682992
            ],
            [
              86.27952268916344,
              23.823776960085873
            ],
            [
              86.25681079685197,
              23.825080069404322
            ],
            [
              86.25618922528399,
              23.840205391939175
            ],
            [
              86.25644538150065,
              23.840569231065032
            ]
          ]
        ]
      }
    },
    {
      "type": "Feature",
      "id": 111763,
      "properties": {
        "id": 42,
        "gp_code": 111763,
        "gp_name": "PADHRA",
        "block_code": 2354,
        "block_name": "Baghmara",
        "district_code": 336,
        "district_name": "Dhanbad",
        "state_code": 20,
        "state_name": "Jharkhand",
        "area_sq_km": 7.688,
        "centroid_lat": 23.83414,
        "centroid_lon": 86.29,
        "elevation_mean": 225.0,
        "elevation_min": 216.3,
        "elevation_max": 238.9,
        "slope_mean": 3.479,
        "ndvi_mean": 0.64,
        "land_cover_class": 12,
        "land_cover_name": "Cropland",
        "agriculture_fraction": 0.72,
        "forest_fraction": 0.12,
        "water_fraction": 0.04,
        "source": "Local Government Directory (LGD) / Survey of India / Bharat Maps",
        "source_version": "2024.1",
        "last_updated": "2026-09-25T18:00:00Z",
        "boundary_quality": "DERIVED",
        "boundary_source": "LGD Revenue Village Centroids + Block-Bounded Voronoi Tessellation"
      },
      "geometry": {
        "type": "Polygon",
        "coordinates": [
          [
            [
              86.27893432439296,
              23.842158613224765
            ],
            [
              86.3304575091147,
              23.838587558004274
            ],
            [
              86.33054871922249,
              23.82996676601898
            ],
            [
              86.27977891945892,
              23.824140866682992
            ],
            [
              86.27893432439296,
              23.842158613224765
            ]
          ]
        ]
      }
    },
    {
      "type": "Feature",
      "id": 111764,
      "properties": {
        "id": 43,
        "gp_code": 111764,
        "gp_name": "PANDEYDIH",
        "block_code": 2354,
        "block_name": "Baghmara",
        "district_code": 336,
        "district_name": "Dhanbad",
        "state_code": 20,
        "state_name": "Jharkhand",
        "area_sq_km": 4.232,
        "centroid_lat": 23.84857,
        "centroid_lon": 86.151,
        "elevation_mean": 230.0,
        "elevation_min": 221.6,
        "elevation_max": 243.4,
        "slope_mean": 3.351,
        "ndvi_mean": 0.22,
        "land_cover_class": 13,
        "land_cover_name": "Built-up / Urban settlements",
        "agriculture_fraction": 0.15,
        "forest_fraction": 0.05,
        "water_fraction": 0.04,
        "source": "Local Government Directory (LGD) / Survey of India / Bharat Maps",
        "source_version": "2024.1",
        "last_updated": "2026-09-25T18:00:00Z",
        "boundary_quality": "DERIVED",
        "boundary_source": "LGD Revenue Village Centroids + Block-Bounded Voronoi Tessellation"
      },
      "geometry": {
        "type": "Polygon",
        "coordinates": [
          [
            [
              86.13468746021617,
              23.85825013020161
            ],
            [
              86.1408387777311,
              23.85789719443278
            ],
            [
              86.16323744962287,
              23.847344582826754
            ],
            [
              86.16347728869975,
              23.841508578568977
            ],
            [
              86.16277172342744,
              23.840506450829825
            ],
            [
              86.13182222397974,
              23.842651550597456
            ],
            [
              86.13468746021617,
              23.85825013020161
            ]
          ]
        ]
      }
    },
    {
      "type": "Feature",
      "id": 111765,
      "properties": {
        "id": 44,
        "gp_code": 111765,
        "gp_name": "PIALGORA",
        "block_code": 2354,
        "block_name": "Baghmara",
        "district_code": 336,
        "district_name": "Dhanbad",
        "state_code": 20,
        "state_name": "Jharkhand",
        "area_sq_km": 3.873,
        "centroid_lat": 23.84957,
        "centroid_lon": 86.17533,
        "elevation_mean": 231.0,
        "elevation_min": 222.6,
        "elevation_max": 244.4,
        "slope_mean": 3.341,
        "ndvi_mean": 0.64,
        "land_cover_class": 12,
        "land_cover_name": "Cropland",
        "agriculture_fraction": 0.72,
        "forest_fraction": 0.12,
        "water_fraction": 0.04,
        "source": "Local Government Directory (LGD) / Survey of India / Bharat Maps",
        "source_version": "2024.1",
        "last_updated": "2026-09-25T18:00:00Z",
        "boundary_quality": "DERIVED",
        "boundary_source": "LGD Revenue Village Centroids + Block-Bounded Voronoi Tessellation"
      },
      "geometry": {
        "type": "Polygon",
        "coordinates": [
          [
            [
              86.18617390733236,
              23.846360860971348
            ],
            [
              86.18644538150065,
              23.84056923106503
            ],
            [
              86.186189225284,
              23.840205391939183
            ],
            [
              86.16347728869975,
              23.841508578568977
            ],
            [
              86.16323744962287,
              23.847344582826754
            ],
            [
              86.16633039579642,
              23.857367190951454
            ],
            [
              86.17981529739923,
              23.858914600625305
            ],
            [
              86.18617390733236,
              23.846360860971348
            ]
          ]
        ]
      }
    },
    {
      "type": "Feature",
      "id": 111766,
      "properties": {
        "id": 45,
        "gp_code": 111766,
        "gp_name": "RAGHUNATHPUR",
        "block_code": 2354,
        "block_name": "Baghmara",
        "district_code": 336,
        "district_name": "Dhanbad",
        "state_code": 20,
        "state_name": "Jharkhand",
        "area_sq_km": 3.309,
        "centroid_lat": 23.85057,
        "centroid_lon": 86.19667,
        "elevation_mean": 253.0,
        "elevation_min": 244.7,
        "elevation_max": 266.3,
        "slope_mean": 3.331,
        "ndvi_mean": 0.64,
        "land_cover_class": 12,
        "land_cover_name": "Cropland",
        "agriculture_fraction": 0.72,
        "forest_fraction": 0.12,
        "water_fraction": 0.04,
        "source": "Local Government Directory (LGD) / Survey of India / Bharat Maps",
        "source_version": "2024.1",
        "last_updated": "2026-09-25T18:00:00Z",
        "boundary_quality": "DERIVED",
        "boundary_source": "LGD Revenue Village Centroids + Block-Bounded Voronoi Tessellation"
      },
      "geometry": {
        "type": "Polygon",
        "coordinates": [
          [
            [
              86.18617390733236,
              23.846360860971348
            ],
            [
              86.19718922202375,
              23.857783959905483
            ],
            [
              86.20943876910871,
              23.85693500661109
            ],
            [
              86.20829975506322,
              23.84307719222667
            ],
            [
              86.18644538150065,
              23.84056923106503
            ],
            [
              86.18617390733236,
              23.846360860971348
            ]
          ]
        ]
      }
    },
    {
      "type": "Feature",
      "id": 111767,
      "properties": {
        "id": 46,
        "gp_code": 111767,
        "gp_name": "RAJGANJ",
        "block_code": 2354,
        "block_name": "Baghmara",
        "district_code": 336,
        "district_name": "Dhanbad",
        "state_code": 20,
        "state_name": "Jharkhand",
        "area_sq_km": 3.283,
        "centroid_lat": 23.84857,
        "centroid_lon": 86.221,
        "elevation_mean": 243.0,
        "elevation_min": 234.6,
        "elevation_max": 256.4,
        "slope_mean": 3.351,
        "ndvi_mean": 0.64,
        "land_cover_class": 12,
        "land_cover_name": "Cropland",
        "agriculture_fraction": 0.72,
        "forest_fraction": 0.12,
        "water_fraction": 0.04,
        "source": "Local Government Directory (LGD) / Survey of India / Bharat Maps",
        "source_version": "2024.1",
        "last_updated": "2026-09-25T18:00:00Z",
        "boundary_quality": "APPROXIMATE",
        "boundary_source": "Non-Cadastral Mining/Forest Fringe Buffer Boundary"
      },
      "geometry": {
        "type": "Polygon",
        "coordinates": [
          [
            [
              86.20943876910871,
              23.85693500661109
            ],
            [
              86.21014431083655,
              23.857937039914127
            ],
            [
              86.21995964147527,
              23.857373879053572
            ],
            [
              86.233473154984,
              23.84160916427439
            ],
            [
              86.23347728869976,
              23.841508578568988
            ],
            [
              86.23277172342743,
              23.84050645082981
            ],
            [
              86.20893432439297,
              23.84215861322478
            ],
            [
              86.20829975506322,
              23.84307719222667
            ],
            [
              86.20943876910871,
              23.85693500661109
            ]
          ]
        ]
      }
    },
    {
      "type": "Feature",
      "id": 111768,
      "properties": {
        "id": 47,
        "gp_code": 111768,
        "gp_name": "RAMKANALI",
        "block_code": 2354,
        "block_name": "Baghmara",
        "district_code": 336,
        "district_name": "Dhanbad",
        "state_code": 20,
        "state_name": "Jharkhand",
        "area_sq_km": 3.946,
        "centroid_lat": 23.84957,
        "centroid_lon": 86.24533,
        "elevation_mean": 241.0,
        "elevation_min": 232.6,
        "elevation_max": 254.4,
        "slope_mean": 3.341,
        "ndvi_mean": 0.64,
        "land_cover_class": 12,
        "land_cover_name": "Cropland",
        "agriculture_fraction": 0.72,
        "forest_fraction": 0.12,
        "water_fraction": 0.04,
        "source": "Local Government Directory (LGD) / Survey of India / Bharat Maps",
        "source_version": "2024.1",
        "last_updated": "2026-09-25T18:00:00Z",
        "boundary_quality": "DERIVED",
        "boundary_source": "LGD Revenue Village Centroids + Block-Bounded Voronoi Tessellation"
      },
      "geometry": {
        "type": "Polygon",
        "coordinates": [
          [
            [
              86.233473154984,
              23.84160916427439
            ],
            [
              86.23864096685367,
              23.857632331929967
            ],
            [
              86.25419863487832,
              23.859417594196835
            ],
            [
              86.25581765342285,
              23.853961181876986
            ],
            [
              86.25644538150065,
              23.840569231065032
            ],
            [
              86.25618922528399,
              23.840205391939175
            ],
            [
              86.23347728869976,
              23.841508578568988
            ],
            [
              86.233473154984,
              23.84160916427439
            ]
          ]
        ]
      }
    },
    {
      "type": "Feature",
      "id": 111769,
      "properties": {
        "id": 48,
        "gp_code": 111769,
        "gp_name": "SADHOBAD",
        "block_code": 2354,
        "block_name": "Baghmara",
        "district_code": 336,
        "district_name": "Dhanbad",
        "state_code": 20,
        "state_name": "Jharkhand",
        "area_sq_km": 2.905,
        "centroid_lat": 23.85057,
        "centroid_lon": 86.26667,
        "elevation_mean": 245.0,
        "elevation_min": 236.7,
        "elevation_max": 258.3,
        "slope_mean": 3.331,
        "ndvi_mean": 0.64,
        "land_cover_class": 12,
        "land_cover_name": "Cropland",
        "agriculture_fraction": 0.72,
        "forest_fraction": 0.12,
        "water_fraction": 0.04,
        "source": "Local Government Directory (LGD) / Survey of India / Bharat Maps",
        "source_version": "2024.1",
        "last_updated": "2026-09-25T18:00:00Z",
        "boundary_quality": "DERIVED",
        "boundary_source": "LGD Revenue Village Centroids + Block-Bounded Voronoi Tessellation"
      },
      "geometry": {
        "type": "Polygon",
        "coordinates": [
          [
            [
              86.25581765342285,
              23.853961181876986
            ],
            [
              86.27907707969294,
              23.852534512334184
            ],
            [
              86.27829975506322,
              23.84307719222667
            ],
            [
              86.25644538150065,
              23.840569231065032
            ],
            [
              86.25581765342285,
              23.853961181876986
            ]
          ]
        ]
      }
    },
    {
      "type": "Feature",
      "id": 111770,
      "properties": {
        "id": 49,
        "gp_code": 111770,
        "gp_name": "SALANPUR",
        "block_code": 2354,
        "block_name": "Baghmara",
        "district_code": 336,
        "district_name": "Dhanbad",
        "state_code": 20,
        "state_name": "Jharkhand",
        "area_sq_km": 27.012,
        "centroid_lat": 23.84857,
        "centroid_lon": 86.291,
        "elevation_mean": 220.0,
        "elevation_min": 211.6,
        "elevation_max": 233.4,
        "slope_mean": 3.351,
        "ndvi_mean": 0.64,
        "land_cover_class": 12,
        "land_cover_name": "Cropland",
        "agriculture_fraction": 0.72,
        "forest_fraction": 0.12,
        "water_fraction": 0.04,
        "source": "Local Government Directory (LGD) / Survey of India / Bharat Maps",
        "source_version": "2024.1",
        "last_updated": "2026-09-25T18:00:00Z",
        "boundary_quality": "DERIVED",
        "boundary_source": "LGD Revenue Village Centroids + Block-Bounded Voronoi Tessellation"
      },
      "geometry": {
        "type": "Polygon",
        "coordinates": [
          [
            [
              86.31043938371963,
              23.89087247432166
            ],
            [
              86.32384674543793,
              23.897521302349578
            ],
            [
              86.33781888200232,
              23.88198228433321
            ],
            [
              86.3304575091147,
              23.838587558004274
            ],
            [
              86.27893432439296,
              23.842158613224765
            ],
            [
              86.27829975506322,
              23.84307719222667
            ],
            [
              86.27907707969294,
              23.852534512334184
            ],
            [
              86.28365281385844,
              23.867316800659918
            ],
            [
              86.31043938371963,
              23.89087247432166
            ]
          ]
        ]
      }
    },
    {
      "type": "Feature",
      "id": 111771,
      "properties": {
        "id": 50,
        "gp_code": 111771,
        "gp_name": "SINIDIH",
        "block_code": 2354,
        "block_name": "Baghmara",
        "district_code": 336,
        "district_name": "Dhanbad",
        "state_code": 20,
        "state_name": "Jharkhand",
        "area_sq_km": 4.061,
        "centroid_lat": 23.866,
        "centroid_lon": 86.152,
        "elevation_mean": 235.0,
        "elevation_min": 227.1,
        "elevation_max": 247.7,
        "slope_mean": 3.172,
        "ndvi_mean": 0.22,
        "land_cover_class": 13,
        "land_cover_name": "Built-up / Urban settlements",
        "agriculture_fraction": 0.15,
        "forest_fraction": 0.05,
        "water_fraction": 0.04,
        "source": "Local Government Directory (LGD) / Survey of India / Bharat Maps",
        "source_version": "2024.1",
        "last_updated": "2026-09-25T18:00:00Z",
        "boundary_quality": "DERIVED",
        "boundary_source": "LGD Revenue Village Centroids + Block-Bounded Voronoi Tessellation"
      },
      "geometry": {
        "type": "Polygon",
        "coordinates": [
          [
            [
              86.13180628571429,
              23.86767942857143
            ],
            [
              86.13404484173505,
              23.874050703399753
            ],
            [
              86.16249440901643,
              23.870171216952308
            ],
            [
              86.16281225707733,
              23.86339056426933
            ],
            [
              86.1408387777311,
              23.85789719443278
            ],
            [
              86.13468746021617,
              23.85825013020161
            ],
            [
              86.13180628571429,
              23.86767942857143
            ]
          ]
        ]
      }
    },
    {
      "type": "Feature",
      "id": 111772,
      "properties": {
        "id": 51,
        "gp_code": 111772,
        "gp_name": "SONARDIH",
        "block_code": 2354,
        "block_name": "Baghmara",
        "district_code": 336,
        "district_name": "Dhanbad",
        "state_code": 20,
        "state_name": "Jharkhand",
        "area_sq_km": 5.005,
        "centroid_lat": 23.867,
        "centroid_lon": 86.17333,
        "elevation_mean": 245.0,
        "elevation_min": 237.1,
        "elevation_max": 257.6,
        "slope_mean": 3.161,
        "ndvi_mean": 0.64,
        "land_cover_class": 12,
        "land_cover_name": "Cropland",
        "agriculture_fraction": 0.72,
        "forest_fraction": 0.12,
        "water_fraction": 0.04,
        "source": "Local Government Directory (LGD) / Survey of India / Bharat Maps",
        "source_version": "2024.1",
        "last_updated": "2026-09-25T18:00:00Z",
        "boundary_quality": "DERIVED",
        "boundary_source": "LGD Revenue Village Centroids + Block-Bounded Voronoi Tessellation"
      },
      "geometry": {
        "type": "Polygon",
        "coordinates": [
          [
            [
              86.17183797607743,
              23.88870231350438
            ],
            [
              86.17373655213308,
              23.887654121530154
            ],
            [
              86.18529256653387,
              23.86804356509201
            ],
            [
              86.17981529739923,
              23.858914600625305
            ],
            [
              86.16633039579642,
              23.857367190951454
            ],
            [
              86.16281225707733,
              23.86339056426933
            ],
            [
              86.16249440901643,
              23.870171216952308
            ],
            [
              86.17183797607743,
              23.88870231350438
            ]
          ]
        ]
      }
    },
    {
      "type": "Feature",
      "id": 111773,
      "properties": {
        "id": 52,
        "gp_code": 111773,
        "gp_name": "TELMOCHO",
        "block_code": 2354,
        "block_name": "Baghmara",
        "district_code": 336,
        "district_name": "Dhanbad",
        "state_code": 20,
        "state_name": "Jharkhand",
        "area_sq_km": 3.413,
        "centroid_lat": 23.865,
        "centroid_lon": 86.19767,
        "elevation_mean": 268.0,
        "elevation_min": 260.0,
        "elevation_max": 280.7,
        "slope_mean": 3.183,
        "ndvi_mean": 0.64,
        "land_cover_class": 12,
        "land_cover_name": "Cropland",
        "agriculture_fraction": 0.72,
        "forest_fraction": 0.12,
        "water_fraction": 0.04,
        "source": "Local Government Directory (LGD) / Survey of India / Bharat Maps",
        "source_version": "2024.1",
        "last_updated": "2026-09-25T18:00:00Z",
        "boundary_quality": "DERIVED",
        "boundary_source": "LGD Revenue Village Centroids + Block-Bounded Voronoi Tessellation"
      },
      "geometry": {
        "type": "Polygon",
        "coordinates": [
          [
            [
              86.20932726700332,
              23.877818167508295
            ],
            [
              86.21014431083655,
              23.857937039914127
            ],
            [
              86.20943876910871,
              23.85693500661109
            ],
            [
              86.19718922202375,
              23.857783959905483
            ],
            [
              86.18661547604253,
              23.867917573710233
            ],
            [
              86.20932726700332,
              23.877818167508295
            ]
          ]
        ]
      }
    },
    {
      "type": "Feature",
      "id": 111774,
      "properties": {
        "id": 53,
        "gp_code": 111774,
        "gp_name": "TIKAPAHARI",
        "block_code": 2354,
        "block_name": "Baghmara",
        "district_code": 336,
        "district_name": "Dhanbad",
        "state_code": 20,
        "state_name": "Jharkhand",
        "area_sq_km": 3.728,
        "centroid_lat": 23.866,
        "centroid_lon": 86.222,
        "elevation_mean": 252.0,
        "elevation_min": 244.1,
        "elevation_max": 264.7,
        "slope_mean": 3.172,
        "ndvi_mean": 0.64,
        "land_cover_class": 12,
        "land_cover_name": "Cropland",
        "agriculture_fraction": 0.72,
        "forest_fraction": 0.12,
        "water_fraction": 0.04,
        "source": "Local Government Directory (LGD) / Survey of India / Bharat Maps",
        "source_version": "2024.1",
        "last_updated": "2026-09-25T18:00:00Z",
        "boundary_quality": "DERIVED",
        "boundary_source": "LGD Revenue Village Centroids + Block-Bounded Voronoi Tessellation"
      },
      "geometry": {
        "type": "Polygon",
        "coordinates": [
          [
            [
              86.20974013157894,
              23.878850328947383
            ],
            [
              86.23253973188476,
              23.8692043442026
            ],
            [
              86.2327402789379,
              23.864926073917854
            ],
            [
              86.21995964147527,
              23.857373879053572
            ],
            [
              86.21014431083655,
              23.857937039914127
            ],
            [
              86.20932726700332,
              23.877818167508295
            ],
            [
              86.20974013157894,
              23.878850328947383
            ]
          ]
        ]
      }
    },
    {
      "type": "Feature",
      "id": 111775,
      "properties": {
        "id": 54,
        "gp_code": 111775,
        "gp_name": "TUNDOO",
        "block_code": 2354,
        "block_name": "Baghmara",
        "district_code": 336,
        "district_name": "Dhanbad",
        "state_code": 20,
        "state_name": "Jharkhand",
        "area_sq_km": 5.168,
        "centroid_lat": 23.867,
        "centroid_lon": 86.24333,
        "elevation_mean": 263.0,
        "elevation_min": 255.1,
        "elevation_max": 275.6,
        "slope_mean": 3.161,
        "ndvi_mean": 0.64,
        "land_cover_class": 12,
        "land_cover_name": "Cropland",
        "agriculture_fraction": 0.72,
        "forest_fraction": 0.12,
        "water_fraction": 0.04,
        "source": "Local Government Directory (LGD) / Survey of India / Bharat Maps",
        "source_version": "2024.1",
        "last_updated": "2026-09-25T18:00:00Z",
        "boundary_quality": "DERIVED",
        "boundary_source": "LGD Revenue Village Centroids + Block-Bounded Voronoi Tessellation"
      },
      "geometry": {
        "type": "Polygon",
        "coordinates": [
          [
            [
              86.23253973188476,
              23.8692043442026
            ],
            [
              86.24661448705726,
              23.887774810756454
            ],
            [
              86.24753660022103,
              23.888161343829015
            ],
            [
              86.25728649312768,
              23.866061261577514
            ],
            [
              86.25419863487832,
              23.859417594196835
            ],
            [
              86.23864096685367,
              23.857632331929967
            ],
            [
              86.2327402789379,
              23.864926073917854
            ],
            [
              86.23253973188476,
              23.8692043442026
            ]
          ]
        ]
      }
    },
    {
      "type": "Feature",
      "id": 111776,
      "properties": {
        "id": 55,
        "gp_code": 111776,
        "gp_name": "ALAKDIHA",
        "block_code": 2355,
        "block_name": "Baliapur",
        "district_code": 336,
        "district_name": "Dhanbad",
        "state_code": 20,
        "state_name": "Jharkhand",
        "area_sq_km": 78.148,
        "centroid_lat": 23.66,
        "centroid_lon": 86.471,
        "elevation_mean": 154.0,
        "elevation_min": 148.6,
        "elevation_max": 162.7,
        "slope_mean": 2.178,
        "ndvi_mean": 0.64,
        "land_cover_class": 12,
        "land_cover_name": "Cropland",
        "agriculture_fraction": 0.72,
        "forest_fraction": 0.12,
        "water_fraction": 0.04,
        "source": "Local Government Directory (LGD) / Survey of India / Bharat Maps",
        "source_version": "2024.1",
        "last_updated": "2026-09-25T18:00:00Z",
        "boundary_quality": "DERIVED",
        "boundary_source": "LGD Revenue Village Centroids + Block-Bounded Voronoi Tessellation"
      },
      "geometry": {
        "type": "Polygon",
        "coordinates": [
          [
            [
              86.346,
              23.634999999999994
            ],
            [
              86.38199197247705,
              23.670991972477047
            ],
            [
              86.48730387931035,
              23.67471982758621
            ],
            [
              86.48865504807692,
              23.672918269230767
            ],
            [
              86.490125,
              23.62
            ],
            [
              86.33850000000001,
              23.62
            ],
            [
              86.346,
              23.634999999999994
            ]
          ]
        ]
      }
    },
    {
      "type": "Feature",
      "id": 111777,
      "properties": {
        "id": 56,
        "gp_code": 111777,
        "gp_name": "AMJHAR",
        "block_code": 2355,
        "block_name": "Baliapur",
        "district_code": 336,
        "district_name": "Dhanbad",
        "state_code": 20,
        "state_name": "Jharkhand",
        "area_sq_km": 20.92,
        "centroid_lat": 23.661,
        "centroid_lon": 86.507,
        "elevation_mean": 152.0,
        "elevation_min": 147.1,
        "elevation_max": 159.8,
        "slope_mean": 1.941,
        "ndvi_mean": 0.48,
        "land_cover_class": 4,
        "land_cover_name": "Grassland / Shrubland",
        "agriculture_fraction": 0.45,
        "forest_fraction": 0.38,
        "water_fraction": 0.04,
        "source": "Local Government Directory (LGD) / Survey of India / Bharat Maps",
        "source_version": "2024.1",
        "last_updated": "2026-09-25T18:00:00Z",
        "boundary_quality": "DERIVED",
        "boundary_source": "LGD Revenue Village Centroids + Block-Bounded Voronoi Tessellation"
      },
      "geometry": {
        "type": "Polygon",
        "coordinates": [
          [
            [
              86.48865504807692,
              23.672918269230767
            ],
            [
              86.52311263859755,
              23.674282926281094
            ],
            [
              86.52475757575758,
              23.62
            ],
            [
              86.490125,
              23.62
            ],
            [
              86.48865504807692,
              23.672918269230767
            ]
          ]
        ]
      }
    },
    {
      "type": "Feature",
      "id": 111778,
      "properties": {
        "id": 57,
        "gp_code": 111778,
        "gp_name": "BALIAPUR",
        "block_code": 2355,
        "block_name": "Baliapur",
        "district_code": 336,
        "district_name": "Dhanbad",
        "state_code": 20,
        "state_name": "Jharkhand",
        "area_sq_km": 20.536,
        "centroid_lat": 23.662,
        "centroid_lon": 86.54,
        "elevation_mean": 151.0,
        "elevation_min": 146.8,
        "elevation_max": 157.7,
        "slope_mean": 1.669,
        "ndvi_mean": 0.64,
        "land_cover_class": 12,
        "land_cover_name": "Cropland",
        "agriculture_fraction": 0.72,
        "forest_fraction": 0.12,
        "water_fraction": 0.04,
        "source": "Local Government Directory (LGD) / Survey of India / Bharat Maps",
        "source_version": "2024.1",
        "last_updated": "2026-09-25T18:00:00Z",
        "boundary_quality": "OFFICIAL",
        "boundary_source": "Survey of India / Bharat Maps Gazetted Boundary"
      },
      "geometry": {
        "type": "Polygon",
        "coordinates": [
          [
            [
              86.52430006201764,
              23.675947767364935
            ],
            [
              86.55867914841183,
              23.673224671412928
            ],
            [
              86.55572222222222,
              23.62
            ],
            [
              86.52475757575758,
              23.62
            ],
            [
              86.52311263859755,
              23.674282926281094
            ],
            [
              86.52430006201764,
              23.675947767364935
            ]
          ]
        ]
      }
    },
    {
      "type": "Feature",
      "id": 111779,
      "properties": {
        "id": 58,
        "gp_code": 111779,
        "gp_name": "BARA DAHAL",
        "block_code": 2355,
        "block_name": "Baliapur",
        "district_code": 336,
        "district_name": "Dhanbad",
        "state_code": 20,
        "state_name": "Jharkhand",
        "area_sq_km": 22.698,
        "centroid_lat": 23.66,
        "centroid_lon": 86.576,
        "elevation_mean": 125.0,
        "elevation_min": 121.7,
        "elevation_max": 130.3,
        "slope_mean": 1.336,
        "ndvi_mean": 0.64,
        "land_cover_class": 12,
        "land_cover_name": "Cropland",
        "agriculture_fraction": 0.72,
        "forest_fraction": 0.12,
        "water_fraction": 0.04,
        "source": "Local Government Directory (LGD) / Survey of India / Bharat Maps",
        "source_version": "2024.1",
        "last_updated": "2026-09-25T18:00:00Z",
        "boundary_quality": "DERIVED",
        "boundary_source": "LGD Revenue Village Centroids + Block-Bounded Voronoi Tessellation"
      },
      "geometry": {
        "type": "Polygon",
        "coordinates": [
          [
            [
              86.55867914841183,
              23.673224671412928
            ],
            [
              86.55893065229039,
              23.673538474417363
            ],
            [
              86.59230387931035,
              23.674719827586202
            ],
            [
              86.59365504807691,
              23.672918269230777
            ],
            [
              86.595125,
              23.62
            ],
            [
              86.55572222222222,
              23.62
            ],
            [
              86.55867914841183,
              23.673224671412928
            ]
          ]
        ]
      }
    },
    {
      "type": "Feature",
      "id": 111780,
      "properties": {
        "id": 59,
        "gp_code": 111780,
        "gp_name": "BAWANDIH",
        "block_code": 2355,
        "block_name": "Baliapur",
        "district_code": 336,
        "district_name": "Dhanbad",
        "state_code": 20,
        "state_name": "Jharkhand",
        "area_sq_km": 29.639,
        "centroid_lat": 23.661,
        "centroid_lon": 86.612,
        "elevation_mean": 125.0,
        "elevation_min": 122.5,
        "elevation_max": 129.0,
        "slope_mean": 0.991,
        "ndvi_mean": 0.64,
        "land_cover_class": 12,
        "land_cover_name": "Cropland",
        "agriculture_fraction": 0.72,
        "forest_fraction": 0.12,
        "water_fraction": 0.04,
        "source": "Local Government Directory (LGD) / Survey of India / Bharat Maps",
        "source_version": "2024.1",
        "last_updated": "2026-09-25T18:00:00Z",
        "boundary_quality": "DERIVED",
        "boundary_source": "LGD Revenue Village Centroids + Block-Bounded Voronoi Tessellation"
      },
      "geometry": {
        "type": "Polygon",
        "coordinates": [
          [
            [
              86.59365504807691,
              23.672918269230777
            ],
            [
              86.60111067708333,
              23.673213541666673
            ],
            [
              86.63850845009823,
              23.6653403262951
            ],
            [
              86.65727009381789,
              23.62
            ],
            [
              86.595125,
              23.62
            ],
            [
              86.59365504807691,
              23.672918269230777
            ]
          ]
        ]
      }
    },
    {
      "type": "Feature",
      "id": 111781,
      "properties": {
        "id": 60,
        "gp_code": 111781,
        "gp_name": "BHIKHRAJDIH",
        "block_code": 2355,
        "block_name": "Baliapur",
        "district_code": 336,
        "district_name": "Dhanbad",
        "state_code": 20,
        "state_name": "Jharkhand",
        "area_sq_km": 30.819,
        "centroid_lat": 23.68825,
        "centroid_lon": 86.47,
        "elevation_mean": 162.0,
        "elevation_min": 156.5,
        "elevation_max": 170.7,
        "slope_mean": 2.184,
        "ndvi_mean": 0.64,
        "land_cover_class": 12,
        "land_cover_name": "Cropland",
        "agriculture_fraction": 0.72,
        "forest_fraction": 0.12,
        "water_fraction": 0.04,
        "source": "Local Government Directory (LGD) / Survey of India / Bharat Maps",
        "source_version": "2024.1",
        "last_updated": "2026-09-25T18:00:00Z",
        "boundary_quality": "DERIVED",
        "boundary_source": "LGD Revenue Village Centroids + Block-Bounded Voronoi Tessellation"
      },
      "geometry": {
        "type": "Polygon",
        "coordinates": [
          [
            [
              86.39667772693933,
              23.69125524344242
            ],
            [
              86.41672860756708,
              23.70517372415309
            ],
            [
              86.48867914841183,
              23.699474671412926
            ],
            [
              86.48730387931035,
              23.67471982758621
            ],
            [
              86.38199197247705,
              23.670991972477047
            ],
            [
              86.39667772693933,
              23.69125524344242
            ]
          ]
        ]
      }
    },
    {
      "type": "Feature",
      "id": 111782,
      "properties": {
        "id": 61,
        "gp_code": 111782,
        "gp_name": "BODRA",
        "block_code": 2355,
        "block_name": "Baliapur",
        "district_code": 336,
        "district_name": "Dhanbad",
        "state_code": 20,
        "state_name": "Jharkhand",
        "area_sq_km": 10.853,
        "centroid_lat": 23.68625,
        "centroid_lon": 86.506,
        "elevation_mean": 160.0,
        "elevation_min": 155.1,
        "elevation_max": 167.8,
        "slope_mean": 1.948,
        "ndvi_mean": 0.64,
        "land_cover_class": 12,
        "land_cover_name": "Cropland",
        "agriculture_fraction": 0.72,
        "forest_fraction": 0.12,
        "water_fraction": 0.04,
        "source": "Local Government Directory (LGD) / Survey of India / Bharat Maps",
        "source_version": "2024.1",
        "last_updated": "2026-09-25T18:00:00Z",
        "boundary_quality": "DERIVED",
        "boundary_source": "LGD Revenue Village Centroids + Block-Bounded Voronoi Tessellation"
      },
      "geometry": {
        "type": "Polygon",
        "coordinates": [
          [
            [
              86.48893065229038,
              23.699788474417357
            ],
            [
              86.52230387931034,
              23.70096982758621
            ],
            [
              86.52365504807692,
              23.699168269230764
            ],
            [
              86.52430006201764,
              23.675947767364935
            ],
            [
              86.52311263859755,
              23.674282926281094
            ],
            [
              86.48865504807692,
              23.672918269230767
            ],
            [
              86.48730387931035,
              23.67471982758621
            ],
            [
              86.48867914841183,
              23.699474671412926
            ],
            [
              86.48893065229038,
              23.699788474417357
            ]
          ]
        ]
      }
    },
    {
      "type": "Feature",
      "id": 111783,
      "properties": {
        "id": 62,
        "gp_code": 111783,
        "gp_name": "CHANDRA",
        "block_code": 2355,
        "block_name": "Baliapur",
        "district_code": 336,
        "district_name": "Dhanbad",
        "state_code": 20,
        "state_name": "Jharkhand",
        "area_sq_km": 9.851,
        "centroid_lat": 23.68725,
        "centroid_lon": 86.542,
        "elevation_mean": 169.0,
        "elevation_min": 164.9,
        "elevation_max": 175.6,
        "slope_mean": 1.651,
        "ndvi_mean": 0.64,
        "land_cover_class": 12,
        "land_cover_name": "Cropland",
        "agriculture_fraction": 0.72,
        "forest_fraction": 0.12,
        "water_fraction": 0.04,
        "source": "Local Government Directory (LGD) / Survey of India / Bharat Maps",
        "source_version": "2024.1",
        "last_updated": "2026-09-25T18:00:00Z",
        "boundary_quality": "DERIVED",
        "boundary_source": "LGD Revenue Village Centroids + Block-Bounded Voronoi Tessellation"
      },
      "geometry": {
        "type": "Polygon",
        "coordinates": [
          [
            [
              86.52365504807692,
              23.699168269230764
            ],
            [
              86.55811263859755,
              23.70053292628109
            ],
            [
              86.55893065229039,
              23.673538474417363
            ],
            [
              86.55867914841183,
              23.673224671412928
            ],
            [
              86.52430006201764,
              23.675947767364935
            ],
            [
              86.52365504807692,
              23.699168269230764
            ]
          ]
        ]
      }
    },
    {
      "type": "Feature",
      "id": 111784,
      "properties": {
        "id": 63,
        "gp_code": 111784,
        "gp_name": "CHHOTADAHA",
        "block_code": 2355,
        "block_name": "Baliapur",
        "district_code": 336,
        "district_name": "Dhanbad",
        "state_code": 20,
        "state_name": "Jharkhand",
        "area_sq_km": 10.409,
        "centroid_lat": 23.68825,
        "centroid_lon": 86.575,
        "elevation_mean": 133.0,
        "elevation_min": 129.6,
        "elevation_max": 138.4,
        "slope_mean": 1.345,
        "ndvi_mean": 0.64,
        "land_cover_class": 12,
        "land_cover_name": "Cropland",
        "agriculture_fraction": 0.72,
        "forest_fraction": 0.12,
        "water_fraction": 0.04,
        "source": "Local Government Directory (LGD) / Survey of India / Bharat Maps",
        "source_version": "2024.1",
        "last_updated": "2026-09-25T18:00:00Z",
        "boundary_quality": "DERIVED",
        "boundary_source": "LGD Revenue Village Centroids + Block-Bounded Voronoi Tessellation"
      },
      "geometry": {
        "type": "Polygon",
        "coordinates": [
          [
            [
              86.55811263859755,
              23.70053292628109
            ],
            [
              86.55930006201764,
              23.702197767364936
            ],
            [
              86.59367914841184,
              23.699474671412926
            ],
            [
              86.59230387931035,
              23.674719827586202
            ],
            [
              86.55893065229039,
              23.673538474417363
            ],
            [
              86.55811263859755,
              23.70053292628109
            ]
          ]
        ]
      }
    },
    {
      "type": "Feature",
      "id": 111785,
      "properties": {
        "id": 64,
        "gp_code": 111785,
        "gp_name": "DANGUAPARA",
        "block_code": 2355,
        "block_name": "Baliapur",
        "district_code": 336,
        "district_name": "Dhanbad",
        "state_code": 20,
        "state_name": "Jharkhand",
        "area_sq_km": 6.306,
        "centroid_lat": 23.68625,
        "centroid_lon": 86.611,
        "elevation_mean": 147.0,
        "elevation_min": 144.5,
        "elevation_max": 151.0,
        "slope_mean": 1.001,
        "ndvi_mean": 0.64,
        "land_cover_class": 12,
        "land_cover_name": "Cropland",
        "agriculture_fraction": 0.72,
        "forest_fraction": 0.12,
        "water_fraction": 0.04,
        "source": "Local Government Directory (LGD) / Survey of India / Bharat Maps",
        "source_version": "2024.1",
        "last_updated": "2026-09-25T18:00:00Z",
        "boundary_quality": "DERIVED",
        "boundary_source": "LGD Revenue Village Centroids + Block-Bounded Voronoi Tessellation"
      },
      "geometry": {
        "type": "Polygon",
        "coordinates": [
          [
            [
              86.59393065229038,
              23.699788474417357
            ],
            [
              86.60232529527559,
              23.70008562992126
            ],
            [
              86.62618092105264,
              23.6932697368421
            ],
            [
              86.60111067708333,
              23.673213541666673
            ],
            [
              86.59365504807691,
              23.672918269230777
            ],
            [
              86.59230387931035,
              23.674719827586202
            ],
            [
              86.59367914841184,
              23.699474671412926
            ],
            [
              86.59393065229038,
              23.699788474417357
            ]
          ]
        ]
      }
    },
    {
      "type": "Feature",
      "id": 111786,
      "properties": {
        "id": 65,
        "gp_code": 111786,
        "gp_name": "DUDHIYA",
        "block_code": 2355,
        "block_name": "Baliapur",
        "district_code": 336,
        "district_name": "Dhanbad",
        "state_code": 20,
        "state_name": "Jharkhand",
        "area_sq_km": 16.806,
        "centroid_lat": 23.7135,
        "centroid_lon": 86.472,
        "elevation_mean": 189.0,
        "elevation_min": 183.6,
        "elevation_max": 197.7,
        "slope_mean": 2.173,
        "ndvi_mean": 0.64,
        "land_cover_class": 12,
        "land_cover_name": "Cropland",
        "agriculture_fraction": 0.72,
        "forest_fraction": 0.12,
        "water_fraction": 0.04,
        "source": "Local Government Directory (LGD) / Survey of India / Bharat Maps",
        "source_version": "2024.1",
        "last_updated": "2026-09-25T18:00:00Z",
        "boundary_quality": "DERIVED",
        "boundary_source": "LGD Revenue Village Centroids + Block-Bounded Voronoi Tessellation"
      },
      "geometry": {
        "type": "Polygon",
        "coordinates": [
          [
            [
              86.43435348410759,
              23.72465385085576
            ],
            [
              86.48811263859754,
              23.726782926281086
            ],
            [
              86.48893065229038,
              23.699788474417357
            ],
            [
              86.48867914841183,
              23.699474671412926
            ],
            [
              86.41672860756708,
              23.70517372415309
            ],
            [
              86.43435348410759,
              23.72465385085576
            ]
          ]
        ]
      }
    },
    {
      "type": "Feature",
      "id": 111787,
      "properties": {
        "id": 66,
        "gp_code": 111787,
        "gp_name": "GOPALPUR",
        "block_code": 2355,
        "block_name": "Baliapur",
        "district_code": 336,
        "district_name": "Dhanbad",
        "state_code": 20,
        "state_name": "Jharkhand",
        "area_sq_km": 10.407,
        "centroid_lat": 23.7145,
        "centroid_lon": 86.505,
        "elevation_mean": 176.0,
        "elevation_min": 171.1,
        "elevation_max": 183.8,
        "slope_mean": 1.956,
        "ndvi_mean": 0.64,
        "land_cover_class": 12,
        "land_cover_name": "Cropland",
        "agriculture_fraction": 0.72,
        "forest_fraction": 0.12,
        "water_fraction": 0.04,
        "source": "Local Government Directory (LGD) / Survey of India / Bharat Maps",
        "source_version": "2024.1",
        "last_updated": "2026-09-25T18:00:00Z",
        "boundary_quality": "DERIVED",
        "boundary_source": "LGD Revenue Village Centroids + Block-Bounded Voronoi Tessellation"
      },
      "geometry": {
        "type": "Polygon",
        "coordinates": [
          [
            [
              86.48930006201765,
              23.728447767364948
            ],
            [
              86.52367914841183,
              23.72572467141292
            ],
            [
              86.52230387931034,
              23.70096982758621
            ],
            [
              86.48893065229038,
              23.699788474417357
            ],
            [
              86.48811263859754,
              23.726782926281086
            ],
            [
              86.48930006201765,
              23.728447767364948
            ]
          ]
        ]
      }
    },
    {
      "type": "Feature",
      "id": 111788,
      "properties": {
        "id": 67,
        "gp_code": 111788,
        "gp_name": "HEMETPUR",
        "block_code": 2355,
        "block_name": "Baliapur",
        "district_code": 336,
        "district_name": "Dhanbad",
        "state_code": 20,
        "state_name": "Jharkhand",
        "area_sq_km": 10.851,
        "centroid_lat": 23.7125,
        "centroid_lon": 86.541,
        "elevation_mean": 159.0,
        "elevation_min": 154.8,
        "elevation_max": 165.6,
        "slope_mean": 1.66,
        "ndvi_mean": 0.48,
        "land_cover_class": 4,
        "land_cover_name": "Grassland / Shrubland",
        "agriculture_fraction": 0.45,
        "forest_fraction": 0.38,
        "water_fraction": 0.04,
        "source": "Local Government Directory (LGD) / Survey of India / Bharat Maps",
        "source_version": "2024.1",
        "last_updated": "2026-09-25T18:00:00Z",
        "boundary_quality": "DERIVED",
        "boundary_source": "LGD Revenue Village Centroids + Block-Bounded Voronoi Tessellation"
      },
      "geometry": {
        "type": "Polygon",
        "coordinates": [
          [
            [
              86.52367914841183,
              23.72572467141292
            ],
            [
              86.52393065229039,
              23.72603847441736
            ],
            [
              86.55730387931034,
              23.7272198275862
            ],
            [
              86.55865504807691,
              23.725418269230765
            ],
            [
              86.55930006201764,
              23.702197767364936
            ],
            [
              86.55811263859755,
              23.70053292628109
            ],
            [
              86.52365504807692,
              23.699168269230764
            ],
            [
              86.52230387931034,
              23.70096982758621
            ],
            [
              86.52367914841183,
              23.72572467141292
            ]
          ]
        ]
      }
    },
    {
      "type": "Feature",
      "id": 111789,
      "properties": {
        "id": 68,
        "gp_code": 111789,
        "gp_name": "KALAPAHAR",
        "block_code": 2355,
        "block_name": "Baliapur",
        "district_code": 336,
        "district_name": "Dhanbad",
        "state_code": 20,
        "state_name": "Jharkhand",
        "area_sq_km": 9.849,
        "centroid_lat": 23.7135,
        "centroid_lon": 86.577,
        "elevation_mean": 150.0,
        "elevation_min": 146.7,
        "elevation_max": 155.3,
        "slope_mean": 1.326,
        "ndvi_mean": 0.64,
        "land_cover_class": 12,
        "land_cover_name": "Cropland",
        "agriculture_fraction": 0.72,
        "forest_fraction": 0.12,
        "water_fraction": 0.04,
        "source": "Local Government Directory (LGD) / Survey of India / Bharat Maps",
        "source_version": "2024.1",
        "last_updated": "2026-09-25T18:00:00Z",
        "boundary_quality": "DERIVED",
        "boundary_source": "LGD Revenue Village Centroids + Block-Bounded Voronoi Tessellation"
      },
      "geometry": {
        "type": "Polygon",
        "coordinates": [
          [
            [
              86.55865504807691,
              23.725418269230765
            ],
            [
              86.59311263859755,
              23.726782926281093
            ],
            [
              86.59393065229038,
              23.699788474417357
            ],
            [
              86.59367914841184,
              23.699474671412926
            ],
            [
              86.55930006201764,
              23.702197767364936
            ],
            [
              86.55865504807691,
              23.725418269230765
            ]
          ]
        ]
      }
    },
    {
      "type": "Feature",
      "id": 111790,
      "properties": {
        "id": 69,
        "gp_code": 111790,
        "gp_name": "KARMATAND",
        "block_code": 2355,
        "block_name": "Baliapur",
        "district_code": 336,
        "district_name": "Dhanbad",
        "state_code": 20,
        "state_name": "Jharkhand",
        "area_sq_km": 6.155,
        "centroid_lat": 23.7145,
        "centroid_lon": 86.61,
        "elevation_mean": 174.0,
        "elevation_min": 171.5,
        "elevation_max": 178.0,
        "slope_mean": 1.01,
        "ndvi_mean": 0.64,
        "land_cover_class": 12,
        "land_cover_name": "Cropland",
        "agriculture_fraction": 0.72,
        "forest_fraction": 0.12,
        "water_fraction": 0.04,
        "source": "Local Government Directory (LGD) / Survey of India / Bharat Maps",
        "source_version": "2024.1",
        "last_updated": "2026-09-25T18:00:00Z",
        "boundary_quality": "DERIVED",
        "boundary_source": "LGD Revenue Village Centroids + Block-Bounded Voronoi Tessellation"
      },
      "geometry": {
        "type": "Polygon",
        "coordinates": [
          [
            [
              86.59311263859755,
              23.726782926281093
            ],
            [
              86.59430006201764,
              23.728447767364937
            ],
            [
              86.59782608695652,
              23.72816847826087
            ],
            [
              86.62450354609929,
              23.72149911347518
            ],
            [
              86.60232529527559,
              23.70008562992126
            ],
            [
              86.59393065229038,
              23.699788474417357
            ],
            [
              86.59311263859755,
              23.726782926281093
            ]
          ]
        ]
      }
    },
    {
      "type": "Feature",
      "id": 111791,
      "properties": {
        "id": 70,
        "gp_code": 111791,
        "gp_name": "KUMARDHI",
        "block_code": 2355,
        "block_name": "Baliapur",
        "district_code": 336,
        "district_name": "Dhanbad",
        "state_code": 20,
        "state_name": "Jharkhand",
        "area_sq_km": 13.228,
        "centroid_lat": 23.73875,
        "centroid_lon": 86.471,
        "elevation_mean": 232.0,
        "elevation_min": 226.6,
        "elevation_max": 240.7,
        "slope_mean": 2.178,
        "ndvi_mean": 0.64,
        "land_cover_class": 12,
        "land_cover_name": "Cropland",
        "agriculture_fraction": 0.72,
        "forest_fraction": 0.12,
        "water_fraction": 0.04,
        "source": "Local Government Directory (LGD) / Survey of India / Bharat Maps",
        "source_version": "2024.1",
        "last_updated": "2026-09-25T18:00:00Z",
        "boundary_quality": "DERIVED",
        "boundary_source": "LGD Revenue Village Centroids + Block-Bounded Voronoi Tessellation"
      },
      "geometry": {
        "type": "Polygon",
        "coordinates": [
          [
            [
              86.44263835037012,
              23.74383005816003
            ],
            [
              86.47883012820513,
              23.753169871794874
            ],
            [
              86.48730387931035,
              23.75346982758621
            ],
            [
              86.48865504807692,
              23.751668269230766
            ],
            [
              86.48930006201765,
              23.728447767364948
            ],
            [
              86.48811263859754,
              23.726782926281086
            ],
            [
              86.43435348410759,
              23.72465385085576
            ],
            [
              86.44263835037012,
              23.74383005816003
            ]
          ]
        ]
      }
    },
    {
      "type": "Feature",
      "id": 111792,
      "properties": {
        "id": 71,
        "gp_code": 111792,
        "gp_name": "MOHANPUR",
        "block_code": 2355,
        "block_name": "Baliapur",
        "district_code": 336,
        "district_name": "Dhanbad",
        "state_code": 20,
        "state_name": "Jharkhand",
        "area_sq_km": 9.847,
        "centroid_lat": 23.73975,
        "centroid_lon": 86.507,
        "elevation_mean": 183.0,
        "elevation_min": 178.1,
        "elevation_max": 190.8,
        "slope_mean": 1.941,
        "ndvi_mean": 0.64,
        "land_cover_class": 12,
        "land_cover_name": "Cropland",
        "agriculture_fraction": 0.72,
        "forest_fraction": 0.12,
        "water_fraction": 0.04,
        "source": "Local Government Directory (LGD) / Survey of India / Bharat Maps",
        "source_version": "2024.1",
        "last_updated": "2026-09-25T18:00:00Z",
        "boundary_quality": "DERIVED",
        "boundary_source": "LGD Revenue Village Centroids + Block-Bounded Voronoi Tessellation"
      },
      "geometry": {
        "type": "Polygon",
        "coordinates": [
          [
            [
              86.48930006201765,
              23.728447767364948
            ],
            [
              86.48865504807692,
              23.751668269230766
            ],
            [
              86.52311263859755,
              23.753032926281094
            ],
            [
              86.52393065229039,
              23.72603847441736
            ],
            [
              86.52367914841183,
              23.72572467141292
            ],
            [
              86.48930006201765,
              23.728447767364948
            ]
          ]
        ]
      }
    },
    {
      "type": "Feature",
      "id": 111793,
      "properties": {
        "id": 72,
        "gp_code": 111793,
        "gp_name": "MUKUNDAPUR",
        "block_code": 2355,
        "block_name": "Baliapur",
        "district_code": 336,
        "district_name": "Dhanbad",
        "state_code": 20,
        "state_name": "Jharkhand",
        "area_sq_km": 10.405,
        "centroid_lat": 23.74075,
        "centroid_lon": 86.54,
        "elevation_mean": 164.0,
        "elevation_min": 159.8,
        "elevation_max": 170.7,
        "slope_mean": 1.669,
        "ndvi_mean": 0.64,
        "land_cover_class": 12,
        "land_cover_name": "Cropland",
        "agriculture_fraction": 0.72,
        "forest_fraction": 0.12,
        "water_fraction": 0.04,
        "source": "Local Government Directory (LGD) / Survey of India / Bharat Maps",
        "source_version": "2024.1",
        "last_updated": "2026-09-25T18:00:00Z",
        "boundary_quality": "DERIVED",
        "boundary_source": "LGD Revenue Village Centroids + Block-Bounded Voronoi Tessellation"
      },
      "geometry": {
        "type": "Polygon",
        "coordinates": [
          [
            [
              86.52430006201764,
              23.754697767364934
            ],
            [
              86.55867914841183,
              23.751974671412928
            ],
            [
              86.55730387931034,
              23.7272198275862
            ],
            [
              86.52393065229039,
              23.72603847441736
            ],
            [
              86.52311263859755,
              23.753032926281094
            ],
            [
              86.52430006201764,
              23.754697767364934
            ]
          ]
        ]
      }
    },
    {
      "type": "Feature",
      "id": 111794,
      "properties": {
        "id": 73,
        "gp_code": 111794,
        "gp_name": "PALASHBANI",
        "block_code": 2355,
        "block_name": "Baliapur",
        "district_code": 336,
        "district_name": "Dhanbad",
        "state_code": 20,
        "state_name": "Jharkhand",
        "area_sq_km": 14.978,
        "centroid_lat": 23.73875,
        "centroid_lon": 86.576,
        "elevation_mean": 162.0,
        "elevation_min": 158.7,
        "elevation_max": 167.3,
        "slope_mean": 1.336,
        "ndvi_mean": 0.64,
        "land_cover_class": 12,
        "land_cover_name": "Cropland",
        "agriculture_fraction": 0.72,
        "forest_fraction": 0.12,
        "water_fraction": 0.04,
        "source": "Local Government Directory (LGD) / Survey of India / Bharat Maps",
        "source_version": "2024.1",
        "last_updated": "2026-09-25T18:00:00Z",
        "boundary_quality": "DERIVED",
        "boundary_source": "LGD Revenue Village Centroids + Block-Bounded Voronoi Tessellation"
      },
      "geometry": {
        "type": "Polygon",
        "coordinates": [
          [
            [
              86.57090747225159,
              23.767232029598308
            ],
            [
              86.58648685622317,
              23.767776287553648
            ],
            [
              86.59360294117647,
              23.753544117647067
            ],
            [
              86.59430006201764,
              23.728447767364937
            ],
            [
              86.59311263859755,
              23.726782926281093
            ],
            [
              86.55865504807691,
              23.725418269230765
            ],
            [
              86.55730387931034,
              23.7272198275862
            ],
            [
              86.55867914841183,
              23.751974671412928
            ],
            [
              86.57090747225159,
              23.767232029598308
            ]
          ]
        ]
      }
    },
    {
      "type": "Feature",
      "id": 111795,
      "properties": {
        "id": 74,
        "gp_code": 111795,
        "gp_name": "PRADHANKHANTA",
        "block_code": 2355,
        "block_name": "Baliapur",
        "district_code": 336,
        "district_name": "Dhanbad",
        "state_code": 20,
        "state_name": "Jharkhand",
        "area_sq_km": 5.405,
        "centroid_lat": 23.73975,
        "centroid_lon": 86.612,
        "elevation_mean": 181.0,
        "elevation_min": 178.5,
        "elevation_max": 185.0,
        "slope_mean": 0.991,
        "ndvi_mean": 0.64,
        "land_cover_class": 12,
        "land_cover_name": "Cropland",
        "agriculture_fraction": 0.72,
        "forest_fraction": 0.12,
        "water_fraction": 0.04,
        "source": "Local Government Directory (LGD) / Survey of India / Bharat Maps",
        "source_version": "2024.1",
        "last_updated": "2026-09-25T18:00:00Z",
        "boundary_quality": "DERIVED",
        "boundary_source": "LGD Revenue Village Centroids + Block-Bounded Voronoi Tessellation"
      },
      "geometry": {
        "type": "Polygon",
        "coordinates": [
          [
            [
              86.62840675,
              23.746216999999994
            ],
            [
              86.62848817567567,
              23.745689671814674
            ],
            [
              86.59782608695652,
              23.72816847826087
            ],
            [
              86.59430006201764,
              23.728447767364937
            ],
            [
              86.59360294117647,
              23.753544117647067
            ],
            [
              86.62840675,
              23.746216999999994
            ]
          ]
        ]
      }
    },
    {
      "type": "Feature",
      "id": 111796,
      "properties": {
        "id": 75,
        "gp_code": 111796,
        "gp_name": "RANGAMATI",
        "block_code": 2355,
        "block_name": "Baliapur",
        "district_code": 336,
        "district_name": "Dhanbad",
        "state_code": 20,
        "state_name": "Jharkhand",
        "area_sq_km": 5.925,
        "centroid_lat": 23.767,
        "centroid_lon": 86.47,
        "elevation_mean": 212.0,
        "elevation_min": 206.5,
        "elevation_max": 220.7,
        "slope_mean": 2.184,
        "ndvi_mean": 0.64,
        "land_cover_class": 12,
        "land_cover_name": "Cropland",
        "agriculture_fraction": 0.72,
        "forest_fraction": 0.12,
        "water_fraction": 0.04,
        "source": "Local Government Directory (LGD) / Survey of India / Bharat Maps",
        "source_version": "2024.1",
        "last_updated": "2026-09-25T18:00:00Z",
        "boundary_quality": "DERIVED",
        "boundary_source": "LGD Revenue Village Centroids + Block-Bounded Voronoi Tessellation"
      },
      "geometry": {
        "type": "Polygon",
        "coordinates": [
          [
            [
              86.4575,
              23.7745
            ],
            [
              86.48019387755103,
              23.780173469387755
            ],
            [
              86.48870588235295,
              23.77870588235294
            ],
            [
              86.48730387931035,
              23.75346982758621
            ],
            [
              86.47883012820513,
              23.753169871794874
            ],
            [
              86.4575,
              23.7745
            ]
          ]
        ]
      }
    },
    {
      "type": "Feature",
      "id": 111797,
      "properties": {
        "id": 76,
        "gp_code": 111797,
        "gp_name": "SURAJDIH",
        "block_code": 2355,
        "block_name": "Baliapur",
        "district_code": 336,
        "district_name": "Dhanbad",
        "state_code": 20,
        "state_name": "Jharkhand",
        "area_sq_km": 11.546,
        "centroid_lat": 23.765,
        "centroid_lon": 86.506,
        "elevation_mean": 184.0,
        "elevation_min": 179.1,
        "elevation_max": 191.8,
        "slope_mean": 1.948,
        "ndvi_mean": 0.64,
        "land_cover_class": 12,
        "land_cover_name": "Cropland",
        "agriculture_fraction": 0.72,
        "forest_fraction": 0.12,
        "water_fraction": 0.04,
        "source": "Local Government Directory (LGD) / Survey of India / Bharat Maps",
        "source_version": "2024.1",
        "last_updated": "2026-09-25T18:00:00Z",
        "boundary_quality": "DERIVED",
        "boundary_source": "LGD Revenue Village Centroids + Block-Bounded Voronoi Tessellation"
      },
      "geometry": {
        "type": "Polygon",
        "coordinates": [
          [
            [
              86.48730387931035,
              23.75346982758621
            ],
            [
              86.48870588235295,
              23.77870588235294
            ],
            [
              86.491,
              23.781
            ],
            [
              86.52211764705882,
              23.781
            ],
            [
              86.52361663479924,
              23.779301147227535
            ],
            [
              86.52430006201764,
              23.754697767364934
            ],
            [
              86.52311263859755,
              23.753032926281094
            ],
            [
              86.48865504807692,
              23.751668269230766
            ],
            [
              86.48730387931035,
              23.75346982758621
            ]
          ]
        ]
      }
    },
    {
      "type": "Feature",
      "id": 111798,
      "properties": {
        "id": 77,
        "gp_code": 111798,
        "gp_name": "TILABANI",
        "block_code": 2355,
        "block_name": "Baliapur",
        "district_code": 336,
        "district_name": "Dhanbad",
        "state_code": 20,
        "state_name": "Jharkhand",
        "area_sq_km": 12.585,
        "centroid_lat": 23.766,
        "centroid_lon": 86.542,
        "elevation_mean": 178.0,
        "elevation_min": 173.9,
        "elevation_max": 184.6,
        "slope_mean": 1.651,
        "ndvi_mean": 0.64,
        "land_cover_class": 12,
        "land_cover_name": "Cropland",
        "agriculture_fraction": 0.72,
        "forest_fraction": 0.12,
        "water_fraction": 0.04,
        "source": "Local Government Directory (LGD) / Survey of India / Bharat Maps",
        "source_version": "2024.1",
        "last_updated": "2026-09-25T18:00:00Z",
        "boundary_quality": "DERIVED",
        "boundary_source": "LGD Revenue Village Centroids + Block-Bounded Voronoi Tessellation"
      },
      "geometry": {
        "type": "Polygon",
        "coordinates": [
          [
            [
              86.52430006201764,
              23.754697767364934
            ],
            [
              86.52361663479924,
              23.779301147227535
            ],
            [
              86.55740789473684,
              23.781631578947366
            ],
            [
              86.57090747225159,
              23.767232029598308
            ],
            [
              86.55867914841183,
              23.751974671412928
            ],
            [
              86.52430006201764,
              23.754697767364934
            ]
          ]
        ]
      }
    },
    {
      "type": "Feature",
      "id": 111799,
      "properties": {
        "id": 78,
        "gp_code": 111799,
        "gp_name": "BABUDIH",
        "block_code": 2356,
        "block_name": "Dhanbad",
        "district_code": 336,
        "district_name": "Dhanbad",
        "state_code": 20,
        "state_name": "Jharkhand",
        "area_sq_km": 75.936,
        "centroid_lat": 23.76,
        "centroid_lon": 86.371,
        "elevation_mean": 198.0,
        "elevation_min": 192.1,
        "elevation_max": 207.5,
        "slope_mean": 2.38,
        "ndvi_mean": 0.22,
        "land_cover_class": 13,
        "land_cover_name": "Built-up / Urban settlements",
        "agriculture_fraction": 0.15,
        "forest_fraction": 0.05,
        "water_fraction": 0.04,
        "source": "Local Government Directory (LGD) / Survey of India / Bharat Maps",
        "source_version": "2024.1",
        "last_updated": "2026-09-25T18:00:00Z",
        "boundary_quality": "DERIVED",
        "boundary_source": "LGD Revenue Village Centroids + Block-Bounded Voronoi Tessellation"
      },
      "geometry": {
        "type": "Polygon",
        "coordinates": [
          [
            [
              86.33081767206643,
              23.75645862346855
            ],
            [
              86.33232617062659,
              23.7725
            ],
            [
              86.39500257731959,
              23.7725
            ],
            [
              86.39667772693933,
              23.69125524344242
            ],
            [
              86.38199197247705,
              23.670991972477047
            ],
            [
              86.346,
              23.634999999999994
            ],
            [
              86.33081767206643,
              23.75645862346855
            ]
          ]
        ]
      }
    },
    {
      "type": "Feature",
      "id": 111800,
      "properties": {
        "id": 79,
        "gp_code": 111800,
        "gp_name": "BALUDIH",
        "block_code": 2356,
        "block_name": "Dhanbad",
        "district_code": 336,
        "district_name": "Dhanbad",
        "state_code": 20,
        "state_name": "Jharkhand",
        "area_sq_km": 32.953,
        "centroid_lat": 23.761,
        "centroid_lon": 86.4195,
        "elevation_mean": 203.0,
        "elevation_min": 197.1,
        "elevation_max": 212.5,
        "slope_mean": 2.375,
        "ndvi_mean": 0.64,
        "land_cover_class": 12,
        "land_cover_name": "Cropland",
        "agriculture_fraction": 0.72,
        "forest_fraction": 0.12,
        "water_fraction": 0.04,
        "source": "Local Government Directory (LGD) / Survey of India / Bharat Maps",
        "source_version": "2024.1",
        "last_updated": "2026-09-25T18:00:00Z",
        "boundary_quality": "DERIVED",
        "boundary_source": "LGD Revenue Village Centroids + Block-Bounded Voronoi Tessellation"
      },
      "geometry": {
        "type": "Polygon",
        "coordinates": [
          [
            [
              86.3954974226804,
              23.7735
            ],
            [
              86.43736627906976,
              23.7735
            ],
            [
              86.44205137659783,
              23.770537364798425
            ],
            [
              86.44263835037012,
              23.74383005816003
            ],
            [
              86.43435348410759,
              23.72465385085576
            ],
            [
              86.41672860756708,
              23.70517372415309
            ],
            [
              86.39667772693933,
              23.69125524344242
            ],
            [
              86.39500257731959,
              23.7725
            ],
            [
              86.3954974226804,
              23.7735
            ]
          ]
        ]
      }
    },
    {
      "type": "Feature",
      "id": 111801,
      "properties": {
        "id": 80,
        "gp_code": 111801,
        "gp_name": "BHELATAND",
        "block_code": 2356,
        "block_name": "Dhanbad",
        "district_code": 336,
        "district_name": "Dhanbad",
        "state_code": 20,
        "state_name": "Jharkhand",
        "area_sq_km": 8.043,
        "centroid_lat": 23.762,
        "centroid_lon": 86.465,
        "elevation_mean": 221.0,
        "elevation_min": 215.5,
        "elevation_max": 229.8,
        "slope_mean": 2.211,
        "ndvi_mean": 0.64,
        "land_cover_class": 12,
        "land_cover_name": "Cropland",
        "agriculture_fraction": 0.72,
        "forest_fraction": 0.12,
        "water_fraction": 0.04,
        "source": "Local Government Directory (LGD) / Survey of India / Bharat Maps",
        "source_version": "2024.1",
        "last_updated": "2026-09-25T18:00:00Z",
        "boundary_quality": "DERIVED",
        "boundary_source": "LGD Revenue Village Centroids + Block-Bounded Voronoi Tessellation"
      },
      "geometry": {
        "type": "Polygon",
        "coordinates": [
          [
            [
              86.47883012820513,
              23.753169871794874
            ],
            [
              86.44263835037012,
              23.74383005816003
            ],
            [
              86.44205137659783,
              23.770537364798425
            ],
            [
              86.4475,
              23.7745
            ],
            [
              86.4575,
              23.7745
            ],
            [
              86.47883012820513,
              23.753169871794874
            ]
          ]
        ]
      }
    },
    {
      "type": "Feature",
      "id": 111802,
      "properties": {
        "id": 81,
        "gp_code": 111802,
        "gp_name": "CHANDUADIH",
        "block_code": 2356,
        "block_name": "Dhanbad",
        "district_code": 336,
        "district_name": "Dhanbad",
        "state_code": 20,
        "state_name": "Jharkhand",
        "area_sq_km": 18.108,
        "centroid_lat": 23.785,
        "centroid_lon": 86.371,
        "elevation_mean": 223.0,
        "elevation_min": 217.1,
        "elevation_max": 232.5,
        "slope_mean": 2.38,
        "ndvi_mean": 0.64,
        "land_cover_class": 12,
        "land_cover_name": "Cropland",
        "agriculture_fraction": 0.72,
        "forest_fraction": 0.12,
        "water_fraction": 0.04,
        "source": "Local Government Directory (LGD) / Survey of India / Bharat Maps",
        "source_version": "2024.1",
        "last_updated": "2026-09-25T18:00:00Z",
        "boundary_quality": "DERIVED",
        "boundary_source": "LGD Revenue Village Centroids + Block-Bounded Voronoi Tessellation"
      },
      "geometry": {
        "type": "Polygon",
        "coordinates": [
          [
            [
              86.3954974226804,
              23.7735
            ],
            [
              86.39500257731959,
              23.7725
            ],
            [
              86.33232617062659,
              23.7725
            ],
            [
              86.33050750609314,
              23.780676796889264
            ],
            [
              86.33049228269611,
              23.789299839961483
            ],
            [
              86.331956626275,
              23.7975
            ],
            [
              86.39500257731959,
              23.7975
            ],
            [
              86.3954974226804,
              23.7735
            ]
          ]
        ]
      }
    },
    {
      "type": "Feature",
      "id": 111803,
      "properties": {
        "id": 82,
        "gp_code": 111803,
        "gp_name": "DHAIYA",
        "block_code": 2356,
        "block_name": "Dhanbad",
        "district_code": 336,
        "district_name": "Dhanbad",
        "state_code": 20,
        "state_name": "Jharkhand",
        "area_sq_km": 10.401,
        "centroid_lat": 23.786,
        "centroid_lon": 86.4195,
        "elevation_mean": 228.0,
        "elevation_min": 222.1,
        "elevation_max": 237.5,
        "slope_mean": 2.375,
        "ndvi_mean": 0.64,
        "land_cover_class": 12,
        "land_cover_name": "Cropland",
        "agriculture_fraction": 0.72,
        "forest_fraction": 0.12,
        "water_fraction": 0.04,
        "source": "Local Government Directory (LGD) / Survey of India / Bharat Maps",
        "source_version": "2024.1",
        "last_updated": "2026-09-25T18:00:00Z",
        "boundary_quality": "DERIVED",
        "boundary_source": "LGD Revenue Village Centroids + Block-Bounded Voronoi Tessellation"
      },
      "geometry": {
        "type": "Polygon",
        "coordinates": [
          [
            [
              86.39500257731959,
              23.7975
            ],
            [
              86.3954974226804,
              23.7985
            ],
            [
              86.4269011627907,
              23.7985
            ],
            [
              86.43736627906976,
              23.7735
            ],
            [
              86.3954974226804,
              23.7735
            ],
            [
              86.39500257731959,
              23.7975
            ]
          ]
        ]
      }
    },
    {
      "type": "Feature",
      "id": 111804,
      "properties": {
        "id": 83,
        "gp_code": 111804,
        "gp_name": "JAGJIVAN NAGAR",
        "block_code": 2356,
        "block_name": "Dhanbad",
        "district_code": 336,
        "district_name": "Dhanbad",
        "state_code": 20,
        "state_name": "Jharkhand",
        "area_sq_km": 5.423,
        "centroid_lat": 23.787,
        "centroid_lon": 86.465,
        "elevation_mean": 210.0,
        "elevation_min": 204.5,
        "elevation_max": 218.8,
        "slope_mean": 2.211,
        "ndvi_mean": 0.64,
        "land_cover_class": 12,
        "land_cover_name": "Cropland",
        "agriculture_fraction": 0.72,
        "forest_fraction": 0.12,
        "water_fraction": 0.04,
        "source": "Local Government Directory (LGD) / Survey of India / Bharat Maps",
        "source_version": "2024.1",
        "last_updated": "2026-09-25T18:00:00Z",
        "boundary_quality": "DERIVED",
        "boundary_source": "LGD Revenue Village Centroids + Block-Bounded Voronoi Tessellation"
      },
      "geometry": {
        "type": "Polygon",
        "coordinates": [
          [
            [
              86.45583333333333,
              23.799500000000002
            ],
            [
              86.46279999999999,
              23.799500000000002
            ],
            [
              86.48019387755103,
              23.780173469387755
            ],
            [
              86.4575,
              23.7745
            ],
            [
              86.4475,
              23.7745
            ],
            [
              86.45583333333333,
              23.799500000000002
            ]
          ]
        ]
      }
    },
    {
      "type": "Feature",
      "id": 111805,
      "properties": {
        "id": 84,
        "gp_code": 111805,
        "gp_name": "KARMA TAND",
        "block_code": 2356,
        "block_name": "Dhanbad",
        "district_code": 336,
        "district_name": "Dhanbad",
        "state_code": 20,
        "state_name": "Jharkhand",
        "area_sq_km": 17.971,
        "centroid_lat": 23.81,
        "centroid_lon": 86.371,
        "elevation_mean": 224.0,
        "elevation_min": 218.1,
        "elevation_max": 233.5,
        "slope_mean": 2.38,
        "ndvi_mean": 0.64,
        "land_cover_class": 12,
        "land_cover_name": "Cropland",
        "agriculture_fraction": 0.72,
        "forest_fraction": 0.12,
        "water_fraction": 0.04,
        "source": "Local Government Directory (LGD) / Survey of India / Bharat Maps",
        "source_version": "2024.1",
        "last_updated": "2026-09-25T18:00:00Z",
        "boundary_quality": "DERIVED",
        "boundary_source": "LGD Revenue Village Centroids + Block-Bounded Voronoi Tessellation"
      },
      "geometry": {
        "type": "Polygon",
        "coordinates": [
          [
            [
              86.33085281946393,
              23.805741977308692
            ],
            [
              86.33227703926582,
              23.822499999999998
            ],
            [
              86.39500257731959,
              23.822499999999998
            ],
            [
              86.3954974226804,
              23.7985
            ],
            [
              86.39500257731959,
              23.7975
            ],
            [
              86.331956626275,
              23.7975
            ],
            [
              86.33085281946393,
              23.805741977308692
            ]
          ]
        ]
      }
    },
    {
      "type": "Feature",
      "id": 111806,
      "properties": {
        "id": 85,
        "gp_code": 111806,
        "gp_name": "KOLAKUSMA",
        "block_code": 2356,
        "block_name": "Dhanbad",
        "district_code": 336,
        "district_name": "Dhanbad",
        "state_code": 20,
        "state_name": "Jharkhand",
        "area_sq_km": 9.745,
        "centroid_lat": 23.811,
        "centroid_lon": 86.4195,
        "elevation_mean": 238.0,
        "elevation_min": 232.1,
        "elevation_max": 247.5,
        "slope_mean": 2.375,
        "ndvi_mean": 0.22,
        "land_cover_class": 13,
        "land_cover_name": "Built-up / Urban settlements",
        "agriculture_fraction": 0.15,
        "forest_fraction": 0.05,
        "water_fraction": 0.04,
        "source": "Local Government Directory (LGD) / Survey of India / Bharat Maps",
        "source_version": "2024.1",
        "last_updated": "2026-09-25T18:00:00Z",
        "boundary_quality": "DERIVED",
        "boundary_source": "LGD Revenue Village Centroids + Block-Bounded Voronoi Tessellation"
      },
      "geometry": {
        "type": "Polygon",
        "coordinates": [
          [
            [
              86.3954974226804,
              23.8235
            ],
            [
              86.42816743927906,
              23.8235
            ],
            [
              86.42912869509303,
              23.822499999999998
            ],
            [
              86.43111809302326,
              23.8041665
            ],
            [
              86.4269011627907,
              23.7985
            ],
            [
              86.3954974226804,
              23.7985
            ],
            [
              86.39500257731959,
              23.822499999999998
            ],
            [
              86.3954974226804,
              23.8235
            ]
          ]
        ]
      }
    },
    {
      "type": "Feature",
      "id": 111807,
      "properties": {
        "id": 86,
        "gp_code": 111807,
        "gp_name": "MANAITAND",
        "block_code": 2356,
        "block_name": "Dhanbad",
        "district_code": 336,
        "district_name": "Dhanbad",
        "state_code": 20,
        "state_name": "Jharkhand",
        "area_sq_km": 4.427,
        "centroid_lat": 23.812,
        "centroid_lon": 86.465,
        "elevation_mean": 237.0,
        "elevation_min": 231.5,
        "elevation_max": 245.8,
        "slope_mean": 2.211,
        "ndvi_mean": 0.64,
        "land_cover_class": 12,
        "land_cover_name": "Cropland",
        "agriculture_fraction": 0.72,
        "forest_fraction": 0.12,
        "water_fraction": 0.04,
        "source": "Local Government Directory (LGD) / Survey of India / Bharat Maps",
        "source_version": "2024.1",
        "last_updated": "2026-09-25T18:00:00Z",
        "boundary_quality": "DERIVED",
        "boundary_source": "LGD Revenue Village Centroids + Block-Bounded Voronoi Tessellation"
      },
      "geometry": {
        "type": "Polygon",
        "coordinates": [
          [
            [
              86.45252789583334,
              23.8041665
            ],
            [
              86.45354616897917,
              23.822499999999998
            ],
            [
              86.45518508564584,
              23.8245
            ],
            [
              86.46552249445,
              23.8245
            ],
            [
              86.46758919445,
              23.823500000000003
            ],
            [
              86.4718664,
              23.8051665
            ],
            [
              86.46279999999999,
              23.799500000000002
            ],
            [
              86.45583333333333,
              23.799500000000002
            ],
            [
              86.45252789583334,
              23.8041665
            ]
          ]
        ]
      }
    },
    {
      "type": "Feature",
      "id": 111808,
      "properties": {
        "id": 87,
        "gp_code": 111808,
        "gp_name": "PANDARPALAA",
        "block_code": 2356,
        "block_name": "Dhanbad",
        "district_code": 336,
        "district_name": "Dhanbad",
        "state_code": 20,
        "state_name": "Jharkhand",
        "area_sq_km": 40.308,
        "centroid_lat": 23.835,
        "centroid_lon": 86.371,
        "elevation_mean": 284.0,
        "elevation_min": 278.1,
        "elevation_max": 293.5,
        "slope_mean": 2.38,
        "ndvi_mean": 0.64,
        "land_cover_class": 12,
        "land_cover_name": "Cropland",
        "agriculture_fraction": 0.72,
        "forest_fraction": 0.12,
        "water_fraction": 0.04,
        "source": "Local Government Directory (LGD) / Survey of India / Bharat Maps",
        "source_version": "2024.1",
        "last_updated": "2026-09-25T18:00:00Z",
        "boundary_quality": "DERIVED",
        "boundary_source": "LGD Revenue Village Centroids + Block-Bounded Voronoi Tessellation"
      },
      "geometry": {
        "type": "Polygon",
        "coordinates": [
          [
            [
              86.33054871922249,
              23.82996676601898
            ],
            [
              86.3304575091147,
              23.838587558004274
            ],
            [
              86.33781888200232,
              23.88198228433321
            ],
            [
              86.3926379694182,
              23.878936779476767
            ],
            [
              86.39369845635,
              23.877499999999998
            ],
            [
              86.39441504863606,
              23.87599514115067
            ],
            [
              86.3954974226804,
              23.8235
            ],
            [
              86.39500257731959,
              23.822499999999998
            ],
            [
              86.33227703926582,
              23.822499999999998
            ],
            [
              86.33054871922249,
              23.82996676601898
            ]
          ]
        ]
      }
    },
    {
      "type": "Feature",
      "id": 111809,
      "properties": {
        "id": 88,
        "gp_code": 111809,
        "gp_name": "SARAIDHELA",
        "block_code": 2356,
        "block_name": "Dhanbad",
        "district_code": 336,
        "district_name": "Dhanbad",
        "state_code": 20,
        "state_name": "Jharkhand",
        "area_sq_km": 15.484,
        "centroid_lat": 23.836,
        "centroid_lon": 86.4195,
        "elevation_mean": 262.0,
        "elevation_min": 256.1,
        "elevation_max": 271.5,
        "slope_mean": 2.375,
        "ndvi_mean": 0.64,
        "land_cover_class": 12,
        "land_cover_name": "Cropland",
        "agriculture_fraction": 0.72,
        "forest_fraction": 0.12,
        "water_fraction": 0.04,
        "source": "Local Government Directory (LGD) / Survey of India / Bharat Maps",
        "source_version": "2024.1",
        "last_updated": "2026-09-25T18:00:00Z",
        "boundary_quality": "DERIVED",
        "boundary_source": "LGD Revenue Village Centroids + Block-Bounded Voronoi Tessellation"
      },
      "geometry": {
        "type": "Polygon",
        "coordinates": [
          [
            [
              86.39441504863606,
              23.87599514115067
            ],
            [
              86.41972297674418,
              23.8591665
            ],
            [
              86.43166074418605,
              23.840833500000002
            ],
            [
              86.42816743927906,
              23.8235
            ],
            [
              86.3954974226804,
              23.8235
            ],
            [
              86.39441504863606,
              23.87599514115067
            ]
          ]
        ]
      }
    },
    {
      "type": "Feature",
      "id": 111810,
      "properties": {
        "id": 89,
        "gp_code": 111810,
        "gp_name": "SUGIAADIH",
        "block_code": 2356,
        "block_name": "Dhanbad",
        "district_code": 336,
        "district_name": "Dhanbad",
        "state_code": 20,
        "state_name": "Jharkhand",
        "area_sq_km": 4.399,
        "centroid_lat": 23.837,
        "centroid_lon": 86.465,
        "elevation_mean": 221.0,
        "elevation_min": 215.5,
        "elevation_max": 229.8,
        "slope_mean": 2.211,
        "ndvi_mean": 0.64,
        "land_cover_class": 12,
        "land_cover_name": "Cropland",
        "agriculture_fraction": 0.72,
        "forest_fraction": 0.12,
        "water_fraction": 0.04,
        "source": "Local Government Directory (LGD) / Survey of India / Bharat Maps",
        "source_version": "2024.1",
        "last_updated": "2026-09-25T18:00:00Z",
        "boundary_quality": "DERIVED",
        "boundary_source": "LGD Revenue Village Centroids + Block-Bounded Voronoi Tessellation"
      },
      "geometry": {
        "type": "Polygon",
        "coordinates": [
          [
            [
              86.45155564583334,
              23.840833500000002
            ],
            [
              86.45793776824034,
              23.852615879828317
            ],
            [
              86.4730331,
              23.8418335
            ],
            [
              86.46552249445,
              23.8245
            ],
            [
              86.45518508564584,
              23.8245
            ],
            [
              86.45155564583334,
              23.840833500000002
            ]
          ]
        ]
      }
    },
    {
      "type": "Feature",
      "id": 111811,
      "properties": {
        "id": 90,
        "gp_code": 111811,
        "gp_name": "AMBAPAHARI",
        "block_code": 2363,
        "block_name": "Egarkund",
        "district_code": 336,
        "district_name": "Dhanbad",
        "state_code": 20,
        "state_name": "Jharkhand",
        "area_sq_km": 6.389,
        "centroid_lat": 23.72,
        "centroid_lon": 86.746,
        "elevation_mean": 143.0,
        "elevation_min": 141.8,
        "elevation_max": 145.0,
        "slope_mean": 0.5,
        "ndvi_mean": 0.64,
        "land_cover_class": 12,
        "land_cover_name": "Cropland",
        "agriculture_fraction": 0.72,
        "forest_fraction": 0.12,
        "water_fraction": 0.04,
        "source": "Local Government Directory (LGD) / Survey of India / Bharat Maps",
        "source_version": "2024.1",
        "last_updated": "2026-09-25T18:00:00Z",
        "boundary_quality": "DERIVED",
        "boundary_source": "LGD Revenue Village Centroids + Block-Bounded Voronoi Tessellation"
      },
      "geometry": {
        "type": "Polygon",
        "coordinates": [
          [
            [
              86.72453179393408,
              23.725803916823054
            ],
            [
              86.76461929202316,
              23.728568571863654
            ],
            [
              86.76497754600062,
              23.715074219294173
            ],
            [
              86.72471696093547,
              23.71191652634787
            ],
            [
              86.72241579746307,
              23.719168622111454
            ],
            [
              86.72453179393408,
              23.725803916823054
            ]
          ]
        ]
      }
    },
    {
      "type": "Feature",
      "id": 111812,
      "properties": {
        "id": 91,
        "gp_code": 111812,
        "gp_name": "BAHALA",
        "block_code": 2363,
        "block_name": "Egarkund",
        "district_code": 336,
        "district_name": "Dhanbad",
        "state_code": 20,
        "state_name": "Jharkhand",
        "area_sq_km": 19.313,
        "centroid_lat": 23.721,
        "centroid_lon": 86.78367,
        "elevation_mean": 113.0,
        "elevation_min": 111.8,
        "elevation_max": 115.0,
        "slope_mean": 0.5,
        "ndvi_mean": 0.64,
        "land_cover_class": 12,
        "land_cover_name": "Cropland",
        "agriculture_fraction": 0.72,
        "forest_fraction": 0.12,
        "water_fraction": 0.04,
        "source": "Local Government Directory (LGD) / Survey of India / Bharat Maps",
        "source_version": "2024.1",
        "last_updated": "2026-09-25T18:00:00Z",
        "boundary_quality": "DERIVED",
        "boundary_source": "LGD Revenue Village Centroids + Block-Bounded Voronoi Tessellation"
      },
      "geometry": {
        "type": "Polygon",
        "coordinates": [
          [
            [
              86.76510964739936,
              23.729973058628946
            ],
            [
              86.7655609811876,
              23.730587380331475
            ],
            [
              86.79041986086315,
              23.73282188636972
            ],
            [
              86.80071298659067,
              23.731449606847725
            ],
            [
              86.80260683787859,
              23.665797358100658
            ],
            [
              86.77339098619315,
              23.692638174818594
            ],
            [
              86.76497754600062,
              23.715074219294173
            ],
            [
              86.76461929202316,
              23.728568571863654
            ],
            [
              86.76510964739936,
              23.729973058628946
            ]
          ]
        ]
      }
    },
    {
      "type": "Feature",
      "id": 111813,
      "properties": {
        "id": 92,
        "gp_code": 111813,
        "gp_name": "BAMANDIHA",
        "block_code": 2363,
        "block_name": "Egarkund",
        "district_code": 336,
        "district_name": "Dhanbad",
        "state_code": 20,
        "state_name": "Jharkhand",
        "area_sq_km": 34.338,
        "centroid_lat": 23.722,
        "centroid_lon": 86.81833,
        "elevation_mean": 120.0,
        "elevation_min": 118.8,
        "elevation_max": 122.0,
        "slope_mean": 0.5,
        "ndvi_mean": 0.64,
        "land_cover_class": 12,
        "land_cover_name": "Cropland",
        "agriculture_fraction": 0.72,
        "forest_fraction": 0.12,
        "water_fraction": 0.04,
        "source": "Local Government Directory (LGD) / Survey of India / Bharat Maps",
        "source_version": "2024.1",
        "last_updated": "2026-09-25T18:00:00Z",
        "boundary_quality": "DERIVED",
        "boundary_source": "LGD Revenue Village Centroids + Block-Bounded Voronoi Tessellation"
      },
      "geometry": {
        "type": "Polygon",
        "coordinates": [
          [
            [
              86.80260683787859,
              23.665797358100658
            ],
            [
              86.80071298659067,
              23.731449606847725
            ],
            [
              86.80153560243436,
              23.73252356610731
            ],
            [
              86.83767867267194,
              23.73064600401704
            ],
            [
              86.83180371559986,
              23.62
            ],
            [
              86.82919897480403,
              23.62
            ],
            [
              86.80260683787859,
              23.665797358100658
            ]
          ]
        ]
      }
    },
    {
      "type": "Feature",
      "id": 111814,
      "properties": {
        "id": 93,
        "gp_code": 111814,
        "gp_name": "CHIRKUNDA RURAL",
        "block_code": 2363,
        "block_name": "Egarkund",
        "district_code": 336,
        "district_name": "Dhanbad",
        "state_code": 20,
        "state_name": "Jharkhand",
        "area_sq_km": 77.753,
        "centroid_lat": 23.72,
        "centroid_lon": 86.856,
        "elevation_mean": 139.0,
        "elevation_min": 137.8,
        "elevation_max": 141.0,
        "slope_mean": 0.5,
        "ndvi_mean": 0.64,
        "land_cover_class": 12,
        "land_cover_name": "Cropland",
        "agriculture_fraction": 0.72,
        "forest_fraction": 0.12,
        "water_fraction": 0.04,
        "source": "Local Government Directory (LGD) / Survey of India / Bharat Maps",
        "source_version": "2024.1",
        "last_updated": "2026-09-25T18:00:00Z",
        "boundary_quality": "DERIVED",
        "boundary_source": "LGD Revenue Village Centroids + Block-Bounded Voronoi Tessellation"
      },
      "geometry": {
        "type": "Polygon",
        "coordinates": [
          [
            [
              86.83767867267194,
              23.73064600401704
            ],
            [
              86.8384270126744,
              23.731937269093287
            ],
            [
              86.897,
              23.729304775280887
            ],
            [
              86.897,
              23.62
            ],
            [
              86.83180371559986,
              23.62
            ],
            [
              86.83767867267194,
              23.73064600401704
            ]
          ]
        ]
      }
    },
    {
      "type": "Feature",
      "id": 111815,
      "properties": {
        "id": 94,
        "gp_code": 111815,
        "gp_name": "DUMBURDHA",
        "block_code": 2363,
        "block_name": "Egarkund",
        "district_code": 336,
        "district_name": "Dhanbad",
        "state_code": 20,
        "state_name": "Jharkhand",
        "area_sq_km": 2.039,
        "centroid_lat": 23.74225,
        "centroid_lon": 86.747,
        "elevation_mean": 108.0,
        "elevation_min": 106.8,
        "elevation_max": 110.0,
        "slope_mean": 0.5,
        "ndvi_mean": 0.64,
        "land_cover_class": 12,
        "land_cover_name": "Cropland",
        "agriculture_fraction": 0.72,
        "forest_fraction": 0.12,
        "water_fraction": 0.04,
        "source": "Local Government Directory (LGD) / Survey of India / Bharat Maps",
        "source_version": "2024.1",
        "last_updated": "2026-09-25T18:00:00Z",
        "boundary_quality": "DERIVED",
        "boundary_source": "LGD Revenue Village Centroids + Block-Bounded Voronoi Tessellation"
      },
      "geometry": {
        "type": "Polygon",
        "coordinates": [
          [
            [
              86.731739279742,
              23.749605410893448
            ],
            [
              86.74436250000001,
              23.750370454545454
            ],
            [
              86.75403492647058,
              23.73630147058824
            ],
            [
              86.73065989077669,
              23.74233373786407
            ],
            [
              86.731739279742,
              23.749605410893448
            ]
          ]
        ]
      }
    },
    {
      "type": "Feature",
      "id": 111816,
      "properties": {
        "id": 95,
        "gp_code": 111816,
        "gp_name": "EGARKUND",
        "block_code": 2363,
        "block_name": "Egarkund",
        "district_code": 336,
        "district_name": "Dhanbad",
        "state_code": 20,
        "state_name": "Jharkhand",
        "area_sq_km": 4.676,
        "centroid_lat": 23.74325,
        "centroid_lon": 86.78167,
        "elevation_mean": 132.0,
        "elevation_min": 130.8,
        "elevation_max": 134.0,
        "slope_mean": 0.5,
        "ndvi_mean": 0.64,
        "land_cover_class": 12,
        "land_cover_name": "Cropland",
        "agriculture_fraction": 0.72,
        "forest_fraction": 0.12,
        "water_fraction": 0.04,
        "source": "Local Government Directory (LGD) / Survey of India / Bharat Maps",
        "source_version": "2024.1",
        "last_updated": "2026-09-25T18:00:00Z",
        "boundary_quality": "OFFICIAL",
        "boundary_source": "Survey of India / Bharat Maps Gazetted Boundary"
      },
      "geometry": {
        "type": "Polygon",
        "coordinates": [
          [
            [
              86.76687813744728,
              23.75366922662612
            ],
            [
              86.78002186530787,
              23.752986435568424
            ],
            [
              86.79041986086315,
              23.73282188636972
            ],
            [
              86.7655609811876,
              23.730587380331475
            ],
            [
              86.76687813744728,
              23.75366922662612
            ]
          ]
        ]
      }
    },
    {
      "type": "Feature",
      "id": 111817,
      "properties": {
        "id": 96,
        "gp_code": 111817,
        "gp_name": "FATIKAHARI",
        "block_code": 2363,
        "block_name": "Egarkund",
        "district_code": 336,
        "district_name": "Dhanbad",
        "state_code": 20,
        "state_name": "Jharkhand",
        "area_sq_km": 8.244,
        "centroid_lat": 23.74125,
        "centroid_lon": 86.81933,
        "elevation_mean": 129.0,
        "elevation_min": 127.8,
        "elevation_max": 131.0,
        "slope_mean": 0.5,
        "ndvi_mean": 0.64,
        "land_cover_class": 12,
        "land_cover_name": "Cropland",
        "agriculture_fraction": 0.72,
        "forest_fraction": 0.12,
        "water_fraction": 0.04,
        "source": "Local Government Directory (LGD) / Survey of India / Bharat Maps",
        "source_version": "2024.1",
        "last_updated": "2026-09-25T18:00:00Z",
        "boundary_quality": "DERIVED",
        "boundary_source": "LGD Revenue Village Centroids + Block-Bounded Voronoi Tessellation"
      },
      "geometry": {
        "type": "Polygon",
        "coordinates": [
          [
            [
              86.80455284078072,
              23.75306174872896
            ],
            [
              86.8379059873256,
              23.751562730906713
            ],
            [
              86.8384270126744,
              23.731937269093287
            ],
            [
              86.83767867267194,
              23.73064600401704
            ],
            [
              86.80153560243436,
              23.73252356610731
            ],
            [
              86.80455284078072,
              23.75306174872896
            ]
          ]
        ]
      }
    },
    {
      "type": "Feature",
      "id": 111818,
      "properties": {
        "id": 97,
        "gp_code": 111818,
        "gp_name": "GOPALGANJ",
        "block_code": 2363,
        "block_name": "Egarkund",
        "district_code": 336,
        "district_name": "Dhanbad",
        "state_code": 20,
        "state_name": "Jharkhand",
        "area_sq_km": 15.792,
        "centroid_lat": 23.74225,
        "centroid_lon": 86.857,
        "elevation_mean": 133.0,
        "elevation_min": 131.8,
        "elevation_max": 135.0,
        "slope_mean": 0.5,
        "ndvi_mean": 0.64,
        "land_cover_class": 12,
        "land_cover_name": "Cropland",
        "agriculture_fraction": 0.72,
        "forest_fraction": 0.12,
        "water_fraction": 0.04,
        "source": "Local Government Directory (LGD) / Survey of India / Bharat Maps",
        "source_version": "2024.1",
        "last_updated": "2026-09-25T18:00:00Z",
        "boundary_quality": "DERIVED",
        "boundary_source": "LGD Revenue Village Centroids + Block-Bounded Voronoi Tessellation"
      },
      "geometry": {
        "type": "Polygon",
        "coordinates": [
          [
            [
              86.8384270126744,
              23.731937269093287
            ],
            [
              86.8379059873256,
              23.751562730906713
            ],
            [
              86.83801960857471,
              23.75175878504043
            ],
            [
              86.897,
              23.75706039325842
            ],
            [
              86.897,
              23.729304775280887
            ],
            [
              86.8384270126744,
              23.731937269093287
            ]
          ]
        ]
      }
    },
    {
      "type": "Feature",
      "id": 111819,
      "properties": {
        "id": 98,
        "gp_code": 111819,
        "gp_name": "JAMBAD",
        "block_code": 2363,
        "block_name": "Egarkund",
        "district_code": 336,
        "district_name": "Dhanbad",
        "state_code": 20,
        "state_name": "Jharkhand",
        "area_sq_km": 2.584,
        "centroid_lat": 23.7645,
        "centroid_lon": 86.745,
        "elevation_mean": 134.0,
        "elevation_min": 132.8,
        "elevation_max": 136.0,
        "slope_mean": 0.5,
        "ndvi_mean": 0.64,
        "land_cover_class": 12,
        "land_cover_name": "Cropland",
        "agriculture_fraction": 0.72,
        "forest_fraction": 0.12,
        "water_fraction": 0.04,
        "source": "Local Government Directory (LGD) / Survey of India / Bharat Maps",
        "source_version": "2024.1",
        "last_updated": "2026-09-25T18:00:00Z",
        "boundary_quality": "APPROXIMATE",
        "boundary_source": "Non-Cadastral Mining/Forest Fringe Buffer Boundary"
      },
      "geometry": {
        "type": "Polygon",
        "coordinates": [
          [
            [
              86.73263505384968,
              23.77479330889092
            ],
            [
              86.73811179577464,
              23.7745088028169
            ],
            [
              86.75496767241381,
              23.763271551724127
            ],
            [
              86.72890827265373,
              23.758739482200678
            ],
            [
              86.73263505384968,
              23.77479330889092
            ]
          ]
        ]
      }
    },
    {
      "type": "Feature",
      "id": 111820,
      "properties": {
        "id": 99,
        "gp_code": 111820,
        "gp_name": "JONADIH",
        "block_code": 2363,
        "block_name": "Egarkund",
        "district_code": 336,
        "district_name": "Dhanbad",
        "state_code": 20,
        "state_name": "Jharkhand",
        "area_sq_km": 4.685,
        "centroid_lat": 23.7625,
        "centroid_lon": 86.78267,
        "elevation_mean": 129.0,
        "elevation_min": 127.8,
        "elevation_max": 131.0,
        "slope_mean": 0.5,
        "ndvi_mean": 0.64,
        "land_cover_class": 12,
        "land_cover_name": "Cropland",
        "agriculture_fraction": 0.72,
        "forest_fraction": 0.12,
        "water_fraction": 0.04,
        "source": "Local Government Directory (LGD) / Survey of India / Bharat Maps",
        "source_version": "2024.1",
        "last_updated": "2026-09-25T18:00:00Z",
        "boundary_quality": "DERIVED",
        "boundary_source": "LGD Revenue Village Centroids + Block-Bounded Voronoi Tessellation"
      },
      "geometry": {
        "type": "Polygon",
        "coordinates": [
          [
            [
              86.76462856115883,
              23.757739931330494
            ],
            [
              86.76435258698909,
              23.76043836996555
            ],
            [
              86.76813600916267,
              23.773448164928105
            ],
            [
              86.80149219736663,
              23.758624674890278
            ],
            [
              86.78002186530787,
              23.752986435568424
            ],
            [
              86.76687813744728,
              23.75366922662612
            ],
            [
              86.76462856115883,
              23.757739931330494
            ]
          ]
        ]
      }
    },
    {
      "type": "Feature",
      "id": 111821,
      "properties": {
        "id": 100,
        "gp_code": 111821,
        "gp_name": "KUMARDHUBI RURAL",
        "block_code": 2363,
        "block_name": "Egarkund",
        "district_code": 336,
        "district_name": "Dhanbad",
        "state_code": 20,
        "state_name": "Jharkhand",
        "area_sq_km": 8.735,
        "centroid_lat": 23.7635,
        "centroid_lon": 86.82033,
        "elevation_mean": 107.0,
        "elevation_min": 105.8,
        "elevation_max": 109.0,
        "slope_mean": 0.5,
        "ndvi_mean": 0.64,
        "land_cover_class": 12,
        "land_cover_name": "Cropland",
        "agriculture_fraction": 0.72,
        "forest_fraction": 0.12,
        "water_fraction": 0.04,
        "source": "Local Government Directory (LGD) / Survey of India / Bharat Maps",
        "source_version": "2024.1",
        "last_updated": "2026-09-25T18:00:00Z",
        "boundary_quality": "DERIVED",
        "boundary_source": "LGD Revenue Village Centroids + Block-Bounded Voronoi Tessellation"
      },
      "geometry": {
        "type": "Polygon",
        "coordinates": [
          [
            [
              86.80162927669996,
              23.758630386529166
            ],
            [
              86.80440334369982,
              23.77328300842245
            ],
            [
              86.83671183904134,
              23.776187142835184
            ],
            [
              86.83734723381485,
              23.77506800084078
            ],
            [
              86.83801960857471,
              23.75175878504043
            ],
            [
              86.8379059873256,
              23.751562730906713
            ],
            [
              86.80455284078072,
              23.75306174872896
            ],
            [
              86.80162927669996,
              23.758630386529166
            ]
          ]
        ]
      }
    },
    {
      "type": "Feature",
      "id": 111822,
      "properties": {
        "id": 101,
        "gp_code": 111822,
        "gp_name": "MAITHON RURAL",
        "block_code": 2363,
        "block_name": "Egarkund",
        "district_code": 336,
        "district_name": "Dhanbad",
        "state_code": 20,
        "state_name": "Jharkhand",
        "area_sq_km": 12.791,
        "centroid_lat": 23.7645,
        "centroid_lon": 86.855,
        "elevation_mean": 138.0,
        "elevation_min": 136.8,
        "elevation_max": 140.0,
        "slope_mean": 0.5,
        "ndvi_mean": 0.64,
        "land_cover_class": 12,
        "land_cover_name": "Cropland",
        "agriculture_fraction": 0.72,
        "forest_fraction": 0.12,
        "water_fraction": 0.04,
        "source": "Local Government Directory (LGD) / Survey of India / Bharat Maps",
        "source_version": "2024.1",
        "last_updated": "2026-09-25T18:00:00Z",
        "boundary_quality": "DERIVED",
        "boundary_source": "LGD Revenue Village Centroids + Block-Bounded Voronoi Tessellation"
      },
      "geometry": {
        "type": "Polygon",
        "coordinates": [
          [
            [
              86.83734723381485,
              23.77506800084078
            ],
            [
              86.897,
              23.771969155844175
            ],
            [
              86.897,
              23.75706039325842
            ],
            [
              86.83801960857471,
              23.75175878504043
            ],
            [
              86.83734723381485,
              23.77506800084078
            ]
          ]
        ]
      }
    },
    {
      "type": "Feature",
      "id": 111823,
      "properties": {
        "id": 102,
        "gp_code": 111823,
        "gp_name": "MUGMA",
        "block_code": 2363,
        "block_name": "Egarkund",
        "district_code": 336,
        "district_name": "Dhanbad",
        "state_code": 20,
        "state_name": "Jharkhand",
        "area_sq_km": 4.594,
        "centroid_lat": 23.78375,
        "centroid_lon": 86.746,
        "elevation_mean": 161.0,
        "elevation_min": 159.8,
        "elevation_max": 163.0,
        "slope_mean": 0.5,
        "ndvi_mean": 0.64,
        "land_cover_class": 12,
        "land_cover_name": "Cropland",
        "agriculture_fraction": 0.72,
        "forest_fraction": 0.12,
        "water_fraction": 0.04,
        "source": "Local Government Directory (LGD) / Survey of India / Bharat Maps",
        "source_version": "2024.1",
        "last_updated": "2026-09-25T18:00:00Z",
        "boundary_quality": "DERIVED",
        "boundary_source": "LGD Revenue Village Centroids + Block-Bounded Voronoi Tessellation"
      },
      "geometry": {
        "type": "Polygon",
        "coordinates": [
          [
            [
              86.72880158730159,
              23.78351256613757
            ],
            [
              86.73328522099447,
              23.79546892265194
            ],
            [
              86.73801288659793,
              23.79525644329897
            ],
            [
              86.76304393305438,
              23.782996338912135
            ],
            [
              86.73811179577464,
              23.7745088028169
            ],
            [
              86.73263505384968,
              23.77479330889092
            ],
            [
              86.72880158730159,
              23.78351256613757
            ]
          ]
        ]
      }
    },
    {
      "type": "Feature",
      "id": 111824,
      "properties": {
        "id": 103,
        "gp_code": 111824,
        "gp_name": "PANIKAPAHARI",
        "block_code": 2363,
        "block_name": "Egarkund",
        "district_code": 336,
        "district_name": "Dhanbad",
        "state_code": 20,
        "state_name": "Jharkhand",
        "area_sq_km": 5.283,
        "centroid_lat": 23.78475,
        "centroid_lon": 86.78367,
        "elevation_mean": 159.0,
        "elevation_min": 157.8,
        "elevation_max": 161.0,
        "slope_mean": 0.5,
        "ndvi_mean": 0.64,
        "land_cover_class": 12,
        "land_cover_name": "Cropland",
        "agriculture_fraction": 0.72,
        "forest_fraction": 0.12,
        "water_fraction": 0.04,
        "source": "Local Government Directory (LGD) / Survey of India / Bharat Maps",
        "source_version": "2024.1",
        "last_updated": "2026-09-25T18:00:00Z",
        "boundary_quality": "DERIVED",
        "boundary_source": "LGD Revenue Village Centroids + Block-Bounded Voronoi Tessellation"
      },
      "geometry": {
        "type": "Polygon",
        "coordinates": [
          [
            [
              86.7651498165744,
              23.7828208486188
            ],
            [
              86.76861863533804,
              23.792585033844443
            ],
            [
              86.80088970708,
              23.78907341436427
            ],
            [
              86.80115270867886,
              23.779956200938837
            ],
            [
              86.76820807583968,
              23.774745365114157
            ],
            [
              86.7651498165744,
              23.7828208486188
            ]
          ]
        ]
      }
    },
    {
      "type": "Feature",
      "id": 111825,
      "properties": {
        "id": 104,
        "gp_code": 111825,
        "gp_name": "PARBATPUR",
        "block_code": 2363,
        "block_name": "Egarkund",
        "district_code": 336,
        "district_name": "Dhanbad",
        "state_code": 20,
        "state_name": "Jharkhand",
        "area_sq_km": 17.864,
        "centroid_lat": 23.78575,
        "centroid_lon": 86.81833,
        "elevation_mean": 117.0,
        "elevation_min": 115.8,
        "elevation_max": 119.0,
        "slope_mean": 0.5,
        "ndvi_mean": 0.64,
        "land_cover_class": 12,
        "land_cover_name": "Cropland",
        "agriculture_fraction": 0.72,
        "forest_fraction": 0.12,
        "water_fraction": 0.04,
        "source": "Local Government Directory (LGD) / Survey of India / Bharat Maps",
        "source_version": "2024.1",
        "last_updated": "2026-09-25T18:00:00Z",
        "boundary_quality": "DERIVED",
        "boundary_source": "LGD Revenue Village Centroids + Block-Bounded Voronoi Tessellation"
      },
      "geometry": {
        "type": "Polygon",
        "coordinates": [
          [
            [
              86.80115270867886,
              23.779956200938837
            ],
            [
              86.80088970708,
              23.78907341436427
            ],
            [
              86.8070236995229,
              23.80724802503975
            ],
            [
              86.83991335888399,
              23.836482966791824
            ],
            [
              86.83671183904134,
              23.776187142835184
            ],
            [
              86.80440334369982,
              23.77328300842245
            ],
            [
              86.80115270867886,
              23.779956200938837
            ]
          ]
        ]
      }
    },
    {
      "type": "Feature",
      "id": 111826,
      "properties": {
        "id": 105,
        "gp_code": 111826,
        "gp_name": "RAMCHANDRAPUR",
        "block_code": 2363,
        "block_name": "Egarkund",
        "district_code": 336,
        "district_name": "Dhanbad",
        "state_code": 20,
        "state_name": "Jharkhand",
        "area_sq_km": 75.737,
        "centroid_lat": 23.78375,
        "centroid_lon": 86.856,
        "elevation_mean": 158.0,
        "elevation_min": 156.8,
        "elevation_max": 160.0,
        "slope_mean": 0.5,
        "ndvi_mean": 0.64,
        "land_cover_class": 12,
        "land_cover_name": "Cropland",
        "agriculture_fraction": 0.72,
        "forest_fraction": 0.12,
        "water_fraction": 0.04,
        "source": "Local Government Directory (LGD) / Survey of India / Bharat Maps",
        "source_version": "2024.1",
        "last_updated": "2026-09-25T18:00:00Z",
        "boundary_quality": "DERIVED",
        "boundary_source": "LGD Revenue Village Centroids + Block-Bounded Voronoi Tessellation"
      },
      "geometry": {
        "type": "Polygon",
        "coordinates": [
          [
            [
              86.83734723381485,
              23.77506800084078
            ],
            [
              86.83671183904134,
              23.776187142835184
            ],
            [
              86.83991335888399,
              23.836482966791824
            ],
            [
              86.897,
              23.942227348993278
            ],
            [
              86.897,
              23.771969155844175
            ],
            [
              86.83734723381485,
              23.77506800084078
            ]
          ]
        ]
      }
    },
    {
      "type": "Feature",
      "id": 111827,
      "properties": {
        "id": 106,
        "gp_code": 111827,
        "gp_name": "SHYAMPUR",
        "block_code": 2363,
        "block_name": "Egarkund",
        "district_code": 336,
        "district_name": "Dhanbad",
        "state_code": 20,
        "state_name": "Jharkhand",
        "area_sq_km": 4.895,
        "centroid_lat": 23.806,
        "centroid_lon": 86.747,
        "elevation_mean": 170.0,
        "elevation_min": 168.8,
        "elevation_max": 172.0,
        "slope_mean": 0.5,
        "ndvi_mean": 0.64,
        "land_cover_class": 12,
        "land_cover_name": "Cropland",
        "agriculture_fraction": 0.72,
        "forest_fraction": 0.12,
        "water_fraction": 0.04,
        "source": "Local Government Directory (LGD) / Survey of India / Bharat Maps",
        "source_version": "2024.1",
        "last_updated": "2026-09-25T18:00:00Z",
        "boundary_quality": "DERIVED",
        "boundary_source": "LGD Revenue Village Centroids + Block-Bounded Voronoi Tessellation"
      },
      "geometry": {
        "type": "Polygon",
        "coordinates": [
          [
            [
              86.72849056603773,
              23.808981132075466
            ],
            [
              86.73281250000001,
              23.817625000000007
            ],
            [
              86.76427186763355,
              23.80863660924755
            ],
            [
              86.76427899577729,
              23.80838949788864
            ],
            [
              86.73801288659793,
              23.79525644329897
            ],
            [
              86.73328522099447,
              23.79546892265194
            ],
            [
              86.72849056603773,
              23.808981132075466
            ]
          ]
        ]
      }
    },
    {
      "type": "Feature",
      "id": 111828,
      "properties": {
        "id": 107,
        "gp_code": 111828,
        "gp_name": "UTTARDHAMAPARA",
        "block_code": 2363,
        "block_name": "Egarkund",
        "district_code": 336,
        "district_name": "Dhanbad",
        "state_code": 20,
        "state_name": "Jharkhand",
        "area_sq_km": 4.684,
        "centroid_lat": 23.807,
        "centroid_lon": 86.78167,
        "elevation_mean": 139.0,
        "elevation_min": 137.8,
        "elevation_max": 141.0,
        "slope_mean": 0.5,
        "ndvi_mean": 0.64,
        "land_cover_class": 12,
        "land_cover_name": "Cropland",
        "agriculture_fraction": 0.72,
        "forest_fraction": 0.12,
        "water_fraction": 0.04,
        "source": "Local Government Directory (LGD) / Survey of India / Bharat Maps",
        "source_version": "2024.1",
        "last_updated": "2026-09-25T18:00:00Z",
        "boundary_quality": "DERIVED",
        "boundary_source": "LGD Revenue Village Centroids + Block-Bounded Voronoi Tessellation"
      },
      "geometry": {
        "type": "Polygon",
        "coordinates": [
          [
            [
              86.76427899577729,
              23.80838949788864
            ],
            [
              86.76427186763355,
              23.80863660924755
            ],
            [
              86.76901850221591,
              23.81983392022733
            ],
            [
              86.80066818677494,
              23.807777651102086
            ],
            [
              86.76848332014981,
              23.797050435055937
            ],
            [
              86.76427899577729,
              23.80838949788864
            ]
          ]
        ]
      }
    },
    {
      "type": "Feature",
      "id": 111829,
      "properties": {
        "id": 108,
        "gp_code": 111829,
        "gp_name": "AMARPUR",
        "block_code": 2357,
        "block_name": "Govindpur",
        "district_code": 336,
        "district_name": "Dhanbad",
        "state_code": 20,
        "state_name": "Jharkhand",
        "area_sq_km": 7.18,
        "centroid_lat": 23.795,
        "centroid_lon": 86.441,
        "elevation_mean": 246.0,
        "elevation_min": 240.2,
        "elevation_max": 255.3,
        "slope_mean": 2.315,
        "ndvi_mean": 0.64,
        "land_cover_class": 12,
        "land_cover_name": "Cropland",
        "agriculture_fraction": 0.72,
        "forest_fraction": 0.12,
        "water_fraction": 0.04,
        "source": "Local Government Directory (LGD) / Survey of India / Bharat Maps",
        "source_version": "2024.1",
        "last_updated": "2026-09-25T18:00:00Z",
        "boundary_quality": "DERIVED",
        "boundary_source": "LGD Revenue Village Centroids + Block-Bounded Voronoi Tessellation"
      },
      "geometry": {
        "type": "Polygon",
        "coordinates": [
          [
            [
              86.43111809302326,
              23.8041665
            ],
            [
              86.45252789583334,
              23.8041665
            ],
            [
              86.45583333333333,
              23.799500000000002
            ],
            [
              86.4475,
              23.7745
            ],
            [
              86.44205137659783,
              23.770537364798425
            ],
            [
              86.43736627906976,
              23.7735
            ],
            [
              86.4269011627907,
              23.7985
            ],
            [
              86.43111809302326,
              23.8041665
            ]
          ]
        ]
      }
    },
    {
      "type": "Feature",
      "id": 111830,
      "properties": {
        "id": 109,
        "gp_code": 111830,
        "gp_name": "BAGHSUMA",
        "block_code": 2357,
        "block_name": "Govindpur",
        "district_code": 336,
        "district_name": "Dhanbad",
        "state_code": 20,
        "state_name": "Jharkhand",
        "area_sq_km": 5.736,
        "centroid_lat": 23.796,
        "centroid_lon": 86.475,
        "elevation_mean": 213.0,
        "elevation_min": 207.6,
        "elevation_max": 221.6,
        "slope_mean": 2.156,
        "ndvi_mean": 0.64,
        "land_cover_class": 12,
        "land_cover_name": "Cropland",
        "agriculture_fraction": 0.72,
        "forest_fraction": 0.12,
        "water_fraction": 0.04,
        "source": "Local Government Directory (LGD) / Survey of India / Bharat Maps",
        "source_version": "2024.1",
        "last_updated": "2026-09-25T18:00:00Z",
        "boundary_quality": "DERIVED",
        "boundary_source": "LGD Revenue Village Centroids + Block-Bounded Voronoi Tessellation"
      },
      "geometry": {
        "type": "Polygon",
        "coordinates": [
          [
            [
              86.46279999999999,
              23.799500000000002
            ],
            [
              86.4718664,
              23.8051665
            ],
            [
              86.49022043548386,
              23.8051665
            ],
            [
              86.491,
              23.781
            ],
            [
              86.48870588235295,
              23.77870588235294
            ],
            [
              86.48019387755103,
              23.780173469387755
            ],
            [
              86.46279999999999,
              23.799500000000002
            ]
          ]
        ]
      }
    },
    {
      "type": "Feature",
      "id": 111831,
      "properties": {
        "id": 110,
        "gp_code": 111831,
        "gp_name": "BARADAH",
        "block_code": 2357,
        "block_name": "Govindpur",
        "district_code": 336,
        "district_name": "Dhanbad",
        "state_code": 20,
        "state_name": "Jharkhand",
        "area_sq_km": 9.143,
        "centroid_lat": 23.797,
        "centroid_lon": 86.506,
        "elevation_mean": 342.0,
        "elevation_min": 337.1,
        "elevation_max": 349.8,
        "slope_mean": 1.948,
        "ndvi_mean": 0.64,
        "land_cover_class": 12,
        "land_cover_name": "Cropland",
        "agriculture_fraction": 0.72,
        "forest_fraction": 0.12,
        "water_fraction": 0.04,
        "source": "Local Government Directory (LGD) / Survey of India / Bharat Maps",
        "source_version": "2024.1",
        "last_updated": "2026-09-25T18:00:00Z",
        "boundary_quality": "DERIVED",
        "boundary_source": "LGD Revenue Village Centroids + Block-Bounded Voronoi Tessellation"
      },
      "geometry": {
        "type": "Polygon",
        "coordinates": [
          [
            [
              86.49022043548386,
              23.8051665
            ],
            [
              86.49077956451613,
              23.8061665
            ],
            [
              86.52251961764706,
              23.8061665
            ],
            [
              86.52348038235294,
              23.8041665
            ],
            [
              86.52211764705882,
              23.781
            ],
            [
              86.491,
              23.781
            ],
            [
              86.49022043548386,
              23.8051665
            ]
          ]
        ]
      }
    },
    {
      "type": "Feature",
      "id": 111832,
      "properties": {
        "id": 111,
        "gp_code": 111832,
        "gp_name": "BARWA",
        "block_code": 2357,
        "block_name": "Govindpur",
        "district_code": 336,
        "district_name": "Dhanbad",
        "state_code": 20,
        "state_name": "Jharkhand",
        "area_sq_km": 9.177,
        "centroid_lat": 23.795,
        "centroid_lon": 86.54,
        "elevation_mean": 212.0,
        "elevation_min": 207.8,
        "elevation_max": 218.7,
        "slope_mean": 1.669,
        "ndvi_mean": 0.64,
        "land_cover_class": 12,
        "land_cover_name": "Cropland",
        "agriculture_fraction": 0.72,
        "forest_fraction": 0.12,
        "water_fraction": 0.04,
        "source": "Local Government Directory (LGD) / Survey of India / Bharat Maps",
        "source_version": "2024.1",
        "last_updated": "2026-09-25T18:00:00Z",
        "boundary_quality": "DERIVED",
        "boundary_source": "LGD Revenue Village Centroids + Block-Bounded Voronoi Tessellation"
      },
      "geometry": {
        "type": "Polygon",
        "coordinates": [
          [
            [
              86.52211764705882,
              23.781
            ],
            [
              86.52348038235294,
              23.8041665
            ],
            [
              86.55674510294118,
              23.8041665
            ],
            [
              86.55740789473684,
              23.781631578947366
            ],
            [
              86.52361663479924,
              23.779301147227535
            ],
            [
              86.52211764705882,
              23.781
            ]
          ]
        ]
      }
    },
    {
      "type": "Feature",
      "id": 111833,
      "properties": {
        "id": 112,
        "gp_code": 111833,
        "gp_name": "BASKIPIRO",
        "block_code": 2357,
        "block_name": "Govindpur",
        "district_code": 336,
        "district_name": "Dhanbad",
        "state_code": 20,
        "state_name": "Jharkhand",
        "area_sq_km": 12.699,
        "centroid_lat": 23.796,
        "centroid_lon": 86.574,
        "elevation_mean": 188.0,
        "elevation_min": 184.6,
        "elevation_max": 193.4,
        "slope_mean": 1.355,
        "ndvi_mean": 0.64,
        "land_cover_class": 12,
        "land_cover_name": "Cropland",
        "agriculture_fraction": 0.72,
        "forest_fraction": 0.12,
        "water_fraction": 0.04,
        "source": "Local Government Directory (LGD) / Survey of India / Bharat Maps",
        "source_version": "2024.1",
        "last_updated": "2026-09-25T18:00:00Z",
        "boundary_quality": "DERIVED",
        "boundary_source": "LGD Revenue Village Centroids + Block-Bounded Voronoi Tessellation"
      },
      "geometry": {
        "type": "Polygon",
        "coordinates": [
          [
            [
              86.55674510294118,
              23.8041665
            ],
            [
              86.55725489705883,
              23.8051665
            ],
            [
              86.58922043548387,
              23.8051665
            ],
            [
              86.59028830687278,
              23.77206248694381
            ],
            [
              86.58648685622317,
              23.767776287553648
            ],
            [
              86.57090747225159,
              23.767232029598308
            ],
            [
              86.55740789473684,
              23.781631578947366
            ],
            [
              86.55674510294118,
              23.8041665
            ]
          ]
        ]
      }
    },
    {
      "type": "Feature",
      "id": 111834,
      "properties": {
        "id": 113,
        "gp_code": 111834,
        "gp_name": "BELCHANDRA",
        "block_code": 2357,
        "block_name": "Govindpur",
        "district_code": 336,
        "district_name": "Dhanbad",
        "state_code": 20,
        "state_name": "Jharkhand",
        "area_sq_km": 7.315,
        "centroid_lat": 23.797,
        "centroid_lon": 86.605,
        "elevation_mean": 193.0,
        "elevation_min": 190.4,
        "elevation_max": 197.2,
        "slope_mean": 1.058,
        "ndvi_mean": 0.64,
        "land_cover_class": 12,
        "land_cover_name": "Cropland",
        "agriculture_fraction": 0.72,
        "forest_fraction": 0.12,
        "water_fraction": 0.04,
        "source": "Local Government Directory (LGD) / Survey of India / Bharat Maps",
        "source_version": "2024.1",
        "last_updated": "2026-09-25T18:00:00Z",
        "boundary_quality": "DERIVED",
        "boundary_source": "LGD Revenue Village Centroids + Block-Bounded Voronoi Tessellation"
      },
      "geometry": {
        "type": "Polygon",
        "coordinates": [
          [
            [
              86.58922043548387,
              23.8051665
            ],
            [
              86.58977956451614,
              23.8061665
            ],
            [
              86.62444429166666,
              23.8061665
            ],
            [
              86.5942182877219,
              23.773192677514796
            ],
            [
              86.59028830687278,
              23.77206248694381
            ],
            [
              86.58922043548387,
              23.8051665
            ]
          ]
        ]
      }
    },
    {
      "type": "Feature",
      "id": 111835,
      "properties": {
        "id": 114,
        "gp_code": 111835,
        "gp_name": "BHITIYA",
        "block_code": 2357,
        "block_name": "Govindpur",
        "district_code": 336,
        "district_name": "Dhanbad",
        "state_code": 20,
        "state_name": "Jharkhand",
        "area_sq_km": 4.738,
        "centroid_lat": 23.81333,
        "centroid_lon": 86.441,
        "elevation_mean": 255.0,
        "elevation_min": 249.2,
        "elevation_max": 264.3,
        "slope_mean": 2.315,
        "ndvi_mean": 0.64,
        "land_cover_class": 12,
        "land_cover_name": "Cropland",
        "agriculture_fraction": 0.72,
        "forest_fraction": 0.12,
        "water_fraction": 0.04,
        "source": "Local Government Directory (LGD) / Survey of India / Bharat Maps",
        "source_version": "2024.1",
        "last_updated": "2026-09-25T18:00:00Z",
        "boundary_quality": "DERIVED",
        "boundary_source": "LGD Revenue Village Centroids + Block-Bounded Voronoi Tessellation"
      },
      "geometry": {
        "type": "Polygon",
        "coordinates": [
          [
            [
              86.42912869509303,
              23.822499999999998
            ],
            [
              86.45354616897917,
              23.822499999999998
            ],
            [
              86.45252789583334,
              23.8041665
            ],
            [
              86.43111809302326,
              23.8041665
            ],
            [
              86.42912869509303,
              23.822499999999998
            ]
          ]
        ]
      }
    },
    {
      "type": "Feature",
      "id": 111836,
      "properties": {
        "id": 115,
        "gp_code": 111836,
        "gp_name": "CHALDHOWAGORA",
        "block_code": 2357,
        "block_name": "Govindpur",
        "district_code": 336,
        "district_name": "Dhanbad",
        "state_code": 20,
        "state_name": "Jharkhand",
        "area_sq_km": 4.295,
        "centroid_lat": 23.81433,
        "centroid_lon": 86.475,
        "elevation_mean": 242.0,
        "elevation_min": 236.6,
        "elevation_max": 250.6,
        "slope_mean": 2.156,
        "ndvi_mean": 0.64,
        "land_cover_class": 12,
        "land_cover_name": "Cropland",
        "agriculture_fraction": 0.72,
        "forest_fraction": 0.12,
        "water_fraction": 0.04,
        "source": "Local Government Directory (LGD) / Survey of India / Bharat Maps",
        "source_version": "2024.1",
        "last_updated": "2026-09-25T18:00:00Z",
        "boundary_quality": "DERIVED",
        "boundary_source": "LGD Revenue Village Centroids + Block-Bounded Voronoi Tessellation"
      },
      "geometry": {
        "type": "Polygon",
        "coordinates": [
          [
            [
              86.46758919445,
              23.823500000000003
            ],
            [
              86.49022041935484,
              23.823500000000003
            ],
            [
              86.49077956451613,
              23.8061665
            ],
            [
              86.49022043548386,
              23.8051665
            ],
            [
              86.4718664,
              23.8051665
            ],
            [
              86.46758919445,
              23.823500000000003
            ]
          ]
        ]
      }
    },
    {
      "type": "Feature",
      "id": 111837,
      "properties": {
        "id": 116,
        "gp_code": 111837,
        "gp_name": "CHHOTABAWAN",
        "block_code": 2357,
        "block_name": "Govindpur",
        "district_code": 336,
        "district_name": "Dhanbad",
        "state_code": 20,
        "state_name": "Jharkhand",
        "area_sq_km": 6.719,
        "centroid_lat": 23.81533,
        "centroid_lon": 86.506,
        "elevation_mean": 216.0,
        "elevation_min": 211.1,
        "elevation_max": 223.8,
        "slope_mean": 1.948,
        "ndvi_mean": 0.64,
        "land_cover_class": 12,
        "land_cover_name": "Cropland",
        "agriculture_fraction": 0.72,
        "forest_fraction": 0.12,
        "water_fraction": 0.04,
        "source": "Local Government Directory (LGD) / Survey of India / Bharat Maps",
        "source_version": "2024.1",
        "last_updated": "2026-09-25T18:00:00Z",
        "boundary_quality": "DERIVED",
        "boundary_source": "LGD Revenue Village Centroids + Block-Bounded Voronoi Tessellation"
      },
      "geometry": {
        "type": "Polygon",
        "coordinates": [
          [
            [
              86.49022041935484,
              23.823500000000003
            ],
            [
              86.49077958064515,
              23.8245
            ],
            [
              86.5225195882353,
              23.8245
            ],
            [
              86.52348041176471,
              23.822499999999998
            ],
            [
              86.52251961764706,
              23.8061665
            ],
            [
              86.49077956451613,
              23.8061665
            ],
            [
              86.49022041935484,
              23.823500000000003
            ]
          ]
        ]
      }
    },
    {
      "type": "Feature",
      "id": 111838,
      "properties": {
        "id": 117,
        "gp_code": 111838,
        "gp_name": "DALDAL",
        "block_code": 2357,
        "block_name": "Govindpur",
        "district_code": 336,
        "district_name": "Dhanbad",
        "state_code": 20,
        "state_name": "Jharkhand",
        "area_sq_km": 7.03,
        "centroid_lat": 23.81333,
        "centroid_lon": 86.54,
        "elevation_mean": 214.0,
        "elevation_min": 209.8,
        "elevation_max": 220.7,
        "slope_mean": 1.669,
        "ndvi_mean": 0.64,
        "land_cover_class": 12,
        "land_cover_name": "Cropland",
        "agriculture_fraction": 0.72,
        "forest_fraction": 0.12,
        "water_fraction": 0.04,
        "source": "Local Government Directory (LGD) / Survey of India / Bharat Maps",
        "source_version": "2024.1",
        "last_updated": "2026-09-25T18:00:00Z",
        "boundary_quality": "DERIVED",
        "boundary_source": "LGD Revenue Village Centroids + Block-Bounded Voronoi Tessellation"
      },
      "geometry": {
        "type": "Polygon",
        "coordinates": [
          [
            [
              86.52251961764706,
              23.8061665
            ],
            [
              86.52348041176471,
              23.822499999999998
            ],
            [
              86.5567450882353,
              23.822499999999998
            ],
            [
              86.55725489705883,
              23.8051665
            ],
            [
              86.55674510294118,
              23.8041665
            ],
            [
              86.52348038235294,
              23.8041665
            ],
            [
              86.52251961764706,
              23.8061665
            ]
          ]
        ]
      }
    },
    {
      "type": "Feature",
      "id": 111839,
      "properties": {
        "id": 118,
        "gp_code": 111839,
        "gp_name": "DAMODARPUR",
        "block_code": 2357,
        "block_name": "Govindpur",
        "district_code": 336,
        "district_name": "Dhanbad",
        "state_code": 20,
        "state_name": "Jharkhand",
        "area_sq_km": 6.719,
        "centroid_lat": 23.81433,
        "centroid_lon": 86.574,
        "elevation_mean": 191.0,
        "elevation_min": 187.6,
        "elevation_max": 196.4,
        "slope_mean": 1.355,
        "ndvi_mean": 0.64,
        "land_cover_class": 12,
        "land_cover_name": "Cropland",
        "agriculture_fraction": 0.72,
        "forest_fraction": 0.12,
        "water_fraction": 0.04,
        "source": "Local Government Directory (LGD) / Survey of India / Bharat Maps",
        "source_version": "2024.1",
        "last_updated": "2026-09-25T18:00:00Z",
        "boundary_quality": "DERIVED",
        "boundary_source": "LGD Revenue Village Centroids + Block-Bounded Voronoi Tessellation"
      },
      "geometry": {
        "type": "Polygon",
        "coordinates": [
          [
            [
              86.5572549117647,
              23.823500000000003
            ],
            [
              86.58922041935485,
              23.823500000000003
            ],
            [
              86.58977956451614,
              23.8061665
            ],
            [
              86.58922043548387,
              23.8051665
            ],
            [
              86.55725489705883,
              23.8051665
            ],
            [
              86.5567450882353,
              23.822499999999998
            ],
            [
              86.5572549117647,
              23.823500000000003
            ]
          ]
        ]
      }
    },
    {
      "type": "Feature",
      "id": 111840,
      "properties": {
        "id": 119,
        "gp_code": 111840,
        "gp_name": "DEOLI",
        "block_code": 2357,
        "block_name": "Govindpur",
        "district_code": 336,
        "district_name": "Dhanbad",
        "state_code": 20,
        "state_name": "Jharkhand",
        "area_sq_km": 7.485,
        "centroid_lat": 23.81533,
        "centroid_lon": 86.605,
        "elevation_mean": 174.0,
        "elevation_min": 171.4,
        "elevation_max": 178.2,
        "slope_mean": 1.058,
        "ndvi_mean": 0.64,
        "land_cover_class": 12,
        "land_cover_name": "Cropland",
        "agriculture_fraction": 0.72,
        "forest_fraction": 0.12,
        "water_fraction": 0.04,
        "source": "Local Government Directory (LGD) / Survey of India / Bharat Maps",
        "source_version": "2024.1",
        "last_updated": "2026-09-25T18:00:00Z",
        "boundary_quality": "DERIVED",
        "boundary_source": "LGD Revenue Village Centroids + Block-Bounded Voronoi Tessellation"
      },
      "geometry": {
        "type": "Polygon",
        "coordinates": [
          [
            [
              86.58922041935485,
              23.823500000000003
            ],
            [
              86.58977958064516,
              23.8245
            ],
            [
              86.62472214769512,
              23.8245
            ],
            [
              86.62669426695946,
              23.807174761123306
            ],
            [
              86.62664447199973,
              23.807066584000843
            ],
            [
              86.62444429166666,
              23.8061665
            ],
            [
              86.58977956451614,
              23.8061665
            ],
            [
              86.58922041935485,
              23.823500000000003
            ]
          ]
        ]
      }
    },
    {
      "type": "Feature",
      "id": 111841,
      "properties": {
        "id": 120,
        "gp_code": 111841,
        "gp_name": "DHANWAD",
        "block_code": 2357,
        "block_name": "Govindpur",
        "district_code": 336,
        "district_name": "Dhanbad",
        "state_code": 20,
        "state_name": "Jharkhand",
        "area_sq_km": 4.886,
        "centroid_lat": 23.83167,
        "centroid_lon": 86.441,
        "elevation_mean": 244.0,
        "elevation_min": 238.2,
        "elevation_max": 253.3,
        "slope_mean": 2.315,
        "ndvi_mean": 0.64,
        "land_cover_class": 12,
        "land_cover_name": "Cropland",
        "agriculture_fraction": 0.72,
        "forest_fraction": 0.12,
        "water_fraction": 0.04,
        "source": "Local Government Directory (LGD) / Survey of India / Bharat Maps",
        "source_version": "2024.1",
        "last_updated": "2026-09-25T18:00:00Z",
        "boundary_quality": "DERIVED",
        "boundary_source": "LGD Revenue Village Centroids + Block-Bounded Voronoi Tessellation"
      },
      "geometry": {
        "type": "Polygon",
        "coordinates": [
          [
            [
              86.43166074418605,
              23.840833500000002
            ],
            [
              86.45155564583334,
              23.840833500000002
            ],
            [
              86.45518508564584,
              23.8245
            ],
            [
              86.45354616897917,
              23.822499999999998
            ],
            [
              86.42912869509303,
              23.822499999999998
            ],
            [
              86.42816743927906,
              23.8235
            ],
            [
              86.43166074418605,
              23.840833500000002
            ]
          ]
        ]
      }
    },
    {
      "type": "Feature",
      "id": 111842,
      "properties": {
        "id": 121,
        "gp_code": 111842,
        "gp_name": "GANDHIGRAM",
        "block_code": 2357,
        "block_name": "Govindpur",
        "district_code": 336,
        "district_name": "Dhanbad",
        "state_code": 20,
        "state_name": "Jharkhand",
        "area_sq_km": 4.418,
        "centroid_lat": 23.83267,
        "centroid_lon": 86.475,
        "elevation_mean": 217.0,
        "elevation_min": 211.6,
        "elevation_max": 225.6,
        "slope_mean": 2.156,
        "ndvi_mean": 0.64,
        "land_cover_class": 12,
        "land_cover_name": "Cropland",
        "agriculture_fraction": 0.72,
        "forest_fraction": 0.12,
        "water_fraction": 0.04,
        "source": "Local Government Directory (LGD) / Survey of India / Bharat Maps",
        "source_version": "2024.1",
        "last_updated": "2026-09-25T18:00:00Z",
        "boundary_quality": "DERIVED",
        "boundary_source": "LGD Revenue Village Centroids + Block-Bounded Voronoi Tessellation"
      },
      "geometry": {
        "type": "Polygon",
        "coordinates": [
          [
            [
              86.46552249445,
              23.8245
            ],
            [
              86.4730331,
              23.8418335
            ],
            [
              86.49022043548386,
              23.8418335
            ],
            [
              86.49077958064515,
              23.8245
            ],
            [
              86.49022041935484,
              23.823500000000003
            ],
            [
              86.46758919445,
              23.823500000000003
            ],
            [
              86.46552249445,
              23.8245
            ]
          ]
        ]
      }
    },
    {
      "type": "Feature",
      "id": 111843,
      "properties": {
        "id": 122,
        "gp_code": 111843,
        "gp_name": "GOSANIDIH",
        "block_code": 2357,
        "block_name": "Govindpur",
        "district_code": 336,
        "district_name": "Dhanbad",
        "state_code": 20,
        "state_name": "Jharkhand",
        "area_sq_km": 6.718,
        "centroid_lat": 23.83367,
        "centroid_lon": 86.506,
        "elevation_mean": 209.0,
        "elevation_min": 204.1,
        "elevation_max": 216.8,
        "slope_mean": 1.948,
        "ndvi_mean": 0.64,
        "land_cover_class": 12,
        "land_cover_name": "Cropland",
        "agriculture_fraction": 0.72,
        "forest_fraction": 0.12,
        "water_fraction": 0.04,
        "source": "Local Government Directory (LGD) / Survey of India / Bharat Maps",
        "source_version": "2024.1",
        "last_updated": "2026-09-25T18:00:00Z",
        "boundary_quality": "DERIVED",
        "boundary_source": "LGD Revenue Village Centroids + Block-Bounded Voronoi Tessellation"
      },
      "geometry": {
        "type": "Polygon",
        "coordinates": [
          [
            [
              86.49077956451613,
              23.842833499999998
            ],
            [
              86.52251961764706,
              23.842833499999998
            ],
            [
              86.52348038235294,
              23.840833500000002
            ],
            [
              86.5225195882353,
              23.8245
            ],
            [
              86.49077958064515,
              23.8245
            ],
            [
              86.49022043548386,
              23.8418335
            ],
            [
              86.49077956451613,
              23.842833499999998
            ]
          ]
        ]
      }
    },
    {
      "type": "Feature",
      "id": 111844,
      "properties": {
        "id": 123,
        "gp_code": 111844,
        "gp_name": "GOVINDPUR",
        "block_code": 2357,
        "block_name": "Govindpur",
        "district_code": 336,
        "district_name": "Dhanbad",
        "state_code": 20,
        "state_name": "Jharkhand",
        "area_sq_km": 7.029,
        "centroid_lat": 23.83167,
        "centroid_lon": 86.54,
        "elevation_mean": 198.0,
        "elevation_min": 193.8,
        "elevation_max": 204.7,
        "slope_mean": 1.669,
        "ndvi_mean": 0.64,
        "land_cover_class": 12,
        "land_cover_name": "Cropland",
        "agriculture_fraction": 0.72,
        "forest_fraction": 0.12,
        "water_fraction": 0.04,
        "source": "Local Government Directory (LGD) / Survey of India / Bharat Maps",
        "source_version": "2024.1",
        "last_updated": "2026-09-25T18:00:00Z",
        "boundary_quality": "OFFICIAL",
        "boundary_source": "Survey of India / Bharat Maps Gazetted Boundary"
      },
      "geometry": {
        "type": "Polygon",
        "coordinates": [
          [
            [
              86.52348038235294,
              23.840833500000002
            ],
            [
              86.55674510294118,
              23.840833500000002
            ],
            [
              86.5572549117647,
              23.823500000000003
            ],
            [
              86.5567450882353,
              23.822499999999998
            ],
            [
              86.52348041176471,
              23.822499999999998
            ],
            [
              86.5225195882353,
              23.8245
            ],
            [
              86.52348038235294,
              23.840833500000002
            ]
          ]
        ]
      }
    },
    {
      "type": "Feature",
      "id": 111845,
      "properties": {
        "id": 124,
        "gp_code": 111845,
        "gp_name": "JANGALPUR",
        "block_code": 2357,
        "block_name": "Govindpur",
        "district_code": 336,
        "district_name": "Dhanbad",
        "state_code": 20,
        "state_name": "Jharkhand",
        "area_sq_km": 6.718,
        "centroid_lat": 23.83267,
        "centroid_lon": 86.574,
        "elevation_mean": 188.0,
        "elevation_min": 184.6,
        "elevation_max": 193.4,
        "slope_mean": 1.355,
        "ndvi_mean": 0.64,
        "land_cover_class": 12,
        "land_cover_name": "Cropland",
        "agriculture_fraction": 0.72,
        "forest_fraction": 0.12,
        "water_fraction": 0.04,
        "source": "Local Government Directory (LGD) / Survey of India / Bharat Maps",
        "source_version": "2024.1",
        "last_updated": "2026-09-25T18:00:00Z",
        "boundary_quality": "DERIVED",
        "boundary_source": "LGD Revenue Village Centroids + Block-Bounded Voronoi Tessellation"
      },
      "geometry": {
        "type": "Polygon",
        "coordinates": [
          [
            [
              86.55674510294118,
              23.840833500000002
            ],
            [
              86.55725489705883,
              23.8418335
            ],
            [
              86.58922043548387,
              23.8418335
            ],
            [
              86.58977958064516,
              23.8245
            ],
            [
              86.58922041935485,
              23.823500000000003
            ],
            [
              86.5572549117647,
              23.823500000000003
            ],
            [
              86.55674510294118,
              23.840833500000002
            ]
          ]
        ]
      }
    },
    {
      "type": "Feature",
      "id": 111846,
      "properties": {
        "id": 125,
        "gp_code": 111846,
        "gp_name": "JHALBAR",
        "block_code": 2357,
        "block_name": "Govindpur",
        "district_code": 336,
        "district_name": "Dhanbad",
        "state_code": 20,
        "state_name": "Jharkhand",
        "area_sq_km": 7.537,
        "centroid_lat": 23.83367,
        "centroid_lon": 86.605,
        "elevation_mean": 167.0,
        "elevation_min": 164.4,
        "elevation_max": 171.2,
        "slope_mean": 1.058,
        "ndvi_mean": 0.64,
        "land_cover_class": 12,
        "land_cover_name": "Cropland",
        "agriculture_fraction": 0.72,
        "forest_fraction": 0.12,
        "water_fraction": 0.04,
        "source": "Local Government Directory (LGD) / Survey of India / Bharat Maps",
        "source_version": "2024.1",
        "last_updated": "2026-09-25T18:00:00Z",
        "boundary_quality": "DERIVED",
        "boundary_source": "LGD Revenue Village Centroids + Block-Bounded Voronoi Tessellation"
      },
      "geometry": {
        "type": "Polygon",
        "coordinates": [
          [
            [
              86.58922043548387,
              23.8418335
            ],
            [
              86.58977956451614,
              23.842833499999998
            ],
            [
              86.6241666875,
              23.842833499999998
            ],
            [
              86.62749999313887,
              23.832833333079215
            ],
            [
              86.62472214769512,
              23.8245
            ],
            [
              86.58977958064516,
              23.8245
            ],
            [
              86.58922043548387,
              23.8418335
            ]
          ]
        ]
      }
    },
    {
      "type": "Feature",
      "id": 111847,
      "properties": {
        "id": 126,
        "gp_code": 111847,
        "gp_name": "KALIKAPUR",
        "block_code": 2357,
        "block_name": "Govindpur",
        "district_code": 336,
        "district_name": "Dhanbad",
        "state_code": 20,
        "state_name": "Jharkhand",
        "area_sq_km": 6.234,
        "centroid_lat": 23.85,
        "centroid_lon": 86.441,
        "elevation_mean": 236.0,
        "elevation_min": 230.2,
        "elevation_max": 245.3,
        "slope_mean": 2.315,
        "ndvi_mean": 0.64,
        "land_cover_class": 12,
        "land_cover_name": "Cropland",
        "agriculture_fraction": 0.72,
        "forest_fraction": 0.12,
        "water_fraction": 0.04,
        "source": "Local Government Directory (LGD) / Survey of India / Bharat Maps",
        "source_version": "2024.1",
        "last_updated": "2026-09-25T18:00:00Z",
        "boundary_quality": "DERIVED",
        "boundary_source": "LGD Revenue Village Centroids + Block-Bounded Voronoi Tessellation"
      },
      "geometry": {
        "type": "Polygon",
        "coordinates": [
          [
            [
              86.41972297674418,
              23.8591665
            ],
            [
              86.45774510294117,
              23.8591665
            ],
            [
              86.45793776824034,
              23.852615879828317
            ],
            [
              86.45155564583334,
              23.840833500000002
            ],
            [
              86.43166074418605,
              23.840833500000002
            ],
            [
              86.41972297674418,
              23.8591665
            ]
          ]
        ]
      }
    },
    {
      "type": "Feature",
      "id": 111848,
      "properties": {
        "id": 127,
        "gp_code": 111848,
        "gp_name": "KANCHANPUR",
        "block_code": 2357,
        "block_name": "Govindpur",
        "district_code": 336,
        "district_name": "Dhanbad",
        "state_code": 20,
        "state_name": "Jharkhand",
        "area_sq_km": 5.819,
        "centroid_lat": 23.851,
        "centroid_lon": 86.475,
        "elevation_mean": 213.0,
        "elevation_min": 207.6,
        "elevation_max": 221.6,
        "slope_mean": 2.156,
        "ndvi_mean": 0.64,
        "land_cover_class": 12,
        "land_cover_name": "Cropland",
        "agriculture_fraction": 0.72,
        "forest_fraction": 0.12,
        "water_fraction": 0.04,
        "source": "Local Government Directory (LGD) / Survey of India / Bharat Maps",
        "source_version": "2024.1",
        "last_updated": "2026-09-25T18:00:00Z",
        "boundary_quality": "DERIVED",
        "boundary_source": "LGD Revenue Village Centroids + Block-Bounded Voronoi Tessellation"
      },
      "geometry": {
        "type": "Polygon",
        "coordinates": [
          [
            [
              86.49022043548386,
              23.8418335
            ],
            [
              86.4730331,
              23.8418335
            ],
            [
              86.45793776824034,
              23.852615879828317
            ],
            [
              86.45774510294117,
              23.8591665
            ],
            [
              86.45825489705882,
              23.8601665
            ],
            [
              86.49022043548386,
              23.8601665
            ],
            [
              86.49077956451613,
              23.842833499999998
            ],
            [
              86.49022043548386,
              23.8418335
            ]
          ]
        ]
      }
    },
    {
      "type": "Feature",
      "id": 111849,
      "properties": {
        "id": 128,
        "gp_code": 111849,
        "gp_name": "KARMATAND",
        "block_code": 2357,
        "block_name": "Govindpur",
        "district_code": 336,
        "district_name": "Dhanbad",
        "state_code": 20,
        "state_name": "Jharkhand",
        "area_sq_km": 6.717,
        "centroid_lat": 23.852,
        "centroid_lon": 86.506,
        "elevation_mean": 205.0,
        "elevation_min": 200.1,
        "elevation_max": 212.8,
        "slope_mean": 1.948,
        "ndvi_mean": 0.64,
        "land_cover_class": 12,
        "land_cover_name": "Cropland",
        "agriculture_fraction": 0.72,
        "forest_fraction": 0.12,
        "water_fraction": 0.04,
        "source": "Local Government Directory (LGD) / Survey of India / Bharat Maps",
        "source_version": "2024.1",
        "last_updated": "2026-09-25T18:00:00Z",
        "boundary_quality": "DERIVED",
        "boundary_source": "LGD Revenue Village Centroids + Block-Bounded Voronoi Tessellation"
      },
      "geometry": {
        "type": "Polygon",
        "coordinates": [
          [
            [
              86.49077956451613,
              23.8611665
            ],
            [
              86.52251961764706,
              23.8611665
            ],
            [
              86.52348038235294,
              23.8591665
            ],
            [
              86.52251961764706,
              23.842833499999998
            ],
            [
              86.49077956451613,
              23.842833499999998
            ],
            [
              86.49022043548386,
              23.8601665
            ],
            [
              86.49077956451613,
              23.8611665
            ]
          ]
        ]
      }
    },
    {
      "type": "Feature",
      "id": 111850,
      "properties": {
        "id": 129,
        "gp_code": 111850,
        "gp_name": "KATHALGORA",
        "block_code": 2357,
        "block_name": "Govindpur",
        "district_code": 336,
        "district_name": "Dhanbad",
        "state_code": 20,
        "state_name": "Jharkhand",
        "area_sq_km": 7.027,
        "centroid_lat": 23.85,
        "centroid_lon": 86.54,
        "elevation_mean": 209.0,
        "elevation_min": 204.8,
        "elevation_max": 215.7,
        "slope_mean": 1.669,
        "ndvi_mean": 0.64,
        "land_cover_class": 12,
        "land_cover_name": "Cropland",
        "agriculture_fraction": 0.72,
        "forest_fraction": 0.12,
        "water_fraction": 0.04,
        "source": "Local Government Directory (LGD) / Survey of India / Bharat Maps",
        "source_version": "2024.1",
        "last_updated": "2026-09-25T18:00:00Z",
        "boundary_quality": "DERIVED",
        "boundary_source": "LGD Revenue Village Centroids + Block-Bounded Voronoi Tessellation"
      },
      "geometry": {
        "type": "Polygon",
        "coordinates": [
          [
            [
              86.52348038235294,
              23.8591665
            ],
            [
              86.55674510294118,
              23.8591665
            ],
            [
              86.55725489705883,
              23.8418335
            ],
            [
              86.55674510294118,
              23.840833500000002
            ],
            [
              86.52348038235294,
              23.840833500000002
            ],
            [
              86.52251961764706,
              23.842833499999998
            ],
            [
              86.52348038235294,
              23.8591665
            ]
          ]
        ]
      }
    },
    {
      "type": "Feature",
      "id": 111851,
      "properties": {
        "id": 130,
        "gp_code": 111851,
        "gp_name": "KHANUDIH",
        "block_code": 2357,
        "block_name": "Govindpur",
        "district_code": 336,
        "district_name": "Dhanbad",
        "state_code": 20,
        "state_name": "Jharkhand",
        "area_sq_km": 6.717,
        "centroid_lat": 23.851,
        "centroid_lon": 86.574,
        "elevation_mean": 178.0,
        "elevation_min": 174.6,
        "elevation_max": 183.4,
        "slope_mean": 1.355,
        "ndvi_mean": 0.64,
        "land_cover_class": 12,
        "land_cover_name": "Cropland",
        "agriculture_fraction": 0.72,
        "forest_fraction": 0.12,
        "water_fraction": 0.04,
        "source": "Local Government Directory (LGD) / Survey of India / Bharat Maps",
        "source_version": "2024.1",
        "last_updated": "2026-09-25T18:00:00Z",
        "boundary_quality": "DERIVED",
        "boundary_source": "LGD Revenue Village Centroids + Block-Bounded Voronoi Tessellation"
      },
      "geometry": {
        "type": "Polygon",
        "coordinates": [
          [
            [
              86.55725489705883,
              23.8601665
            ],
            [
              86.58922043548387,
              23.8601665
            ],
            [
              86.58977956451614,
              23.842833499999998
            ],
            [
              86.58922043548387,
              23.8418335
            ],
            [
              86.55725489705883,
              23.8418335
            ],
            [
              86.55674510294118,
              23.8591665
            ],
            [
              86.55725489705883,
              23.8601665
            ]
          ]
        ]
      }
    },
    {
      "type": "Feature",
      "id": 111852,
      "properties": {
        "id": 131,
        "gp_code": 111852,
        "gp_name": "KOLAHARI",
        "block_code": 2357,
        "block_name": "Govindpur",
        "district_code": 336,
        "district_name": "Dhanbad",
        "state_code": 20,
        "state_name": "Jharkhand",
        "area_sq_km": 7.402,
        "centroid_lat": 23.852,
        "centroid_lon": 86.605,
        "elevation_mean": 193.0,
        "elevation_min": 190.4,
        "elevation_max": 197.2,
        "slope_mean": 1.058,
        "ndvi_mean": 0.64,
        "land_cover_class": 12,
        "land_cover_name": "Cropland",
        "agriculture_fraction": 0.72,
        "forest_fraction": 0.12,
        "water_fraction": 0.04,
        "source": "Local Government Directory (LGD) / Survey of India / Bharat Maps",
        "source_version": "2024.1",
        "last_updated": "2026-09-25T18:00:00Z",
        "boundary_quality": "DERIVED",
        "boundary_source": "LGD Revenue Village Centroids + Block-Bounded Voronoi Tessellation"
      },
      "geometry": {
        "type": "Polygon",
        "coordinates": [
          [
            [
              86.58922043548387,
              23.8601665
            ],
            [
              86.58977956451614,
              23.8611665
            ],
            [
              86.6264583125,
              23.8611665
            ],
            [
              86.6241666875,
              23.842833499999998
            ],
            [
              86.58977956451614,
              23.842833499999998
            ],
            [
              86.58922043548387,
              23.8601665
            ]
          ]
        ]
      }
    },
    {
      "type": "Feature",
      "id": 111853,
      "properties": {
        "id": 132,
        "gp_code": 111853,
        "gp_name": "KUKRUBAHIYAR",
        "block_code": 2357,
        "block_name": "Govindpur",
        "district_code": 336,
        "district_name": "Dhanbad",
        "state_code": 20,
        "state_name": "Jharkhand",
        "area_sq_km": 10.748,
        "centroid_lat": 23.86833,
        "centroid_lon": 86.441,
        "elevation_mean": 220.0,
        "elevation_min": 214.2,
        "elevation_max": 229.3,
        "slope_mean": 2.315,
        "ndvi_mean": 0.64,
        "land_cover_class": 12,
        "land_cover_name": "Cropland",
        "agriculture_fraction": 0.72,
        "forest_fraction": 0.12,
        "water_fraction": 0.04,
        "source": "Local Government Directory (LGD) / Survey of India / Bharat Maps",
        "source_version": "2024.1",
        "last_updated": "2026-09-25T18:00:00Z",
        "boundary_quality": "DERIVED",
        "boundary_source": "LGD Revenue Village Centroids + Block-Bounded Voronoi Tessellation"
      },
      "geometry": {
        "type": "Polygon",
        "coordinates": [
          [
            [
              86.39369845635,
              23.877499999999998
            ],
            [
              86.4577450882353,
              23.877499999999998
            ],
            [
              86.45825489705882,
              23.8601665
            ],
            [
              86.45774510294117,
              23.8591665
            ],
            [
              86.41972297674418,
              23.8591665
            ],
            [
              86.39441504863606,
              23.87599514115067
            ],
            [
              86.39369845635,
              23.877499999999998
            ]
          ]
        ]
      }
    },
    {
      "type": "Feature",
      "id": 111854,
      "properties": {
        "id": 133,
        "gp_code": 111854,
        "gp_name": "KUMARDIH",
        "block_code": 2357,
        "block_name": "Govindpur",
        "district_code": 336,
        "district_name": "Dhanbad",
        "state_code": 20,
        "state_name": "Jharkhand",
        "area_sq_km": 6.717,
        "centroid_lat": 23.86933,
        "centroid_lon": 86.475,
        "elevation_mean": 212.0,
        "elevation_min": 206.6,
        "elevation_max": 220.6,
        "slope_mean": 2.156,
        "ndvi_mean": 0.64,
        "land_cover_class": 12,
        "land_cover_name": "Cropland",
        "agriculture_fraction": 0.72,
        "forest_fraction": 0.12,
        "water_fraction": 0.04,
        "source": "Local Government Directory (LGD) / Survey of India / Bharat Maps",
        "source_version": "2024.1",
        "last_updated": "2026-09-25T18:00:00Z",
        "boundary_quality": "DERIVED",
        "boundary_source": "LGD Revenue Village Centroids + Block-Bounded Voronoi Tessellation"
      },
      "geometry": {
        "type": "Polygon",
        "coordinates": [
          [
            [
              86.4582549117647,
              23.878500000000003
            ],
            [
              86.49022041935484,
              23.878500000000003
            ],
            [
              86.49077956451613,
              23.8611665
            ],
            [
              86.49022043548386,
              23.8601665
            ],
            [
              86.45825489705882,
              23.8601665
            ],
            [
              86.4577450882353,
              23.877499999999998
            ],
            [
              86.4582549117647,
              23.878500000000003
            ]
          ]
        ]
      }
    },
    {
      "type": "Feature",
      "id": 111855,
      "properties": {
        "id": 134,
        "gp_code": 111855,
        "gp_name": "MAHARAJGORA",
        "block_code": 2357,
        "block_name": "Govindpur",
        "district_code": 336,
        "district_name": "Dhanbad",
        "state_code": 20,
        "state_name": "Jharkhand",
        "area_sq_km": 6.717,
        "centroid_lat": 23.87033,
        "centroid_lon": 86.506,
        "elevation_mean": 204.0,
        "elevation_min": 199.1,
        "elevation_max": 211.8,
        "slope_mean": 1.948,
        "ndvi_mean": 0.64,
        "land_cover_class": 12,
        "land_cover_name": "Cropland",
        "agriculture_fraction": 0.72,
        "forest_fraction": 0.12,
        "water_fraction": 0.04,
        "source": "Local Government Directory (LGD) / Survey of India / Bharat Maps",
        "source_version": "2024.1",
        "last_updated": "2026-09-25T18:00:00Z",
        "boundary_quality": "DERIVED",
        "boundary_source": "LGD Revenue Village Centroids + Block-Bounded Voronoi Tessellation"
      },
      "geometry": {
        "type": "Polygon",
        "coordinates": [
          [
            [
              86.49022041935484,
              23.878500000000003
            ],
            [
              86.49077958064515,
              23.8795
            ],
            [
              86.5225195882353,
              23.8795
            ],
            [
              86.52348041176471,
              23.877499999999998
            ],
            [
              86.52251961764706,
              23.8611665
            ],
            [
              86.49077956451613,
              23.8611665
            ],
            [
              86.49022041935484,
              23.878500000000003
            ]
          ]
        ]
      }
    },
    {
      "type": "Feature",
      "id": 111856,
      "properties": {
        "id": 135,
        "gp_code": 111856,
        "gp_name": "MAHUBANI",
        "block_code": 2357,
        "block_name": "Govindpur",
        "district_code": 336,
        "district_name": "Dhanbad",
        "state_code": 20,
        "state_name": "Jharkhand",
        "area_sq_km": 7.027,
        "centroid_lat": 23.86833,
        "centroid_lon": 86.54,
        "elevation_mean": 211.0,
        "elevation_min": 206.8,
        "elevation_max": 217.7,
        "slope_mean": 1.669,
        "ndvi_mean": 0.64,
        "land_cover_class": 12,
        "land_cover_name": "Cropland",
        "agriculture_fraction": 0.72,
        "forest_fraction": 0.12,
        "water_fraction": 0.04,
        "source": "Local Government Directory (LGD) / Survey of India / Bharat Maps",
        "source_version": "2024.1",
        "last_updated": "2026-09-25T18:00:00Z",
        "boundary_quality": "DERIVED",
        "boundary_source": "LGD Revenue Village Centroids + Block-Bounded Voronoi Tessellation"
      },
      "geometry": {
        "type": "Polygon",
        "coordinates": [
          [
            [
              86.52251961764706,
              23.8611665
            ],
            [
              86.52348041176471,
              23.877499999999998
            ],
            [
              86.5567450882353,
              23.877499999999998
            ],
            [
              86.55725489705883,
              23.8601665
            ],
            [
              86.55674510294118,
              23.8591665
            ],
            [
              86.52348038235294,
              23.8591665
            ],
            [
              86.52251961764706,
              23.8611665
            ]
          ]
        ]
      }
    },
    {
      "type": "Feature",
      "id": 111857,
      "properties": {
        "id": 136,
        "gp_code": 111857,
        "gp_name": "MANDRO",
        "block_code": 2357,
        "block_name": "Govindpur",
        "district_code": 336,
        "district_name": "Dhanbad",
        "state_code": 20,
        "state_name": "Jharkhand",
        "area_sq_km": 6.717,
        "centroid_lat": 23.86933,
        "centroid_lon": 86.574,
        "elevation_mean": 187.0,
        "elevation_min": 183.6,
        "elevation_max": 192.4,
        "slope_mean": 1.355,
        "ndvi_mean": 0.64,
        "land_cover_class": 12,
        "land_cover_name": "Cropland",
        "agriculture_fraction": 0.72,
        "forest_fraction": 0.12,
        "water_fraction": 0.04,
        "source": "Local Government Directory (LGD) / Survey of India / Bharat Maps",
        "source_version": "2024.1",
        "last_updated": "2026-09-25T18:00:00Z",
        "boundary_quality": "DERIVED",
        "boundary_source": "LGD Revenue Village Centroids + Block-Bounded Voronoi Tessellation"
      },
      "geometry": {
        "type": "Polygon",
        "coordinates": [
          [
            [
              86.5567450882353,
              23.877499999999998
            ],
            [
              86.5572549117647,
              23.878500000000003
            ],
            [
              86.58922041935485,
              23.878500000000003
            ],
            [
              86.58977956451614,
              23.8611665
            ],
            [
              86.58922043548387,
              23.8601665
            ],
            [
              86.55725489705883,
              23.8601665
            ],
            [
              86.5567450882353,
              23.877499999999998
            ]
          ]
        ]
      }
    },
    {
      "type": "Feature",
      "id": 111858,
      "properties": {
        "id": 137,
        "gp_code": 111858,
        "gp_name": "NANDPUR",
        "block_code": 2357,
        "block_name": "Govindpur",
        "district_code": 336,
        "district_name": "Dhanbad",
        "state_code": 20,
        "state_name": "Jharkhand",
        "area_sq_km": 8.743,
        "centroid_lat": 23.87033,
        "centroid_lon": 86.605,
        "elevation_mean": 198.0,
        "elevation_min": 195.4,
        "elevation_max": 202.2,
        "slope_mean": 1.058,
        "ndvi_mean": 0.64,
        "land_cover_class": 12,
        "land_cover_name": "Cropland",
        "agriculture_fraction": 0.72,
        "forest_fraction": 0.12,
        "water_fraction": 0.04,
        "source": "Local Government Directory (LGD) / Survey of India / Bharat Maps",
        "source_version": "2024.1",
        "last_updated": "2026-09-25T18:00:00Z",
        "boundary_quality": "DERIVED",
        "boundary_source": "LGD Revenue Village Centroids + Block-Bounded Voronoi Tessellation"
      },
      "geometry": {
        "type": "Polygon",
        "coordinates": [
          [
            [
              86.58977958064516,
              23.8795
            ],
            [
              86.6371527013875,
              23.8795
            ],
            [
              86.6264583125,
              23.8611665
            ],
            [
              86.58977956451614,
              23.8611665
            ],
            [
              86.58922041935485,
              23.878500000000003
            ],
            [
              86.58977958064516,
              23.8795
            ]
          ]
        ]
      }
    },
    {
      "type": "Feature",
      "id": 111859,
      "properties": {
        "id": 138,
        "gp_code": 111859,
        "gp_name": "NAWADIH",
        "block_code": 2357,
        "block_name": "Govindpur",
        "district_code": 336,
        "district_name": "Dhanbad",
        "state_code": 20,
        "state_name": "Jharkhand",
        "area_sq_km": 12.54,
        "centroid_lat": 23.88667,
        "centroid_lon": 86.441,
        "elevation_mean": 221.0,
        "elevation_min": 215.2,
        "elevation_max": 230.3,
        "slope_mean": 2.315,
        "ndvi_mean": 0.64,
        "land_cover_class": 12,
        "land_cover_name": "Cropland",
        "agriculture_fraction": 0.72,
        "forest_fraction": 0.12,
        "water_fraction": 0.04,
        "source": "Local Government Directory (LGD) / Survey of India / Bharat Maps",
        "source_version": "2024.1",
        "last_updated": "2026-09-25T18:00:00Z",
        "boundary_quality": "DERIVED",
        "boundary_source": "LGD Revenue Village Centroids + Block-Bounded Voronoi Tessellation"
      },
      "geometry": {
        "type": "Polygon",
        "coordinates": [
          [
            [
              86.3926379694182,
              23.878936779476767
            ],
            [
              86.40209845847441,
              23.89497861780545
            ],
            [
              86.40450025,
              23.895833500000002
            ],
            [
              86.45774510294117,
              23.895833500000002
            ],
            [
              86.4582549117647,
              23.878500000000003
            ],
            [
              86.4577450882353,
              23.877499999999998
            ],
            [
              86.39369845635,
              23.877499999999998
            ],
            [
              86.3926379694182,
              23.878936779476767
            ]
          ]
        ]
      }
    },
    {
      "type": "Feature",
      "id": 111860,
      "properties": {
        "id": 139,
        "gp_code": 111860,
        "gp_name": "PANDUA",
        "block_code": 2357,
        "block_name": "Govindpur",
        "district_code": 336,
        "district_name": "Dhanbad",
        "state_code": 20,
        "state_name": "Jharkhand",
        "area_sq_km": 6.716,
        "centroid_lat": 23.88767,
        "centroid_lon": 86.475,
        "elevation_mean": 217.0,
        "elevation_min": 211.6,
        "elevation_max": 225.6,
        "slope_mean": 2.156,
        "ndvi_mean": 0.64,
        "land_cover_class": 12,
        "land_cover_name": "Cropland",
        "agriculture_fraction": 0.72,
        "forest_fraction": 0.12,
        "water_fraction": 0.04,
        "source": "Local Government Directory (LGD) / Survey of India / Bharat Maps",
        "source_version": "2024.1",
        "last_updated": "2026-09-25T18:00:00Z",
        "boundary_quality": "DERIVED",
        "boundary_source": "LGD Revenue Village Centroids + Block-Bounded Voronoi Tessellation"
      },
      "geometry": {
        "type": "Polygon",
        "coordinates": [
          [
            [
              86.45825489705882,
              23.8968335
            ],
            [
              86.49022043548386,
              23.8968335
            ],
            [
              86.49077958064515,
              23.8795
            ],
            [
              86.49022041935484,
              23.878500000000003
            ],
            [
              86.4582549117647,
              23.878500000000003
            ],
            [
              86.45774510294117,
              23.895833500000002
            ],
            [
              86.45825489705882,
              23.8968335
            ]
          ]
        ]
      }
    },
    {
      "type": "Feature",
      "id": 111861,
      "properties": {
        "id": 140,
        "gp_code": 111861,
        "gp_name": "PURANADIH",
        "block_code": 2357,
        "block_name": "Govindpur",
        "district_code": 336,
        "district_name": "Dhanbad",
        "state_code": 20,
        "state_name": "Jharkhand",
        "area_sq_km": 6.728,
        "centroid_lat": 23.88867,
        "centroid_lon": 86.506,
        "elevation_mean": 215.0,
        "elevation_min": 210.1,
        "elevation_max": 222.8,
        "slope_mean": 1.948,
        "ndvi_mean": 0.64,
        "land_cover_class": 12,
        "land_cover_name": "Cropland",
        "agriculture_fraction": 0.72,
        "forest_fraction": 0.12,
        "water_fraction": 0.04,
        "source": "Local Government Directory (LGD) / Survey of India / Bharat Maps",
        "source_version": "2024.1",
        "last_updated": "2026-09-25T18:00:00Z",
        "boundary_quality": "DERIVED",
        "boundary_source": "LGD Revenue Village Centroids + Block-Bounded Voronoi Tessellation"
      },
      "geometry": {
        "type": "Polygon",
        "coordinates": [
          [
            [
              86.49022043548386,
              23.8968335
            ],
            [
              86.49077956451613,
              23.8978335
            ],
            [
              86.52359802941177,
              23.8978335
            ],
            [
              86.5225195882353,
              23.8795
            ],
            [
              86.49077958064515,
              23.8795
            ],
            [
              86.49022043548386,
              23.8968335
            ]
          ]
        ]
      }
    },
    {
      "type": "Feature",
      "id": 111862,
      "properties": {
        "id": 141,
        "gp_code": 111862,
        "gp_name": "RAJDHANWAR",
        "block_code": 2357,
        "block_name": "Govindpur",
        "district_code": 336,
        "district_name": "Dhanbad",
        "state_code": 20,
        "state_name": "Jharkhand",
        "area_sq_km": 11.289,
        "centroid_lat": 23.88667,
        "centroid_lon": 86.54,
        "elevation_mean": 206.0,
        "elevation_min": 201.8,
        "elevation_max": 212.7,
        "slope_mean": 1.669,
        "ndvi_mean": 0.64,
        "land_cover_class": 12,
        "land_cover_name": "Cropland",
        "agriculture_fraction": 0.72,
        "forest_fraction": 0.12,
        "water_fraction": 0.04,
        "source": "Local Government Directory (LGD) / Survey of India / Bharat Maps",
        "source_version": "2024.1",
        "last_updated": "2026-09-25T18:00:00Z",
        "boundary_quality": "DERIVED",
        "boundary_source": "LGD Revenue Village Centroids + Block-Bounded Voronoi Tessellation"
      },
      "geometry": {
        "type": "Polygon",
        "coordinates": [
          [
            [
              86.52709185007853,
              23.90367572213496
            ],
            [
              86.54575420162463,
              23.910491596750713
            ],
            [
              86.5563526789816,
              23.909175914625834
            ],
            [
              86.5572549117647,
              23.878500000000003
            ],
            [
              86.5567450882353,
              23.877499999999998
            ],
            [
              86.52348041176471,
              23.877499999999998
            ],
            [
              86.5225195882353,
              23.8795
            ],
            [
              86.52359802941177,
              23.8978335
            ],
            [
              86.52709185007853,
              23.90367572213496
            ]
          ]
        ]
      }
    },
    {
      "type": "Feature",
      "id": 111863,
      "properties": {
        "id": 142,
        "gp_code": 111863,
        "gp_name": "RATANPUR",
        "block_code": 2357,
        "block_name": "Govindpur",
        "district_code": 336,
        "district_name": "Dhanbad",
        "state_code": 20,
        "state_name": "Jharkhand",
        "area_sq_km": 14.309,
        "centroid_lat": 23.88767,
        "centroid_lon": 86.574,
        "elevation_mean": 208.0,
        "elevation_min": 204.6,
        "elevation_max": 213.4,
        "slope_mean": 1.355,
        "ndvi_mean": 0.64,
        "land_cover_class": 12,
        "land_cover_name": "Cropland",
        "agriculture_fraction": 0.72,
        "forest_fraction": 0.12,
        "water_fraction": 0.04,
        "source": "Local Government Directory (LGD) / Survey of India / Bharat Maps",
        "source_version": "2024.1",
        "last_updated": "2026-09-25T18:00:00Z",
        "boundary_quality": "DERIVED",
        "boundary_source": "LGD Revenue Village Centroids + Block-Bounded Voronoi Tessellation"
      },
      "geometry": {
        "type": "Polygon",
        "coordinates": [
          [
            [
              86.5563526789816,
              23.909175914625834
            ],
            [
              86.58165990853699,
              23.92414649387395
            ],
            [
              86.58853672728013,
              23.918028454315987
            ],
            [
              86.58977958064516,
              23.8795
            ],
            [
              86.58922041935485,
              23.878500000000003
            ],
            [
              86.5572549117647,
              23.878500000000003
            ],
            [
              86.5563526789816,
              23.909175914625834
            ]
          ]
        ]
      }
    },
    {
      "type": "Feature",
      "id": 111864,
      "properties": {
        "id": 143,
        "gp_code": 111864,
        "gp_name": "SAHARPURA",
        "block_code": 2357,
        "block_name": "Govindpur",
        "district_code": 336,
        "district_name": "Dhanbad",
        "state_code": 20,
        "state_name": "Jharkhand",
        "area_sq_km": 20.461,
        "centroid_lat": 23.88867,
        "centroid_lon": 86.605,
        "elevation_mean": 206.0,
        "elevation_min": 203.4,
        "elevation_max": 210.2,
        "slope_mean": 1.058,
        "ndvi_mean": 0.64,
        "land_cover_class": 12,
        "land_cover_name": "Cropland",
        "agriculture_fraction": 0.72,
        "forest_fraction": 0.12,
        "water_fraction": 0.04,
        "source": "Local Government Directory (LGD) / Survey of India / Bharat Maps",
        "source_version": "2024.1",
        "last_updated": "2026-09-25T18:00:00Z",
        "boundary_quality": "DERIVED",
        "boundary_source": "LGD Revenue Village Centroids + Block-Bounded Voronoi Tessellation"
      },
      "geometry": {
        "type": "Polygon",
        "coordinates": [
          [
            [
              86.58853672728013,
              23.918028454315987
            ],
            [
              86.65150640886375,
              23.902064197264803
            ],
            [
              86.65486555097235,
              23.89650419956785
            ],
            [
              86.6371527013875,
              23.8795
            ],
            [
              86.58977958064516,
              23.8795
            ],
            [
              86.58853672728013,
              23.918028454315987
            ]
          ]
        ]
      }
    },
    {
      "type": "Feature",
      "id": 111865,
      "properties": {
        "id": 144,
        "gp_code": 111865,
        "gp_name": "SARKARDIH",
        "block_code": 2357,
        "block_name": "Govindpur",
        "district_code": 336,
        "district_name": "Dhanbad",
        "state_code": 20,
        "state_name": "Jharkhand",
        "area_sq_km": 10.134,
        "centroid_lat": 23.905,
        "centroid_lon": 86.441,
        "elevation_mean": 237.0,
        "elevation_min": 231.2,
        "elevation_max": 246.3,
        "slope_mean": 2.315,
        "ndvi_mean": 0.64,
        "land_cover_class": 12,
        "land_cover_name": "Cropland",
        "agriculture_fraction": 0.72,
        "forest_fraction": 0.12,
        "water_fraction": 0.04,
        "source": "Local Government Directory (LGD) / Survey of India / Bharat Maps",
        "source_version": "2024.1",
        "last_updated": "2026-09-25T18:00:00Z",
        "boundary_quality": "DERIVED",
        "boundary_source": "LGD Revenue Village Centroids + Block-Bounded Voronoi Tessellation"
      },
      "geometry": {
        "type": "Polygon",
        "coordinates": [
          [
            [
              86.45099315068494,
              23.926828767123283
            ],
            [
              86.45767647058824,
              23.9165
            ],
            [
              86.45825489705882,
              23.8968335
            ],
            [
              86.45774510294117,
              23.895833500000002
            ],
            [
              86.40450025,
              23.895833500000002
            ],
            [
              86.45099315068494,
              23.926828767123283
            ]
          ]
        ]
      }
    },
    {
      "type": "Feature",
      "id": 111866,
      "properties": {
        "id": 145,
        "gp_code": 111866,
        "gp_name": "TANTRI",
        "block_code": 2357,
        "block_name": "Govindpur",
        "district_code": 336,
        "district_name": "Dhanbad",
        "state_code": 20,
        "state_name": "Jharkhand",
        "area_sq_km": 7.206,
        "centroid_lat": 23.906,
        "centroid_lon": 86.475,
        "elevation_mean": 240.0,
        "elevation_min": 234.6,
        "elevation_max": 248.6,
        "slope_mean": 2.156,
        "ndvi_mean": 0.64,
        "land_cover_class": 12,
        "land_cover_name": "Cropland",
        "agriculture_fraction": 0.72,
        "forest_fraction": 0.12,
        "water_fraction": 0.04,
        "source": "Local Government Directory (LGD) / Survey of India / Bharat Maps",
        "source_version": "2024.1",
        "last_updated": "2026-09-25T18:00:00Z",
        "boundary_quality": "DERIVED",
        "boundary_source": "LGD Revenue Village Centroids + Block-Bounded Voronoi Tessellation"
      },
      "geometry": {
        "type": "Polygon",
        "coordinates": [
          [
            [
              86.45767647058824,
              23.9165
            ],
            [
              86.49017741935484,
              23.9165
            ],
            [
              86.49077956451613,
              23.8978335
            ],
            [
              86.49022043548386,
              23.8968335
            ],
            [
              86.45825489705882,
              23.8968335
            ],
            [
              86.45767647058824,
              23.9165
            ]
          ]
        ]
      }
    },
    {
      "type": "Feature",
      "id": 111867,
      "properties": {
        "id": 146,
        "gp_code": 111867,
        "gp_name": "UKMA",
        "block_code": 2357,
        "block_name": "Govindpur",
        "district_code": 336,
        "district_name": "Dhanbad",
        "state_code": 20,
        "state_name": "Jharkhand",
        "area_sq_km": 9.101,
        "centroid_lat": 23.907,
        "centroid_lon": 86.506,
        "elevation_mean": 231.0,
        "elevation_min": 226.1,
        "elevation_max": 238.8,
        "slope_mean": 1.948,
        "ndvi_mean": 0.64,
        "land_cover_class": 12,
        "land_cover_name": "Cropland",
        "agriculture_fraction": 0.72,
        "forest_fraction": 0.12,
        "water_fraction": 0.04,
        "source": "Local Government Directory (LGD) / Survey of India / Bharat Maps",
        "source_version": "2024.1",
        "last_updated": "2026-09-25T18:00:00Z",
        "boundary_quality": "DERIVED",
        "boundary_source": "LGD Revenue Village Centroids + Block-Bounded Voronoi Tessellation"
      },
      "geometry": {
        "type": "Polygon",
        "coordinates": [
          [
            [
              86.49017741935484,
              23.9165
            ],
            [
              86.50077139874739,
              23.932920668058454
            ],
            [
              86.52709185007853,
              23.90367572213496
            ],
            [
              86.52359802941177,
              23.8978335
            ],
            [
              86.49077956451613,
              23.8978335
            ],
            [
              86.49017741935484,
              23.9165
            ]
          ]
        ]
      }
    },
    {
      "type": "Feature",
      "id": 111868,
      "properties": {
        "id": 147,
        "gp_code": 111868,
        "gp_name": "ALAMDIH",
        "block_code": 2364,
        "block_name": "Kaliasol",
        "district_code": 336,
        "district_name": "Dhanbad",
        "state_code": 20,
        "state_name": "Jharkhand",
        "area_sq_km": 7.163,
        "centroid_lat": 23.68,
        "centroid_lon": 86.616,
        "elevation_mean": 141.0,
        "elevation_min": 138.6,
        "elevation_max": 144.8,
        "slope_mean": 0.954,
        "ndvi_mean": 0.64,
        "land_cover_class": 12,
        "land_cover_name": "Cropland",
        "agriculture_fraction": 0.72,
        "forest_fraction": 0.12,
        "water_fraction": 0.04,
        "source": "Local Government Directory (LGD) / Survey of India / Bharat Maps",
        "source_version": "2024.1",
        "last_updated": "2026-09-25T18:00:00Z",
        "boundary_quality": "DERIVED",
        "boundary_source": "LGD Revenue Village Centroids + Block-Bounded Voronoi Tessellation"
      },
      "geometry": {
        "type": "Polygon",
        "coordinates": [
          [
            [
              86.62618092105264,
              23.6932697368421
            ],
            [
              86.637888149476,
              23.692840113780694
            ],
            [
              86.63850845009823,
              23.6653403262951
            ],
            [
              86.60111067708333,
              23.673213541666673
            ],
            [
              86.62618092105264,
              23.6932697368421
            ]
          ]
        ]
      }
    },
    {
      "type": "Feature",
      "id": 111869,
      "properties": {
        "id": 148,
        "gp_code": 111869,
        "gp_name": "ASANBONA",
        "block_code": 2364,
        "block_name": "Kaliasol",
        "district_code": 336,
        "district_name": "Dhanbad",
        "state_code": 20,
        "state_name": "Jharkhand",
        "area_sq_km": 31.593,
        "centroid_lat": 23.681,
        "centroid_lon": 86.66033,
        "elevation_mean": 125.0,
        "elevation_min": 123.6,
        "elevation_max": 127.2,
        "slope_mean": 0.561,
        "ndvi_mean": 0.64,
        "land_cover_class": 12,
        "land_cover_name": "Cropland",
        "agriculture_fraction": 0.72,
        "forest_fraction": 0.12,
        "water_fraction": 0.04,
        "source": "Local Government Directory (LGD) / Survey of India / Bharat Maps",
        "source_version": "2024.1",
        "last_updated": "2026-09-25T18:00:00Z",
        "boundary_quality": "DERIVED",
        "boundary_source": "LGD Revenue Village Centroids + Block-Bounded Voronoi Tessellation"
      },
      "geometry": {
        "type": "Polygon",
        "coordinates": [
          [
            [
              86.63802188476639,
              23.693060881450748
            ],
            [
              86.67999888402265,
              23.6961417621301
            ],
            [
              86.68067311787742,
              23.695011345654542
            ],
            [
              86.68248787922774,
              23.62
            ],
            [
              86.65727009381789,
              23.62
            ],
            [
              86.63850845009823,
              23.6653403262951
            ],
            [
              86.637888149476,
              23.692840113780694
            ],
            [
              86.63802188476639,
              23.693060881450748
            ]
          ]
        ]
      }
    },
    {
      "type": "Feature",
      "id": 111870,
      "properties": {
        "id": 149,
        "gp_code": 111870,
        "gp_name": "BAMNI",
        "block_code": 2364,
        "block_name": "Kaliasol",
        "district_code": 336,
        "district_name": "Dhanbad",
        "state_code": 20,
        "state_name": "Jharkhand",
        "area_sq_km": 34.44,
        "centroid_lat": 23.682,
        "centroid_lon": 86.70167,
        "elevation_mean": 133.0,
        "elevation_min": 131.8,
        "elevation_max": 135.0,
        "slope_mean": 0.5,
        "ndvi_mean": 0.64,
        "land_cover_class": 12,
        "land_cover_name": "Cropland",
        "agriculture_fraction": 0.72,
        "forest_fraction": 0.12,
        "water_fraction": 0.04,
        "source": "Local Government Directory (LGD) / Survey of India / Bharat Maps",
        "source_version": "2024.1",
        "last_updated": "2026-09-25T18:00:00Z",
        "boundary_quality": "DERIVED",
        "boundary_source": "LGD Revenue Village Centroids + Block-Bounded Voronoi Tessellation"
      },
      "geometry": {
        "type": "Polygon",
        "coordinates": [
          [
            [
              86.68067311787742,
              23.695011345654542
            ],
            [
              86.72438427813736,
              23.69320882358196
            ],
            [
              86.72108159960978,
              23.62
            ],
            [
              86.68248787922774,
              23.62
            ],
            [
              86.68067311787742,
              23.695011345654542
            ]
          ]
        ]
      }
    },
    {
      "type": "Feature",
      "id": 111871,
      "properties": {
        "id": 150,
        "gp_code": 111871,
        "gp_name": "BARA KALIA",
        "block_code": 2364,
        "block_name": "Kaliasol",
        "district_code": 336,
        "district_name": "Dhanbad",
        "state_code": 20,
        "state_name": "Jharkhand",
        "area_sq_km": 68.452,
        "centroid_lat": 23.68,
        "centroid_lon": 86.746,
        "elevation_mean": 125.0,
        "elevation_min": 123.8,
        "elevation_max": 127.0,
        "slope_mean": 0.5,
        "ndvi_mean": 0.64,
        "land_cover_class": 12,
        "land_cover_name": "Cropland",
        "agriculture_fraction": 0.72,
        "forest_fraction": 0.12,
        "water_fraction": 0.04,
        "source": "Local Government Directory (LGD) / Survey of India / Bharat Maps",
        "source_version": "2024.1",
        "last_updated": "2026-09-25T18:00:00Z",
        "boundary_quality": "DERIVED",
        "boundary_source": "LGD Revenue Village Centroids + Block-Bounded Voronoi Tessellation"
      },
      "geometry": {
        "type": "Polygon",
        "coordinates": [
          [
            [
              86.72438427813736,
              23.69320882358196
            ],
            [
              86.725111850524,
              23.694409886219304
            ],
            [
              86.77339098619315,
              23.692638174818594
            ],
            [
              86.80260683787859,
              23.665797358100658
            ],
            [
              86.82919897480403,
              23.62
            ],
            [
              86.72108159960978,
              23.62
            ],
            [
              86.72438427813736,
              23.69320882358196
            ]
          ]
        ]
      }
    },
    {
      "type": "Feature",
      "id": 111872,
      "properties": {
        "id": 151,
        "gp_code": 111872,
        "gp_name": "BEHRA",
        "block_code": 2364,
        "block_name": "Kaliasol",
        "district_code": 336,
        "district_name": "Dhanbad",
        "state_code": 20,
        "state_name": "Jharkhand",
        "area_sq_km": 7.757,
        "centroid_lat": 23.70725,
        "centroid_lon": 86.617,
        "elevation_mean": 165.0,
        "elevation_min": 162.6,
        "elevation_max": 168.8,
        "slope_mean": 0.944,
        "ndvi_mean": 0.64,
        "land_cover_class": 12,
        "land_cover_name": "Cropland",
        "agriculture_fraction": 0.72,
        "forest_fraction": 0.12,
        "water_fraction": 0.04,
        "source": "Local Government Directory (LGD) / Survey of India / Bharat Maps",
        "source_version": "2024.1",
        "last_updated": "2026-09-25T18:00:00Z",
        "boundary_quality": "DERIVED",
        "boundary_source": "LGD Revenue Village Centroids + Block-Bounded Voronoi Tessellation"
      },
      "geometry": {
        "type": "Polygon",
        "coordinates": [
          [
            [
              86.60232529527559,
              23.70008562992126
            ],
            [
              86.62450354609929,
              23.72149911347518
            ],
            [
              86.6363863521513,
              23.72237124602946
            ],
            [
              86.63692389031434,
              23.721958302804882
            ],
            [
              86.63733961046036,
              23.721261325341846
            ],
            [
              86.63802188476639,
              23.693060881450748
            ],
            [
              86.637888149476,
              23.692840113780694
            ],
            [
              86.62618092105264,
              23.6932697368421
            ],
            [
              86.60232529527559,
              23.70008562992126
            ]
          ]
        ]
      }
    },
    {
      "type": "Feature",
      "id": 111873,
      "properties": {
        "id": 152,
        "gp_code": 111873,
        "gp_name": "CHAMARBAHIYAR",
        "block_code": 2364,
        "block_name": "Kaliasol",
        "district_code": 336,
        "district_name": "Dhanbad",
        "state_code": 20,
        "state_name": "Jharkhand",
        "area_sq_km": 12.454,
        "centroid_lat": 23.70825,
        "centroid_lon": 86.65833,
        "elevation_mean": 143.0,
        "elevation_min": 141.6,
        "elevation_max": 145.3,
        "slope_mean": 0.577,
        "ndvi_mean": 0.64,
        "land_cover_class": 12,
        "land_cover_name": "Cropland",
        "agriculture_fraction": 0.72,
        "forest_fraction": 0.12,
        "water_fraction": 0.04,
        "source": "Local Government Directory (LGD) / Survey of India / Bharat Maps",
        "source_version": "2024.1",
        "last_updated": "2026-09-25T18:00:00Z",
        "boundary_quality": "DERIVED",
        "boundary_source": "LGD Revenue Village Centroids + Block-Bounded Voronoi Tessellation"
      },
      "geometry": {
        "type": "Polygon",
        "coordinates": [
          [
            [
              86.63733961046036,
              23.721261325341846
            ],
            [
              86.68105076480863,
              23.719458803513042
            ],
            [
              86.67999888402265,
              23.6961417621301
            ],
            [
              86.63802188476639,
              23.693060881450748
            ],
            [
              86.63733961046036,
              23.721261325341846
            ]
          ]
        ]
      }
    },
    {
      "type": "Feature",
      "id": 111874,
      "properties": {
        "id": 153,
        "gp_code": 111874,
        "gp_name": "DOMGARH",
        "block_code": 2364,
        "block_name": "Kaliasol",
        "district_code": 336,
        "district_name": "Dhanbad",
        "state_code": 20,
        "state_name": "Jharkhand",
        "area_sq_km": 12.798,
        "centroid_lat": 23.70625,
        "centroid_lon": 86.70267,
        "elevation_mean": 137.0,
        "elevation_min": 135.8,
        "elevation_max": 139.0,
        "slope_mean": 0.5,
        "ndvi_mean": 0.64,
        "land_cover_class": 12,
        "land_cover_name": "Cropland",
        "agriculture_fraction": 0.72,
        "forest_fraction": 0.12,
        "water_fraction": 0.04,
        "source": "Local Government Directory (LGD) / Survey of India / Bharat Maps",
        "source_version": "2024.1",
        "last_updated": "2026-09-25T18:00:00Z",
        "boundary_quality": "DERIVED",
        "boundary_source": "LGD Revenue Village Centroids + Block-Bounded Voronoi Tessellation"
      },
      "geometry": {
        "type": "Polygon",
        "coordinates": [
          [
            [
              86.68175819216015,
              23.72062663805971
            ],
            [
              86.6818192861851,
              23.720658402341822
            ],
            [
              86.72241579746307,
              23.719168622111454
            ],
            [
              86.72471696093547,
              23.71191652634787
            ],
            [
              86.725111850524,
              23.694409886219304
            ],
            [
              86.72438427813736,
              23.69320882358196
            ],
            [
              86.68067311787742,
              23.695011345654542
            ],
            [
              86.67999888402265,
              23.6961417621301
            ],
            [
              86.68105076480863,
              23.719458803513042
            ],
            [
              86.68175819216015,
              23.72062663805971
            ]
          ]
        ]
      }
    },
    {
      "type": "Feature",
      "id": 111875,
      "properties": {
        "id": 154,
        "gp_code": 111875,
        "gp_name": "DUBLAJOR",
        "block_code": 2364,
        "block_name": "Kaliasol",
        "district_code": 336,
        "district_name": "Dhanbad",
        "state_code": 20,
        "state_name": "Jharkhand",
        "area_sq_km": 10.013,
        "centroid_lat": 23.70725,
        "centroid_lon": 86.747,
        "elevation_mean": 127.0,
        "elevation_min": 125.8,
        "elevation_max": 129.0,
        "slope_mean": 0.5,
        "ndvi_mean": 0.64,
        "land_cover_class": 12,
        "land_cover_name": "Cropland",
        "agriculture_fraction": 0.72,
        "forest_fraction": 0.12,
        "water_fraction": 0.04,
        "source": "Local Government Directory (LGD) / Survey of India / Bharat Maps",
        "source_version": "2024.1",
        "last_updated": "2026-09-25T18:00:00Z",
        "boundary_quality": "DERIVED",
        "boundary_source": "LGD Revenue Village Centroids + Block-Bounded Voronoi Tessellation"
      },
      "geometry": {
        "type": "Polygon",
        "coordinates": [
          [
            [
              86.72471696093547,
              23.71191652634787
            ],
            [
              86.76497754600062,
              23.715074219294173
            ],
            [
              86.77339098619315,
              23.692638174818594
            ],
            [
              86.725111850524,
              23.694409886219304
            ],
            [
              86.72471696093547,
              23.71191652634787
            ]
          ]
        ]
      }
    },
    {
      "type": "Feature",
      "id": 111876,
      "properties": {
        "id": 155,
        "gp_code": 111876,
        "gp_name": "HARINARAYANPUR",
        "block_code": 2364,
        "block_name": "Kaliasol",
        "district_code": 336,
        "district_name": "Dhanbad",
        "state_code": 20,
        "state_name": "Jharkhand",
        "area_sq_km": 5.393,
        "centroid_lat": 23.7345,
        "centroid_lon": 86.615,
        "elevation_mean": 166.0,
        "elevation_min": 163.6,
        "elevation_max": 169.9,
        "slope_mean": 0.963,
        "ndvi_mean": 0.48,
        "land_cover_class": 4,
        "land_cover_name": "Grassland / Shrubland",
        "agriculture_fraction": 0.45,
        "forest_fraction": 0.38,
        "water_fraction": 0.04,
        "source": "Local Government Directory (LGD) / Survey of India / Bharat Maps",
        "source_version": "2024.1",
        "last_updated": "2026-09-25T18:00:00Z",
        "boundary_quality": "DERIVED",
        "boundary_source": "LGD Revenue Village Centroids + Block-Bounded Voronoi Tessellation"
      },
      "geometry": {
        "type": "Polygon",
        "coordinates": [
          [
            [
              86.59782608695652,
              23.72816847826087
            ],
            [
              86.62848817567567,
              23.745689671814674
            ],
            [
              86.6363863521513,
              23.72237124602946
            ],
            [
              86.62450354609929,
              23.72149911347518
            ],
            [
              86.59782608695652,
              23.72816847826087
            ]
          ]
        ]
      }
    },
    {
      "type": "Feature",
      "id": 111877,
      "properties": {
        "id": 156,
        "gp_code": 111877,
        "gp_name": "JAMUADANG",
        "block_code": 2364,
        "block_name": "Kaliasol",
        "district_code": 336,
        "district_name": "Dhanbad",
        "state_code": 20,
        "state_name": "Jharkhand",
        "area_sq_km": 7.748,
        "centroid_lat": 23.7325,
        "centroid_lon": 86.65933,
        "elevation_mean": 171.0,
        "elevation_min": 169.6,
        "elevation_max": 173.3,
        "slope_mean": 0.569,
        "ndvi_mean": 0.64,
        "land_cover_class": 12,
        "land_cover_name": "Cropland",
        "agriculture_fraction": 0.72,
        "forest_fraction": 0.12,
        "water_fraction": 0.04,
        "source": "Local Government Directory (LGD) / Survey of India / Bharat Maps",
        "source_version": "2024.1",
        "last_updated": "2026-09-25T18:00:00Z",
        "boundary_quality": "DERIVED",
        "boundary_source": "LGD Revenue Village Centroids + Block-Bounded Voronoi Tessellation"
      },
      "geometry": {
        "type": "Polygon",
        "coordinates": [
          [
            [
              86.63692389031434,
              23.721958302804882
            ],
            [
              86.6595891257353,
              23.746133949514302
            ],
            [
              86.66672246819303,
              23.745872175479157
            ],
            [
              86.68175819216015,
              23.72062663805971
            ],
            [
              86.68105076480863,
              23.719458803513042
            ],
            [
              86.63733961046036,
              23.721261325341846
            ],
            [
              86.63692389031434,
              23.721958302804882
            ]
          ]
        ]
      }
    },
    {
      "type": "Feature",
      "id": 111878,
      "properties": {
        "id": 157,
        "gp_code": 111878,
        "gp_name": "KALIASOL",
        "block_code": 2364,
        "block_name": "Kaliasol",
        "district_code": 336,
        "district_name": "Dhanbad",
        "state_code": 20,
        "state_name": "Jharkhand",
        "area_sq_km": 8.17,
        "centroid_lat": 23.7335,
        "centroid_lon": 86.70367,
        "elevation_mean": 154.0,
        "elevation_min": 152.8,
        "elevation_max": 156.0,
        "slope_mean": 0.5,
        "ndvi_mean": 0.64,
        "land_cover_class": 12,
        "land_cover_name": "Cropland",
        "agriculture_fraction": 0.72,
        "forest_fraction": 0.12,
        "water_fraction": 0.04,
        "source": "Local Government Directory (LGD) / Survey of India / Bharat Maps",
        "source_version": "2024.1",
        "last_updated": "2026-09-25T18:00:00Z",
        "boundary_quality": "DERIVED",
        "boundary_source": "LGD Revenue Village Centroids + Block-Bounded Voronoi Tessellation"
      },
      "geometry": {
        "type": "Polygon",
        "coordinates": [
          [
            [
              86.72241579746307,
              23.719168622111454
            ],
            [
              86.6818192861851,
              23.720658402341822
            ],
            [
              86.69684158041551,
              23.74669744626903
            ],
            [
              86.70126637523161,
              23.747022201851863
            ],
            [
              86.72449012314499,
              23.727526295547975
            ],
            [
              86.72453179393408,
              23.725803916823054
            ],
            [
              86.72241579746307,
              23.719168622111454
            ]
          ]
        ]
      }
    },
    {
      "type": "Feature",
      "id": 111879,
      "properties": {
        "id": 158,
        "gp_code": 111879,
        "gp_name": "KANCHANPUR",
        "block_code": 2364,
        "block_name": "Kaliasol",
        "district_code": 336,
        "district_name": "Dhanbad",
        "state_code": 20,
        "state_name": "Jharkhand",
        "area_sq_km": 4.471,
        "centroid_lat": 23.7345,
        "centroid_lon": 86.745,
        "elevation_mean": 127.0,
        "elevation_min": 125.8,
        "elevation_max": 129.0,
        "slope_mean": 0.5,
        "ndvi_mean": 0.64,
        "land_cover_class": 12,
        "land_cover_name": "Cropland",
        "agriculture_fraction": 0.72,
        "forest_fraction": 0.12,
        "water_fraction": 0.04,
        "source": "Local Government Directory (LGD) / Survey of India / Bharat Maps",
        "source_version": "2024.1",
        "last_updated": "2026-09-25T18:00:00Z",
        "boundary_quality": "DERIVED",
        "boundary_source": "LGD Revenue Village Centroids + Block-Bounded Voronoi Tessellation"
      },
      "geometry": {
        "type": "Polygon",
        "coordinates": [
          [
            [
              86.72449012314499,
              23.727526295547975
            ],
            [
              86.73065989077669,
              23.74233373786407
            ],
            [
              86.75403492647058,
              23.73630147058824
            ],
            [
              86.76510964739936,
              23.729973058628946
            ],
            [
              86.76461929202316,
              23.728568571863654
            ],
            [
              86.72453179393408,
              23.725803916823054
            ],
            [
              86.72449012314499,
              23.727526295547975
            ]
          ]
        ]
      }
    },
    {
      "type": "Feature",
      "id": 111880,
      "properties": {
        "id": 159,
        "gp_code": 111880,
        "gp_name": "LAKHIPUR",
        "block_code": 2364,
        "block_name": "Kaliasol",
        "district_code": 336,
        "district_name": "Dhanbad",
        "state_code": 20,
        "state_name": "Jharkhand",
        "area_sq_km": 10.469,
        "centroid_lat": 23.75875,
        "centroid_lon": 86.616,
        "elevation_mean": 186.0,
        "elevation_min": 183.6,
        "elevation_max": 189.8,
        "slope_mean": 0.954,
        "ndvi_mean": 0.64,
        "land_cover_class": 12,
        "land_cover_name": "Cropland",
        "agriculture_fraction": 0.72,
        "forest_fraction": 0.12,
        "water_fraction": 0.04,
        "source": "Local Government Directory (LGD) / Survey of India / Bharat Maps",
        "source_version": "2024.1",
        "last_updated": "2026-09-25T18:00:00Z",
        "boundary_quality": "DERIVED",
        "boundary_source": "LGD Revenue Village Centroids + Block-Bounded Voronoi Tessellation"
      },
      "geometry": {
        "type": "Polygon",
        "coordinates": [
          [
            [
              86.59028830687278,
              23.77206248694381
            ],
            [
              86.5942182877219,
              23.773192677514796
            ],
            [
              86.62748592342342,
              23.771971846846846
            ],
            [
              86.63383850078493,
              23.758068092621663
            ],
            [
              86.62840675,
              23.746216999999994
            ],
            [
              86.59360294117647,
              23.753544117647067
            ],
            [
              86.58648685622317,
              23.767776287553648
            ],
            [
              86.59028830687278,
              23.77206248694381
            ]
          ]
        ]
      }
    },
    {
      "type": "Feature",
      "id": 111881,
      "properties": {
        "id": 160,
        "gp_code": 111881,
        "gp_name": "NAGARJUN",
        "block_code": 2364,
        "block_name": "Kaliasol",
        "district_code": 336,
        "district_name": "Dhanbad",
        "state_code": 20,
        "state_name": "Jharkhand",
        "area_sq_km": 5.404,
        "centroid_lat": 23.75975,
        "centroid_lon": 86.66033,
        "elevation_mean": 145.0,
        "elevation_min": 143.6,
        "elevation_max": 147.2,
        "slope_mean": 0.561,
        "ndvi_mean": 0.64,
        "land_cover_class": 12,
        "land_cover_name": "Cropland",
        "agriculture_fraction": 0.72,
        "forest_fraction": 0.12,
        "water_fraction": 0.04,
        "source": "Local Government Directory (LGD) / Survey of India / Bharat Maps",
        "source_version": "2024.1",
        "last_updated": "2026-09-25T18:00:00Z",
        "boundary_quality": "DERIVED",
        "boundary_source": "LGD Revenue Village Centroids + Block-Bounded Voronoi Tessellation"
      },
      "geometry": {
        "type": "Polygon",
        "coordinates": [
          [
            [
              86.64681324722022,
              23.758548638785935
            ],
            [
              86.65861646240378,
              23.77332241008468
            ],
            [
              86.66620084762366,
              23.77387906221091
            ],
            [
              86.67422652942176,
              23.757696938725903
            ],
            [
              86.66672246819303,
              23.745872175479157
            ],
            [
              86.6595891257353,
              23.746133949514302
            ],
            [
              86.64681324722022,
              23.758548638785935
            ]
          ]
        ]
      }
    },
    {
      "type": "Feature",
      "id": 111882,
      "properties": {
        "id": 161,
        "gp_code": 111882,
        "gp_name": "PALSIYA",
        "block_code": 2364,
        "block_name": "Kaliasol",
        "district_code": 336,
        "district_name": "Dhanbad",
        "state_code": 20,
        "state_name": "Jharkhand",
        "area_sq_km": 5.351,
        "centroid_lat": 23.76075,
        "centroid_lon": 86.70167,
        "elevation_mean": 144.0,
        "elevation_min": 142.8,
        "elevation_max": 146.0,
        "slope_mean": 0.5,
        "ndvi_mean": 0.64,
        "land_cover_class": 12,
        "land_cover_name": "Cropland",
        "agriculture_fraction": 0.72,
        "forest_fraction": 0.12,
        "water_fraction": 0.04,
        "source": "Local Government Directory (LGD) / Survey of India / Bharat Maps",
        "source_version": "2024.1",
        "last_updated": "2026-09-25T18:00:00Z",
        "boundary_quality": "DERIVED",
        "boundary_source": "LGD Revenue Village Centroids + Block-Bounded Voronoi Tessellation"
      },
      "geometry": {
        "type": "Polygon",
        "coordinates": [
          [
            [
              86.69868603995991,
              23.781802561443396
            ],
            [
              86.71380723392768,
              23.759182730506026
            ],
            [
              86.70126637523161,
              23.747022201851863
            ],
            [
              86.69684158041551,
              23.74669744626903
            ],
            [
              86.68815678770149,
              23.75827736615423
            ],
            [
              86.69868603995991,
              23.781802561443396
            ]
          ]
        ]
      }
    },
    {
      "type": "Feature",
      "id": 111883,
      "properties": {
        "id": 162,
        "gp_code": 111883,
        "gp_name": "PINDRAHAT",
        "block_code": 2364,
        "block_name": "Kaliasol",
        "district_code": 336,
        "district_name": "Dhanbad",
        "state_code": 20,
        "state_name": "Jharkhand",
        "area_sq_km": 3.49,
        "centroid_lat": 23.75875,
        "centroid_lon": 86.746,
        "elevation_mean": 100.0,
        "elevation_min": 98.8,
        "elevation_max": 102.0,
        "slope_mean": 0.5,
        "ndvi_mean": 0.64,
        "land_cover_class": 12,
        "land_cover_name": "Cropland",
        "agriculture_fraction": 0.72,
        "forest_fraction": 0.12,
        "water_fraction": 0.04,
        "source": "Local Government Directory (LGD) / Survey of India / Bharat Maps",
        "source_version": "2024.1",
        "last_updated": "2026-09-25T18:00:00Z",
        "boundary_quality": "DERIVED",
        "boundary_source": "LGD Revenue Village Centroids + Block-Bounded Voronoi Tessellation"
      },
      "geometry": {
        "type": "Polygon",
        "coordinates": [
          [
            [
              86.72890827265373,
              23.758739482200678
            ],
            [
              86.75496767241381,
              23.763271551724127
            ],
            [
              86.76435258698909,
              23.76043836996555
            ],
            [
              86.76462856115883,
              23.757739931330494
            ],
            [
              86.74436250000001,
              23.750370454545454
            ],
            [
              86.731739279742,
              23.749605410893448
            ],
            [
              86.72857564191533,
              23.757952029840393
            ],
            [
              86.72890827265373,
              23.758739482200678
            ]
          ]
        ]
      }
    },
    {
      "type": "Feature",
      "id": 111884,
      "properties": {
        "id": 163,
        "gp_code": 111884,
        "gp_name": "RADHANAGAR",
        "block_code": 2364,
        "block_name": "Kaliasol",
        "district_code": 336,
        "district_name": "Dhanbad",
        "state_code": 20,
        "state_name": "Jharkhand",
        "area_sq_km": 8.186,
        "centroid_lat": 23.786,
        "centroid_lon": 86.617,
        "elevation_mean": 192.0,
        "elevation_min": 189.6,
        "elevation_max": 195.8,
        "slope_mean": 0.944,
        "ndvi_mean": 0.64,
        "land_cover_class": 12,
        "land_cover_name": "Cropland",
        "agriculture_fraction": 0.72,
        "forest_fraction": 0.12,
        "water_fraction": 0.04,
        "source": "Local Government Directory (LGD) / Survey of India / Bharat Maps",
        "source_version": "2024.1",
        "last_updated": "2026-09-25T18:00:00Z",
        "boundary_quality": "DERIVED",
        "boundary_source": "LGD Revenue Village Centroids + Block-Bounded Voronoi Tessellation"
      },
      "geometry": {
        "type": "Polygon",
        "coordinates": [
          [
            [
              86.62444429166666,
              23.8061665
            ],
            [
              86.62664447199973,
              23.807066584000843
            ],
            [
              86.634,
              23.785000000000004
            ],
            [
              86.62748592342342,
              23.771971846846846
            ],
            [
              86.5942182877219,
              23.773192677514796
            ],
            [
              86.62444429166666,
              23.8061665
            ]
          ]
        ]
      }
    },
    {
      "type": "Feature",
      "id": 111885,
      "properties": {
        "id": 164,
        "gp_code": 111885,
        "gp_name": "SIULIBARI",
        "block_code": 2364,
        "block_name": "Kaliasol",
        "district_code": 336,
        "district_name": "Dhanbad",
        "state_code": 20,
        "state_name": "Jharkhand",
        "area_sq_km": 5.113,
        "centroid_lat": 23.787,
        "centroid_lon": 86.65833,
        "elevation_mean": 168.0,
        "elevation_min": 166.6,
        "elevation_max": 170.3,
        "slope_mean": 0.577,
        "ndvi_mean": 0.64,
        "land_cover_class": 12,
        "land_cover_name": "Cropland",
        "agriculture_fraction": 0.72,
        "forest_fraction": 0.12,
        "water_fraction": 0.04,
        "source": "Local Government Directory (LGD) / Survey of India / Bharat Maps",
        "source_version": "2024.1",
        "last_updated": "2026-09-25T18:00:00Z",
        "boundary_quality": "DERIVED",
        "boundary_source": "LGD Revenue Village Centroids + Block-Bounded Voronoi Tessellation"
      },
      "geometry": {
        "type": "Polygon",
        "coordinates": [
          [
            [
              86.6466663448233,
              23.783944471264725
            ],
            [
              86.66324775306082,
              23.80482414899313
            ],
            [
              86.67321406062513,
              23.783230150393525
            ],
            [
              86.66620084762366,
              23.77387906221091
            ],
            [
              86.65861646240378,
              23.77332241008468
            ],
            [
              86.6466663448233,
              23.783944471264725
            ]
          ]
        ]
      }
    },
    {
      "type": "Feature",
      "id": 111886,
      "properties": {
        "id": 165,
        "gp_code": 111886,
        "gp_name": "BAGMARA",
        "block_code": 2359,
        "block_name": "Nirsa",
        "district_code": 336,
        "district_name": "Dhanbad",
        "state_code": 20,
        "state_name": "Jharkhand",
        "area_sq_km": 7.36,
        "centroid_lat": 23.745,
        "centroid_lon": 86.646,
        "elevation_mean": 171.0,
        "elevation_min": 161.5,
        "elevation_max": 186.2,
        "slope_mean": 3.79,
        "ndvi_mean": 0.64,
        "land_cover_class": 12,
        "land_cover_name": "Cropland",
        "agriculture_fraction": 0.72,
        "forest_fraction": 0.12,
        "water_fraction": 0.04,
        "source": "Local Government Directory (LGD) / Survey of India / Bharat Maps",
        "source_version": "2024.1",
        "last_updated": "2026-09-25T18:00:00Z",
        "boundary_quality": "DERIVED",
        "boundary_source": "LGD Revenue Village Centroids + Block-Bounded Voronoi Tessellation"
      },
      "geometry": {
        "type": "Polygon",
        "coordinates": [
          [
            [
              86.62840675,
              23.746216999999994
            ],
            [
              86.63383850078493,
              23.758068092621663
            ],
            [
              86.64681324722022,
              23.758548638785935
            ],
            [
              86.6595891257353,
              23.746133949514302
            ],
            [
              86.63692389031434,
              23.721958302804882
            ],
            [
              86.6363863521513,
              23.72237124602946
            ],
            [
              86.62848817567567,
              23.745689671814674
            ],
            [
              86.62840675,
              23.746216999999994
            ]
          ]
        ]
      }
    },
    {
      "type": "Feature",
      "id": 111887,
      "properties": {
        "id": 166,
        "gp_code": 111887,
        "gp_name": "BARABARI",
        "block_code": 2359,
        "block_name": "Nirsa",
        "district_code": 336,
        "district_name": "Dhanbad",
        "state_code": 20,
        "state_name": "Jharkhand",
        "area_sq_km": 7.278,
        "centroid_lat": 23.746,
        "centroid_lon": 86.682,
        "elevation_mean": 172.0,
        "elevation_min": 162.5,
        "elevation_max": 187.2,
        "slope_mean": 3.791,
        "ndvi_mean": 0.64,
        "land_cover_class": 12,
        "land_cover_name": "Cropland",
        "agriculture_fraction": 0.72,
        "forest_fraction": 0.12,
        "water_fraction": 0.04,
        "source": "Local Government Directory (LGD) / Survey of India / Bharat Maps",
        "source_version": "2024.1",
        "last_updated": "2026-09-25T18:00:00Z",
        "boundary_quality": "DERIVED",
        "boundary_source": "LGD Revenue Village Centroids + Block-Bounded Voronoi Tessellation"
      },
      "geometry": {
        "type": "Polygon",
        "coordinates": [
          [
            [
              86.67422652942176,
              23.757696938725903
            ],
            [
              86.68815678770149,
              23.75827736615423
            ],
            [
              86.69684158041551,
              23.74669744626903
            ],
            [
              86.6818192861851,
              23.720658402341822
            ],
            [
              86.68175819216015,
              23.72062663805971
            ],
            [
              86.66672246819303,
              23.745872175479157
            ],
            [
              86.67422652942176,
              23.757696938725903
            ]
          ]
        ]
      }
    },
    {
      "type": "Feature",
      "id": 111888,
      "properties": {
        "id": 167,
        "gp_code": 111888,
        "gp_name": "BHALUKKHULIA",
        "block_code": 2359,
        "block_name": "Nirsa",
        "district_code": 336,
        "district_name": "Dhanbad",
        "state_code": 20,
        "state_name": "Jharkhand",
        "area_sq_km": 6.434,
        "centroid_lat": 23.747,
        "centroid_lon": 86.715,
        "elevation_mean": 144.0,
        "elevation_min": 134.5,
        "elevation_max": 159.2,
        "slope_mean": 3.793,
        "ndvi_mean": 0.64,
        "land_cover_class": 12,
        "land_cover_name": "Cropland",
        "agriculture_fraction": 0.72,
        "forest_fraction": 0.12,
        "water_fraction": 0.04,
        "source": "Local Government Directory (LGD) / Survey of India / Bharat Maps",
        "source_version": "2024.1",
        "last_updated": "2026-09-25T18:00:00Z",
        "boundary_quality": "DERIVED",
        "boundary_source": "LGD Revenue Village Centroids + Block-Bounded Voronoi Tessellation"
      },
      "geometry": {
        "type": "Polygon",
        "coordinates": [
          [
            [
              86.71380723392768,
              23.759182730506026
            ],
            [
              86.72857564191533,
              23.757952029840393
            ],
            [
              86.731739279742,
              23.749605410893448
            ],
            [
              86.73065989077669,
              23.74233373786407
            ],
            [
              86.72449012314499,
              23.727526295547975
            ],
            [
              86.70126637523161,
              23.747022201851863
            ],
            [
              86.71380723392768,
              23.759182730506026
            ]
          ]
        ]
      }
    },
    {
      "type": "Feature",
      "id": 111889,
      "properties": {
        "id": 168,
        "gp_code": 111889,
        "gp_name": "BONIA",
        "block_code": 2359,
        "block_name": "Nirsa",
        "district_code": 336,
        "district_name": "Dhanbad",
        "state_code": 20,
        "state_name": "Jharkhand",
        "area_sq_km": 4.124,
        "centroid_lat": 23.745,
        "centroid_lon": 86.751,
        "elevation_mean": 125.0,
        "elevation_min": 115.5,
        "elevation_max": 140.2,
        "slope_mean": 3.79,
        "ndvi_mean": 0.64,
        "land_cover_class": 12,
        "land_cover_name": "Cropland",
        "agriculture_fraction": 0.72,
        "forest_fraction": 0.12,
        "water_fraction": 0.04,
        "source": "Local Government Directory (LGD) / Survey of India / Bharat Maps",
        "source_version": "2024.1",
        "last_updated": "2026-09-25T18:00:00Z",
        "boundary_quality": "DERIVED",
        "boundary_source": "LGD Revenue Village Centroids + Block-Bounded Voronoi Tessellation"
      },
      "geometry": {
        "type": "Polygon",
        "coordinates": [
          [
            [
              86.75403492647058,
              23.73630147058824
            ],
            [
              86.74436250000001,
              23.750370454545454
            ],
            [
              86.76462856115883,
              23.757739931330494
            ],
            [
              86.76687813744728,
              23.75366922662612
            ],
            [
              86.7655609811876,
              23.730587380331475
            ],
            [
              86.76510964739936,
              23.729973058628946
            ],
            [
              86.75403492647058,
              23.73630147058824
            ]
          ]
        ]
      }
    },
    {
      "type": "Feature",
      "id": 111890,
      "properties": {
        "id": 169,
        "gp_code": 111890,
        "gp_name": "CHATABHIYAR",
        "block_code": 2359,
        "block_name": "Nirsa",
        "district_code": 336,
        "district_name": "Dhanbad",
        "state_code": 20,
        "state_name": "Jharkhand",
        "area_sq_km": 4.932,
        "centroid_lat": 23.746,
        "centroid_lon": 86.787,
        "elevation_mean": 125.0,
        "elevation_min": 115.5,
        "elevation_max": 140.2,
        "slope_mean": 3.791,
        "ndvi_mean": 0.64,
        "land_cover_class": 12,
        "land_cover_name": "Cropland",
        "agriculture_fraction": 0.72,
        "forest_fraction": 0.12,
        "water_fraction": 0.04,
        "source": "Local Government Directory (LGD) / Survey of India / Bharat Maps",
        "source_version": "2024.1",
        "last_updated": "2026-09-25T18:00:00Z",
        "boundary_quality": "DERIVED",
        "boundary_source": "LGD Revenue Village Centroids + Block-Bounded Voronoi Tessellation"
      },
      "geometry": {
        "type": "Polygon",
        "coordinates": [
          [
            [
              86.80149219736663,
              23.758624674890278
            ],
            [
              86.80162927669996,
              23.758630386529166
            ],
            [
              86.80455284078072,
              23.75306174872896
            ],
            [
              86.80153560243436,
              23.73252356610731
            ],
            [
              86.80071298659067,
              23.731449606847725
            ],
            [
              86.79041986086315,
              23.73282188636972
            ],
            [
              86.78002186530787,
              23.752986435568424
            ],
            [
              86.80149219736663,
              23.758624674890278
            ]
          ]
        ]
      }
    },
    {
      "type": "Feature",
      "id": 111891,
      "properties": {
        "id": 170,
        "gp_code": 111891,
        "gp_name": "CHUTIKANALI",
        "block_code": 2359,
        "block_name": "Nirsa",
        "district_code": 336,
        "district_name": "Dhanbad",
        "state_code": 20,
        "state_name": "Jharkhand",
        "area_sq_km": 6.465,
        "centroid_lat": 23.772,
        "centroid_lon": 86.645,
        "elevation_mean": 157.0,
        "elevation_min": 147.5,
        "elevation_max": 172.2,
        "slope_mean": 3.789,
        "ndvi_mean": 0.64,
        "land_cover_class": 12,
        "land_cover_name": "Cropland",
        "agriculture_fraction": 0.72,
        "forest_fraction": 0.12,
        "water_fraction": 0.04,
        "source": "Local Government Directory (LGD) / Survey of India / Bharat Maps",
        "source_version": "2024.1",
        "last_updated": "2026-09-25T18:00:00Z",
        "boundary_quality": "DERIVED",
        "boundary_source": "LGD Revenue Village Centroids + Block-Bounded Voronoi Tessellation"
      },
      "geometry": {
        "type": "Polygon",
        "coordinates": [
          [
            [
              86.62748592342342,
              23.771971846846846
            ],
            [
              86.634,
              23.785000000000004
            ],
            [
              86.6466663448233,
              23.783944471264725
            ],
            [
              86.65861646240378,
              23.77332241008468
            ],
            [
              86.64681324722022,
              23.758548638785935
            ],
            [
              86.63383850078493,
              23.758068092621663
            ],
            [
              86.62748592342342,
              23.771971846846846
            ]
          ]
        ]
      }
    },
    {
      "type": "Feature",
      "id": 111892,
      "properties": {
        "id": 171,
        "gp_code": 111892,
        "gp_name": "DAHIBARI",
        "block_code": 2359,
        "block_name": "Nirsa",
        "district_code": 336,
        "district_name": "Dhanbad",
        "state_code": 20,
        "state_name": "Jharkhand",
        "area_sq_km": 6.863,
        "centroid_lat": 23.77,
        "centroid_lon": 86.681,
        "elevation_mean": 146.0,
        "elevation_min": 136.5,
        "elevation_max": 161.2,
        "slope_mean": 3.792,
        "ndvi_mean": 0.64,
        "land_cover_class": 12,
        "land_cover_name": "Cropland",
        "agriculture_fraction": 0.72,
        "forest_fraction": 0.12,
        "water_fraction": 0.04,
        "source": "Local Government Directory (LGD) / Survey of India / Bharat Maps",
        "source_version": "2024.1",
        "last_updated": "2026-09-25T18:00:00Z",
        "boundary_quality": "DERIVED",
        "boundary_source": "LGD Revenue Village Centroids + Block-Bounded Voronoi Tessellation"
      },
      "geometry": {
        "type": "Polygon",
        "coordinates": [
          [
            [
              86.67321406062513,
              23.783230150393525
            ],
            [
              86.69734020618557,
              23.7841237113402
            ],
            [
              86.69867341040462,
              23.782257225433522
            ],
            [
              86.69868603995991,
              23.781802561443396
            ],
            [
              86.68815678770149,
              23.75827736615423
            ],
            [
              86.67422652942176,
              23.757696938725903
            ],
            [
              86.66620084762366,
              23.77387906221091
            ],
            [
              86.67321406062513,
              23.783230150393525
            ]
          ]
        ]
      }
    },
    {
      "type": "Feature",
      "id": 111893,
      "properties": {
        "id": 172,
        "gp_code": 111893,
        "gp_name": "DHANPUR",
        "block_code": 2359,
        "block_name": "Nirsa",
        "district_code": 336,
        "district_name": "Dhanbad",
        "state_code": 20,
        "state_name": "Jharkhand",
        "area_sq_km": 6.773,
        "centroid_lat": 23.771,
        "centroid_lon": 86.717,
        "elevation_mean": 128.0,
        "elevation_min": 118.5,
        "elevation_max": 143.2,
        "slope_mean": 3.791,
        "ndvi_mean": 0.64,
        "land_cover_class": 12,
        "land_cover_name": "Cropland",
        "agriculture_fraction": 0.72,
        "forest_fraction": 0.12,
        "water_fraction": 0.04,
        "source": "Local Government Directory (LGD) / Survey of India / Bharat Maps",
        "source_version": "2024.1",
        "last_updated": "2026-09-25T18:00:00Z",
        "boundary_quality": "DERIVED",
        "boundary_source": "LGD Revenue Village Centroids + Block-Bounded Voronoi Tessellation"
      },
      "geometry": {
        "type": "Polygon",
        "coordinates": [
          [
            [
              86.72890827265373,
              23.758739482200678
            ],
            [
              86.72857564191533,
              23.757952029840393
            ],
            [
              86.71380723392768,
              23.759182730506026
            ],
            [
              86.69868603995991,
              23.781802561443396
            ],
            [
              86.69867341040462,
              23.782257225433522
            ],
            [
              86.72880158730159,
              23.78351256613757
            ],
            [
              86.73263505384968,
              23.77479330889092
            ],
            [
              86.72890827265373,
              23.758739482200678
            ]
          ]
        ]
      }
    },
    {
      "type": "Feature",
      "id": 111894,
      "properties": {
        "id": 173,
        "gp_code": 111894,
        "gp_name": "DUMARBAHIYAR",
        "block_code": 2359,
        "block_name": "Nirsa",
        "district_code": 336,
        "district_name": "Dhanbad",
        "state_code": 20,
        "state_name": "Jharkhand",
        "area_sq_km": 4.272,
        "centroid_lat": 23.772,
        "centroid_lon": 86.75,
        "elevation_mean": 139.0,
        "elevation_min": 129.5,
        "elevation_max": 154.2,
        "slope_mean": 3.789,
        "ndvi_mean": 0.64,
        "land_cover_class": 12,
        "land_cover_name": "Cropland",
        "agriculture_fraction": 0.72,
        "forest_fraction": 0.12,
        "water_fraction": 0.04,
        "source": "Local Government Directory (LGD) / Survey of India / Bharat Maps",
        "source_version": "2024.1",
        "last_updated": "2026-09-25T18:00:00Z",
        "boundary_quality": "DERIVED",
        "boundary_source": "LGD Revenue Village Centroids + Block-Bounded Voronoi Tessellation"
      },
      "geometry": {
        "type": "Polygon",
        "coordinates": [
          [
            [
              86.73811179577464,
              23.7745088028169
            ],
            [
              86.76304393305438,
              23.782996338912135
            ],
            [
              86.7651498165744,
              23.7828208486188
            ],
            [
              86.76820807583968,
              23.774745365114157
            ],
            [
              86.76813600916267,
              23.773448164928105
            ],
            [
              86.76435258698909,
              23.76043836996555
            ],
            [
              86.75496767241381,
              23.763271551724127
            ],
            [
              86.73811179577464,
              23.7745088028169
            ]
          ]
        ]
      }
    },
    {
      "type": "Feature",
      "id": 111895,
      "properties": {
        "id": 174,
        "gp_code": 111895,
        "gp_name": "GOPALGANJ",
        "block_code": 2359,
        "block_name": "Nirsa",
        "district_code": 336,
        "district_name": "Dhanbad",
        "state_code": 20,
        "state_name": "Jharkhand",
        "area_sq_km": 4.613,
        "centroid_lat": 23.77,
        "centroid_lon": 86.786,
        "elevation_mean": 136.0,
        "elevation_min": 126.5,
        "elevation_max": 151.2,
        "slope_mean": 3.792,
        "ndvi_mean": 0.64,
        "land_cover_class": 12,
        "land_cover_name": "Cropland",
        "agriculture_fraction": 0.72,
        "forest_fraction": 0.12,
        "water_fraction": 0.04,
        "source": "Local Government Directory (LGD) / Survey of India / Bharat Maps",
        "source_version": "2024.1",
        "last_updated": "2026-09-25T18:00:00Z",
        "boundary_quality": "DERIVED",
        "boundary_source": "LGD Revenue Village Centroids + Block-Bounded Voronoi Tessellation"
      },
      "geometry": {
        "type": "Polygon",
        "coordinates": [
          [
            [
              86.80115270867886,
              23.779956200938837
            ],
            [
              86.80440334369982,
              23.77328300842245
            ],
            [
              86.80162927669996,
              23.758630386529166
            ],
            [
              86.80149219736663,
              23.758624674890278
            ],
            [
              86.76813600916267,
              23.773448164928105
            ],
            [
              86.76820807583968,
              23.774745365114157
            ],
            [
              86.80115270867886,
              23.779956200938837
            ]
          ]
        ]
      }
    },
    {
      "type": "Feature",
      "id": 111896,
      "properties": {
        "id": 175,
        "gp_code": 111896,
        "gp_name": "JAMBURIA",
        "block_code": 2359,
        "block_name": "Nirsa",
        "district_code": 336,
        "district_name": "Dhanbad",
        "state_code": 20,
        "state_name": "Jharkhand",
        "area_sq_km": 6.871,
        "centroid_lat": 23.796,
        "centroid_lon": 86.647,
        "elevation_mean": 169.0,
        "elevation_min": 159.7,
        "elevation_max": 183.9,
        "slope_mean": 3.719,
        "ndvi_mean": 0.64,
        "land_cover_class": 12,
        "land_cover_name": "Cropland",
        "agriculture_fraction": 0.72,
        "forest_fraction": 0.12,
        "water_fraction": 0.04,
        "source": "Local Government Directory (LGD) / Survey of India / Bharat Maps",
        "source_version": "2024.1",
        "last_updated": "2026-09-25T18:00:00Z",
        "boundary_quality": "DERIVED",
        "boundary_source": "LGD Revenue Village Centroids + Block-Bounded Voronoi Tessellation"
      },
      "geometry": {
        "type": "Polygon",
        "coordinates": [
          [
            [
              86.62664447199973,
              23.807066584000843
            ],
            [
              86.62669426695946,
              23.807174761123306
            ],
            [
              86.66313051702396,
              23.808692938209337
            ],
            [
              86.66324775306082,
              23.80482414899313
            ],
            [
              86.6466663448233,
              23.783944471264725
            ],
            [
              86.634,
              23.785000000000004
            ],
            [
              86.62664447199973,
              23.807066584000843
            ]
          ]
        ]
      }
    },
    {
      "type": "Feature",
      "id": 111897,
      "properties": {
        "id": 176,
        "gp_code": 111897,
        "gp_name": "JHINKIPAHARI",
        "block_code": 2359,
        "block_name": "Nirsa",
        "district_code": 336,
        "district_name": "Dhanbad",
        "state_code": 20,
        "state_name": "Jharkhand",
        "area_sq_km": 8.762,
        "centroid_lat": 23.797,
        "centroid_lon": 86.68,
        "elevation_mean": 159.0,
        "elevation_min": 149.7,
        "elevation_max": 173.9,
        "slope_mean": 3.714,
        "ndvi_mean": 0.64,
        "land_cover_class": 12,
        "land_cover_name": "Cropland",
        "agriculture_fraction": 0.72,
        "forest_fraction": 0.12,
        "water_fraction": 0.04,
        "source": "Local Government Directory (LGD) / Survey of India / Bharat Maps",
        "source_version": "2024.1",
        "last_updated": "2026-09-25T18:00:00Z",
        "boundary_quality": "DERIVED",
        "boundary_source": "LGD Revenue Village Centroids + Block-Bounded Voronoi Tessellation"
      },
      "geometry": {
        "type": "Polygon",
        "coordinates": [
          [
            [
              86.66313051702396,
              23.808692938209337
            ],
            [
              86.6642807424594,
              23.810393271461717
            ],
            [
              86.69864055299539,
              23.807529953917054
            ],
            [
              86.69734020618557,
              23.7841237113402
            ],
            [
              86.67321406062513,
              23.783230150393525
            ],
            [
              86.66324775306082,
              23.80482414899313
            ],
            [
              86.66313051702396,
              23.808692938209337
            ]
          ]
        ]
      }
    },
    {
      "type": "Feature",
      "id": 111898,
      "properties": {
        "id": 177,
        "gp_code": 111898,
        "gp_name": "KANCHANDIH",
        "block_code": 2359,
        "block_name": "Nirsa",
        "district_code": 336,
        "district_name": "Dhanbad",
        "state_code": 20,
        "state_name": "Jharkhand",
        "area_sq_km": 9.496,
        "centroid_lat": 23.795,
        "centroid_lon": 86.716,
        "elevation_mean": 140.0,
        "elevation_min": 130.7,
        "elevation_max": 154.9,
        "slope_mean": 3.723,
        "ndvi_mean": 0.64,
        "land_cover_class": 12,
        "land_cover_name": "Cropland",
        "agriculture_fraction": 0.72,
        "forest_fraction": 0.12,
        "water_fraction": 0.04,
        "source": "Local Government Directory (LGD) / Survey of India / Bharat Maps",
        "source_version": "2024.1",
        "last_updated": "2026-09-25T18:00:00Z",
        "boundary_quality": "DERIVED",
        "boundary_source": "LGD Revenue Village Centroids + Block-Bounded Voronoi Tessellation"
      },
      "geometry": {
        "type": "Polygon",
        "coordinates": [
          [
            [
              86.69734020618557,
              23.7841237113402
            ],
            [
              86.69864055299539,
              23.807529953917054
            ],
            [
              86.69891255605381,
              23.80788565022422
            ],
            [
              86.72849056603773,
              23.808981132075466
            ],
            [
              86.73328522099447,
              23.79546892265194
            ],
            [
              86.72880158730159,
              23.78351256613757
            ],
            [
              86.69867341040462,
              23.782257225433522
            ],
            [
              86.69734020618557,
              23.7841237113402
            ]
          ]
        ]
      }
    },
    {
      "type": "Feature",
      "id": 111899,
      "properties": {
        "id": 178,
        "gp_code": 111899,
        "gp_name": "KESHARDHI",
        "block_code": 2359,
        "block_name": "Nirsa",
        "district_code": 336,
        "district_name": "Dhanbad",
        "state_code": 20,
        "state_name": "Jharkhand",
        "area_sq_km": 4.618,
        "centroid_lat": 23.796,
        "centroid_lon": 86.752,
        "elevation_mean": 163.0,
        "elevation_min": 153.7,
        "elevation_max": 177.9,
        "slope_mean": 3.719,
        "ndvi_mean": 0.64,
        "land_cover_class": 12,
        "land_cover_name": "Cropland",
        "agriculture_fraction": 0.72,
        "forest_fraction": 0.12,
        "water_fraction": 0.04,
        "source": "Local Government Directory (LGD) / Survey of India / Bharat Maps",
        "source_version": "2024.1",
        "last_updated": "2026-09-25T18:00:00Z",
        "boundary_quality": "DERIVED",
        "boundary_source": "LGD Revenue Village Centroids + Block-Bounded Voronoi Tessellation"
      },
      "geometry": {
        "type": "Polygon",
        "coordinates": [
          [
            [
              86.76427899577729,
              23.80838949788864
            ],
            [
              86.76848332014981,
              23.797050435055937
            ],
            [
              86.76861863533804,
              23.792585033844443
            ],
            [
              86.7651498165744,
              23.7828208486188
            ],
            [
              86.76304393305438,
              23.782996338912135
            ],
            [
              86.73801288659793,
              23.79525644329897
            ],
            [
              86.76427899577729,
              23.80838949788864
            ]
          ]
        ]
      }
    },
    {
      "type": "Feature",
      "id": 111900,
      "properties": {
        "id": 179,
        "gp_code": 111900,
        "gp_name": "MARMA",
        "block_code": 2359,
        "block_name": "Nirsa",
        "district_code": 336,
        "district_name": "Dhanbad",
        "state_code": 20,
        "state_name": "Jharkhand",
        "area_sq_km": 4.888,
        "centroid_lat": 23.797,
        "centroid_lon": 86.785,
        "elevation_mean": 145.0,
        "elevation_min": 135.7,
        "elevation_max": 159.9,
        "slope_mean": 3.714,
        "ndvi_mean": 0.64,
        "land_cover_class": 12,
        "land_cover_name": "Cropland",
        "agriculture_fraction": 0.72,
        "forest_fraction": 0.12,
        "water_fraction": 0.04,
        "source": "Local Government Directory (LGD) / Survey of India / Bharat Maps",
        "source_version": "2024.1",
        "last_updated": "2026-09-25T18:00:00Z",
        "boundary_quality": "DERIVED",
        "boundary_source": "LGD Revenue Village Centroids + Block-Bounded Voronoi Tessellation"
      },
      "geometry": {
        "type": "Polygon",
        "coordinates": [
          [
            [
              86.8070236995229,
              23.80724802503975
            ],
            [
              86.80088970708,
              23.78907341436427
            ],
            [
              86.76861863533804,
              23.792585033844443
            ],
            [
              86.76848332014981,
              23.797050435055937
            ],
            [
              86.80066818677494,
              23.807777651102086
            ],
            [
              86.8070236995229,
              23.80724802503975
            ]
          ]
        ]
      }
    },
    {
      "type": "Feature",
      "id": 111901,
      "properties": {
        "id": 180,
        "gp_code": 111901,
        "gp_name": "MANDWAL",
        "block_code": 2359,
        "block_name": "Nirsa",
        "district_code": 336,
        "district_name": "Dhanbad",
        "state_code": 20,
        "state_name": "Jharkhand",
        "area_sq_km": 10.96,
        "centroid_lat": 23.82,
        "centroid_lon": 86.646,
        "elevation_mean": 157.0,
        "elevation_min": 148.0,
        "elevation_max": 171.3,
        "slope_mean": 3.585,
        "ndvi_mean": 0.64,
        "land_cover_class": 12,
        "land_cover_name": "Cropland",
        "agriculture_fraction": 0.72,
        "forest_fraction": 0.12,
        "water_fraction": 0.04,
        "source": "Local Government Directory (LGD) / Survey of India / Bharat Maps",
        "source_version": "2024.1",
        "last_updated": "2026-09-25T18:00:00Z",
        "boundary_quality": "DERIVED",
        "boundary_source": "LGD Revenue Village Centroids + Block-Bounded Voronoi Tessellation"
      },
      "geometry": {
        "type": "Polygon",
        "coordinates": [
          [
            [
              86.62749999313887,
              23.832833333079215
            ],
            [
              86.66234020618556,
              23.83412371134021
            ],
            [
              86.66367341040463,
              23.832257225433523
            ],
            [
              86.6642807424594,
              23.810393271461717
            ],
            [
              86.66313051702396,
              23.808692938209337
            ],
            [
              86.62669426695946,
              23.807174761123306
            ],
            [
              86.62472214769512,
              23.8245
            ],
            [
              86.62749999313887,
              23.832833333079215
            ]
          ]
        ]
      }
    },
    {
      "type": "Feature",
      "id": 111902,
      "properties": {
        "id": 181,
        "gp_code": 111902,
        "gp_name": "NIRSA",
        "block_code": 2359,
        "block_name": "Nirsa",
        "district_code": 336,
        "district_name": "Dhanbad",
        "state_code": 20,
        "state_name": "Jharkhand",
        "area_sq_km": 9.354,
        "centroid_lat": 23.821,
        "centroid_lon": 86.682,
        "elevation_mean": 162.0,
        "elevation_min": 153.1,
        "elevation_max": 176.3,
        "slope_mean": 3.578,
        "ndvi_mean": 0.64,
        "land_cover_class": 12,
        "land_cover_name": "Cropland",
        "agriculture_fraction": 0.72,
        "forest_fraction": 0.12,
        "water_fraction": 0.04,
        "source": "Local Government Directory (LGD) / Survey of India / Bharat Maps",
        "source_version": "2024.1",
        "last_updated": "2026-09-25T18:00:00Z",
        "boundary_quality": "OFFICIAL",
        "boundary_source": "Survey of India / Bharat Maps Gazetted Boundary"
      },
      "geometry": {
        "type": "Polygon",
        "coordinates": [
          [
            [
              86.6642807424594,
              23.810393271461717
            ],
            [
              86.66367341040463,
              23.832257225433523
            ],
            [
              86.69813051702397,
              23.833692938209335
            ],
            [
              86.69891255605381,
              23.80788565022422
            ],
            [
              86.69864055299539,
              23.807529953917054
            ],
            [
              86.6642807424594,
              23.810393271461717
            ]
          ]
        ]
      }
    },
    {
      "type": "Feature",
      "id": 111903,
      "properties": {
        "id": 182,
        "gp_code": 111903,
        "gp_name": "PALASHIA",
        "block_code": 2359,
        "block_name": "Nirsa",
        "district_code": 336,
        "district_name": "Dhanbad",
        "state_code": 20,
        "state_name": "Jharkhand",
        "area_sq_km": 9.728,
        "centroid_lat": 23.822,
        "centroid_lon": 86.715,
        "elevation_mean": 155.0,
        "elevation_min": 146.1,
        "elevation_max": 169.3,
        "slope_mean": 3.571,
        "ndvi_mean": 0.64,
        "land_cover_class": 12,
        "land_cover_name": "Cropland",
        "agriculture_fraction": 0.72,
        "forest_fraction": 0.12,
        "water_fraction": 0.04,
        "source": "Local Government Directory (LGD) / Survey of India / Bharat Maps",
        "source_version": "2024.1",
        "last_updated": "2026-09-25T18:00:00Z",
        "boundary_quality": "DERIVED",
        "boundary_source": "LGD Revenue Village Centroids + Block-Bounded Voronoi Tessellation"
      },
      "geometry": {
        "type": "Polygon",
        "coordinates": [
          [
            [
              86.69813051702397,
              23.833692938209335
            ],
            [
              86.6992807424594,
              23.835393271461715
            ],
            [
              86.7336405529954,
              23.832529953917053
            ],
            [
              86.73281250000001,
              23.817625000000007
            ],
            [
              86.72849056603773,
              23.808981132075466
            ],
            [
              86.69891255605381,
              23.80788565022422
            ],
            [
              86.69813051702397,
              23.833692938209335
            ]
          ]
        ]
      }
    },
    {
      "type": "Feature",
      "id": 111904,
      "properties": {
        "id": 183,
        "gp_code": 111904,
        "gp_name": "PANRRA",
        "block_code": 2359,
        "block_name": "Nirsa",
        "district_code": 336,
        "district_name": "Dhanbad",
        "state_code": 20,
        "state_name": "Jharkhand",
        "area_sq_km": 8.158,
        "centroid_lat": 23.82,
        "centroid_lon": 86.751,
        "elevation_mean": 189.0,
        "elevation_min": 180.0,
        "elevation_max": 203.3,
        "slope_mean": 3.585,
        "ndvi_mean": 0.64,
        "land_cover_class": 12,
        "land_cover_name": "Cropland",
        "agriculture_fraction": 0.72,
        "forest_fraction": 0.12,
        "water_fraction": 0.04,
        "source": "Local Government Directory (LGD) / Survey of India / Bharat Maps",
        "source_version": "2024.1",
        "last_updated": "2026-09-25T18:00:00Z",
        "boundary_quality": "DERIVED",
        "boundary_source": "LGD Revenue Village Centroids + Block-Bounded Voronoi Tessellation"
      },
      "geometry": {
        "type": "Polygon",
        "coordinates": [
          [
            [
              86.73391255605381,
              23.832885650224213
            ],
            [
              86.76862024665982,
              23.834171120246666
            ],
            [
              86.76901850221591,
              23.81983392022733
            ],
            [
              86.76427186763355,
              23.80863660924755
            ],
            [
              86.73281250000001,
              23.817625000000007
            ],
            [
              86.7336405529954,
              23.832529953917053
            ],
            [
              86.73391255605381,
              23.832885650224213
            ]
          ]
        ]
      }
    },
    {
      "type": "Feature",
      "id": 111905,
      "properties": {
        "id": 184,
        "gp_code": 111905,
        "gp_name": "PANCHAGARH",
        "block_code": 2359,
        "block_name": "Nirsa",
        "district_code": 336,
        "district_name": "Dhanbad",
        "state_code": 20,
        "state_name": "Jharkhand",
        "area_sq_km": 109.085,
        "centroid_lat": 23.821,
        "centroid_lon": 86.787,
        "elevation_mean": 157.0,
        "elevation_min": 148.1,
        "elevation_max": 171.3,
        "slope_mean": 3.578,
        "ndvi_mean": 0.64,
        "land_cover_class": 12,
        "land_cover_name": "Cropland",
        "agriculture_fraction": 0.72,
        "forest_fraction": 0.12,
        "water_fraction": 0.04,
        "source": "Local Government Directory (LGD) / Survey of India / Bharat Maps",
        "source_version": "2024.1",
        "last_updated": "2026-09-25T18:00:00Z",
        "boundary_quality": "DERIVED",
        "boundary_source": "LGD Revenue Village Centroids + Block-Bounded Voronoi Tessellation"
      },
      "geometry": {
        "type": "Polygon",
        "coordinates": [
          [
            [
              86.83991335888399,
              23.836482966791824
            ],
            [
              86.8070236995229,
              23.80724802503975
            ],
            [
              86.80066818677494,
              23.807777651102086
            ],
            [
              86.76901850221591,
              23.81983392022733
            ],
            [
              86.76862024665982,
              23.834171120246666
            ],
            [
              86.87968946266571,
              23.992231158408917
            ],
            [
              86.897,
              24.002709940652824
            ],
            [
              86.897,
              23.942227348993278
            ],
            [
              86.83991335888399,
              23.836482966791824
            ]
          ]
        ]
      }
    },
    {
      "type": "Feature",
      "id": 111906,
      "properties": {
        "id": 185,
        "gp_code": 111906,
        "gp_name": "PIRGANJ",
        "block_code": 2359,
        "block_name": "Nirsa",
        "district_code": 336,
        "district_name": "Dhanbad",
        "state_code": 20,
        "state_name": "Jharkhand",
        "area_sq_km": 21.882,
        "centroid_lat": 23.847,
        "centroid_lon": 86.645,
        "elevation_mean": 178.0,
        "elevation_min": 169.6,
        "elevation_max": 191.5,
        "slope_mean": 3.365,
        "ndvi_mean": 0.64,
        "land_cover_class": 12,
        "land_cover_name": "Cropland",
        "agriculture_fraction": 0.72,
        "forest_fraction": 0.12,
        "water_fraction": 0.04,
        "source": "Local Government Directory (LGD) / Survey of India / Bharat Maps",
        "source_version": "2024.1",
        "last_updated": "2026-09-25T18:00:00Z",
        "boundary_quality": "DERIVED",
        "boundary_source": "LGD Revenue Village Centroids + Block-Bounded Voronoi Tessellation"
      },
      "geometry": {
        "type": "Polygon",
        "coordinates": [
          [
            [
              86.6241666875,
              23.842833499999998
            ],
            [
              86.6264583125,
              23.8611665
            ],
            [
              86.6371527013875,
              23.8795
            ],
            [
              86.65486555097235,
              23.89650419956785
            ],
            [
              86.6655421686747,
              23.891759036144578
            ],
            [
              86.66234020618556,
              23.83412371134021
            ],
            [
              86.62749999313887,
              23.832833333079215
            ],
            [
              86.6241666875,
              23.842833499999998
            ]
          ]
        ]
      }
    },
    {
      "type": "Feature",
      "id": 111907,
      "properties": {
        "id": 186,
        "gp_code": 111907,
        "gp_name": "PITHAKEDARI",
        "block_code": 2359,
        "block_name": "Nirsa",
        "district_code": 336,
        "district_name": "Dhanbad",
        "state_code": 20,
        "state_name": "Jharkhand",
        "area_sq_km": 22.664,
        "centroid_lat": 23.845,
        "centroid_lon": 86.681,
        "elevation_mean": 182.0,
        "elevation_min": 173.5,
        "elevation_max": 195.5,
        "slope_mean": 3.384,
        "ndvi_mean": 0.64,
        "land_cover_class": 12,
        "land_cover_name": "Cropland",
        "agriculture_fraction": 0.72,
        "forest_fraction": 0.12,
        "water_fraction": 0.04,
        "source": "Local Government Directory (LGD) / Survey of India / Bharat Maps",
        "source_version": "2024.1",
        "last_updated": "2026-09-25T18:00:00Z",
        "boundary_quality": "DERIVED",
        "boundary_source": "LGD Revenue Village Centroids + Block-Bounded Voronoi Tessellation"
      },
      "geometry": {
        "type": "Polygon",
        "coordinates": [
          [
            [
              86.66234020618556,
              23.83412371134021
            ],
            [
              86.6655421686747,
              23.891759036144578
            ],
            [
              86.69775392986699,
              23.89035852478839
            ],
            [
              86.6992807424594,
              23.835393271461715
            ],
            [
              86.69813051702397,
              23.833692938209335
            ],
            [
              86.66367341040463,
              23.832257225433523
            ],
            [
              86.66234020618556,
              23.83412371134021
            ]
          ]
        ]
      }
    },
    {
      "type": "Feature",
      "id": 111908,
      "properties": {
        "id": 187,
        "gp_code": 111908,
        "gp_name": "RAMKANALI",
        "block_code": 2359,
        "block_name": "Nirsa",
        "district_code": 336,
        "district_name": "Dhanbad",
        "state_code": 20,
        "state_name": "Jharkhand",
        "area_sq_km": 24.253,
        "centroid_lat": 23.846,
        "centroid_lon": 86.717,
        "elevation_mean": 158.0,
        "elevation_min": 149.6,
        "elevation_max": 171.5,
        "slope_mean": 3.375,
        "ndvi_mean": 0.64,
        "land_cover_class": 12,
        "land_cover_name": "Cropland",
        "agriculture_fraction": 0.72,
        "forest_fraction": 0.12,
        "water_fraction": 0.04,
        "source": "Local Government Directory (LGD) / Survey of India / Bharat Maps",
        "source_version": "2024.1",
        "last_updated": "2026-09-25T18:00:00Z",
        "boundary_quality": "DERIVED",
        "boundary_source": "LGD Revenue Village Centroids + Block-Bounded Voronoi Tessellation"
      },
      "geometry": {
        "type": "Polygon",
        "coordinates": [
          [
            [
              86.69775392986699,
              23.89035852478839
            ],
            [
              86.73180807248764,
              23.902333607907742
            ],
            [
              86.73391255605381,
              23.832885650224213
            ],
            [
              86.7336405529954,
              23.832529953917053
            ],
            [
              86.6992807424594,
              23.835393271461715
            ],
            [
              86.69775392986699,
              23.89035852478839
            ]
          ]
        ]
      }
    },
    {
      "type": "Feature",
      "id": 111909,
      "properties": {
        "id": 188,
        "gp_code": 111909,
        "gp_name": "UDAYPUR",
        "block_code": 2359,
        "block_name": "Nirsa",
        "district_code": 336,
        "district_name": "Dhanbad",
        "state_code": 20,
        "state_name": "Jharkhand",
        "area_sq_km": 97.035,
        "centroid_lat": 23.847,
        "centroid_lon": 86.75,
        "elevation_mean": 163.0,
        "elevation_min": 154.6,
        "elevation_max": 176.5,
        "slope_mean": 3.365,
        "ndvi_mean": 0.64,
        "land_cover_class": 12,
        "land_cover_name": "Cropland",
        "agriculture_fraction": 0.72,
        "forest_fraction": 0.12,
        "water_fraction": 0.04,
        "source": "Local Government Directory (LGD) / Survey of India / Bharat Maps",
        "source_version": "2024.1",
        "last_updated": "2026-09-25T18:00:00Z",
        "boundary_quality": "DERIVED",
        "boundary_source": "LGD Revenue Village Centroids + Block-Bounded Voronoi Tessellation"
      },
      "geometry": {
        "type": "Polygon",
        "coordinates": [
          [
            [
              86.81615384615385,
              23.963250000000002
            ],
            [
              86.87968946266571,
              23.992231158408917
            ],
            [
              86.76862024665982,
              23.834171120246666
            ],
            [
              86.73391255605381,
              23.832885650224213
            ],
            [
              86.73180807248764,
              23.902333607907742
            ],
            [
              86.81615384615385,
              23.963250000000002
            ]
          ]
        ]
      }
    },
    {
      "type": "Feature",
      "id": 111910,
      "properties": {
        "id": 189,
        "gp_code": 111910,
        "gp_name": "BAGHMUNDI",
        "block_code": 2360,
        "block_name": "Purvi Tundi",
        "district_code": 336,
        "district_name": "Dhanbad",
        "state_code": 20,
        "state_name": "Jharkhand",
        "area_sq_km": 22.813,
        "centroid_lat": 23.935,
        "centroid_lon": 86.546,
        "elevation_mean": 274.0,
        "elevation_min": 259.2,
        "elevation_max": 297.7,
        "slope_mean": 5.923,
        "ndvi_mean": 0.64,
        "land_cover_class": 12,
        "land_cover_name": "Cropland",
        "agriculture_fraction": 0.72,
        "forest_fraction": 0.12,
        "water_fraction": 0.04,
        "source": "Local Government Directory (LGD) / Survey of India / Bharat Maps",
        "source_version": "2024.1",
        "last_updated": "2026-09-25T18:00:00Z",
        "boundary_quality": "DERIVED",
        "boundary_source": "LGD Revenue Village Centroids + Block-Bounded Voronoi Tessellation"
      },
      "geometry": {
        "type": "Polygon",
        "coordinates": [
          [
            [
              86.58113732394366,
              23.96125
            ],
            [
              86.58165990853699,
              23.92414649387395
            ],
            [
              86.5563526789816,
              23.909175914625834
            ],
            [
              86.54575420162463,
              23.910491596750713
            ],
            [
              86.52869464830815,
              23.94461070338372
            ],
            [
              86.55438309502631,
              23.96125
            ],
            [
              86.58113732394366,
              23.96125
            ]
          ]
        ]
      }
    },
    {
      "type": "Feature",
      "id": 111911,
      "properties": {
        "id": 190,
        "gp_code": 111911,
        "gp_name": "BARADAHA",
        "block_code": 2360,
        "block_name": "Purvi Tundi",
        "district_code": 336,
        "district_name": "Dhanbad",
        "state_code": 20,
        "state_name": "Jharkhand",
        "area_sq_km": 40.037,
        "centroid_lat": 23.936,
        "centroid_lon": 86.617,
        "elevation_mean": 181.0,
        "elevation_min": 165.4,
        "elevation_max": 206.0,
        "slope_mean": 6.257,
        "ndvi_mean": 0.64,
        "land_cover_class": 12,
        "land_cover_name": "Cropland",
        "agriculture_fraction": 0.72,
        "forest_fraction": 0.12,
        "water_fraction": 0.04,
        "source": "Local Government Directory (LGD) / Survey of India / Bharat Maps",
        "source_version": "2024.1",
        "last_updated": "2026-09-25T18:00:00Z",
        "boundary_quality": "DERIVED",
        "boundary_source": "LGD Revenue Village Centroids + Block-Bounded Voronoi Tessellation"
      },
      "geometry": {
        "type": "Polygon",
        "coordinates": [
          [
            [
              86.58186267605635,
              23.962249999999997
            ],
            [
              86.65062132352942,
              23.962249999999997
            ],
            [
              86.65150640886375,
              23.902064197264803
            ],
            [
              86.58853672728013,
              23.918028454315987
            ],
            [
              86.58165990853699,
              23.92414649387395
            ],
            [
              86.58113732394366,
              23.96125
            ],
            [
              86.58186267605635,
              23.962249999999997
            ]
          ]
        ]
      }
    },
    {
      "type": "Feature",
      "id": 111912,
      "properties": {
        "id": 191,
        "gp_code": 111912,
        "gp_name": "CHURULIA",
        "block_code": 2360,
        "block_name": "Purvi Tundi",
        "district_code": 336,
        "district_name": "Dhanbad",
        "state_code": 20,
        "state_name": "Jharkhand",
        "area_sq_km": 91.874,
        "centroid_lat": 23.937,
        "centroid_lon": 86.685,
        "elevation_mean": 180.0,
        "elevation_min": 163.9,
        "elevation_max": 205.7,
        "slope_mean": 6.42,
        "ndvi_mean": 0.64,
        "land_cover_class": 12,
        "land_cover_name": "Cropland",
        "agriculture_fraction": 0.72,
        "forest_fraction": 0.12,
        "water_fraction": 0.04,
        "source": "Local Government Directory (LGD) / Survey of India / Bharat Maps",
        "source_version": "2024.1",
        "last_updated": "2026-09-25T18:00:00Z",
        "boundary_quality": "DERIVED",
        "boundary_source": "LGD Revenue Village Centroids + Block-Bounded Voronoi Tessellation"
      },
      "geometry": {
        "type": "Polygon",
        "coordinates": [
          [
            [
              86.65150640886375,
              23.902064197264803
            ],
            [
              86.65062132352942,
              23.962249999999997
            ],
            [
              86.65137867647059,
              23.963250000000002
            ],
            [
              86.81615384615385,
              23.963250000000002
            ],
            [
              86.73180807248764,
              23.902333607907742
            ],
            [
              86.69775392986699,
              23.89035852478839
            ],
            [
              86.6655421686747,
              23.891759036144578
            ],
            [
              86.65486555097235,
              23.89650419956785
            ],
            [
              86.65150640886375,
              23.902064197264803
            ]
          ]
        ]
      }
    },
    {
      "type": "Feature",
      "id": 111913,
      "properties": {
        "id": 192,
        "gp_code": 111913,
        "gp_name": "JAMDIHA",
        "block_code": 2360,
        "block_name": "Purvi Tundi",
        "district_code": 336,
        "district_name": "Dhanbad",
        "state_code": 20,
        "state_name": "Jharkhand",
        "area_sq_km": 25.065,
        "centroid_lat": 23.9875,
        "centroid_lon": 86.546,
        "elevation_mean": 179.0,
        "elevation_min": 162.1,
        "elevation_max": 206.1,
        "slope_mean": 6.778,
        "ndvi_mean": 0.64,
        "land_cover_class": 12,
        "land_cover_name": "Cropland",
        "agriculture_fraction": 0.72,
        "forest_fraction": 0.12,
        "water_fraction": 0.04,
        "source": "Local Government Directory (LGD) / Survey of India / Bharat Maps",
        "source_version": "2024.1",
        "last_updated": "2026-09-25T18:00:00Z",
        "boundary_quality": "DERIVED",
        "boundary_source": "LGD Revenue Village Centroids + Block-Bounded Voronoi Tessellation"
      },
      "geometry": {
        "type": "Polygon",
        "coordinates": [
          [
            [
              86.55438309502631,
              23.96125
            ],
            [
              86.5266060847395,
              23.984030817345783
            ],
            [
              86.54948560978572,
              24.01375
            ],
            [
              86.58113732394366,
              24.01375
            ],
            [
              86.58186267605635,
              23.962249999999997
            ],
            [
              86.58113732394366,
              23.96125
            ],
            [
              86.55438309502631,
              23.96125
            ]
          ]
        ]
      }
    },
    {
      "type": "Feature",
      "id": 111914,
      "properties": {
        "id": 193,
        "gp_code": 111914,
        "gp_name": "LADAHARI",
        "block_code": 2360,
        "block_name": "Purvi Tundi",
        "district_code": 336,
        "district_name": "Dhanbad",
        "state_code": 20,
        "state_name": "Jharkhand",
        "area_sq_km": 41.093,
        "centroid_lat": 23.9885,
        "centroid_lon": 86.617,
        "elevation_mean": 201.0,
        "elevation_min": 183.2,
        "elevation_max": 229.4,
        "slope_mean": 7.102,
        "ndvi_mean": 0.64,
        "land_cover_class": 12,
        "land_cover_name": "Cropland",
        "agriculture_fraction": 0.72,
        "forest_fraction": 0.12,
        "water_fraction": 0.04,
        "source": "Local Government Directory (LGD) / Survey of India / Bharat Maps",
        "source_version": "2024.1",
        "last_updated": "2026-09-25T18:00:00Z",
        "boundary_quality": "DERIVED",
        "boundary_source": "LGD Revenue Village Centroids + Block-Bounded Voronoi Tessellation"
      },
      "geometry": {
        "type": "Polygon",
        "coordinates": [
          [
            [
              86.58113732394366,
              24.01375
            ],
            [
              86.58186267605635,
              24.01475
            ],
            [
              86.65062132352942,
              24.01475
            ],
            [
              86.65137867647059,
              23.963250000000002
            ],
            [
              86.65062132352942,
              23.962249999999997
            ],
            [
              86.58186267605635,
              23.962249999999997
            ],
            [
              86.58113732394366,
              24.01375
            ]
          ]
        ]
      }
    },
    {
      "type": "Feature",
      "id": 111915,
      "properties": {
        "id": 194,
        "gp_code": 111915,
        "gp_name": "MOHLIDIH",
        "block_code": 2360,
        "block_name": "Purvi Tundi",
        "district_code": 336,
        "district_name": "Dhanbad",
        "state_code": 20,
        "state_name": "Jharkhand",
        "area_sq_km": 128.467,
        "centroid_lat": 23.9895,
        "centroid_lon": 86.685,
        "elevation_mean": 201.0,
        "elevation_min": 182.9,
        "elevation_max": 230.0,
        "slope_mean": 7.255,
        "ndvi_mean": 0.64,
        "land_cover_class": 12,
        "land_cover_name": "Cropland",
        "agriculture_fraction": 0.72,
        "forest_fraction": 0.12,
        "water_fraction": 0.04,
        "source": "Local Government Directory (LGD) / Survey of India / Bharat Maps",
        "source_version": "2024.1",
        "last_updated": "2026-09-25T18:00:00Z",
        "boundary_quality": "DERIVED",
        "boundary_source": "LGD Revenue Village Centroids + Block-Bounded Voronoi Tessellation"
      },
      "geometry": {
        "type": "Polygon",
        "coordinates": [
          [
            [
              86.65137867647059,
              24.01575
            ],
            [
              86.897,
              24.01575
            ],
            [
              86.897,
              24.002709940652824
            ],
            [
              86.87968946266571,
              23.992231158408917
            ],
            [
              86.81615384615385,
              23.963250000000002
            ],
            [
              86.65137867647059,
              23.963250000000002
            ],
            [
              86.65062132352942,
              24.01475
            ],
            [
              86.65137867647059,
              24.01575
            ]
          ]
        ]
      }
    },
    {
      "type": "Feature",
      "id": 111916,
      "properties": {
        "id": 195,
        "gp_code": 111916,
        "gp_name": "PANDRA",
        "block_code": 2360,
        "block_name": "Purvi Tundi",
        "district_code": 336,
        "district_name": "Dhanbad",
        "state_code": 20,
        "state_name": "Jharkhand",
        "area_sq_km": 58.614,
        "centroid_lat": 24.04,
        "centroid_lon": 86.546,
        "elevation_mean": 246.0,
        "elevation_min": 228.4,
        "elevation_max": 274.1,
        "slope_mean": 7.029,
        "ndvi_mean": 0.64,
        "land_cover_class": 12,
        "land_cover_name": "Cropland",
        "agriculture_fraction": 0.72,
        "forest_fraction": 0.12,
        "water_fraction": 0.04,
        "source": "Local Government Directory (LGD) / Survey of India / Bharat Maps",
        "source_version": "2024.1",
        "last_updated": "2026-09-25T18:00:00Z",
        "boundary_quality": "DERIVED",
        "boundary_source": "LGD Revenue Village Centroids + Block-Bounded Voronoi Tessellation"
      },
      "geometry": {
        "type": "Polygon",
        "coordinates": [
          [
            [
              86.58186267605635,
              24.01475
            ],
            [
              86.58113732394366,
              24.01375
            ],
            [
              86.54948560978572,
              24.01375
            ],
            [
              86.5001858833602,
              24.04224459871015
            ],
            [
              86.486723745681,
              24.06712573603813
            ],
            [
              86.48684873949581,
              24.082
            ],
            [
              86.58091549295776,
              24.082
            ],
            [
              86.58186267605635,
              24.01475
            ]
          ]
        ]
      }
    },
    {
      "type": "Feature",
      "id": 111917,
      "properties": {
        "id": 196,
        "gp_code": 111917,
        "gp_name": "PURVI TUNDI",
        "block_code": 2360,
        "block_name": "Purvi Tundi",
        "district_code": 336,
        "district_name": "Dhanbad",
        "state_code": 20,
        "state_name": "Jharkhand",
        "area_sq_km": 52.617,
        "centroid_lat": 24.041,
        "centroid_lon": 86.617,
        "elevation_mean": 240.0,
        "elevation_min": 221.7,
        "elevation_max": 269.4,
        "slope_mean": 7.34,
        "ndvi_mean": 0.64,
        "land_cover_class": 12,
        "land_cover_name": "Cropland",
        "agriculture_fraction": 0.72,
        "forest_fraction": 0.12,
        "water_fraction": 0.04,
        "source": "Local Government Directory (LGD) / Survey of India / Bharat Maps",
        "source_version": "2024.1",
        "last_updated": "2026-09-25T18:00:00Z",
        "boundary_quality": "DERIVED",
        "boundary_source": "LGD Revenue Village Centroids + Block-Bounded Voronoi Tessellation"
      },
      "geometry": {
        "type": "Polygon",
        "coordinates": [
          [
            [
              86.65137867647059,
              24.01575
            ],
            [
              86.65062132352942,
              24.01475
            ],
            [
              86.58186267605635,
              24.01475
            ],
            [
              86.58091549295776,
              24.082
            ],
            [
              86.6504044117647,
              24.082
            ],
            [
              86.65137867647059,
              24.01575
            ]
          ]
        ]
      }
    },
    {
      "type": "Feature",
      "id": 111918,
      "properties": {
        "id": 197,
        "gp_code": 111918,
        "gp_name": "RAGHUNATHPUR",
        "block_code": 2360,
        "block_name": "Purvi Tundi",
        "district_code": 336,
        "district_name": "Dhanbad",
        "state_code": 20,
        "state_name": "Jharkhand",
        "area_sq_km": 183.54,
        "centroid_lat": 24.042,
        "centroid_lon": 86.685,
        "elevation_mean": 210.0,
        "elevation_min": 191.3,
        "elevation_max": 239.9,
        "slope_mean": 7.48,
        "ndvi_mean": 0.64,
        "land_cover_class": 12,
        "land_cover_name": "Cropland",
        "agriculture_fraction": 0.72,
        "forest_fraction": 0.12,
        "water_fraction": 0.04,
        "source": "Local Government Directory (LGD) / Survey of India / Bharat Maps",
        "source_version": "2024.1",
        "last_updated": "2026-09-25T18:00:00Z",
        "boundary_quality": "DERIVED",
        "boundary_source": "LGD Revenue Village Centroids + Block-Bounded Voronoi Tessellation"
      },
      "geometry": {
        "type": "Polygon",
        "coordinates": [
          [
            [
              86.65137867647059,
              24.01575
            ],
            [
              86.6504044117647,
              24.082
            ],
            [
              86.897,
              24.082
            ],
            [
              86.897,
              24.01575
            ],
            [
              86.65137867647059,
              24.01575
            ]
          ]
        ]
      }
    },
    {
      "type": "Feature",
      "id": 111919,
      "properties": {
        "id": 198,
        "gp_code": 111919,
        "gp_name": "AMBATAND",
        "block_code": 2361,
        "block_name": "Topchanchi",
        "district_code": 336,
        "district_name": "Dhanbad",
        "state_code": 20,
        "state_name": "Jharkhand",
        "area_sq_km": 35.938,
        "centroid_lat": 23.855,
        "centroid_lon": 86.116,
        "elevation_mean": 240.0,
        "elevation_min": 236.2,
        "elevation_max": 246.0,
        "slope_mean": 1.501,
        "ndvi_mean": 0.64,
        "land_cover_class": 12,
        "land_cover_name": "Cropland",
        "agriculture_fraction": 0.72,
        "forest_fraction": 0.12,
        "water_fraction": 0.04,
        "source": "Local Government Directory (LGD) / Survey of India / Bharat Maps",
        "source_version": "2024.1",
        "last_updated": "2026-09-25T18:00:00Z",
        "boundary_quality": "DERIVED",
        "boundary_source": "LGD Revenue Village Centroids + Block-Bounded Voronoi Tessellation"
      },
      "geometry": {
        "type": "Polygon",
        "coordinates": [
          [
            [
              86.13180628571429,
              23.86767942857143
            ],
            [
              86.13468746021617,
              23.85825013020161
            ],
            [
              86.13182222397974,
              23.842651550597456
            ],
            [
              86.11900464120816,
              23.821756991733118
            ],
            [
              86.10708442932992,
              23.810548517940685
            ],
            [
              86.08490835168608,
              23.796617320799314
            ],
            [
              86.07499999999999,
              23.791814504305478
            ],
            [
              86.07499999999999,
              23.86531249999999
            ],
            [
              86.13180628571429,
              23.86767942857143
            ]
          ]
        ]
      }
    },
    {
      "type": "Feature",
      "id": 111920,
      "properties": {
        "id": 199,
        "gp_code": 111920,
        "gp_name": "BAGHMUNDA",
        "block_code": 2361,
        "block_name": "Topchanchi",
        "district_code": 336,
        "district_name": "Dhanbad",
        "state_code": 20,
        "state_name": "Jharkhand",
        "area_sq_km": 2.305,
        "centroid_lat": 23.856,
        "centroid_lon": 86.1545,
        "elevation_mean": 222.0,
        "elevation_min": 218.0,
        "elevation_max": 228.4,
        "slope_mean": 1.605,
        "ndvi_mean": 0.64,
        "land_cover_class": 12,
        "land_cover_name": "Cropland",
        "agriculture_fraction": 0.72,
        "forest_fraction": 0.12,
        "water_fraction": 0.04,
        "source": "Local Government Directory (LGD) / Survey of India / Bharat Maps",
        "source_version": "2024.1",
        "last_updated": "2026-09-25T18:00:00Z",
        "boundary_quality": "DERIVED",
        "boundary_source": "LGD Revenue Village Centroids + Block-Bounded Voronoi Tessellation"
      },
      "geometry": {
        "type": "Polygon",
        "coordinates": [
          [
            [
              86.16281225707733,
              23.86339056426933
            ],
            [
              86.16633039579642,
              23.857367190951454
            ],
            [
              86.16323744962287,
              23.847344582826754
            ],
            [
              86.1408387777311,
              23.85789719443278
            ],
            [
              86.16281225707733,
              23.86339056426933
            ]
          ]
        ]
      }
    },
    {
      "type": "Feature",
      "id": 111921,
      "properties": {
        "id": 200,
        "gp_code": 111921,
        "gp_name": "BALUDIH",
        "block_code": 2361,
        "block_name": "Topchanchi",
        "district_code": 336,
        "district_name": "Dhanbad",
        "state_code": 20,
        "state_name": "Jharkhand",
        "area_sq_km": 2.186,
        "centroid_lat": 23.857,
        "centroid_lon": 86.19,
        "elevation_mean": 246.0,
        "elevation_min": 241.6,
        "elevation_max": 253.0,
        "slope_mean": 1.748,
        "ndvi_mean": 0.64,
        "land_cover_class": 12,
        "land_cover_name": "Cropland",
        "agriculture_fraction": 0.72,
        "forest_fraction": 0.12,
        "water_fraction": 0.04,
        "source": "Local Government Directory (LGD) / Survey of India / Bharat Maps",
        "source_version": "2024.1",
        "last_updated": "2026-09-25T18:00:00Z",
        "boundary_quality": "DERIVED",
        "boundary_source": "LGD Revenue Village Centroids + Block-Bounded Voronoi Tessellation"
      },
      "geometry": {
        "type": "Polygon",
        "coordinates": [
          [
            [
              86.17981529739923,
              23.858914600625305
            ],
            [
              86.18529256653387,
              23.86804356509201
            ],
            [
              86.18661547604253,
              23.867917573710233
            ],
            [
              86.19718922202375,
              23.857783959905483
            ],
            [
              86.18617390733236,
              23.846360860971348
            ],
            [
              86.17981529739923,
              23.858914600625305
            ]
          ]
        ]
      }
    },
    {
      "type": "Feature",
      "id": 111922,
      "properties": {
        "id": 201,
        "gp_code": 111922,
        "gp_name": "BARIARPUR",
        "block_code": 2361,
        "block_name": "Topchanchi",
        "district_code": 336,
        "district_name": "Dhanbad",
        "state_code": 20,
        "state_name": "Jharkhand",
        "area_sq_km": 2.457,
        "centroid_lat": 23.855,
        "centroid_lon": 86.2285,
        "elevation_mean": 239.0,
        "elevation_min": 234.3,
        "elevation_max": 246.5,
        "slope_mean": 1.873,
        "ndvi_mean": 0.64,
        "land_cover_class": 12,
        "land_cover_name": "Cropland",
        "agriculture_fraction": 0.72,
        "forest_fraction": 0.12,
        "water_fraction": 0.04,
        "source": "Local Government Directory (LGD) / Survey of India / Bharat Maps",
        "source_version": "2024.1",
        "last_updated": "2026-09-25T18:00:00Z",
        "boundary_quality": "DERIVED",
        "boundary_source": "LGD Revenue Village Centroids + Block-Bounded Voronoi Tessellation"
      },
      "geometry": {
        "type": "Polygon",
        "coordinates": [
          [
            [
              86.2327402789379,
              23.864926073917854
            ],
            [
              86.23864096685367,
              23.857632331929967
            ],
            [
              86.233473154984,
              23.84160916427439
            ],
            [
              86.21995964147527,
              23.857373879053572
            ],
            [
              86.2327402789379,
              23.864926073917854
            ]
          ]
        ]
      }
    },
    {
      "type": "Feature",
      "id": 111923,
      "properties": {
        "id": 202,
        "gp_code": 111923,
        "gp_name": "BHAGABANDH",
        "block_code": 2361,
        "block_name": "Topchanchi",
        "district_code": 336,
        "district_name": "Dhanbad",
        "state_code": 20,
        "state_name": "Jharkhand",
        "area_sq_km": 3.919,
        "centroid_lat": 23.856,
        "centroid_lon": 86.267,
        "elevation_mean": 246.0,
        "elevation_min": 240.7,
        "elevation_max": 254.4,
        "slope_mean": 2.112,
        "ndvi_mean": 0.64,
        "land_cover_class": 12,
        "land_cover_name": "Cropland",
        "agriculture_fraction": 0.72,
        "forest_fraction": 0.12,
        "water_fraction": 0.04,
        "source": "Local Government Directory (LGD) / Survey of India / Bharat Maps",
        "source_version": "2024.1",
        "last_updated": "2026-09-25T18:00:00Z",
        "boundary_quality": "DERIVED",
        "boundary_source": "LGD Revenue Village Centroids + Block-Bounded Voronoi Tessellation"
      },
      "geometry": {
        "type": "Polygon",
        "coordinates": [
          [
            [
              86.25419863487832,
              23.859417594196835
            ],
            [
              86.25728649312768,
              23.866061261577514
            ],
            [
              86.28365281385844,
              23.867316800659918
            ],
            [
              86.27907707969294,
              23.852534512334184
            ],
            [
              86.25581765342285,
              23.853961181876986
            ],
            [
              86.25419863487832,
              23.859417594196835
            ]
          ]
        ]
      }
    },
    {
      "type": "Feature",
      "id": 111924,
      "properties": {
        "id": 203,
        "gp_code": 111924,
        "gp_name": "BHALUA",
        "block_code": 2361,
        "block_name": "Topchanchi",
        "district_code": 336,
        "district_name": "Dhanbad",
        "state_code": 20,
        "state_name": "Jharkhand",
        "area_sq_km": 15.985,
        "centroid_lat": 23.879,
        "centroid_lon": 86.115,
        "elevation_mean": 227.0,
        "elevation_min": 221.8,
        "elevation_max": 235.4,
        "slope_mean": 2.096,
        "ndvi_mean": 0.64,
        "land_cover_class": 12,
        "land_cover_name": "Cropland",
        "agriculture_fraction": 0.72,
        "forest_fraction": 0.12,
        "water_fraction": 0.04,
        "source": "Local Government Directory (LGD) / Survey of India / Bharat Maps",
        "source_version": "2024.1",
        "last_updated": "2026-09-25T18:00:00Z",
        "boundary_quality": "DERIVED",
        "boundary_source": "LGD Revenue Village Centroids + Block-Bounded Voronoi Tessellation"
      },
      "geometry": {
        "type": "Polygon",
        "coordinates": [
          [
            [
              86.13475461538461,
              23.887713846153837
            ],
            [
              86.13404484173505,
              23.874050703399753
            ],
            [
              86.13180628571429,
              23.86767942857143
            ],
            [
              86.07499999999999,
              23.86531249999999
            ],
            [
              86.07499999999999,
              23.89340476190478
            ],
            [
              86.13475461538461,
              23.887713846153837
            ]
          ]
        ]
      }
    },
    {
      "type": "Feature",
      "id": 111925,
      "properties": {
        "id": 204,
        "gp_code": 111925,
        "gp_name": "CHALKARI",
        "block_code": 2361,
        "block_name": "Topchanchi",
        "district_code": 336,
        "district_name": "Dhanbad",
        "state_code": 20,
        "state_name": "Jharkhand",
        "area_sq_km": 6.359,
        "centroid_lat": 23.877,
        "centroid_lon": 86.1535,
        "elevation_mean": 266.0,
        "elevation_min": 260.7,
        "elevation_max": 274.5,
        "slope_mean": 2.124,
        "ndvi_mean": 0.48,
        "land_cover_class": 10,
        "land_cover_name": "Tree cover / Forest",
        "agriculture_fraction": 0.45,
        "forest_fraction": 0.38,
        "water_fraction": 0.04,
        "source": "Local Government Directory (LGD) / Survey of India / Bharat Maps",
        "source_version": "2024.1",
        "last_updated": "2026-09-25T18:00:00Z",
        "boundary_quality": "DERIVED",
        "boundary_source": "LGD Revenue Village Centroids + Block-Bounded Voronoi Tessellation"
      },
      "geometry": {
        "type": "Polygon",
        "coordinates": [
          [
            [
              86.13509495896835,
              23.88825395662369
            ],
            [
              86.1712180043384,
              23.889759083514093
            ],
            [
              86.17183797607743,
              23.88870231350438
            ],
            [
              86.16249440901643,
              23.870171216952308
            ],
            [
              86.13404484173505,
              23.874050703399753
            ],
            [
              86.13475461538461,
              23.887713846153837
            ],
            [
              86.13509495896835,
              23.88825395662369
            ]
          ]
        ]
      }
    },
    {
      "type": "Feature",
      "id": 111926,
      "properties": {
        "id": 205,
        "gp_code": 111926,
        "gp_name": "CHANDRAHA",
        "block_code": 2361,
        "block_name": "Topchanchi",
        "district_code": 336,
        "district_name": "Dhanbad",
        "state_code": 20,
        "state_name": "Jharkhand",
        "area_sq_km": 5.73,
        "centroid_lat": 23.878,
        "centroid_lon": 86.192,
        "elevation_mean": 311.0,
        "elevation_min": 305.3,
        "elevation_max": 320.1,
        "slope_mean": 2.278,
        "ndvi_mean": 0.48,
        "land_cover_class": 10,
        "land_cover_name": "Tree cover / Forest",
        "agriculture_fraction": 0.45,
        "forest_fraction": 0.38,
        "water_fraction": 0.04,
        "source": "Local Government Directory (LGD) / Survey of India / Bharat Maps",
        "source_version": "2024.1",
        "last_updated": "2026-09-25T18:00:00Z",
        "boundary_quality": "DERIVED",
        "boundary_source": "LGD Revenue Village Centroids + Block-Bounded Voronoi Tessellation"
      },
      "geometry": {
        "type": "Polygon",
        "coordinates": [
          [
            [
              86.20932726700332,
              23.877818167508295
            ],
            [
              86.18661547604253,
              23.867917573710233
            ],
            [
              86.18529256653387,
              23.86804356509201
            ],
            [
              86.17373655213308,
              23.887654121530154
            ],
            [
              86.20944423978567,
              23.889354487608834
            ],
            [
              86.20974013157894,
              23.878850328947383
            ],
            [
              86.20932726700332,
              23.877818167508295
            ]
          ]
        ]
      }
    },
    {
      "type": "Feature",
      "id": 111927,
      "properties": {
        "id": 206,
        "gp_code": 111927,
        "gp_name": "CHHATATAND",
        "block_code": 2361,
        "block_name": "Topchanchi",
        "district_code": 336,
        "district_name": "Dhanbad",
        "state_code": 20,
        "state_name": "Jharkhand",
        "area_sq_km": 5.749,
        "centroid_lat": 23.879,
        "centroid_lon": 86.2275,
        "elevation_mean": 274.0,
        "elevation_min": 267.8,
        "elevation_max": 283.9,
        "slope_mean": 2.464,
        "ndvi_mean": 0.48,
        "land_cover_class": 10,
        "land_cover_name": "Tree cover / Forest",
        "agriculture_fraction": 0.45,
        "forest_fraction": 0.38,
        "water_fraction": 0.04,
        "source": "Local Government Directory (LGD) / Survey of India / Bharat Maps",
        "source_version": "2024.1",
        "last_updated": "2026-09-25T18:00:00Z",
        "boundary_quality": "DERIVED",
        "boundary_source": "LGD Revenue Village Centroids + Block-Bounded Voronoi Tessellation"
      },
      "geometry": {
        "type": "Polygon",
        "coordinates": [
          [
            [
              86.20944423978567,
              23.889354487608834
            ],
            [
              86.21046512709238,
              23.89121760694358
            ],
            [
              86.24661448705726,
              23.887774810756454
            ],
            [
              86.23253973188476,
              23.8692043442026
            ],
            [
              86.20974013157894,
              23.878850328947383
            ],
            [
              86.20944423978567,
              23.889354487608834
            ]
          ]
        ]
      }
    },
    {
      "type": "Feature",
      "id": 111928,
      "properties": {
        "id": 207,
        "gp_code": 111928,
        "gp_name": "DUMRI",
        "block_code": 2361,
        "block_name": "Topchanchi",
        "district_code": 336,
        "district_name": "Dhanbad",
        "state_code": 20,
        "state_name": "Jharkhand",
        "area_sq_km": 11.328,
        "centroid_lat": 23.877,
        "centroid_lon": 86.266,
        "elevation_mean": 244.0,
        "elevation_min": 237.4,
        "elevation_max": 254.5,
        "slope_mean": 2.628,
        "ndvi_mean": 0.64,
        "land_cover_class": 12,
        "land_cover_name": "Cropland",
        "agriculture_fraction": 0.72,
        "forest_fraction": 0.12,
        "water_fraction": 0.04,
        "source": "Local Government Directory (LGD) / Survey of India / Bharat Maps",
        "source_version": "2024.1",
        "last_updated": "2026-09-25T18:00:00Z",
        "boundary_quality": "DERIVED",
        "boundary_source": "LGD Revenue Village Centroids + Block-Bounded Voronoi Tessellation"
      },
      "geometry": {
        "type": "Polygon",
        "coordinates": [
          [
            [
              86.24753660022103,
              23.888161343829015
            ],
            [
              86.24759495896835,
              23.888253956623675
            ],
            [
              86.31043938371963,
              23.89087247432166
            ],
            [
              86.28365281385844,
              23.867316800659918
            ],
            [
              86.25728649312768,
              23.866061261577514
            ],
            [
              86.24753660022103,
              23.888161343829015
            ]
          ]
        ]
      }
    },
    {
      "type": "Feature",
      "id": 111929,
      "properties": {
        "id": 208,
        "gp_code": 111929,
        "gp_name": "GOHALBARI",
        "block_code": 2361,
        "block_name": "Topchanchi",
        "district_code": 336,
        "district_name": "Dhanbad",
        "state_code": 20,
        "state_name": "Jharkhand",
        "area_sq_km": 13.063,
        "centroid_lat": 23.9,
        "centroid_lon": 86.117,
        "elevation_mean": 238.0,
        "elevation_min": 231.5,
        "elevation_max": 248.5,
        "slope_mean": 2.618,
        "ndvi_mean": 0.64,
        "land_cover_class": 12,
        "land_cover_name": "Cropland",
        "agriculture_fraction": 0.72,
        "forest_fraction": 0.12,
        "water_fraction": 0.04,
        "source": "Local Government Directory (LGD) / Survey of India / Bharat Maps",
        "source_version": "2024.1",
        "last_updated": "2026-09-25T18:00:00Z",
        "boundary_quality": "DERIVED",
        "boundary_source": "LGD Revenue Village Centroids + Block-Bounded Voronoi Tessellation"
      },
      "geometry": {
        "type": "Polygon",
        "coordinates": [
          [
            [
              86.13509495896835,
              23.88825395662369
            ],
            [
              86.13475461538461,
              23.887713846153837
            ],
            [
              86.07499999999999,
              23.89340476190478
            ],
            [
              86.07499999999999,
              23.908523809523796
            ],
            [
              86.13444423978567,
              23.911354487608843
            ],
            [
              86.13509495896835,
              23.88825395662369
            ]
          ]
        ]
      }
    },
    {
      "type": "Feature",
      "id": 111930,
      "properties": {
        "id": 209,
        "gp_code": 111930,
        "gp_name": "HARDIHI",
        "block_code": 2361,
        "block_name": "Topchanchi",
        "district_code": 336,
        "district_name": "Dhanbad",
        "state_code": 20,
        "state_name": "Jharkhand",
        "area_sq_km": 9.376,
        "centroid_lat": 23.901,
        "centroid_lon": 86.1525,
        "elevation_mean": 281.0,
        "elevation_min": 274.2,
        "elevation_max": 291.9,
        "slope_mean": 2.714,
        "ndvi_mean": 0.48,
        "land_cover_class": 10,
        "land_cover_name": "Tree cover / Forest",
        "agriculture_fraction": 0.45,
        "forest_fraction": 0.38,
        "water_fraction": 0.04,
        "source": "Local Government Directory (LGD) / Survey of India / Bharat Maps",
        "source_version": "2024.1",
        "last_updated": "2026-09-25T18:00:00Z",
        "boundary_quality": "DERIVED",
        "boundary_source": "LGD Revenue Village Centroids + Block-Bounded Voronoi Tessellation"
      },
      "geometry": {
        "type": "Polygon",
        "coordinates": [
          [
            [
              86.13444423978567,
              23.911354487608843
            ],
            [
              86.13546512709237,
              23.91321760694358
            ],
            [
              86.17225461538462,
              23.90971384615385
            ],
            [
              86.1712180043384,
              23.889759083514093
            ],
            [
              86.13509495896835,
              23.88825395662369
            ],
            [
              86.13444423978567,
              23.911354487608843
            ]
          ]
        ]
      }
    },
    {
      "type": "Feature",
      "id": 111931,
      "properties": {
        "id": 210,
        "gp_code": 111931,
        "gp_name": "KANKO",
        "block_code": 2361,
        "block_name": "Topchanchi",
        "district_code": 336,
        "district_name": "Dhanbad",
        "state_code": 20,
        "state_name": "Jharkhand",
        "area_sq_km": 9.738,
        "centroid_lat": 23.899,
        "centroid_lon": 86.191,
        "elevation_mean": 293.0,
        "elevation_min": 286.0,
        "elevation_max": 304.2,
        "slope_mean": 2.794,
        "ndvi_mean": 0.48,
        "land_cover_class": 10,
        "land_cover_name": "Tree cover / Forest",
        "agriculture_fraction": 0.45,
        "forest_fraction": 0.38,
        "water_fraction": 0.04,
        "source": "Local Government Directory (LGD) / Survey of India / Bharat Maps",
        "source_version": "2024.1",
        "last_updated": "2026-09-25T18:00:00Z",
        "boundary_quality": "DERIVED",
        "boundary_source": "LGD Revenue Village Centroids + Block-Bounded Voronoi Tessellation"
      },
      "geometry": {
        "type": "Polygon",
        "coordinates": [
          [
            [
              86.1712180043384,
              23.889759083514093
            ],
            [
              86.17225461538462,
              23.90971384615385
            ],
            [
              86.17259495896835,
              23.910253956623677
            ],
            [
              86.2087180043384,
              23.911759083514102
            ],
            [
              86.2099878011118,
              23.909594657195793
            ],
            [
              86.21046512709238,
              23.89121760694358
            ],
            [
              86.20944423978567,
              23.889354487608834
            ],
            [
              86.17373655213308,
              23.887654121530154
            ],
            [
              86.17183797607743,
              23.88870231350438
            ],
            [
              86.1712180043384,
              23.889759083514093
            ]
          ]
        ]
      }
    },
    {
      "type": "Feature",
      "id": 111932,
      "properties": {
        "id": 211,
        "gp_code": 111932,
        "gp_name": "KHANUDIH",
        "block_code": 2361,
        "block_name": "Topchanchi",
        "district_code": 336,
        "district_name": "Dhanbad",
        "state_code": 20,
        "state_name": "Jharkhand",
        "area_sq_km": 8.772,
        "centroid_lat": 23.9,
        "centroid_lon": 86.2295,
        "elevation_mean": 277.0,
        "elevation_min": 269.5,
        "elevation_max": 289.0,
        "slope_mean": 2.993,
        "ndvi_mean": 0.48,
        "land_cover_class": 10,
        "land_cover_name": "Tree cover / Forest",
        "agriculture_fraction": 0.45,
        "forest_fraction": 0.38,
        "water_fraction": 0.04,
        "source": "Local Government Directory (LGD) / Survey of India / Bharat Maps",
        "source_version": "2024.1",
        "last_updated": "2026-09-25T18:00:00Z",
        "boundary_quality": "DERIVED",
        "boundary_source": "LGD Revenue Village Centroids + Block-Bounded Voronoi Tessellation"
      },
      "geometry": {
        "type": "Polygon",
        "coordinates": [
          [
            [
              86.2099878011118,
              23.909594657195793
            ],
            [
              86.24694423978566,
              23.911354487608843
            ],
            [
              86.24759495896835,
              23.888253956623675
            ],
            [
              86.24753660022103,
              23.888161343829015
            ],
            [
              86.24661448705726,
              23.887774810756454
            ],
            [
              86.21046512709238,
              23.89121760694358
            ],
            [
              86.2099878011118,
              23.909594657195793
            ]
          ]
        ]
      }
    },
    {
      "type": "Feature",
      "id": 111933,
      "properties": {
        "id": 212,
        "gp_code": 111933,
        "gp_name": "MADHUGARH",
        "block_code": 2361,
        "block_name": "Topchanchi",
        "district_code": 336,
        "district_name": "Dhanbad",
        "state_code": 20,
        "state_name": "Jharkhand",
        "area_sq_km": 16.538,
        "centroid_lat": 23.901,
        "centroid_lon": 86.265,
        "elevation_mean": 277.0,
        "elevation_min": 269.0,
        "elevation_max": 289.9,
        "slope_mean": 3.215,
        "ndvi_mean": 0.48,
        "land_cover_class": 10,
        "land_cover_name": "Tree cover / Forest",
        "agriculture_fraction": 0.45,
        "forest_fraction": 0.38,
        "water_fraction": 0.04,
        "source": "Local Government Directory (LGD) / Survey of India / Bharat Maps",
        "source_version": "2024.1",
        "last_updated": "2026-09-25T18:00:00Z",
        "boundary_quality": "DERIVED",
        "boundary_source": "LGD Revenue Village Centroids + Block-Bounded Voronoi Tessellation"
      },
      "geometry": {
        "type": "Polygon",
        "coordinates": [
          [
            [
              86.24694423978566,
              23.911354487608843
            ],
            [
              86.24796512709237,
              23.91321760694358
            ],
            [
              86.32197700394218,
              23.906168856767422
            ],
            [
              86.32384674543793,
              23.897521302349578
            ],
            [
              86.31043938371963,
              23.89087247432166
            ],
            [
              86.24759495896835,
              23.888253956623675
            ],
            [
              86.24694423978566,
              23.911354487608843
            ]
          ]
        ]
      }
    },
    {
      "type": "Feature",
      "id": 111934,
      "properties": {
        "id": 213,
        "gp_code": 111934,
        "gp_name": "MATARI",
        "block_code": 2361,
        "block_name": "Topchanchi",
        "district_code": 336,
        "district_name": "Dhanbad",
        "state_code": 20,
        "state_name": "Jharkhand",
        "area_sq_km": 15.319,
        "centroid_lat": 23.921,
        "centroid_lon": 86.116,
        "elevation_mean": 278.0,
        "elevation_min": 270.2,
        "elevation_max": 290.4,
        "slope_mean": 3.11,
        "ndvi_mean": 0.48,
        "land_cover_class": 10,
        "land_cover_name": "Tree cover / Forest",
        "agriculture_fraction": 0.45,
        "forest_fraction": 0.38,
        "water_fraction": 0.04,
        "source": "Local Government Directory (LGD) / Survey of India / Bharat Maps",
        "source_version": "2024.1",
        "last_updated": "2026-09-25T18:00:00Z",
        "boundary_quality": "DERIVED",
        "boundary_source": "LGD Revenue Village Centroids + Block-Bounded Voronoi Tessellation"
      },
      "geometry": {
        "type": "Polygon",
        "coordinates": [
          [
            [
              86.13371800433839,
              23.933759083514104
            ],
            [
              86.13498780111179,
              23.931594657195795
            ],
            [
              86.13546512709237,
              23.91321760694358
            ],
            [
              86.13444423978567,
              23.911354487608843
            ],
            [
              86.07499999999999,
              23.908523809523796
            ],
            [
              86.07499999999999,
              23.931312499999994
            ],
            [
              86.13371800433839,
              23.933759083514104
            ]
          ]
        ]
      }
    },
    {
      "type": "Feature",
      "id": 111935,
      "properties": {
        "id": 214,
        "gp_code": 111935,
        "gp_name": "MOKHTARPUR",
        "block_code": 2361,
        "block_name": "Topchanchi",
        "district_code": 336,
        "district_name": "Dhanbad",
        "state_code": 20,
        "state_name": "Jharkhand",
        "area_sq_km": 8.772,
        "centroid_lat": 23.922,
        "centroid_lon": 86.1545,
        "elevation_mean": 295.0,
        "elevation_min": 287.0,
        "elevation_max": 307.8,
        "slope_mean": 3.211,
        "ndvi_mean": 0.48,
        "land_cover_class": 10,
        "land_cover_name": "Tree cover / Forest",
        "agriculture_fraction": 0.45,
        "forest_fraction": 0.38,
        "water_fraction": 0.04,
        "source": "Local Government Directory (LGD) / Survey of India / Bharat Maps",
        "source_version": "2024.1",
        "last_updated": "2026-09-25T18:00:00Z",
        "boundary_quality": "DERIVED",
        "boundary_source": "LGD Revenue Village Centroids + Block-Bounded Voronoi Tessellation"
      },
      "geometry": {
        "type": "Polygon",
        "coordinates": [
          [
            [
              86.13498780111179,
              23.931594657195795
            ],
            [
              86.17194423978566,
              23.933354487608845
            ],
            [
              86.17259495896835,
              23.910253956623677
            ],
            [
              86.17225461538462,
              23.90971384615385
            ],
            [
              86.13546512709237,
              23.91321760694358
            ],
            [
              86.13498780111179,
              23.931594657195795
            ]
          ]
        ]
      }
    },
    {
      "type": "Feature",
      "id": 111936,
      "properties": {
        "id": 215,
        "gp_code": 111936,
        "gp_name": "NAWADIH",
        "block_code": 2361,
        "block_name": "Topchanchi",
        "district_code": 336,
        "district_name": "Dhanbad",
        "state_code": 20,
        "state_name": "Jharkhand",
        "area_sq_km": 9.375,
        "centroid_lat": 23.923,
        "centroid_lon": 86.19,
        "elevation_mean": 312.0,
        "elevation_min": 303.6,
        "elevation_max": 325.4,
        "slope_mean": 3.353,
        "ndvi_mean": 0.48,
        "land_cover_class": 10,
        "land_cover_name": "Tree cover / Forest",
        "agriculture_fraction": 0.45,
        "forest_fraction": 0.38,
        "water_fraction": 0.04,
        "source": "Local Government Directory (LGD) / Survey of India / Bharat Maps",
        "source_version": "2024.1",
        "last_updated": "2026-09-25T18:00:00Z",
        "boundary_quality": "DERIVED",
        "boundary_source": "LGD Revenue Village Centroids + Block-Bounded Voronoi Tessellation"
      },
      "geometry": {
        "type": "Polygon",
        "coordinates": [
          [
            [
              86.20975461538461,
              23.931713846153848
            ],
            [
              86.2087180043384,
              23.911759083514102
            ],
            [
              86.17259495896835,
              23.910253956623677
            ],
            [
              86.17194423978566,
              23.933354487608845
            ],
            [
              86.17296512709237,
              23.935217606943578
            ],
            [
              86.20975461538461,
              23.931713846153848
            ]
          ]
        ]
      }
    },
    {
      "type": "Feature",
      "id": 111937,
      "properties": {
        "id": 216,
        "gp_code": 111937,
        "gp_name": "NETURDIH",
        "block_code": 2361,
        "block_name": "Topchanchi",
        "district_code": 336,
        "district_name": "Dhanbad",
        "state_code": 20,
        "state_name": "Jharkhand",
        "area_sq_km": 9.744,
        "centroid_lat": 23.921,
        "centroid_lon": 86.2285,
        "elevation_mean": 318.0,
        "elevation_min": 309.3,
        "elevation_max": 331.9,
        "slope_mean": 3.482,
        "ndvi_mean": 0.48,
        "land_cover_class": 10,
        "land_cover_name": "Tree cover / Forest",
        "agriculture_fraction": 0.45,
        "forest_fraction": 0.38,
        "water_fraction": 0.04,
        "source": "Local Government Directory (LGD) / Survey of India / Bharat Maps",
        "source_version": "2024.1",
        "last_updated": "2026-09-25T18:00:00Z",
        "boundary_quality": "DERIVED",
        "boundary_source": "LGD Revenue Village Centroids + Block-Bounded Voronoi Tessellation"
      },
      "geometry": {
        "type": "Polygon",
        "coordinates": [
          [
            [
              86.20975461538461,
              23.931713846153848
            ],
            [
              86.21009495896834,
              23.932253956623686
            ],
            [
              86.2462180043384,
              23.933759083514094
            ],
            [
              86.24748780111179,
              23.93159465719581
            ],
            [
              86.24796512709237,
              23.91321760694358
            ],
            [
              86.24694423978566,
              23.911354487608843
            ],
            [
              86.2099878011118,
              23.909594657195793
            ],
            [
              86.2087180043384,
              23.911759083514102
            ],
            [
              86.20975461538461,
              23.931713846153848
            ]
          ]
        ]
      }
    },
    {
      "type": "Feature",
      "id": 111938,
      "properties": {
        "id": 217,
        "gp_code": 111938,
        "gp_name": "PAHARPUR",
        "block_code": 2361,
        "block_name": "Topchanchi",
        "district_code": 336,
        "district_name": "Dhanbad",
        "state_code": 20,
        "state_name": "Jharkhand",
        "area_sq_km": 19.675,
        "centroid_lat": 23.922,
        "centroid_lon": 86.267,
        "elevation_mean": 409.0,
        "elevation_min": 399.7,
        "elevation_max": 423.9,
        "slope_mean": 3.719,
        "ndvi_mean": 0.48,
        "land_cover_class": 10,
        "land_cover_name": "Tree cover / Forest",
        "agriculture_fraction": 0.45,
        "forest_fraction": 0.38,
        "water_fraction": 0.04,
        "source": "Local Government Directory (LGD) / Survey of India / Bharat Maps",
        "source_version": "2024.1",
        "last_updated": "2026-09-25T18:00:00Z",
        "boundary_quality": "DERIVED",
        "boundary_source": "LGD Revenue Village Centroids + Block-Bounded Voronoi Tessellation"
      },
      "geometry": {
        "type": "Polygon",
        "coordinates": [
          [
            [
              86.24796512709237,
              23.91321760694358
            ],
            [
              86.24748780111179,
              23.93159465719581
            ],
            [
              86.32118062827226,
              23.935103839441513
            ],
            [
              86.32197700394218,
              23.906168856767422
            ],
            [
              86.24796512709237,
              23.91321760694358
            ]
          ]
        ]
      }
    },
    {
      "type": "Feature",
      "id": 111939,
      "properties": {
        "id": 218,
        "gp_code": 111939,
        "gp_name": "PRADHANKHANTA",
        "block_code": 2361,
        "block_name": "Topchanchi",
        "district_code": 336,
        "district_name": "Dhanbad",
        "state_code": 20,
        "state_name": "Jharkhand",
        "area_sq_km": 16.044,
        "centroid_lat": 23.945,
        "centroid_lon": 86.115,
        "elevation_mean": 499.0,
        "elevation_min": 490.0,
        "elevation_max": 513.5,
        "slope_mean": 3.613,
        "ndvi_mean": 0.48,
        "land_cover_class": 10,
        "land_cover_name": "Tree cover / Forest",
        "agriculture_fraction": 0.45,
        "forest_fraction": 0.38,
        "water_fraction": 0.04,
        "source": "Local Government Directory (LGD) / Survey of India / Bharat Maps",
        "source_version": "2024.1",
        "last_updated": "2026-09-25T18:00:00Z",
        "boundary_quality": "DERIVED",
        "boundary_source": "LGD Revenue Village Centroids + Block-Bounded Voronoi Tessellation"
      },
      "geometry": {
        "type": "Polygon",
        "coordinates": [
          [
            [
              86.13475461538461,
              23.95371384615384
            ],
            [
              86.13371800433839,
              23.933759083514104
            ],
            [
              86.07499999999999,
              23.931312499999994
            ],
            [
              86.07499999999999,
              23.959404761904782
            ],
            [
              86.13475461538461,
              23.95371384615384
            ]
          ]
        ]
      }
    },
    {
      "type": "Feature",
      "id": 111940,
      "properties": {
        "id": 219,
        "gp_code": 111940,
        "gp_name": "RAMAKUNDA",
        "block_code": 2361,
        "block_name": "Topchanchi",
        "district_code": 336,
        "district_name": "Dhanbad",
        "state_code": 20,
        "state_name": "Jharkhand",
        "area_sq_km": 9.743,
        "centroid_lat": 23.943,
        "centroid_lon": 86.1535,
        "elevation_mean": 467.0,
        "elevation_min": 457.9,
        "elevation_max": 481.6,
        "slope_mean": 3.652,
        "ndvi_mean": 0.48,
        "land_cover_class": 10,
        "land_cover_name": "Tree cover / Forest",
        "agriculture_fraction": 0.45,
        "forest_fraction": 0.38,
        "water_fraction": 0.04,
        "source": "Local Government Directory (LGD) / Survey of India / Bharat Maps",
        "source_version": "2024.1",
        "last_updated": "2026-09-25T18:00:00Z",
        "boundary_quality": "DERIVED",
        "boundary_source": "LGD Revenue Village Centroids + Block-Bounded Voronoi Tessellation"
      },
      "geometry": {
        "type": "Polygon",
        "coordinates": [
          [
            [
              86.13475461538461,
              23.95371384615384
            ],
            [
              86.13509495896835,
              23.95425395662369
            ],
            [
              86.1712180043384,
              23.955759083514092
            ],
            [
              86.17248780111179,
              23.953594657195808
            ],
            [
              86.17296512709237,
              23.935217606943578
            ],
            [
              86.17194423978566,
              23.933354487608845
            ],
            [
              86.13498780111179,
              23.931594657195795
            ],
            [
              86.13371800433839,
              23.933759083514104
            ],
            [
              86.13475461538461,
              23.95371384615384
            ]
          ]
        ]
      }
    },
    {
      "type": "Feature",
      "id": 111941,
      "properties": {
        "id": 220,
        "gp_code": 111941,
        "gp_name": "ROAM",
        "block_code": 2361,
        "block_name": "Topchanchi",
        "district_code": 336,
        "district_name": "Dhanbad",
        "state_code": 20,
        "state_name": "Jharkhand",
        "area_sq_km": 8.771,
        "centroid_lat": 23.944,
        "centroid_lon": 86.192,
        "elevation_mean": 364.0,
        "elevation_min": 354.5,
        "elevation_max": 379.2,
        "slope_mean": 3.801,
        "ndvi_mean": 0.48,
        "land_cover_class": 10,
        "land_cover_name": "Tree cover / Forest",
        "agriculture_fraction": 0.45,
        "forest_fraction": 0.38,
        "water_fraction": 0.04,
        "source": "Local Government Directory (LGD) / Survey of India / Bharat Maps",
        "source_version": "2024.1",
        "last_updated": "2026-09-25T18:00:00Z",
        "boundary_quality": "DERIVED",
        "boundary_source": "LGD Revenue Village Centroids + Block-Bounded Voronoi Tessellation"
      },
      "geometry": {
        "type": "Polygon",
        "coordinates": [
          [
            [
              86.17296512709237,
              23.935217606943578
            ],
            [
              86.17248780111179,
              23.953594657195808
            ],
            [
              86.20944423978567,
              23.955354487608833
            ],
            [
              86.21009495896834,
              23.932253956623686
            ],
            [
              86.20975461538461,
              23.931713846153848
            ],
            [
              86.17296512709237,
              23.935217606943578
            ]
          ]
        ]
      }
    },
    {
      "type": "Feature",
      "id": 111942,
      "properties": {
        "id": 221,
        "gp_code": 111942,
        "gp_name": "SAHIJANA",
        "block_code": 2361,
        "block_name": "Topchanchi",
        "district_code": 336,
        "district_name": "Dhanbad",
        "state_code": 20,
        "state_name": "Jharkhand",
        "area_sq_km": 25.627,
        "centroid_lat": 23.945,
        "centroid_lon": 86.2275,
        "elevation_mean": 383.0,
        "elevation_min": 373.0,
        "elevation_max": 398.9,
        "slope_mean": 3.981,
        "ndvi_mean": 0.48,
        "land_cover_class": 10,
        "land_cover_name": "Tree cover / Forest",
        "agriculture_fraction": 0.45,
        "forest_fraction": 0.38,
        "water_fraction": 0.04,
        "source": "Local Government Directory (LGD) / Survey of India / Bharat Maps",
        "source_version": "2024.1",
        "last_updated": "2026-09-25T18:00:00Z",
        "boundary_quality": "DERIVED",
        "boundary_source": "LGD Revenue Village Centroids + Block-Bounded Voronoi Tessellation"
      },
      "geometry": {
        "type": "Polygon",
        "coordinates": [
          [
            [
              86.2462180043384,
              23.933759083514094
            ],
            [
              86.21009495896834,
              23.932253956623686
            ],
            [
              86.20944423978567,
              23.955354487608833
            ],
            [
              86.25130882352941,
              24.031757352941185
            ],
            [
              86.2462180043384,
              23.933759083514094
            ]
          ]
        ]
      }
    },
    {
      "type": "Feature",
      "id": 111943,
      "properties": {
        "id": 222,
        "gp_code": 111943,
        "gp_name": "SINGHDAHA",
        "block_code": 2361,
        "block_name": "Topchanchi",
        "district_code": 336,
        "district_name": "Dhanbad",
        "state_code": 20,
        "state_name": "Jharkhand",
        "area_sq_km": 74.375,
        "centroid_lat": 23.943,
        "centroid_lon": 86.266,
        "elevation_mean": 327.0,
        "elevation_min": 316.6,
        "elevation_max": 343.6,
        "slope_mean": 4.156,
        "ndvi_mean": 0.48,
        "land_cover_class": 10,
        "land_cover_name": "Tree cover / Forest",
        "agriculture_fraction": 0.45,
        "forest_fraction": 0.38,
        "water_fraction": 0.04,
        "source": "Local Government Directory (LGD) / Survey of India / Bharat Maps",
        "source_version": "2024.1",
        "last_updated": "2026-09-25T18:00:00Z",
        "boundary_quality": "DERIVED",
        "boundary_source": "LGD Revenue Village Centroids + Block-Bounded Voronoi Tessellation"
      },
      "geometry": {
        "type": "Polygon",
        "coordinates": [
          [
            [
              86.25130882352941,
              24.031757352941185
            ],
            [
              86.25984347601857,
              24.06085275915421
            ],
            [
              86.29223037714257,
              24.02412534550843
            ],
            [
              86.31625407631522,
              23.98096212316649
            ],
            [
              86.32296813491621,
              23.946027491154585
            ],
            [
              86.32118062827226,
              23.935103839441513
            ],
            [
              86.24748780111179,
              23.93159465719581
            ],
            [
              86.2462180043384,
              23.933759083514094
            ],
            [
              86.25130882352941,
              24.031757352941185
            ]
          ]
        ]
      }
    },
    {
      "type": "Feature",
      "id": 111944,
      "properties": {
        "id": 223,
        "gp_code": 111944,
        "gp_name": "TANTRI",
        "block_code": 2361,
        "block_name": "Topchanchi",
        "district_code": 336,
        "district_name": "Dhanbad",
        "state_code": 20,
        "state_name": "Jharkhand",
        "area_sq_km": 82.316,
        "centroid_lat": 23.966,
        "centroid_lon": 86.117,
        "elevation_mean": 841.0,
        "elevation_min": 831.0,
        "elevation_max": 856.9,
        "slope_mean": 3.983,
        "ndvi_mean": 0.48,
        "land_cover_class": 10,
        "land_cover_name": "Tree cover / Forest",
        "agriculture_fraction": 0.45,
        "forest_fraction": 0.38,
        "water_fraction": 0.04,
        "source": "Local Government Directory (LGD) / Survey of India / Bharat Maps",
        "source_version": "2024.1",
        "last_updated": "2026-09-25T18:00:00Z",
        "boundary_quality": "DERIVED",
        "boundary_source": "LGD Revenue Village Centroids + Block-Bounded Voronoi Tessellation"
      },
      "geometry": {
        "type": "Polygon",
        "coordinates": [
          [
            [
              86.13509495896835,
              23.95425395662369
            ],
            [
              86.13475461538461,
              23.95371384615384
            ],
            [
              86.07499999999999,
              23.959404761904782
            ],
            [
              86.07499999999999,
              24.082
            ],
            [
              86.13149647887325,
              24.082
            ],
            [
              86.13509495896835,
              23.95425395662369
            ]
          ]
        ]
      }
    },
    {
      "type": "Feature",
      "id": 111945,
      "properties": {
        "id": 224,
        "gp_code": 111945,
        "gp_name": "TOPCHANCHI",
        "block_code": 2361,
        "block_name": "Topchanchi",
        "district_code": 336,
        "district_name": "Dhanbad",
        "state_code": 20,
        "state_name": "Jharkhand",
        "area_sq_km": 58.907,
        "centroid_lat": 23.967,
        "centroid_lon": 86.1525,
        "elevation_mean": 969.0,
        "elevation_min": 958.8,
        "elevation_max": 985.3,
        "slope_mean": 4.071,
        "ndvi_mean": 0.48,
        "land_cover_class": 10,
        "land_cover_name": "Tree cover / Forest",
        "agriculture_fraction": 0.45,
        "forest_fraction": 0.38,
        "water_fraction": 0.04,
        "source": "Local Government Directory (LGD) / Survey of India / Bharat Maps",
        "source_version": "2024.1",
        "last_updated": "2026-09-25T18:00:00Z",
        "boundary_quality": "OFFICIAL",
        "boundary_source": "Survey of India / Bharat Maps Gazetted Boundary"
      },
      "geometry": {
        "type": "Polygon",
        "coordinates": [
          [
            [
              86.1712180043384,
              23.955759083514092
            ],
            [
              86.13509495896835,
              23.95425395662369
            ],
            [
              86.13149647887325,
              24.082
            ],
            [
              86.17777597402598,
              24.082
            ],
            [
              86.1712180043384,
              23.955759083514092
            ]
          ]
        ]
      }
    },
    {
      "type": "Feature",
      "id": 111946,
      "properties": {
        "id": 225,
        "gp_code": 111946,
        "gp_name": "VISHNUPUR",
        "block_code": 2361,
        "block_name": "Topchanchi",
        "district_code": 336,
        "district_name": "Dhanbad",
        "state_code": 20,
        "state_name": "Jharkhand",
        "area_sq_km": 94.331,
        "centroid_lat": 23.965,
        "centroid_lon": 86.191,
        "elevation_mean": 383.0,
        "elevation_min": 372.6,
        "elevation_max": 399.7,
        "slope_mean": 4.168,
        "ndvi_mean": 0.48,
        "land_cover_class": 10,
        "land_cover_name": "Tree cover / Forest",
        "agriculture_fraction": 0.45,
        "forest_fraction": 0.38,
        "water_fraction": 0.04,
        "source": "Local Government Directory (LGD) / Survey of India / Bharat Maps",
        "source_version": "2024.1",
        "last_updated": "2026-09-25T18:00:00Z",
        "boundary_quality": "DERIVED",
        "boundary_source": "LGD Revenue Village Centroids + Block-Bounded Voronoi Tessellation"
      },
      "geometry": {
        "type": "Polygon",
        "coordinates": [
          [
            [
              86.17777597402598,
              24.082
            ],
            [
              86.25127027027028,
              24.082
            ],
            [
              86.25984347601857,
              24.06085275915421
            ],
            [
              86.25130882352941,
              24.031757352941185
            ],
            [
              86.20944423978567,
              23.955354487608833
            ],
            [
              86.17248780111179,
              23.953594657195808
            ],
            [
              86.1712180043384,
              23.955759083514092
            ],
            [
              86.17777597402598,
              24.082
            ]
          ]
        ]
      }
    },
    {
      "type": "Feature",
      "id": 111947,
      "properties": {
        "id": 226,
        "gp_code": 111947,
        "gp_name": "BAMANDIHA",
        "block_code": 2362,
        "block_name": "Tundi",
        "district_code": 336,
        "district_name": "Dhanbad",
        "state_code": 20,
        "state_name": "Jharkhand",
        "area_sq_km": 55.553,
        "centroid_lat": 23.925,
        "centroid_lon": 86.376,
        "elevation_mean": 275.0,
        "elevation_min": 263.6,
        "elevation_max": 293.2,
        "slope_mean": 4.541,
        "ndvi_mean": 0.48,
        "land_cover_class": 10,
        "land_cover_name": "Tree cover / Forest",
        "agriculture_fraction": 0.45,
        "forest_fraction": 0.38,
        "water_fraction": 0.04,
        "source": "Local Government Directory (LGD) / Survey of India / Bharat Maps",
        "source_version": "2024.1",
        "last_updated": "2026-09-25T18:00:00Z",
        "boundary_quality": "DERIVED",
        "boundary_source": "LGD Revenue Village Centroids + Block-Bounded Voronoi Tessellation"
      },
      "geometry": {
        "type": "Polygon",
        "coordinates": [
          [
            [
              86.32197700394218,
              23.906168856767422
            ],
            [
              86.32118062827226,
              23.935103839441513
            ],
            [
              86.32296813491621,
              23.946027491154585
            ],
            [
              86.40113646776831,
              23.944040143816437
            ],
            [
              86.40209845847441,
              23.89497861780545
            ],
            [
              86.3926379694182,
              23.878936779476767
            ],
            [
              86.33781888200232,
              23.88198228433321
            ],
            [
              86.32384674543793,
              23.897521302349578
            ],
            [
              86.32197700394218,
              23.906168856767422
            ]
          ]
        ]
      }
    },
    {
      "type": "Feature",
      "id": 111948,
      "properties": {
        "id": 227,
        "gp_code": 111948,
        "gp_name": "BARIDIH",
        "block_code": 2362,
        "block_name": "Tundi",
        "district_code": 336,
        "district_name": "Dhanbad",
        "state_code": 20,
        "state_name": "Jharkhand",
        "area_sq_km": 19.58,
        "centroid_lat": 23.926,
        "centroid_lon": 86.427,
        "elevation_mean": 282.0,
        "elevation_min": 269.6,
        "elevation_max": 301.8,
        "slope_mean": 4.944,
        "ndvi_mean": 0.48,
        "land_cover_class": 10,
        "land_cover_name": "Tree cover / Forest",
        "agriculture_fraction": 0.45,
        "forest_fraction": 0.38,
        "water_fraction": 0.04,
        "source": "Local Government Directory (LGD) / Survey of India / Bharat Maps",
        "source_version": "2024.1",
        "last_updated": "2026-09-25T18:00:00Z",
        "boundary_quality": "DERIVED",
        "boundary_source": "LGD Revenue Village Centroids + Block-Bounded Voronoi Tessellation"
      },
      "geometry": {
        "type": "Polygon",
        "coordinates": [
          [
            [
              86.40142533478829,
              23.944416930162365
            ],
            [
              86.44981546926772,
              23.946877466326892
            ],
            [
              86.45059683511467,
              23.94585191449606
            ],
            [
              86.45099315068494,
              23.926828767123283
            ],
            [
              86.40450025,
              23.895833500000002
            ],
            [
              86.40209845847441,
              23.89497861780545
            ],
            [
              86.40113646776831,
              23.944040143816437
            ],
            [
              86.40142533478829,
              23.944416930162365
            ]
          ]
        ]
      }
    },
    {
      "type": "Feature",
      "id": 111949,
      "properties": {
        "id": 228,
        "gp_code": 111949,
        "gp_name": "BHATUA",
        "block_code": 2362,
        "block_name": "Tundi",
        "district_code": 336,
        "district_name": "Dhanbad",
        "state_code": 20,
        "state_name": "Jharkhand",
        "area_sq_km": 14.776,
        "centroid_lat": 23.927,
        "centroid_lon": 86.475,
        "elevation_mean": 251.0,
        "elevation_min": 237.7,
        "elevation_max": 272.2,
        "slope_mean": 5.311,
        "ndvi_mean": 0.64,
        "land_cover_class": 12,
        "land_cover_name": "Cropland",
        "agriculture_fraction": 0.72,
        "forest_fraction": 0.12,
        "water_fraction": 0.04,
        "source": "Local Government Directory (LGD) / Survey of India / Bharat Maps",
        "source_version": "2024.1",
        "last_updated": "2026-09-25T18:00:00Z",
        "boundary_quality": "DERIVED",
        "boundary_source": "LGD Revenue Village Centroids + Block-Bounded Voronoi Tessellation"
      },
      "geometry": {
        "type": "Polygon",
        "coordinates": [
          [
            [
              86.45099315068494,
              23.926828767123283
            ],
            [
              86.45059683511467,
              23.94585191449606
            ],
            [
              86.50122386263862,
              23.944458497285147
            ],
            [
              86.50077139874739,
              23.932920668058454
            ],
            [
              86.49017741935484,
              23.9165
            ],
            [
              86.45767647058824,
              23.9165
            ],
            [
              86.45099315068494,
              23.926828767123283
            ]
          ]
        ]
      }
    },
    {
      "type": "Feature",
      "id": 111950,
      "properties": {
        "id": 229,
        "gp_code": 111950,
        "gp_name": "CHAMPI",
        "block_code": 2362,
        "block_name": "Tundi",
        "district_code": 336,
        "district_name": "Dhanbad",
        "state_code": 20,
        "state_name": "Jharkhand",
        "area_sq_km": 12.49,
        "centroid_lat": 23.925,
        "centroid_lon": 86.526,
        "elevation_mean": 245.0,
        "elevation_min": 231.0,
        "elevation_max": 267.4,
        "slope_mean": 5.595,
        "ndvi_mean": 0.64,
        "land_cover_class": 12,
        "land_cover_name": "Cropland",
        "agriculture_fraction": 0.72,
        "forest_fraction": 0.12,
        "water_fraction": 0.04,
        "source": "Local Government Directory (LGD) / Survey of India / Bharat Maps",
        "source_version": "2024.1",
        "last_updated": "2026-09-25T18:00:00Z",
        "boundary_quality": "DERIVED",
        "boundary_source": "LGD Revenue Village Centroids + Block-Bounded Voronoi Tessellation"
      },
      "geometry": {
        "type": "Polygon",
        "coordinates": [
          [
            [
              86.5018635322317,
              23.94529285618357
            ],
            [
              86.52869464830815,
              23.94461070338372
            ],
            [
              86.54575420162463,
              23.910491596750713
            ],
            [
              86.52709185007853,
              23.90367572213496
            ],
            [
              86.50077139874739,
              23.932920668058454
            ],
            [
              86.50122386263862,
              23.944458497285147
            ],
            [
              86.5018635322317,
              23.94529285618357
            ]
          ]
        ]
      }
    },
    {
      "type": "Feature",
      "id": 111951,
      "properties": {
        "id": 230,
        "gp_code": 111951,
        "gp_name": "DHANWAR",
        "block_code": 2362,
        "block_name": "Tundi",
        "district_code": 336,
        "district_name": "Dhanbad",
        "state_code": 20,
        "state_name": "Jharkhand",
        "area_sq_km": 34.956,
        "centroid_lat": 23.96433,
        "centroid_lon": 86.377,
        "elevation_mean": 655.0,
        "elevation_min": 641.7,
        "elevation_max": 676.2,
        "slope_mean": 5.305,
        "ndvi_mean": 0.48,
        "land_cover_class": 10,
        "land_cover_name": "Tree cover / Forest",
        "agriculture_fraction": 0.45,
        "forest_fraction": 0.38,
        "water_fraction": 0.04,
        "source": "Local Government Directory (LGD) / Survey of India / Bharat Maps",
        "source_version": "2024.1",
        "last_updated": "2026-09-25T18:00:00Z",
        "boundary_quality": "DERIVED",
        "boundary_source": "LGD Revenue Village Centroids + Block-Bounded Voronoi Tessellation"
      },
      "geometry": {
        "type": "Polygon",
        "coordinates": [
          [
            [
              86.39981544841096,
              23.985210934479632
            ],
            [
              86.40059682508524,
              23.984185395907826
            ],
            [
              86.40142533478829,
              23.944416930162365
            ],
            [
              86.40113646776831,
              23.944040143816437
            ],
            [
              86.32296813491621,
              23.946027491154585
            ],
            [
              86.31625407631522,
              23.98096212316649
            ],
            [
              86.39981544841096,
              23.985210934479632
            ]
          ]
        ]
      }
    },
    {
      "type": "Feature",
      "id": 111952,
      "properties": {
        "id": 231,
        "gp_code": 111952,
        "gp_name": "JAMUKANDAR",
        "block_code": 2362,
        "block_name": "Tundi",
        "district_code": 336,
        "district_name": "Dhanbad",
        "state_code": 20,
        "state_name": "Jharkhand",
        "area_sq_km": 21.103,
        "centroid_lat": 23.96533,
        "centroid_lon": 86.425,
        "elevation_mean": 479.0,
        "elevation_min": 464.8,
        "elevation_max": 501.7,
        "slope_mean": 5.679,
        "ndvi_mean": 0.48,
        "land_cover_class": 10,
        "land_cover_name": "Tree cover / Forest",
        "agriculture_fraction": 0.45,
        "forest_fraction": 0.38,
        "water_fraction": 0.04,
        "source": "Local Government Directory (LGD) / Survey of India / Bharat Maps",
        "source_version": "2024.1",
        "last_updated": "2026-09-25T18:00:00Z",
        "boundary_quality": "DERIVED",
        "boundary_source": "LGD Revenue Village Centroids + Block-Bounded Voronoi Tessellation"
      },
      "geometry": {
        "type": "Polygon",
        "coordinates": [
          [
            [
              86.40059682508524,
              23.984185395907826
            ],
            [
              86.45122388298867,
              23.98279201621102
            ],
            [
              86.44981546926772,
              23.946877466326892
            ],
            [
              86.40142533478829,
              23.944416930162365
            ],
            [
              86.40059682508524,
              23.984185395907826
            ]
          ]
        ]
      }
    },
    {
      "type": "Feature",
      "id": 111953,
      "properties": {
        "id": 232,
        "gp_code": 111953,
        "gp_name": "KATAHARA",
        "block_code": 2362,
        "block_name": "Tundi",
        "district_code": 336,
        "district_name": "Dhanbad",
        "state_code": 20,
        "state_name": "Jharkhand",
        "area_sq_km": 21.736,
        "centroid_lat": 23.96333,
        "centroid_lon": 86.476,
        "elevation_mean": 252.0,
        "elevation_min": 237.0,
        "elevation_max": 276.1,
        "slope_mean": 6.014,
        "ndvi_mean": 0.64,
        "land_cover_class": 12,
        "land_cover_name": "Cropland",
        "agriculture_fraction": 0.72,
        "forest_fraction": 0.12,
        "water_fraction": 0.04,
        "source": "Local Government Directory (LGD) / Survey of India / Bharat Maps",
        "source_version": "2024.1",
        "last_updated": "2026-09-25T18:00:00Z",
        "boundary_quality": "DERIVED",
        "boundary_source": "LGD Revenue Village Centroids + Block-Bounded Voronoi Tessellation"
      },
      "geometry": {
        "type": "Polygon",
        "coordinates": [
          [
            [
              86.44981546926772,
              23.946877466326892
            ],
            [
              86.45122388298867,
              23.98279201621102
            ],
            [
              86.4518635423529,
              23.983626340002218
            ],
            [
              86.5011364576471,
              23.98237365999778
            ],
            [
              86.5018635322317,
              23.94529285618357
            ],
            [
              86.50122386263862,
              23.944458497285147
            ],
            [
              86.45059683511467,
              23.94585191449606
            ],
            [
              86.44981546926772,
              23.946877466326892
            ]
          ]
        ]
      }
    },
    {
      "type": "Feature",
      "id": 111954,
      "properties": {
        "id": 233,
        "gp_code": 111954,
        "gp_name": "KOLHABANI",
        "block_code": 2362,
        "block_name": "Tundi",
        "district_code": 336,
        "district_name": "Dhanbad",
        "state_code": 20,
        "state_name": "Jharkhand",
        "area_sq_km": 17.226,
        "centroid_lat": 23.96433,
        "centroid_lon": 86.527,
        "elevation_mean": 214.0,
        "elevation_min": 198.1,
        "elevation_max": 239.4,
        "slope_mean": 6.357,
        "ndvi_mean": 0.64,
        "land_cover_class": 12,
        "land_cover_name": "Cropland",
        "agriculture_fraction": 0.72,
        "forest_fraction": 0.12,
        "water_fraction": 0.04,
        "source": "Local Government Directory (LGD) / Survey of India / Bharat Maps",
        "source_version": "2024.1",
        "last_updated": "2026-09-25T18:00:00Z",
        "boundary_quality": "DERIVED",
        "boundary_source": "LGD Revenue Village Centroids + Block-Bounded Voronoi Tessellation"
      },
      "geometry": {
        "type": "Polygon",
        "coordinates": [
          [
            [
              86.50142534453279,
              23.982750462426036
            ],
            [
              86.5266060847395,
              23.984030817345783
            ],
            [
              86.55438309502631,
              23.96125
            ],
            [
              86.52869464830815,
              23.94461070338372
            ],
            [
              86.5018635322317,
              23.94529285618357
            ],
            [
              86.5011364576471,
              23.98237365999778
            ],
            [
              86.50142534453279,
              23.982750462426036
            ]
          ]
        ]
      }
    },
    {
      "type": "Feature",
      "id": 111955,
      "properties": {
        "id": 234,
        "gp_code": 111955,
        "gp_name": "MACHHIAHARI",
        "block_code": 2362,
        "block_name": "Tundi",
        "district_code": 336,
        "district_name": "Dhanbad",
        "state_code": 20,
        "state_name": "Jharkhand",
        "area_sq_km": 42.953,
        "centroid_lat": 24.00367,
        "centroid_lon": 86.375,
        "elevation_mean": 239.0,
        "elevation_min": 224.6,
        "elevation_max": 262.0,
        "slope_mean": 5.751,
        "ndvi_mean": 0.64,
        "land_cover_class": 12,
        "land_cover_name": "Cropland",
        "agriculture_fraction": 0.72,
        "forest_fraction": 0.12,
        "water_fraction": 0.04,
        "source": "Local Government Directory (LGD) / Survey of India / Bharat Maps",
        "source_version": "2024.1",
        "last_updated": "2026-09-25T18:00:00Z",
        "boundary_quality": "DERIVED",
        "boundary_source": "LGD Revenue Village Centroids + Block-Bounded Voronoi Tessellation"
      },
      "geometry": {
        "type": "Polygon",
        "coordinates": [
          [
            [
              86.29223037714257,
              24.02412534550843
            ],
            [
              86.40122386263863,
              24.021125497285148
            ],
            [
              86.39981544841096,
              23.985210934479632
            ],
            [
              86.31625407631522,
              23.98096212316649
            ],
            [
              86.29223037714257,
              24.02412534550843
            ]
          ]
        ]
      }
    },
    {
      "type": "Feature",
      "id": 111956,
      "properties": {
        "id": 235,
        "gp_code": 111956,
        "gp_name": "MANIADIH",
        "block_code": 2362,
        "block_name": "Tundi",
        "district_code": 336,
        "district_name": "Dhanbad",
        "state_code": 20,
        "state_name": "Jharkhand",
        "area_sq_km": 21.73,
        "centroid_lat": 24.00167,
        "centroid_lon": 86.426,
        "elevation_mean": 232.0,
        "elevation_min": 216.7,
        "elevation_max": 256.5,
        "slope_mean": 6.117,
        "ndvi_mean": 0.64,
        "land_cover_class": 12,
        "land_cover_name": "Cropland",
        "agriculture_fraction": 0.72,
        "forest_fraction": 0.12,
        "water_fraction": 0.04,
        "source": "Local Government Directory (LGD) / Survey of India / Bharat Maps",
        "source_version": "2024.1",
        "last_updated": "2026-09-25T18:00:00Z",
        "boundary_quality": "DERIVED",
        "boundary_source": "LGD Revenue Village Centroids + Block-Bounded Voronoi Tessellation"
      },
      "geometry": {
        "type": "Polygon",
        "coordinates": [
          [
            [
              86.4018635322317,
              24.02195985618357
            ],
            [
              86.45113646776831,
              24.02070714381643
            ],
            [
              86.4518635423529,
              23.983626340002218
            ],
            [
              86.45122388298867,
              23.98279201621102
            ],
            [
              86.40059682508524,
              23.984185395907826
            ],
            [
              86.39981544841096,
              23.985210934479632
            ],
            [
              86.40122386263863,
              24.021125497285148
            ],
            [
              86.4018635322317,
              24.02195985618357
            ]
          ]
        ]
      }
    },
    {
      "type": "Feature",
      "id": 111957,
      "properties": {
        "id": 236,
        "gp_code": 111957,
        "gp_name": "NANDPUR",
        "block_code": 2362,
        "block_name": "Tundi",
        "district_code": 336,
        "district_name": "Dhanbad",
        "state_code": 20,
        "state_name": "Jharkhand",
        "area_sq_km": 35.534,
        "centroid_lat": 24.00267,
        "centroid_lon": 86.477,
        "elevation_mean": 199.0,
        "elevation_min": 182.8,
        "elevation_max": 225.0,
        "slope_mean": 6.491,
        "ndvi_mean": 0.64,
        "land_cover_class": 12,
        "land_cover_name": "Cropland",
        "agriculture_fraction": 0.72,
        "forest_fraction": 0.12,
        "water_fraction": 0.04,
        "source": "Local Government Directory (LGD) / Survey of India / Bharat Maps",
        "source_version": "2024.1",
        "last_updated": "2026-09-25T18:00:00Z",
        "boundary_quality": "DERIVED",
        "boundary_source": "LGD Revenue Village Centroids + Block-Bounded Voronoi Tessellation"
      },
      "geometry": {
        "type": "Polygon",
        "coordinates": [
          [
            [
              86.45113646776831,
              24.02070714381643
            ],
            [
              86.486723745681,
              24.06712573603813
            ],
            [
              86.5001858833602,
              24.04224459871015
            ],
            [
              86.50142534453279,
              23.982750462426036
            ],
            [
              86.5011364576471,
              23.98237365999778
            ],
            [
              86.4518635423529,
              23.983626340002218
            ],
            [
              86.45113646776831,
              24.02070714381643
            ]
          ]
        ]
      }
    },
    {
      "type": "Feature",
      "id": 111958,
      "properties": {
        "id": 237,
        "gp_code": 111958,
        "gp_name": "RATANPUR",
        "block_code": 2362,
        "block_name": "Tundi",
        "district_code": 336,
        "district_name": "Dhanbad",
        "state_code": 20,
        "state_name": "Jharkhand",
        "area_sq_km": 20.365,
        "centroid_lat": 24.00367,
        "centroid_lon": 86.525,
        "elevation_mean": 201.0,
        "elevation_min": 184.0,
        "elevation_max": 228.2,
        "slope_mean": 6.807,
        "ndvi_mean": 0.64,
        "land_cover_class": 12,
        "land_cover_name": "Cropland",
        "agriculture_fraction": 0.72,
        "forest_fraction": 0.12,
        "water_fraction": 0.04,
        "source": "Local Government Directory (LGD) / Survey of India / Bharat Maps",
        "source_version": "2024.1",
        "last_updated": "2026-09-25T18:00:00Z",
        "boundary_quality": "DERIVED",
        "boundary_source": "LGD Revenue Village Centroids + Block-Bounded Voronoi Tessellation"
      },
      "geometry": {
        "type": "Polygon",
        "coordinates": [
          [
            [
              86.5001858833602,
              24.04224459871015
            ],
            [
              86.54948560978572,
              24.01375
            ],
            [
              86.5266060847395,
              23.984030817345783
            ],
            [
              86.50142534453279,
              23.982750462426036
            ],
            [
              86.5001858833602,
              24.04224459871015
            ]
          ]
        ]
      }
    },
    {
      "type": "Feature",
      "id": 111959,
      "properties": {
        "id": 238,
        "gp_code": 111959,
        "gp_name": "RUPABAN",
        "block_code": 2362,
        "block_name": "Tundi",
        "district_code": 336,
        "district_name": "Dhanbad",
        "state_code": 20,
        "state_name": "Jharkhand",
        "area_sq_km": 88.327,
        "centroid_lat": 24.04,
        "centroid_lon": 86.376,
        "elevation_mean": 235.0,
        "elevation_min": 220.3,
        "elevation_max": 258.4,
        "slope_mean": 5.861,
        "ndvi_mean": 0.64,
        "land_cover_class": 12,
        "land_cover_name": "Cropland",
        "agriculture_fraction": 0.72,
        "forest_fraction": 0.12,
        "water_fraction": 0.04,
        "source": "Local Government Directory (LGD) / Survey of India / Bharat Maps",
        "source_version": "2024.1",
        "last_updated": "2026-09-25T18:00:00Z",
        "boundary_quality": "DERIVED",
        "boundary_source": "LGD Revenue Village Centroids + Block-Bounded Voronoi Tessellation"
      },
      "geometry": {
        "type": "Polygon",
        "coordinates": [
          [
            [
              86.4018635322317,
              24.02195985618357
            ],
            [
              86.40122386263863,
              24.021125497285148
            ],
            [
              86.29223037714257,
              24.02412534550843
            ],
            [
              86.25984347601857,
              24.06085275915421
            ],
            [
              86.25127027027028,
              24.082
            ],
            [
              86.40068627450981,
              24.082
            ],
            [
              86.4018635322317,
              24.02195985618357
            ]
          ]
        ]
      }
    },
    {
      "type": "Feature",
      "id": 111960,
      "properties": {
        "id": 239,
        "gp_code": 111960,
        "gp_name": "TUNDI",
        "block_code": 2362,
        "block_name": "Tundi",
        "district_code": 336,
        "district_name": "Dhanbad",
        "state_code": 20,
        "state_name": "Jharkhand",
        "area_sq_km": 49.316,
        "centroid_lat": 24.041,
        "centroid_lon": 86.427,
        "elevation_mean": 209.0,
        "elevation_min": 193.4,
        "elevation_max": 234.0,
        "slope_mean": 6.24,
        "ndvi_mean": 0.64,
        "land_cover_class": 12,
        "land_cover_name": "Cropland",
        "agriculture_fraction": 0.72,
        "forest_fraction": 0.12,
        "water_fraction": 0.04,
        "source": "Local Government Directory (LGD) / Survey of India / Bharat Maps",
        "source_version": "2024.1",
        "last_updated": "2026-09-25T18:00:00Z",
        "boundary_quality": "OFFICIAL",
        "boundary_source": "Survey of India / Bharat Maps Gazetted Boundary"
      },
      "geometry": {
        "type": "Polygon",
        "coordinates": [
          [
            [
              86.486723745681,
              24.06712573603813
            ],
            [
              86.45113646776831,
              24.02070714381643
            ],
            [
              86.4018635322317,
              24.02195985618357
            ],
            [
              86.40068627450981,
              24.082
            ],
            [
              86.48684873949581,
              24.082
            ],
            [
              86.486723745681,
              24.06712573603813
            ]
          ]
        ]
      }
    }
  ]
}